{"type": "FeatureCollection", "id": "https://gdi-de.github.io/apworkshop2026/Q156904_collection", "name": "Q156904 Instances Collection", "features": [{"type": "Feature", "id": "https://gdi-de.github.io/apworkshop2026/NEUW374", "name": "Baum NEUW374 (gdide:NEUW374)", "dateprops": [], "properties": {"http://www.w3.org/2000/01/rdf-schema#label": "Baum NEUW374", "http://rdfs.org/ns/void#inDataset.value": "72757", "http://www.w3.org/2000/01/rdf-schema#comment": "BUKEA", "http://www.wikidata.org/prop/direct/P2547.value": "3.0", "http://www.wikidata.org/prop/direct/P2547.unit": "http://www.ontology-of-units-of-measure.org/resource/om-2/meter", "http://www.wikidata.org/prop/direct/P3018": "Neuwerk", "https://gdi-de.github.io/apworkshop2026/ont#stammdurchmesser.value": "22.0", "https://gdi-de.github.io/apworkshop2026/ont#stammdurchmesser.unit": "http://www.ontology-of-units-of-measure.org/resource/om-2/centimeter"}, "geometry": {"type": "MultiPoint", "coordinates": [[8.499061164023653, 53.91334775200403]]}}, {"type": "Feature", "id": "https://gdi-de.github.io/apworkshop2026/NEUW129", "name": "Baum NEUW129 (gdide:NEUW129)", "dateprops": [], "properties": {"http://www.w3.org/2000/01/rdf-schema#label": "Baum NEUW129", "http://rdfs.org/ns/void#inDataset.value": "72757", "http://www.w3.org/2000/01/rdf-schema#comment": "\u00f6ffentliche Gr\u00fcnfl\u00e4che", "http://www.wikidata.org/prop/direct/P2547.value": "4.0", "http://www.wikidata.org/prop/direct/P2547.unit": "http://www.ontology-of-units-of-measure.org/resource/om-2/meter", "http://www.wikidata.org/prop/direct/P3018": "Neuwerk", "https://gdi-de.github.io/apworkshop2026/ont#stammdurchmesser.value": "23.0", "https://gdi-de.github.io/apworkshop2026/ont#stammdurchmesser.unit": "http://www.ontology-of-units-of-measure.org/resource/om-2/centimeter"}, "geometry": {"type": "MultiPoint", "coordinates": [[8.496050640011983, 53.913599885116916]]}}, {"type": "Feature", "id": "https://gdi-de.github.io/apworkshop2026/NEUW55", "name": "Baum NEUW55 (gdide:NEUW55)", "dateprops": [], "properties": {"http://www.w3.org/2000/01/rdf-schema#label": "Baum NEUW55", "http://rdfs.org/ns/void#inDataset.value": "72757", "http://www.w3.org/2000/01/rdf-schema#comment": "Liegenschaftsamt", "http://www.wikidata.org/prop/direct/P2547.value": "6.0", "http://www.wikidata.org/prop/direct/P2547.unit": "http://www.ontology-of-units-of-measure.org/resource/om-2/meter", "http://www.wikidata.org/prop/direct/P3018": "Neuwerk", "https://gdi-de.github.io/apworkshop2026/ont#stammdurchmesser.value": "39.0", "https://gdi-de.github.io/apworkshop2026/ont#stammdurchmesser.unit": "http://www.ontology-of-units-of-measure.org/resource/om-2/centimeter"}, "geometry": {"type": "MultiPoint", "coordinates": [[8.496471698351955, 53.91420210523547]]}}, {"type": "Feature", "id": "https://gdi-de.github.io/apworkshop2026/NEUW393", "name": "Baum NEUW393 (gdide:NEUW393)", "dateprops": [], "properties": {"http://www.w3.org/2000/01/rdf-schema#label": "Baum NEUW393", "http://rdfs.org/ns/void#inDataset.value": "72757", "http://www.w3.org/2000/01/rdf-schema#comment": "BUKEA", "http://www.wikidata.org/prop/direct/P2547.value": "5.0", "http://www.wikidata.org/prop/direct/P2547.unit": "http://www.ontology-of-units-of-measure.org/resource/om-2/meter", "http://www.wikidata.org/prop/direct/P3018": "Neuwerk", "https://gdi-de.github.io/apworkshop2026/ont#stammdurchmesser.value": "22.0", "https://gdi-de.github.io/apworkshop2026/ont#stammdurchmesser.unit": "http://www.ontology-of-units-of-measure.org/resource/om-2/centimeter"}, "geometry": {"type": "MultiPoint", "coordinates": [[8.4998772026109, 53.913362821196166]]}}, {"type": "Feature", "id": "https://gdi-de.github.io/apworkshop2026/NEUW548", "name": "Baum NEUW548 (gdide:NEUW548)", "dateprops": [], "properties": {"http://www.w3.org/2000/01/rdf-schema#label": "Baum NEUW548", "http://rdfs.org/ns/void#inDataset.value": "72757", "http://www.w3.org/2000/01/rdf-schema#comment": "BUKEA", "http://www.wikidata.org/prop/direct/P2547.value": "5.0", "http://www.wikidata.org/prop/direct/P2547.unit": "http://www.ontology-of-units-of-measure.org/resource/om-2/meter", "http://www.wikidata.org/prop/direct/P3018": "Neuwerk", "https://gdi-de.github.io/apworkshop2026/ont#stammdurchmesser.value": "43.0", "https://gdi-de.github.io/apworkshop2026/ont#stammdurchmesser.unit": "http://www.ontology-of-units-of-measure.org/resource/om-2/centimeter"}, "geometry": {"type": "MultiPoint", "coordinates": [[8.500223260607802, 53.92193483381725]]}}, {"type": "Feature", "id": "https://gdi-de.github.io/apworkshop2026/NEUW103", "name": "Baum NEUW103 (gdide:NEUW103)", "dateprops": [], "properties": {"http://www.w3.org/2000/01/rdf-schema#label": "Baum NEUW103", "http://rdfs.org/ns/void#inDataset.value": "72757", "http://www.w3.org/2000/01/rdf-schema#comment": "\u00f6ffentliche Gr\u00fcnfl\u00e4che", "http://www.wikidata.org/prop/direct/P2547.value": "nan", "http://www.wikidata.org/prop/direct/P2547.unit": "http://www.ontology-of-units-of-measure.org/resource/om-2/meter", "http://www.wikidata.org/prop/direct/P3018": "Neuwerk", "https://gdi-de.github.io/apworkshop2026/ont#stammdurchmesser.value": "38.0", "https://gdi-de.github.io/apworkshop2026/ont#stammdurchmesser.unit": "http://www.ontology-of-units-of-measure.org/resource/om-2/centimeter"}, "geometry": {"type": "MultiPoint", "coordinates": [[8.496565886709496, 53.913711495809444]]}}, {"type": "Feature", "id": "https://gdi-de.github.io/apworkshop2026/BFASN223", "name": "Baum BFASN223 (gdide:BFASN223)", "dateprops": [], "properties": {"http://www.w3.org/2000/01/rdf-schema#label": "Baum BFASN223", "http://rdfs.org/ns/void#inDataset.value": "72757", "http://www.w3.org/2000/01/rdf-schema#comment": "sonst. \u00f6ff. Fl\u00e4chen", "http://www.wikidata.org/prop/direct/P2547.value": "5.0", "http://www.wikidata.org/prop/direct/P2547.unit": "http://www.ontology-of-units-of-measure.org/resource/om-2/meter", "http://www.wikidata.org/prop/direct/P3018": "Bahnhof Alte S\u00fcderelbe Nord", "https://gdi-de.github.io/apworkshop2026/ont#stammdurchmesser.value": "32.0", "https://gdi-de.github.io/apworkshop2026/ont#stammdurchmesser.unit": "http://www.ontology-of-units-of-measure.org/resource/om-2/centimeter"}, "geometry": {"type": "MultiPoint", "coordinates": [[9.911601294053616, 53.50890954560741]]}}, {"type": "Feature", "id": "https://gdi-de.github.io/apworkshop2026/BFASN188", "name": "Baum BFASN188 (gdide:BFASN188)", "dateprops": [], "properties": {"http://www.w3.org/2000/01/rdf-schema#label": "Baum BFASN188", "http://rdfs.org/ns/void#inDataset.value": "72757", "http://www.w3.org/2000/01/rdf-schema#comment": "sonst. \u00f6ff. Fl\u00e4chen", "http://www.wikidata.org/prop/direct/P2547.value": "8.0", "http://www.wikidata.org/prop/direct/P2547.unit": "http://www.ontology-of-units-of-measure.org/resource/om-2/meter", "http://www.wikidata.org/prop/direct/P3018": "Bahnhof Alte S\u00fcderelbe Nord", "https://gdi-de.github.io/apworkshop2026/ont#stammdurchmesser.value": "40.0", "https://gdi-de.github.io/apworkshop2026/ont#stammdurchmesser.unit": "http://www.ontology-of-units-of-measure.org/resource/om-2/centimeter"}, "geometry": {"type": "MultiPoint", "coordinates": [[9.911683462952656, 53.50854349764223]]}}, {"type": "Feature", "id": "https://gdi-de.github.io/apworkshop2026/BFASN155", "name": "Baum BFASN155 (gdide:BFASN155)", "dateprops": [], "properties": {"http://www.w3.org/2000/01/rdf-schema#label": "Baum BFASN155", "http://rdfs.org/ns/void#inDataset.value": "72757", "http://www.w3.org/2000/01/rdf-schema#comment": "sonst. \u00f6ff. Fl\u00e4chen", "http://www.wikidata.org/prop/direct/P2547.value": "4.0", "http://www.wikidata.org/prop/direct/P2547.unit": "http://www.ontology-of-units-of-measure.org/resource/om-2/meter", "http://www.wikidata.org/prop/direct/P3018": "Bahnhof Alte S\u00fcderelbe Nord", "https://gdi-de.github.io/apworkshop2026/ont#stammdurchmesser.value": "16.0", "https://gdi-de.github.io/apworkshop2026/ont#stammdurchmesser.unit": "http://www.ontology-of-units-of-measure.org/resource/om-2/centimeter"}, "geometry": {"type": "MultiPoint", "coordinates": [[9.911655076189676, 53.5079837216567]]}}, {"type": "Feature", "id": "https://gdi-de.github.io/apworkshop2026/NEUW719", "name": "Baum NEUW719 (gdide:NEUW719)", "dateprops": [], "properties": {"http://www.w3.org/2000/01/rdf-schema#label": "Baum NEUW719", "http://rdfs.org/ns/void#inDataset.value": "72757", "http://www.w3.org/2000/01/rdf-schema#comment": "BUKEA", "http://www.wikidata.org/prop/direct/P2547.value": "5.0", "http://www.wikidata.org/prop/direct/P2547.unit": "http://www.ontology-of-units-of-measure.org/resource/om-2/meter", "http://www.wikidata.org/prop/direct/P3018": "Neuwerk", "https://gdi-de.github.io/apworkshop2026/ont#stammdurchmesser.value": "20.0", "https://gdi-de.github.io/apworkshop2026/ont#stammdurchmesser.unit": "http://www.ontology-of-units-of-measure.org/resource/om-2/centimeter"}, "geometry": {"type": "MultiPoint", "coordinates": [[8.497284925212362, 53.915652560906025]]}}, {"type": "Feature", "id": "https://gdi-de.github.io/apworkshop2026/GZAW540", "name": "Baum GZAW540 (gdide:GZAW540)", "dateprops": [], "properties": {"http://www.w3.org/2000/01/rdf-schema#label": "Baum GZAW540", "http://rdfs.org/ns/void#inDataset.value": "72757", "http://www.w3.org/2000/01/rdf-schema#comment": "sonst. \u00f6ff. Fl\u00e4chen", "http://www.wikidata.org/prop/direct/P2547.value": "9.0", "http://www.wikidata.org/prop/direct/P2547.unit": "http://www.ontology-of-units-of-measure.org/resource/om-2/meter", "http://www.wikidata.org/prop/direct/P3018": "Gr\u00fcnzug Altenwerder", "https://gdi-de.github.io/apworkshop2026/ont#stammdurchmesser.value": "27.0", "https://gdi-de.github.io/apworkshop2026/ont#stammdurchmesser.unit": "http://www.ontology-of-units-of-measure.org/resource/om-2/centimeter"}, "geometry": {"type": "MultiPoint", "coordinates": [[9.91794337301004, 53.50971905603472]]}}, {"type": "Feature", "id": "https://gdi-de.github.io/apworkshop2026/BFASN298", "name": "Baum BFASN298 (gdide:BFASN298)", "dateprops": [], "properties": {"http://www.w3.org/2000/01/rdf-schema#label": "Baum BFASN298", "http://rdfs.org/ns/void#inDataset.value": "72757", "http://www.w3.org/2000/01/rdf-schema#comment": "sonst. \u00f6ff. Fl\u00e4chen", "http://www.wikidata.org/prop/direct/P2547.value": "4.0", "http://www.wikidata.org/prop/direct/P2547.unit": "http://www.ontology-of-units-of-measure.org/resource/om-2/meter", "http://www.wikidata.org/prop/direct/P3018": "Bahnhof Alte S\u00fcderelbe Nord", "https://gdi-de.github.io/apworkshop2026/ont#stammdurchmesser.value": "32.0", "https://gdi-de.github.io/apworkshop2026/ont#stammdurchmesser.unit": "http://www.ontology-of-units-of-measure.org/resource/om-2/centimeter"}, "geometry": {"type": "MultiPoint", "coordinates": [[9.907804977730315, 53.50824164018453]]}}, {"type": "Feature", "id": "https://gdi-de.github.io/apworkshop2026/NEUW157", "name": "Baum NEUW157 (gdide:NEUW157)", "dateprops": [], "properties": {"http://www.w3.org/2000/01/rdf-schema#label": "Baum NEUW157", "http://rdfs.org/ns/void#inDataset.value": "72757", "http://www.w3.org/2000/01/rdf-schema#comment": "Bezirksamt", "http://www.wikidata.org/prop/direct/P2547.value": "10.0", "http://www.wikidata.org/prop/direct/P2547.unit": "http://www.ontology-of-units-of-measure.org/resource/om-2/meter", "http://www.wikidata.org/prop/direct/P3018": "Neuwerk", "https://gdi-de.github.io/apworkshop2026/ont#stammdurchmesser.value": "42.0", "https://gdi-de.github.io/apworkshop2026/ont#stammdurchmesser.unit": "http://www.ontology-of-units-of-measure.org/resource/om-2/centimeter"}, "geometry": {"type": "MultiPoint", "coordinates": [[8.499982503128505, 53.913724083343475]]}}, {"type": "Feature", "id": "https://gdi-de.github.io/apworkshop2026/KTWK614", "name": "Baum KTWK614 (gdide:KTWK614)", "dateprops": [], "properties": {"http://www.w3.org/2000/01/rdf-schema#label": "Baum KTWK614", "http://rdfs.org/ns/void#inDataset.value": "72757", "http://www.w3.org/2000/01/rdf-schema#comment": "Wasserwirtschaft", "http://www.wikidata.org/prop/direct/P2547.value": "3.0", "http://www.wikidata.org/prop/direct/P2547.unit": "http://www.ontology-of-units-of-measure.org/resource/om-2/meter", "http://www.wikidata.org/prop/direct/P3018": "Kattwyk", "https://gdi-de.github.io/apworkshop2026/ont#stammdurchmesser.value": "24.0", "https://gdi-de.github.io/apworkshop2026/ont#stammdurchmesser.unit": "http://www.ontology-of-units-of-measure.org/resource/om-2/centimeter"}, "geometry": {"type": "MultiPoint", "coordinates": [[9.942437430434932, 53.50977318809737]]}}, {"type": "Feature", "id": "https://gdi-de.github.io/apworkshop2026/NEUW537", "name": "Baum NEUW537 (gdide:NEUW537)", "dateprops": [], "properties": {"http://www.w3.org/2000/01/rdf-schema#label": "Baum NEUW537", "http://rdfs.org/ns/void#inDataset.value": "72757", "http://www.w3.org/2000/01/rdf-schema#comment": "BUKEA", "http://www.wikidata.org/prop/direct/P2547.value": "2.0", "http://www.wikidata.org/prop/direct/P2547.unit": "http://www.ontology-of-units-of-measure.org/resource/om-2/meter", "http://www.wikidata.org/prop/direct/P3018": "Neuwerk", "https://gdi-de.github.io/apworkshop2026/ont#stammdurchmesser.value": "19.0", "https://gdi-de.github.io/apworkshop2026/ont#stammdurchmesser.unit": "http://www.ontology-of-units-of-measure.org/resource/om-2/centimeter"}, "geometry": {"type": "MultiPoint", "coordinates": [[8.500318383213235, 53.92206642389747]]}}, {"type": "Feature", "id": "https://gdi-de.github.io/apworkshop2026/MOBG727", "name": "Baum MOBG727 (gdide:MOBG727)", "dateprops": [], "properties": {"http://www.w3.org/2000/01/rdf-schema#label": "Baum MOBG727", "http://rdfs.org/ns/void#inDataset.value": "72757", "http://www.w3.org/2000/01/rdf-schema#comment": "sonst. \u00f6ff. Fl\u00e4chen", "http://www.wikidata.org/prop/direct/P2547.value": "10.0", "http://www.wikidata.org/prop/direct/P2547.unit": "http://www.ontology-of-units-of-measure.org/resource/om-2/meter", "http://www.wikidata.org/prop/direct/P3018": "Moorburg", "https://gdi-de.github.io/apworkshop2026/ont#stammdurchmesser.value": "30.0", "https://gdi-de.github.io/apworkshop2026/ont#stammdurchmesser.unit": "http://www.ontology-of-units-of-measure.org/resource/om-2/centimeter"}, "geometry": {"type": "MultiPoint", "coordinates": [[9.933511455361572, 53.48150602008128]]}}, {"type": "Feature", "id": "https://gdi-de.github.io/apworkshop2026/PIOI208", "name": "Baum PIOI208 (gdide:PIOI208)", "dateprops": [], "properties": {"http://www.w3.org/2000/01/rdf-schema#label": "Baum PIOI208", "http://rdfs.org/ns/void#inDataset.value": "72757", "http://www.w3.org/2000/01/rdf-schema#comment": "Wasserwirtschaft", "http://www.wikidata.org/prop/direct/P2547.value": "6.0", "http://www.wikidata.org/prop/direct/P2547.unit": "http://www.ontology-of-units-of-measure.org/resource/om-2/meter", "http://www.wikidata.org/prop/direct/P3018": "Pionierinsel", "https://gdi-de.github.io/apworkshop2026/ont#stammdurchmesser.value": "32.0", "https://gdi-de.github.io/apworkshop2026/ont#stammdurchmesser.unit": "http://www.ontology-of-units-of-measure.org/resource/om-2/centimeter"}, "geometry": {"type": "MultiPoint", "coordinates": [[10.003285373160244, 53.471120484770125]]}}, {"type": "Feature", "id": "https://gdi-de.github.io/apworkshop2026/GZAW341", "name": "Baum GZAW341 (gdide:GZAW341)", "dateprops": [], "properties": {"http://www.w3.org/2000/01/rdf-schema#label": "Baum GZAW341", "http://rdfs.org/ns/void#inDataset.value": "72757", "http://www.w3.org/2000/01/rdf-schema#comment": "sonst. \u00f6ff. Fl\u00e4chen", "http://www.wikidata.org/prop/direct/P2547.value": "10.0", "http://www.wikidata.org/prop/direct/P2547.unit": "http://www.ontology-of-units-of-measure.org/resource/om-2/meter", "http://www.wikidata.org/prop/direct/P3018": "Gr\u00fcnzug Altenwerder", "https://gdi-de.github.io/apworkshop2026/ont#stammdurchmesser.value": "29.0", "https://gdi-de.github.io/apworkshop2026/ont#stammdurchmesser.unit": "http://www.ontology-of-units-of-measure.org/resource/om-2/centimeter"}, "geometry": {"type": "MultiPoint", "coordinates": [[9.916723766281402, 53.502723525217625]]}}, {"type": "Feature", "id": "https://gdi-de.github.io/apworkshop2026/VHWN284", "name": "Baum VHWN284 (gdide:VHWN284)", "dateprops": [], "properties": {"http://www.w3.org/2000/01/rdf-schema#label": "Baum VHWN284", "http://rdfs.org/ns/void#inDataset.value": "72757", "http://www.w3.org/2000/01/rdf-schema#comment": "sonst. \u00f6ff. Fl\u00e4chen", "http://www.wikidata.org/prop/direct/P2547.value": "3.0", "http://www.wikidata.org/prop/direct/P2547.unit": "http://www.ontology-of-units-of-measure.org/resource/om-2/meter", "http://www.wikidata.org/prop/direct/P3018": "Vollh\u00f6fner Weiden", "https://gdi-de.github.io/apworkshop2026/ont#stammdurchmesser.value": "23.0", "https://gdi-de.github.io/apworkshop2026/ont#stammdurchmesser.unit": "http://www.ontology-of-units-of-measure.org/resource/om-2/centimeter"}, "geometry": {"type": "MultiPoint", "coordinates": [[9.89724043964611, 53.51466779126682]]}}, {"type": "Feature", "id": "https://gdi-de.github.io/apworkshop2026/BFHS398", "name": "Baum BFHS398 (gdide:BFHS398)", "dateprops": [], "properties": {"http://www.w3.org/2000/01/rdf-schema#label": "Baum BFHS398", "http://rdfs.org/ns/void#inDataset.value": "72757", "http://www.w3.org/2000/01/rdf-schema#comment": "sonst. \u00f6ff. Fl\u00e4chen", "http://www.wikidata.org/prop/direct/P2547.value": "4.0", "http://www.wikidata.org/prop/direct/P2547.unit": "http://www.ontology-of-units-of-measure.org/resource/om-2/meter", "http://www.wikidata.org/prop/direct/P3018": "Bahnhof Hohe Schaar", "https://gdi-de.github.io/apworkshop2026/ont#stammdurchmesser.value": "19.0", "https://gdi-de.github.io/apworkshop2026/ont#stammdurchmesser.unit": "http://www.ontology-of-units-of-measure.org/resource/om-2/centimeter"}, "geometry": {"type": "MultiPoint", "coordinates": [[9.965308277057183, 53.497343318858746]]}}, {"type": "Feature", "id": "https://gdi-de.github.io/apworkshop2026/NEUW144", "name": "Baum NEUW144 (gdide:NEUW144)", "dateprops": [], "properties": {"http://www.w3.org/2000/01/rdf-schema#label": "Baum NEUW144", "http://rdfs.org/ns/void#inDataset.value": "72757", "http://www.w3.org/2000/01/rdf-schema#comment": "Bezirksamt", "http://www.wikidata.org/prop/direct/P2547.value": "8.0", "http://www.wikidata.org/prop/direct/P2547.unit": "http://www.ontology-of-units-of-measure.org/resource/om-2/meter", "http://www.wikidata.org/prop/direct/P3018": "Neuwerk", "https://gdi-de.github.io/apworkshop2026/ont#stammdurchmesser.value": "35.0", "https://gdi-de.github.io/apworkshop2026/ont#stammdurchmesser.unit": "http://www.ontology-of-units-of-measure.org/resource/om-2/centimeter"}, "geometry": {"type": "MultiPoint", "coordinates": [[8.500299132316698, 53.91391406522679]]}}, {"type": "Feature", "id": "https://gdi-de.github.io/apworkshop2026/NEUW536", "name": "Baum NEUW536 (gdide:NEUW536)", "dateprops": [], "properties": {"http://www.w3.org/2000/01/rdf-schema#label": "Baum NEUW536", "http://rdfs.org/ns/void#inDataset.value": "72757", "http://www.w3.org/2000/01/rdf-schema#comment": "BUKEA", "http://www.wikidata.org/prop/direct/P2547.value": "8.5", "http://www.wikidata.org/prop/direct/P2547.unit": "http://www.ontology-of-units-of-measure.org/resource/om-2/meter", "http://www.wikidata.org/prop/direct/P3018": "Neuwerk", "https://gdi-de.github.io/apworkshop2026/ont#stammdurchmesser.value": "53.0", "https://gdi-de.github.io/apworkshop2026/ont#stammdurchmesser.unit": "http://www.ontology-of-units-of-measure.org/resource/om-2/centimeter"}, "geometry": {"type": "MultiPoint", "coordinates": [[8.500375569964223, 53.92205714515727]]}}, {"type": "Feature", "id": "https://gdi-de.github.io/apworkshop2026/NEUW713", "name": "Baum NEUW713 (gdide:NEUW713)", "dateprops": [], "properties": {"http://www.w3.org/2000/01/rdf-schema#label": "Baum NEUW713", "http://rdfs.org/ns/void#inDataset.value": "72757", "http://www.w3.org/2000/01/rdf-schema#comment": "BUKEA", "http://www.wikidata.org/prop/direct/P2547.value": "5.0", "http://www.wikidata.org/prop/direct/P2547.unit": "http://www.ontology-of-units-of-measure.org/resource/om-2/meter", "http://www.wikidata.org/prop/direct/P3018": "Neuwerk", "https://gdi-de.github.io/apworkshop2026/ont#stammdurchmesser.value": "27.0", "https://gdi-de.github.io/apworkshop2026/ont#stammdurchmesser.unit": "http://www.ontology-of-units-of-measure.org/resource/om-2/centimeter"}, "geometry": {"type": "MultiPoint", "coordinates": [[8.497685403149175, 53.913727787114844]]}}, {"type": "Feature", "id": "https://gdi-de.github.io/apworkshop2026/TEUB190", "name": "Baum TEUB190 (gdide:TEUB190)", "dateprops": [], "properties": {"http://www.w3.org/2000/01/rdf-schema#label": "Baum TEUB190", "http://rdfs.org/ns/void#inDataset.value": "72757", "http://www.w3.org/2000/01/rdf-schema#comment": "Wasserwirtschaft", "http://www.wikidata.org/prop/direct/P2547.value": "6.5", "http://www.wikidata.org/prop/direct/P2547.unit": "http://www.ontology-of-units-of-measure.org/resource/om-2/meter", "http://www.wikidata.org/prop/direct/P3018": "Teufelsbr\u00fcck-Blankenese", "https://gdi-de.github.io/apworkshop2026/ont#stammdurchmesser.value": "36.0", "https://gdi-de.github.io/apworkshop2026/ont#stammdurchmesser.unit": "http://www.ontology-of-units-of-measure.org/resource/om-2/centimeter"}, "geometry": {"type": "MultiPoint", "coordinates": [[9.825399004305272, 53.55356429105502]]}}, {"type": "Feature", "id": "https://gdi-de.github.io/apworkshop2026/NEUW699", "name": "Baum NEUW699 (gdide:NEUW699)", "dateprops": [], "properties": {"http://www.w3.org/2000/01/rdf-schema#label": "Baum NEUW699", "http://rdfs.org/ns/void#inDataset.value": "72757", "http://www.w3.org/2000/01/rdf-schema#comment": "Liegenschaftsamt", "http://www.wikidata.org/prop/direct/P2547.value": "4.0", "http://www.wikidata.org/prop/direct/P2547.unit": "http://www.ontology-of-units-of-measure.org/resource/om-2/meter", "http://www.wikidata.org/prop/direct/P3018": "Neuwerk", "https://gdi-de.github.io/apworkshop2026/ont#stammdurchmesser.value": "24.0", "https://gdi-de.github.io/apworkshop2026/ont#stammdurchmesser.unit": "http://www.ontology-of-units-of-measure.org/resource/om-2/centimeter"}, "geometry": {"type": "MultiPoint", "coordinates": [[8.50585927273406, 53.916749674649196]]}}, {"type": "Feature", "id": "https://gdi-de.github.io/apworkshop2026/NEUW227", "name": "Baum NEUW227 (gdide:NEUW227)", "dateprops": [], "properties": {"http://www.w3.org/2000/01/rdf-schema#label": "Baum NEUW227", "http://rdfs.org/ns/void#inDataset.value": "72757", "http://www.w3.org/2000/01/rdf-schema#comment": "\u00f6ffentliche Gr\u00fcnfl\u00e4che", "http://www.wikidata.org/prop/direct/P2547.value": "5.0", "http://www.wikidata.org/prop/direct/P2547.unit": "http://www.ontology-of-units-of-measure.org/resource/om-2/meter", "http://www.wikidata.org/prop/direct/P3018": "Neuwerk", "https://gdi-de.github.io/apworkshop2026/ont#stammdurchmesser.value": "31.0", "https://gdi-de.github.io/apworkshop2026/ont#stammdurchmesser.unit": "http://www.ontology-of-units-of-measure.org/resource/om-2/centimeter"}, "geometry": {"type": "MultiPoint", "coordinates": [[8.497393468648143, 53.91601319480143]]}}, {"type": "Feature", "id": "https://gdi-de.github.io/apworkshop2026/BFASN357", "name": "Baum BFASN357 (gdide:BFASN357)", "dateprops": [], "properties": {"http://www.w3.org/2000/01/rdf-schema#label": "Baum BFASN357", "http://rdfs.org/ns/void#inDataset.value": "72757", "http://www.w3.org/2000/01/rdf-schema#comment": "sonst. \u00f6ff. Fl\u00e4chen", "http://www.wikidata.org/prop/direct/P2547.value": "6.0", "http://www.wikidata.org/prop/direct/P2547.unit": "http://www.ontology-of-units-of-measure.org/resource/om-2/meter", "http://www.wikidata.org/prop/direct/P3018": "Bahnhof Alte S\u00fcderelbe Nord", "https://gdi-de.github.io/apworkshop2026/ont#stammdurchmesser.value": "57.0", "https://gdi-de.github.io/apworkshop2026/ont#stammdurchmesser.unit": "http://www.ontology-of-units-of-measure.org/resource/om-2/centimeter"}, "geometry": {"type": "MultiPoint", "coordinates": [[9.911605695798508, 53.50685803566415]]}}, {"type": "Feature", "id": "https://gdi-de.github.io/apworkshop2026/NEUW142", "name": "Baum NEUW142 (gdide:NEUW142)", "dateprops": [], "properties": {"http://www.w3.org/2000/01/rdf-schema#label": "Baum NEUW142", "http://rdfs.org/ns/void#inDataset.value": "72757", "http://www.w3.org/2000/01/rdf-schema#comment": "Bezirksamt", "http://www.wikidata.org/prop/direct/P2547.value": "6.0", "http://www.wikidata.org/prop/direct/P2547.unit": "http://www.ontology-of-units-of-measure.org/resource/om-2/meter", "http://www.wikidata.org/prop/direct/P3018": "Neuwerk", "https://gdi-de.github.io/apworkshop2026/ont#stammdurchmesser.value": "35.0", "https://gdi-de.github.io/apworkshop2026/ont#stammdurchmesser.unit": "http://www.ontology-of-units-of-measure.org/resource/om-2/centimeter"}, "geometry": {"type": "MultiPoint", "coordinates": [[8.500347048453952, 53.91389325541134]]}}, {"type": "Feature", "id": "https://gdi-de.github.io/apworkshop2026/NEUW73", "name": "Baum NEUW73 (gdide:NEUW73)", "dateprops": [], "properties": {"http://www.w3.org/2000/01/rdf-schema#label": "Baum NEUW73", "http://rdfs.org/ns/void#inDataset.value": "72757", "http://www.w3.org/2000/01/rdf-schema#comment": "\u00f6ffentliche Gr\u00fcnfl\u00e4che", "http://www.wikidata.org/prop/direct/P2547.value": "8.0", "http://www.wikidata.org/prop/direct/P2547.unit": "http://www.ontology-of-units-of-measure.org/resource/om-2/meter", "http://www.wikidata.org/prop/direct/P3018": "Neuwerk", "https://gdi-de.github.io/apworkshop2026/ont#stammdurchmesser.value": "47.0", "https://gdi-de.github.io/apworkshop2026/ont#stammdurchmesser.unit": "http://www.ontology-of-units-of-measure.org/resource/om-2/centimeter"}, "geometry": {"type": "MultiPoint", "coordinates": [[8.497043835356411, 53.91479612625421]]}}, {"type": "Feature", "id": "https://gdi-de.github.io/apworkshop2026/BFASN198", "name": "Baum BFASN198 (gdide:BFASN198)", "dateprops": [], "properties": {"http://www.w3.org/2000/01/rdf-schema#label": "Baum BFASN198", "http://rdfs.org/ns/void#inDataset.value": "72757", "http://www.w3.org/2000/01/rdf-schema#comment": "sonst. \u00f6ff. Fl\u00e4chen", "http://www.wikidata.org/prop/direct/P2547.value": "7.0", "http://www.wikidata.org/prop/direct/P2547.unit": "http://www.ontology-of-units-of-measure.org/resource/om-2/meter", "http://www.wikidata.org/prop/direct/P3018": "Bahnhof Alte S\u00fcderelbe Nord", "https://gdi-de.github.io/apworkshop2026/ont#stammdurchmesser.value": "41.0", "https://gdi-de.github.io/apworkshop2026/ont#stammdurchmesser.unit": "http://www.ontology-of-units-of-measure.org/resource/om-2/centimeter"}, "geometry": {"type": "MultiPoint", "coordinates": [[9.911636256484474, 53.509032631123134]]}}, {"type": "Feature", "id": "https://gdi-de.github.io/apworkshop2026/NEUW488", "name": "Baum NEUW488 (gdide:NEUW488)", "dateprops": [], "properties": {"http://www.w3.org/2000/01/rdf-schema#label": "Baum NEUW488", "http://rdfs.org/ns/void#inDataset.value": "72757", "http://www.w3.org/2000/01/rdf-schema#comment": "HPA", "http://www.wikidata.org/prop/direct/P2547.value": "3.0", "http://www.wikidata.org/prop/direct/P2547.unit": "http://www.ontology-of-units-of-measure.org/resource/om-2/meter", "http://www.wikidata.org/prop/direct/P3018": "Neuwerk", "https://gdi-de.github.io/apworkshop2026/ont#stammdurchmesser.value": "24.0", "https://gdi-de.github.io/apworkshop2026/ont#stammdurchmesser.unit": "http://www.ontology-of-units-of-measure.org/resource/om-2/centimeter"}, "geometry": {"type": "MultiPoint", "coordinates": [[8.498142816308697, 53.9222140899563]]}}, {"type": "Feature", "id": "https://gdi-de.github.io/apworkshop2026/NEUW24", "name": "Baum NEUW24 (gdide:NEUW24)", "dateprops": [], "properties": {"http://www.w3.org/2000/01/rdf-schema#label": "Baum NEUW24", "http://rdfs.org/ns/void#inDataset.value": "72757", "http://www.w3.org/2000/01/rdf-schema#comment": "Liegenschaftsamt", "http://www.wikidata.org/prop/direct/P2547.value": "10.0", "http://www.wikidata.org/prop/direct/P2547.unit": "http://www.ontology-of-units-of-measure.org/resource/om-2/meter", "http://www.wikidata.org/prop/direct/P3018": "Neuwerk", "https://gdi-de.github.io/apworkshop2026/ont#stammdurchmesser.value": "57.0", "https://gdi-de.github.io/apworkshop2026/ont#stammdurchmesser.unit": "http://www.ontology-of-units-of-measure.org/resource/om-2/centimeter"}, "geometry": {"type": "MultiPoint", "coordinates": [[8.496278821077302, 53.91458914842805]]}}, {"type": "Feature", "id": "https://gdi-de.github.io/apworkshop2026/NEUW650", "name": "Baum NEUW650 (gdide:NEUW650)", "dateprops": [], "properties": {"http://www.w3.org/2000/01/rdf-schema#label": "Baum NEUW650", "http://rdfs.org/ns/void#inDataset.value": "72757", "http://www.w3.org/2000/01/rdf-schema#comment": "Liegenschaftsamt", "http://www.wikidata.org/prop/direct/P2547.value": "5.0", "http://www.wikidata.org/prop/direct/P2547.unit": "http://www.ontology-of-units-of-measure.org/resource/om-2/meter", "http://www.wikidata.org/prop/direct/P3018": "Neuwerk", "https://gdi-de.github.io/apworkshop2026/ont#stammdurchmesser.value": "16.0", "https://gdi-de.github.io/apworkshop2026/ont#stammdurchmesser.unit": "http://www.ontology-of-units-of-measure.org/resource/om-2/centimeter"}, "geometry": {"type": "MultiPoint", "coordinates": [[8.49530012454156, 53.91515604269007]]}}, {"type": "Feature", "id": "https://gdi-de.github.io/apworkshop2026/MOBG769", "name": "Baum MOBG769 (gdide:MOBG769)", "dateprops": [], "properties": {"http://www.w3.org/2000/01/rdf-schema#label": "Baum MOBG769", "http://rdfs.org/ns/void#inDataset.value": "72757", "http://www.w3.org/2000/01/rdf-schema#comment": "sonst. \u00f6ff. Fl\u00e4chen", "http://www.wikidata.org/prop/direct/P2547.value": "nan", "http://www.wikidata.org/prop/direct/P2547.unit": "http://www.ontology-of-units-of-measure.org/resource/om-2/meter", "http://www.wikidata.org/prop/direct/P3018": "Moorburg", "https://gdi-de.github.io/apworkshop2026/ont#stammdurchmesser.value": "32.0", "https://gdi-de.github.io/apworkshop2026/ont#stammdurchmesser.unit": "http://www.ontology-of-units-of-measure.org/resource/om-2/centimeter"}, "geometry": {"type": "MultiPoint", "coordinates": [[9.939071164587599, 53.486437983670086]]}}, {"type": "Feature", "id": "https://gdi-de.github.io/apworkshop2026/NEUW298", "name": "Baum NEUW298 (gdide:NEUW298)", "dateprops": [], "properties": {"http://www.w3.org/2000/01/rdf-schema#label": "Baum NEUW298", "http://rdfs.org/ns/void#inDataset.value": "72757", "http://www.w3.org/2000/01/rdf-schema#comment": "BUKEA", "http://www.wikidata.org/prop/direct/P2547.value": "3.0", "http://www.wikidata.org/prop/direct/P2547.unit": "http://www.ontology-of-units-of-measure.org/resource/om-2/meter", "http://www.wikidata.org/prop/direct/P3018": "Neuwerk", "https://gdi-de.github.io/apworkshop2026/ont#stammdurchmesser.value": "18.0", "https://gdi-de.github.io/apworkshop2026/ont#stammdurchmesser.unit": "http://www.ontology-of-units-of-measure.org/resource/om-2/centimeter"}, "geometry": {"type": "MultiPoint", "coordinates": [[8.497517418191046, 53.913710215362315]]}}, {"type": "Feature", "id": "https://gdi-de.github.io/apworkshop2026/NEUW66", "name": "Baum NEUW66 (gdide:NEUW66)", "dateprops": [], "properties": {"http://www.w3.org/2000/01/rdf-schema#label": "Baum NEUW66", "http://rdfs.org/ns/void#inDataset.value": "72757", "http://www.w3.org/2000/01/rdf-schema#comment": "Liegenschaftsamt", "http://www.wikidata.org/prop/direct/P2547.value": "6.0", "http://www.wikidata.org/prop/direct/P2547.unit": "http://www.ontology-of-units-of-measure.org/resource/om-2/meter", "http://www.wikidata.org/prop/direct/P3018": "Neuwerk", "https://gdi-de.github.io/apworkshop2026/ont#stammdurchmesser.value": "30.0", "https://gdi-de.github.io/apworkshop2026/ont#stammdurchmesser.unit": "http://www.ontology-of-units-of-measure.org/resource/om-2/centimeter"}, "geometry": {"type": "MultiPoint", "coordinates": [[8.496289600860711, 53.91410834258149]]}}, {"type": "Feature", "id": "https://gdi-de.github.io/apworkshop2026/NEUW693", "name": "Baum NEUW693 (gdide:NEUW693)", "dateprops": [], "properties": {"http://www.w3.org/2000/01/rdf-schema#label": "Baum NEUW693", "http://rdfs.org/ns/void#inDataset.value": "72757", "http://www.w3.org/2000/01/rdf-schema#comment": "Liegenschaftsamt", "http://www.wikidata.org/prop/direct/P2547.value": "5.0", "http://www.wikidata.org/prop/direct/P2547.unit": "http://www.ontology-of-units-of-measure.org/resource/om-2/meter", "http://www.wikidata.org/prop/direct/P3018": "Neuwerk", "https://gdi-de.github.io/apworkshop2026/ont#stammdurchmesser.value": "29.0", "https://gdi-de.github.io/apworkshop2026/ont#stammdurchmesser.unit": "http://www.ontology-of-units-of-measure.org/resource/om-2/centimeter"}, "geometry": {"type": "MultiPoint", "coordinates": [[8.505617167781837, 53.91674656899713]]}}, {"type": "Feature", "id": "https://gdi-de.github.io/apworkshop2026/NEUW79", "name": "Baum NEUW79 (gdide:NEUW79)", "dateprops": [], "properties": {"http://www.w3.org/2000/01/rdf-schema#label": "Baum NEUW79", "http://rdfs.org/ns/void#inDataset.value": "72757", "http://www.w3.org/2000/01/rdf-schema#comment": "Liegenschaftsamt", "http://www.wikidata.org/prop/direct/P2547.value": "6.0", "http://www.wikidata.org/prop/direct/P2547.unit": "http://www.ontology-of-units-of-measure.org/resource/om-2/meter", "http://www.wikidata.org/prop/direct/P3018": "Neuwerk", "https://gdi-de.github.io/apworkshop2026/ont#stammdurchmesser.value": "43.0", "https://gdi-de.github.io/apworkshop2026/ont#stammdurchmesser.unit": "http://www.ontology-of-units-of-measure.org/resource/om-2/centimeter"}, "geometry": {"type": "MultiPoint", "coordinates": [[8.496857488833875, 53.91439451352106]]}}, {"type": "Feature", "id": "https://gdi-de.github.io/apworkshop2026/NEUW438", "name": "Baum NEUW438 (gdide:NEUW438)", "dateprops": [], "properties": {"http://www.w3.org/2000/01/rdf-schema#label": "Baum NEUW438", "http://rdfs.org/ns/void#inDataset.value": "72757", "http://www.w3.org/2000/01/rdf-schema#comment": "BUKEA", "http://www.wikidata.org/prop/direct/P2547.value": "6.0", "http://www.wikidata.org/prop/direct/P2547.unit": "http://www.ontology-of-units-of-measure.org/resource/om-2/meter", "http://www.wikidata.org/prop/direct/P3018": "Neuwerk", "https://gdi-de.github.io/apworkshop2026/ont#stammdurchmesser.value": "41.0", "https://gdi-de.github.io/apworkshop2026/ont#stammdurchmesser.unit": "http://www.ontology-of-units-of-measure.org/resource/om-2/centimeter"}, "geometry": {"type": "MultiPoint", "coordinates": [[8.499903729861238, 53.922376932522205]]}}, {"type": "Feature", "id": "https://gdi-de.github.io/apworkshop2026/NEUW373", "name": "Baum NEUW373 (gdide:NEUW373)", "dateprops": [], "properties": {"http://www.w3.org/2000/01/rdf-schema#label": "Baum NEUW373", "http://rdfs.org/ns/void#inDataset.value": "72757", "http://www.w3.org/2000/01/rdf-schema#comment": "BUKEA", "http://www.wikidata.org/prop/direct/P2547.value": "7.0", "http://www.wikidata.org/prop/direct/P2547.unit": "http://www.ontology-of-units-of-measure.org/resource/om-2/meter", "http://www.wikidata.org/prop/direct/P3018": "Neuwerk", "https://gdi-de.github.io/apworkshop2026/ont#stammdurchmesser.value": "32.0", "https://gdi-de.github.io/apworkshop2026/ont#stammdurchmesser.unit": "http://www.ontology-of-units-of-measure.org/resource/om-2/centimeter"}, "geometry": {"type": "MultiPoint", "coordinates": [[8.498977701550606, 53.913365636086795]]}}, {"type": "Feature", "id": "https://gdi-de.github.io/apworkshop2026/PIOI165", "name": "Baum PIOI165 (gdide:PIOI165)", "dateprops": [], "properties": {"http://www.w3.org/2000/01/rdf-schema#label": "Baum PIOI165", "http://rdfs.org/ns/void#inDataset.value": "72757", "http://www.w3.org/2000/01/rdf-schema#comment": "Wasserwirtschaft", "http://www.wikidata.org/prop/direct/P2547.value": "11.0", "http://www.wikidata.org/prop/direct/P2547.unit": "http://www.ontology-of-units-of-measure.org/resource/om-2/meter", "http://www.wikidata.org/prop/direct/P3018": "Pionierinsel", "https://gdi-de.github.io/apworkshop2026/ont#stammdurchmesser.value": "53.0", "https://gdi-de.github.io/apworkshop2026/ont#stammdurchmesser.unit": "http://www.ontology-of-units-of-measure.org/resource/om-2/centimeter"}, "geometry": {"type": "MultiPoint", "coordinates": [[10.002799142046408, 53.470956902977036]]}}, {"type": "Feature", "id": "https://gdi-de.github.io/apworkshop2026/GZAW541", "name": "Baum GZAW541 (gdide:GZAW541)", "dateprops": [], "properties": {"http://www.w3.org/2000/01/rdf-schema#label": "Baum GZAW541", "http://rdfs.org/ns/void#inDataset.value": "72757", "http://www.w3.org/2000/01/rdf-schema#comment": "sonst. \u00f6ff. Fl\u00e4chen", "http://www.wikidata.org/prop/direct/P2547.value": "8.0", "http://www.wikidata.org/prop/direct/P2547.unit": "http://www.ontology-of-units-of-measure.org/resource/om-2/meter", "http://www.wikidata.org/prop/direct/P3018": "Gr\u00fcnzug Altenwerder", "https://gdi-de.github.io/apworkshop2026/ont#stammdurchmesser.value": "24.0", "https://gdi-de.github.io/apworkshop2026/ont#stammdurchmesser.unit": "http://www.ontology-of-units-of-measure.org/resource/om-2/centimeter"}, "geometry": {"type": "MultiPoint", "coordinates": [[9.917992843232737, 53.509483252480194]]}}, {"type": "Feature", "id": "https://gdi-de.github.io/apworkshop2026/VHWN308", "name": "Baum VHWN308 (gdide:VHWN308)", "dateprops": [], "properties": {"http://www.w3.org/2000/01/rdf-schema#label": "Baum VHWN308", "http://rdfs.org/ns/void#inDataset.value": "72757", "http://www.w3.org/2000/01/rdf-schema#comment": "sonst. \u00f6ff. Fl\u00e4chen", "http://www.wikidata.org/prop/direct/P2547.value": "6.0", "http://www.wikidata.org/prop/direct/P2547.unit": "http://www.ontology-of-units-of-measure.org/resource/om-2/meter", "http://www.wikidata.org/prop/direct/P3018": "Vollh\u00f6fner Weiden", "https://gdi-de.github.io/apworkshop2026/ont#stammdurchmesser.value": "29.0", "https://gdi-de.github.io/apworkshop2026/ont#stammdurchmesser.unit": "http://www.ontology-of-units-of-measure.org/resource/om-2/centimeter"}, "geometry": {"type": "MultiPoint", "coordinates": [[9.900758215349263, 53.5120247652985]]}}, {"type": "Feature", "id": "https://gdi-de.github.io/apworkshop2026/NEUW641", "name": "Baum NEUW641 (gdide:NEUW641)", "dateprops": [], "properties": {"http://www.w3.org/2000/01/rdf-schema#label": "Baum NEUW641", "http://rdfs.org/ns/void#inDataset.value": "72757", "http://www.w3.org/2000/01/rdf-schema#comment": "Liegenschaftsamt", "http://www.wikidata.org/prop/direct/P2547.value": "3.0", "http://www.wikidata.org/prop/direct/P2547.unit": "http://www.ontology-of-units-of-measure.org/resource/om-2/meter", "http://www.wikidata.org/prop/direct/P3018": "Neuwerk", "https://gdi-de.github.io/apworkshop2026/ont#stammdurchmesser.value": "16.0", "https://gdi-de.github.io/apworkshop2026/ont#stammdurchmesser.unit": "http://www.ontology-of-units-of-measure.org/resource/om-2/centimeter"}, "geometry": {"type": "MultiPoint", "coordinates": [[8.495415081948469, 53.9152827230137]]}}, {"type": "Feature", "id": "https://gdi-de.github.io/apworkshop2026/GZAW119", "name": "Baum GZAW119 (gdide:GZAW119)", "dateprops": [], "properties": {"http://www.w3.org/2000/01/rdf-schema#label": "Baum GZAW119", "http://rdfs.org/ns/void#inDataset.value": "72757", "http://www.w3.org/2000/01/rdf-schema#comment": "sonst. \u00f6ff. Fl\u00e4chen", "http://www.wikidata.org/prop/direct/P2547.value": "6.0", "http://www.wikidata.org/prop/direct/P2547.unit": "http://www.ontology-of-units-of-measure.org/resource/om-2/meter", "http://www.wikidata.org/prop/direct/P3018": "Gr\u00fcnzug Altenwerder", "https://gdi-de.github.io/apworkshop2026/ont#stammdurchmesser.value": "24.0", "https://gdi-de.github.io/apworkshop2026/ont#stammdurchmesser.unit": "http://www.ontology-of-units-of-measure.org/resource/om-2/centimeter"}, "geometry": {"type": "MultiPoint", "coordinates": [[9.917587208966193, 53.503747292892875]]}}, {"type": "Feature", "id": "https://gdi-de.github.io/apworkshop2026/NEUW302", "name": "Baum NEUW302 (gdide:NEUW302)", "dateprops": [], "properties": {"http://www.w3.org/2000/01/rdf-schema#label": "Baum NEUW302", "http://rdfs.org/ns/void#inDataset.value": "72757", "http://www.w3.org/2000/01/rdf-schema#comment": "BUKEA", "http://www.wikidata.org/prop/direct/P2547.value": "6.0", "http://www.wikidata.org/prop/direct/P2547.unit": "http://www.ontology-of-units-of-measure.org/resource/om-2/meter", "http://www.wikidata.org/prop/direct/P3018": "Neuwerk", "https://gdi-de.github.io/apworkshop2026/ont#stammdurchmesser.value": "24.0", "https://gdi-de.github.io/apworkshop2026/ont#stammdurchmesser.unit": "http://www.ontology-of-units-of-measure.org/resource/om-2/centimeter"}, "geometry": {"type": "MultiPoint", "coordinates": [[8.497619260194806, 53.913643505070375]]}}, {"type": "Feature", "id": "https://gdi-de.github.io/apworkshop2026/BFASN196", "name": "Baum BFASN196 (gdide:BFASN196)", "dateprops": [], "properties": {"http://www.w3.org/2000/01/rdf-schema#label": "Baum BFASN196", "http://rdfs.org/ns/void#inDataset.value": "72757", "http://www.w3.org/2000/01/rdf-schema#comment": "sonst. \u00f6ff. Fl\u00e4chen", "http://www.wikidata.org/prop/direct/P2547.value": "6.0", "http://www.wikidata.org/prop/direct/P2547.unit": "http://www.ontology-of-units-of-measure.org/resource/om-2/meter", "http://www.wikidata.org/prop/direct/P3018": "Bahnhof Alte S\u00fcderelbe Nord", "https://gdi-de.github.io/apworkshop2026/ont#stammdurchmesser.value": "38.0", "https://gdi-de.github.io/apworkshop2026/ont#stammdurchmesser.unit": "http://www.ontology-of-units-of-measure.org/resource/om-2/centimeter"}, "geometry": {"type": "MultiPoint", "coordinates": [[9.911608148199234, 53.509022577015855]]}}, {"type": "Feature", "id": "https://gdi-de.github.io/apworkshop2026/VHWN605", "name": "Baum VHWN605 (gdide:VHWN605)", "dateprops": [], "properties": {"http://www.w3.org/2000/01/rdf-schema#label": "Baum VHWN605", "http://rdfs.org/ns/void#inDataset.value": "72757", "http://www.w3.org/2000/01/rdf-schema#comment": "sonst. \u00f6ff. Fl\u00e4chen", "http://www.wikidata.org/prop/direct/P2547.value": "5.0", "http://www.wikidata.org/prop/direct/P2547.unit": "http://www.ontology-of-units-of-measure.org/resource/om-2/meter", "http://www.wikidata.org/prop/direct/P3018": "Vollh\u00f6fner Weiden", "https://gdi-de.github.io/apworkshop2026/ont#stammdurchmesser.value": "22.0", "https://gdi-de.github.io/apworkshop2026/ont#stammdurchmesser.unit": "http://www.ontology-of-units-of-measure.org/resource/om-2/centimeter"}, "geometry": {"type": "MultiPoint", "coordinates": [[9.899576885834882, 53.51240447428485]]}}, {"type": "Feature", "id": "https://gdi-de.github.io/apworkshop2026/NEUW625", "name": "Baum NEUW625 (gdide:NEUW625)", "dateprops": [], "properties": {"http://www.w3.org/2000/01/rdf-schema#label": "Baum NEUW625", "http://rdfs.org/ns/void#inDataset.value": "72757", "http://www.w3.org/2000/01/rdf-schema#comment": "Liegenschaftsamt", "http://www.wikidata.org/prop/direct/P2547.value": "3.0", "http://www.wikidata.org/prop/direct/P2547.unit": "http://www.ontology-of-units-of-measure.org/resource/om-2/meter", "http://www.wikidata.org/prop/direct/P3018": "Neuwerk", "https://gdi-de.github.io/apworkshop2026/ont#stammdurchmesser.value": "25.0", "https://gdi-de.github.io/apworkshop2026/ont#stammdurchmesser.unit": "http://www.ontology-of-units-of-measure.org/resource/om-2/centimeter"}, "geometry": {"type": "MultiPoint", "coordinates": [[8.495831424133199, 53.915653460351855]]}}, {"type": "Feature", "id": "https://gdi-de.github.io/apworkshop2026/NEUW464", "name": "Baum NEUW464 (gdide:NEUW464)", "dateprops": [], "properties": {"http://www.w3.org/2000/01/rdf-schema#label": "Baum NEUW464", "http://rdfs.org/ns/void#inDataset.value": "72757", "http://www.w3.org/2000/01/rdf-schema#comment": "HPA", "http://www.wikidata.org/prop/direct/P2547.value": "10.0", "http://www.wikidata.org/prop/direct/P2547.unit": "http://www.ontology-of-units-of-measure.org/resource/om-2/meter", "http://www.wikidata.org/prop/direct/P3018": "Neuwerk", "https://gdi-de.github.io/apworkshop2026/ont#stammdurchmesser.value": "37.0", "https://gdi-de.github.io/apworkshop2026/ont#stammdurchmesser.unit": "http://www.ontology-of-units-of-measure.org/resource/om-2/centimeter"}, "geometry": {"type": "MultiPoint", "coordinates": [[8.49844837825259, 53.921801301863404]]}}, {"type": "Feature", "id": "https://gdi-de.github.io/apworkshop2026/NEUW362", "name": "Baum NEUW362 (gdide:NEUW362)", "dateprops": [], "properties": {"http://www.w3.org/2000/01/rdf-schema#label": "Baum NEUW362", "http://rdfs.org/ns/void#inDataset.value": "72757", "http://www.w3.org/2000/01/rdf-schema#comment": "BUKEA", "http://www.wikidata.org/prop/direct/P2547.value": "5.5", "http://www.wikidata.org/prop/direct/P2547.unit": "http://www.ontology-of-units-of-measure.org/resource/om-2/meter", "http://www.wikidata.org/prop/direct/P3018": "Neuwerk", "https://gdi-de.github.io/apworkshop2026/ont#stammdurchmesser.value": "24.0", "https://gdi-de.github.io/apworkshop2026/ont#stammdurchmesser.unit": "http://www.ontology-of-units-of-measure.org/resource/om-2/centimeter"}, "geometry": {"type": "MultiPoint", "coordinates": [[8.498405941838568, 53.91340248891366]]}}, {"type": "Feature", "id": "https://gdi-de.github.io/apworkshop2026/HOHS8", "name": "Baum HOHS8 (gdide:HOHS8)", "dateprops": [], "properties": {"http://www.w3.org/2000/01/rdf-schema#label": "Baum HOHS8", "http://rdfs.org/ns/void#inDataset.value": "72757", "http://www.w3.org/2000/01/rdf-schema#comment": "Stra\u00dfe", "http://www.wikidata.org/prop/direct/P2547.value": "5.0", "http://www.wikidata.org/prop/direct/P2547.unit": "http://www.ontology-of-units-of-measure.org/resource/om-2/meter", "http://www.wikidata.org/prop/direct/P3018": "Hohe Schaar", "https://gdi-de.github.io/apworkshop2026/ont#stammdurchmesser.value": "28.0", "https://gdi-de.github.io/apworkshop2026/ont#stammdurchmesser.unit": "http://www.ontology-of-units-of-measure.org/resource/om-2/centimeter"}, "geometry": {"type": "MultiPoint", "coordinates": [[9.961820532033979, 53.493413606408744]]}}, {"type": "Feature", "id": "https://gdi-de.github.io/apworkshop2026/NEUW319", "name": "Baum NEUW319 (gdide:NEUW319)", "dateprops": [], "properties": {"http://www.w3.org/2000/01/rdf-schema#label": "Baum NEUW319", "http://rdfs.org/ns/void#inDataset.value": "72757", "http://www.w3.org/2000/01/rdf-schema#comment": "BUKEA", "http://www.wikidata.org/prop/direct/P2547.value": "3.0", "http://www.wikidata.org/prop/direct/P2547.unit": "http://www.ontology-of-units-of-measure.org/resource/om-2/meter", "http://www.wikidata.org/prop/direct/P3018": "Neuwerk", "https://gdi-de.github.io/apworkshop2026/ont#stammdurchmesser.value": "29.0", "https://gdi-de.github.io/apworkshop2026/ont#stammdurchmesser.unit": "http://www.ontology-of-units-of-measure.org/resource/om-2/centimeter"}, "geometry": {"type": "MultiPoint", "coordinates": [[8.49710339365975, 53.913777295924355]]}}, {"type": "Feature", "id": "https://gdi-de.github.io/apworkshop2026/REIS497", "name": "Baum REIS497 (gdide:REIS497)", "dateprops": [], "properties": {"http://www.w3.org/2000/01/rdf-schema#label": "Baum REIS497", "http://rdfs.org/ns/void#inDataset.value": "72757", "http://www.w3.org/2000/01/rdf-schema#comment": "Privatgrund", "http://www.wikidata.org/prop/direct/P2547.value": "4.0", "http://www.wikidata.org/prop/direct/P2547.unit": "http://www.ontology-of-units-of-measure.org/resource/om-2/meter", "http://www.wikidata.org/prop/direct/P3018": "Reiherstieg S\u00fcd", "https://gdi-de.github.io/apworkshop2026/ont#stammdurchmesser.value": "16.0", "https://gdi-de.github.io/apworkshop2026/ont#stammdurchmesser.unit": "http://www.ontology-of-units-of-measure.org/resource/om-2/centimeter"}, "geometry": {"type": "MultiPoint", "coordinates": [[9.981057810112953, 53.50293449999955]]}}, {"type": "Feature", "id": "https://gdi-de.github.io/apworkshop2026/PIOI233", "name": "Baum PIOI233 (gdide:PIOI233)", "dateprops": [], "properties": {"http://www.w3.org/2000/01/rdf-schema#label": "Baum PIOI233", "http://rdfs.org/ns/void#inDataset.value": "72757", "http://www.w3.org/2000/01/rdf-schema#comment": "Wasserwirtschaft", "http://www.wikidata.org/prop/direct/P2547.value": "7.0", "http://www.wikidata.org/prop/direct/P2547.unit": "http://www.ontology-of-units-of-measure.org/resource/om-2/meter", "http://www.wikidata.org/prop/direct/P3018": "Pionierinsel", "https://gdi-de.github.io/apworkshop2026/ont#stammdurchmesser.value": "31.0", "https://gdi-de.github.io/apworkshop2026/ont#stammdurchmesser.unit": "http://www.ontology-of-units-of-measure.org/resource/om-2/centimeter"}, "geometry": {"type": "MultiPoint", "coordinates": [[10.000983826520258, 53.47081668721811]]}}, {"type": "Feature", "id": "https://gdi-de.github.io/apworkshop2026/NEUW532", "name": "Baum NEUW532 (gdide:NEUW532)", "dateprops": [], "properties": {"http://www.w3.org/2000/01/rdf-schema#label": "Baum NEUW532", "http://rdfs.org/ns/void#inDataset.value": "72757", "http://www.w3.org/2000/01/rdf-schema#comment": "BUKEA", "http://www.wikidata.org/prop/direct/P2547.value": "5.0", "http://www.wikidata.org/prop/direct/P2547.unit": "http://www.ontology-of-units-of-measure.org/resource/om-2/meter", "http://www.wikidata.org/prop/direct/P3018": "Neuwerk", "https://gdi-de.github.io/apworkshop2026/ont#stammdurchmesser.value": "29.0", "https://gdi-de.github.io/apworkshop2026/ont#stammdurchmesser.unit": "http://www.ontology-of-units-of-measure.org/resource/om-2/centimeter"}, "geometry": {"type": "MultiPoint", "coordinates": [[8.500179485704006, 53.922114198267785]]}}, {"type": "Feature", "id": "https://gdi-de.github.io/apworkshop2026/PIOI151", "name": "Baum PIOI151 (gdide:PIOI151)", "dateprops": [], "properties": {"http://www.w3.org/2000/01/rdf-schema#label": "Baum PIOI151", "http://rdfs.org/ns/void#inDataset.value": "72757", "http://www.w3.org/2000/01/rdf-schema#comment": "Wasserwirtschaft", "http://www.wikidata.org/prop/direct/P2547.value": "10.0", "http://www.wikidata.org/prop/direct/P2547.unit": "http://www.ontology-of-units-of-measure.org/resource/om-2/meter", "http://www.wikidata.org/prop/direct/P3018": "Pionierinsel", "https://gdi-de.github.io/apworkshop2026/ont#stammdurchmesser.value": "48.0", "https://gdi-de.github.io/apworkshop2026/ont#stammdurchmesser.unit": "http://www.ontology-of-units-of-measure.org/resource/om-2/centimeter"}, "geometry": {"type": "MultiPoint", "coordinates": [[10.003906162920487, 53.4710636886527]]}}, {"type": "Feature", "id": "https://gdi-de.github.io/apworkshop2026/NEUW569", "name": "Baum NEUW569 (gdide:NEUW569)", "dateprops": [], "properties": {"http://www.w3.org/2000/01/rdf-schema#label": "Baum NEUW569", "http://rdfs.org/ns/void#inDataset.value": "72757", "http://www.w3.org/2000/01/rdf-schema#comment": "Liegenschaftsamt", "http://www.wikidata.org/prop/direct/P2547.value": "1.0", "http://www.wikidata.org/prop/direct/P2547.unit": "http://www.ontology-of-units-of-measure.org/resource/om-2/meter", "http://www.wikidata.org/prop/direct/P3018": "Neuwerk", "https://gdi-de.github.io/apworkshop2026/ont#stammdurchmesser.value": "16.0", "https://gdi-de.github.io/apworkshop2026/ont#stammdurchmesser.unit": "http://www.ontology-of-units-of-measure.org/resource/om-2/centimeter"}, "geometry": {"type": "MultiPoint", "coordinates": [[8.494745163325335, 53.91585711555117]]}}, {"type": "Feature", "id": "https://gdi-de.github.io/apworkshop2026/VHWN587", "name": "Baum VHWN587 (gdide:VHWN587)", "dateprops": [], "properties": {"http://www.w3.org/2000/01/rdf-schema#label": "Baum VHWN587", "http://rdfs.org/ns/void#inDataset.value": "72757", "http://www.w3.org/2000/01/rdf-schema#comment": "Stra\u00dfe", "http://www.wikidata.org/prop/direct/P2547.value": "4.0", "http://www.wikidata.org/prop/direct/P2547.unit": "http://www.ontology-of-units-of-measure.org/resource/om-2/meter", "http://www.wikidata.org/prop/direct/P3018": "Vollh\u00f6fner Weiden", "https://gdi-de.github.io/apworkshop2026/ont#stammdurchmesser.value": "19.0", "https://gdi-de.github.io/apworkshop2026/ont#stammdurchmesser.unit": "http://www.ontology-of-units-of-measure.org/resource/om-2/centimeter"}, "geometry": {"type": "MultiPoint", "coordinates": [[9.897260058851915, 53.51318406308228]]}}, {"type": "Feature", "id": "https://gdi-de.github.io/apworkshop2026/NEUW313", "name": "Baum NEUW313 (gdide:NEUW313)", "dateprops": [], "properties": {"http://www.w3.org/2000/01/rdf-schema#label": "Baum NEUW313", "http://rdfs.org/ns/void#inDataset.value": "72757", "http://www.w3.org/2000/01/rdf-schema#comment": "BUKEA", "http://www.wikidata.org/prop/direct/P2547.value": "7.0", "http://www.wikidata.org/prop/direct/P2547.unit": "http://www.ontology-of-units-of-measure.org/resource/om-2/meter", "http://www.wikidata.org/prop/direct/P3018": "Neuwerk", "https://gdi-de.github.io/apworkshop2026/ont#stammdurchmesser.value": "29.0", "https://gdi-de.github.io/apworkshop2026/ont#stammdurchmesser.unit": "http://www.ontology-of-units-of-measure.org/resource/om-2/centimeter"}, "geometry": {"type": "MultiPoint", "coordinates": [[8.497312251963304, 53.9137159403364]]}}, {"type": "Feature", "id": "https://gdi-de.github.io/apworkshop2026/HOHS206", "name": "Baum HOHS206 (gdide:HOHS206)", "dateprops": [], "properties": {"http://www.w3.org/2000/01/rdf-schema#label": "Baum HOHS206", "http://rdfs.org/ns/void#inDataset.value": "72757", "http://www.w3.org/2000/01/rdf-schema#comment": "Stra\u00dfe", "http://www.wikidata.org/prop/direct/P2547.value": "7.0", "http://www.wikidata.org/prop/direct/P2547.unit": "http://www.ontology-of-units-of-measure.org/resource/om-2/meter", "http://www.wikidata.org/prop/direct/P3018": "Hohe Schaar", "https://gdi-de.github.io/apworkshop2026/ont#stammdurchmesser.value": "41.0", "https://gdi-de.github.io/apworkshop2026/ont#stammdurchmesser.unit": "http://www.ontology-of-units-of-measure.org/resource/om-2/centimeter"}, "geometry": {"type": "MultiPoint", "coordinates": [[9.972767159541132, 53.49171040859051]]}}, {"type": "Feature", "id": "https://gdi-de.github.io/apworkshop2026/NEUW509", "name": "Baum NEUW509 (gdide:NEUW509)", "dateprops": [], "properties": {"http://www.w3.org/2000/01/rdf-schema#label": "Baum NEUW509", "http://rdfs.org/ns/void#inDataset.value": "72757", "http://www.w3.org/2000/01/rdf-schema#comment": "BUKEA", "http://www.wikidata.org/prop/direct/P2547.value": "4.0", "http://www.wikidata.org/prop/direct/P2547.unit": "http://www.ontology-of-units-of-measure.org/resource/om-2/meter", "http://www.wikidata.org/prop/direct/P3018": "Neuwerk", "https://gdi-de.github.io/apworkshop2026/ont#stammdurchmesser.value": "18.0", "https://gdi-de.github.io/apworkshop2026/ont#stammdurchmesser.unit": "http://www.ontology-of-units-of-measure.org/resource/om-2/centimeter"}, "geometry": {"type": "MultiPoint", "coordinates": [[8.499985260956425, 53.922395431668356]]}}, {"type": "Feature", "id": "https://gdi-de.github.io/apworkshop2026/NEUW354", "name": "Baum NEUW354 (gdide:NEUW354)", "dateprops": [], "properties": {"http://www.w3.org/2000/01/rdf-schema#label": "Baum NEUW354", "http://rdfs.org/ns/void#inDataset.value": "72757", "http://www.w3.org/2000/01/rdf-schema#comment": "BUKEA", "http://www.wikidata.org/prop/direct/P2547.value": "5.0", "http://www.wikidata.org/prop/direct/P2547.unit": "http://www.ontology-of-units-of-measure.org/resource/om-2/meter", "http://www.wikidata.org/prop/direct/P3018": "Neuwerk", "https://gdi-de.github.io/apworkshop2026/ont#stammdurchmesser.value": "27.0", "https://gdi-de.github.io/apworkshop2026/ont#stammdurchmesser.unit": "http://www.ontology-of-units-of-measure.org/resource/om-2/centimeter"}, "geometry": {"type": "MultiPoint", "coordinates": [[8.498097442403697, 53.91343211401249]]}}, {"type": "Feature", "id": "https://gdi-de.github.io/apworkshop2026/NEUW505", "name": "Baum NEUW505 (gdide:NEUW505)", "dateprops": [], "properties": {"http://www.w3.org/2000/01/rdf-schema#label": "Baum NEUW505", "http://rdfs.org/ns/void#inDataset.value": "72757", "http://www.w3.org/2000/01/rdf-schema#comment": "Liegenschaftsamt", "http://www.wikidata.org/prop/direct/P2547.value": "3.0", "http://www.wikidata.org/prop/direct/P2547.unit": "http://www.ontology-of-units-of-measure.org/resource/om-2/meter", "http://www.wikidata.org/prop/direct/P3018": "Neuwerk", "https://gdi-de.github.io/apworkshop2026/ont#stammdurchmesser.value": "35.0", "https://gdi-de.github.io/apworkshop2026/ont#stammdurchmesser.unit": "http://www.ontology-of-units-of-measure.org/resource/om-2/centimeter"}, "geometry": {"type": "MultiPoint", "coordinates": [[8.495850297737318, 53.9160512410143]]}}, {"type": "Feature", "id": "https://gdi-de.github.io/apworkshop2026/NEUW177", "name": "Baum NEUW177 (gdide:NEUW177)", "dateprops": [], "properties": {"http://www.w3.org/2000/01/rdf-schema#label": "Baum NEUW177", "http://rdfs.org/ns/void#inDataset.value": "72757", "http://www.w3.org/2000/01/rdf-schema#comment": "BUKEA", "http://www.wikidata.org/prop/direct/P2547.value": "6.0", "http://www.wikidata.org/prop/direct/P2547.unit": "http://www.ontology-of-units-of-measure.org/resource/om-2/meter", "http://www.wikidata.org/prop/direct/P3018": "Neuwerk", "https://gdi-de.github.io/apworkshop2026/ont#stammdurchmesser.value": "33.0", "https://gdi-de.github.io/apworkshop2026/ont#stammdurchmesser.unit": "http://www.ontology-of-units-of-measure.org/resource/om-2/centimeter"}, "geometry": {"type": "MultiPoint", "coordinates": [[8.501393972035524, 53.91364563209751]]}}, {"type": "Feature", "id": "https://gdi-de.github.io/apworkshop2026/KTWK979", "name": "Baum KTWK979 (gdide:KTWK979)", "dateprops": [], "properties": {"http://www.w3.org/2000/01/rdf-schema#label": "Baum KTWK979", "http://rdfs.org/ns/void#inDataset.value": "72757", "http://www.w3.org/2000/01/rdf-schema#comment": "sonst. \u00f6ff. Fl\u00e4chen", "http://www.wikidata.org/prop/direct/P2547.value": "4.0", "http://www.wikidata.org/prop/direct/P2547.unit": "http://www.ontology-of-units-of-measure.org/resource/om-2/meter", "http://www.wikidata.org/prop/direct/P3018": "Kattwyk", "https://gdi-de.github.io/apworkshop2026/ont#stammdurchmesser.value": "21.0", "https://gdi-de.github.io/apworkshop2026/ont#stammdurchmesser.unit": "http://www.ontology-of-units-of-measure.org/resource/om-2/centimeter"}, "geometry": {"type": "MultiPoint", "coordinates": [[9.943016807860577, 53.514439771198546]]}}, {"type": "Feature", "id": "https://gdi-de.github.io/apworkshop2026/NEUW580", "name": "Baum NEUW580 (gdide:NEUW580)", "dateprops": [], "properties": {"http://www.w3.org/2000/01/rdf-schema#label": "Baum NEUW580", "http://rdfs.org/ns/void#inDataset.value": "72757", "http://www.w3.org/2000/01/rdf-schema#comment": "Liegenschaftsamt", "http://www.wikidata.org/prop/direct/P2547.value": "4.0", "http://www.wikidata.org/prop/direct/P2547.unit": "http://www.ontology-of-units-of-measure.org/resource/om-2/meter", "http://www.wikidata.org/prop/direct/P3018": "Neuwerk", "https://gdi-de.github.io/apworkshop2026/ont#stammdurchmesser.value": "25.0", "https://gdi-de.github.io/apworkshop2026/ont#stammdurchmesser.unit": "http://www.ontology-of-units-of-measure.org/resource/om-2/centimeter"}, "geometry": {"type": "MultiPoint", "coordinates": [[8.495157004950494, 53.91584959198749]]}}, {"type": "Feature", "id": "https://gdi-de.github.io/apworkshop2026/BFASN341", "name": "Baum BFASN341 (gdide:BFASN341)", "dateprops": [], "properties": {"http://www.w3.org/2000/01/rdf-schema#label": "Baum BFASN341", "http://rdfs.org/ns/void#inDataset.value": "72757", "http://www.w3.org/2000/01/rdf-schema#comment": "sonst. \u00f6ff. Fl\u00e4chen", "http://www.wikidata.org/prop/direct/P2547.value": "10.0", "http://www.wikidata.org/prop/direct/P2547.unit": "http://www.ontology-of-units-of-measure.org/resource/om-2/meter", "http://www.wikidata.org/prop/direct/P3018": "Bahnhof Alte S\u00fcderelbe Nord", "https://gdi-de.github.io/apworkshop2026/ont#stammdurchmesser.value": "57.0", "https://gdi-de.github.io/apworkshop2026/ont#stammdurchmesser.unit": "http://www.ontology-of-units-of-measure.org/resource/om-2/centimeter"}, "geometry": {"type": "MultiPoint", "coordinates": [[9.907786741930048, 53.50781263700662]]}}, {"type": "Feature", "id": "https://gdi-de.github.io/apworkshop2026/NEUW648", "name": "Baum NEUW648 (gdide:NEUW648)", "dateprops": [], "properties": {"http://www.w3.org/2000/01/rdf-schema#label": "Baum NEUW648", "http://rdfs.org/ns/void#inDataset.value": "72757", "http://www.w3.org/2000/01/rdf-schema#comment": "Liegenschaftsamt", "http://www.wikidata.org/prop/direct/P2547.value": "4.0", "http://www.wikidata.org/prop/direct/P2547.unit": "http://www.ontology-of-units-of-measure.org/resource/om-2/meter", "http://www.wikidata.org/prop/direct/P3018": "Neuwerk", "https://gdi-de.github.io/apworkshop2026/ont#stammdurchmesser.value": "25.0", "https://gdi-de.github.io/apworkshop2026/ont#stammdurchmesser.unit": "http://www.ontology-of-units-of-measure.org/resource/om-2/centimeter"}, "geometry": {"type": "MultiPoint", "coordinates": [[8.495352963446571, 53.91513137111928]]}}, {"type": "Feature", "id": "https://gdi-de.github.io/apworkshop2026/BFASN162", "name": "Baum BFASN162 (gdide:BFASN162)", "dateprops": [], "properties": {"http://www.w3.org/2000/01/rdf-schema#label": "Baum BFASN162", "http://rdfs.org/ns/void#inDataset.value": "72757", "http://www.w3.org/2000/01/rdf-schema#comment": "sonst. \u00f6ff. Fl\u00e4chen", "http://www.wikidata.org/prop/direct/P2547.value": "7.0", "http://www.wikidata.org/prop/direct/P2547.unit": "http://www.ontology-of-units-of-measure.org/resource/om-2/meter", "http://www.wikidata.org/prop/direct/P3018": "Bahnhof Alte S\u00fcderelbe Nord", "https://gdi-de.github.io/apworkshop2026/ont#stammdurchmesser.value": "35.0", "https://gdi-de.github.io/apworkshop2026/ont#stammdurchmesser.unit": "http://www.ontology-of-units-of-measure.org/resource/om-2/centimeter"}, "geometry": {"type": "MultiPoint", "coordinates": [[9.911584333861052, 53.50826239519068]]}}, {"type": "Feature", "id": "https://gdi-de.github.io/apworkshop2026/WITB76", "name": "Baum WITB76 (gdide:WITB76)", "dateprops": [], "properties": {"http://www.w3.org/2000/01/rdf-schema#label": "Baum WITB76", "http://rdfs.org/ns/void#inDataset.value": "72757", "http://www.w3.org/2000/01/rdf-schema#comment": "Privatgrund", "http://www.wikidata.org/prop/direct/P2547.value": "8.0", "http://www.wikidata.org/prop/direct/P2547.unit": "http://www.ontology-of-units-of-measure.org/resource/om-2/meter", "http://www.wikidata.org/prop/direct/P3018": "Wittenbergen", "https://gdi-de.github.io/apworkshop2026/ont#stammdurchmesser.value": "51.0", "https://gdi-de.github.io/apworkshop2026/ont#stammdurchmesser.unit": "http://www.ontology-of-units-of-measure.org/resource/om-2/centimeter"}, "geometry": {"type": "MultiPoint", "coordinates": [[9.767047416872458, 53.56469440902527]]}}, {"type": "Feature", "id": "https://gdi-de.github.io/apworkshop2026/BFASN405", "name": "Baum BFASN405 (gdide:BFASN405)", "dateprops": [], "properties": {"http://www.w3.org/2000/01/rdf-schema#label": "Baum BFASN405", "http://rdfs.org/ns/void#inDataset.value": "72757", "http://www.w3.org/2000/01/rdf-schema#comment": "Stra\u00dfe", "http://www.wikidata.org/prop/direct/P2547.value": "12.0", "http://www.wikidata.org/prop/direct/P2547.unit": "http://www.ontology-of-units-of-measure.org/resource/om-2/meter", "http://www.wikidata.org/prop/direct/P3018": "Bahnhof Alte S\u00fcderelbe Nord", "https://gdi-de.github.io/apworkshop2026/ont#stammdurchmesser.value": "32.0", "https://gdi-de.github.io/apworkshop2026/ont#stammdurchmesser.unit": "http://www.ontology-of-units-of-measure.org/resource/om-2/centimeter"}, "geometry": {"type": "MultiPoint", "coordinates": [[9.911476185683998, 53.50630029431549]]}}, {"type": "Feature", "id": "https://gdi-de.github.io/apworkshop2026/GZAW125", "name": "Baum GZAW125 (gdide:GZAW125)", "dateprops": [], "properties": {"http://www.w3.org/2000/01/rdf-schema#label": "Baum GZAW125", "http://rdfs.org/ns/void#inDataset.value": "72757", "http://www.w3.org/2000/01/rdf-schema#comment": "sonst. \u00f6ff. Fl\u00e4chen", "http://www.wikidata.org/prop/direct/P2547.value": "10.0", "http://www.wikidata.org/prop/direct/P2547.unit": "http://www.ontology-of-units-of-measure.org/resource/om-2/meter", "http://www.wikidata.org/prop/direct/P3018": "Gr\u00fcnzug Altenwerder", "https://gdi-de.github.io/apworkshop2026/ont#stammdurchmesser.value": "24.0", "https://gdi-de.github.io/apworkshop2026/ont#stammdurchmesser.unit": "http://www.ontology-of-units-of-measure.org/resource/om-2/centimeter"}, "geometry": {"type": "MultiPoint", "coordinates": [[9.917432069916625, 53.503751722166456]]}}, {"type": "Feature", "id": "https://gdi-de.github.io/apworkshop2026/NEUW408", "name": "Baum NEUW408 (gdide:NEUW408)", "dateprops": [], "properties": {"http://www.w3.org/2000/01/rdf-schema#label": "Baum NEUW408", "http://rdfs.org/ns/void#inDataset.value": "72757", "http://www.w3.org/2000/01/rdf-schema#comment": "BUKEA", "http://www.wikidata.org/prop/direct/P2547.value": "4.0", "http://www.wikidata.org/prop/direct/P2547.unit": "http://www.ontology-of-units-of-measure.org/resource/om-2/meter", "http://www.wikidata.org/prop/direct/P3018": "Neuwerk", "https://gdi-de.github.io/apworkshop2026/ont#stammdurchmesser.value": "25.0", "https://gdi-de.github.io/apworkshop2026/ont#stammdurchmesser.unit": "http://www.ontology-of-units-of-measure.org/resource/om-2/centimeter"}, "geometry": {"type": "MultiPoint", "coordinates": [[8.498911962838113, 53.92203828084785]]}}, {"type": "Feature", "id": "https://gdi-de.github.io/apworkshop2026/BFASN137", "name": "Baum BFASN137 (gdide:BFASN137)", "dateprops": [], "properties": {"http://www.w3.org/2000/01/rdf-schema#label": "Baum BFASN137", "http://rdfs.org/ns/void#inDataset.value": "72757", "http://www.w3.org/2000/01/rdf-schema#comment": "sonst. \u00f6ff. Fl\u00e4chen", "http://www.wikidata.org/prop/direct/P2547.value": "1.0", "http://www.wikidata.org/prop/direct/P2547.unit": "http://www.ontology-of-units-of-measure.org/resource/om-2/meter", "http://www.wikidata.org/prop/direct/P3018": "Bahnhof Alte S\u00fcderelbe Nord", "https://gdi-de.github.io/apworkshop2026/ont#stammdurchmesser.value": "10.0", "https://gdi-de.github.io/apworkshop2026/ont#stammdurchmesser.unit": "http://www.ontology-of-units-of-measure.org/resource/om-2/centimeter"}, "geometry": {"type": "MultiPoint", "coordinates": [[9.913127953929518, 53.51207462092667]]}}, {"type": "Feature", "id": "https://gdi-de.github.io/apworkshop2026/NEUW559", "name": "Baum NEUW559 (gdide:NEUW559)", "dateprops": [], "properties": {"http://www.w3.org/2000/01/rdf-schema#label": "Baum NEUW559", "http://rdfs.org/ns/void#inDataset.value": "72757", "http://www.w3.org/2000/01/rdf-schema#comment": "BUKEA", "http://www.wikidata.org/prop/direct/P2547.value": "8.0", "http://www.wikidata.org/prop/direct/P2547.unit": "http://www.ontology-of-units-of-measure.org/resource/om-2/meter", "http://www.wikidata.org/prop/direct/P3018": "Neuwerk", "https://gdi-de.github.io/apworkshop2026/ont#stammdurchmesser.value": "40.0", "https://gdi-de.github.io/apworkshop2026/ont#stammdurchmesser.unit": "http://www.ontology-of-units-of-measure.org/resource/om-2/centimeter"}, "geometry": {"type": "MultiPoint", "coordinates": [[8.499775746882712, 53.921946768195006]]}}, {"type": "Feature", "id": "https://gdi-de.github.io/apworkshop2026/GZAW487", "name": "Baum GZAW487 (gdide:GZAW487)", "dateprops": [], "properties": {"http://www.w3.org/2000/01/rdf-schema#label": "Baum GZAW487", "http://rdfs.org/ns/void#inDataset.value": "72757", "http://www.w3.org/2000/01/rdf-schema#comment": "sonst. \u00f6ff. Fl\u00e4chen", "http://www.wikidata.org/prop/direct/P2547.value": "8.0", "http://www.wikidata.org/prop/direct/P2547.unit": "http://www.ontology-of-units-of-measure.org/resource/om-2/meter", "http://www.wikidata.org/prop/direct/P3018": "Gr\u00fcnzug Altenwerder", "https://gdi-de.github.io/apworkshop2026/ont#stammdurchmesser.value": "29.0", "https://gdi-de.github.io/apworkshop2026/ont#stammdurchmesser.unit": "http://www.ontology-of-units-of-measure.org/resource/om-2/centimeter"}, "geometry": {"type": "MultiPoint", "coordinates": [[9.917413708352218, 53.50392707614784]]}}, {"type": "Feature", "id": "https://gdi-de.github.io/apworkshop2026/VHWN225", "name": "Baum VHWN225 (gdide:VHWN225)", "dateprops": [], "properties": {"http://www.w3.org/2000/01/rdf-schema#label": "Baum VHWN225", "http://rdfs.org/ns/void#inDataset.value": "72757", "http://www.w3.org/2000/01/rdf-schema#comment": "sonst. \u00f6ff. Fl\u00e4chen", "http://www.wikidata.org/prop/direct/P2547.value": "6.0", "http://www.wikidata.org/prop/direct/P2547.unit": "http://www.ontology-of-units-of-measure.org/resource/om-2/meter", "http://www.wikidata.org/prop/direct/P3018": "Vollh\u00f6fner Weiden", "https://gdi-de.github.io/apworkshop2026/ont#stammdurchmesser.value": "33.0", "https://gdi-de.github.io/apworkshop2026/ont#stammdurchmesser.unit": "http://www.ontology-of-units-of-measure.org/resource/om-2/centimeter"}, "geometry": {"type": "MultiPoint", "coordinates": [[9.895183755786272, 53.51367910429894]]}}, {"type": "Feature", "id": "https://gdi-de.github.io/apworkshop2026/HOHS208", "name": "Baum HOHS208 (gdide:HOHS208)", "dateprops": [], "properties": {"http://www.w3.org/2000/01/rdf-schema#label": "Baum HOHS208", "http://rdfs.org/ns/void#inDataset.value": "72757", "http://www.w3.org/2000/01/rdf-schema#comment": "Stra\u00dfe", "http://www.wikidata.org/prop/direct/P2547.value": "6.0", "http://www.wikidata.org/prop/direct/P2547.unit": "http://www.ontology-of-units-of-measure.org/resource/om-2/meter", "http://www.wikidata.org/prop/direct/P3018": "Hohe Schaar", "https://gdi-de.github.io/apworkshop2026/ont#stammdurchmesser.value": "27.0", "https://gdi-de.github.io/apworkshop2026/ont#stammdurchmesser.unit": "http://www.ontology-of-units-of-measure.org/resource/om-2/centimeter"}, "geometry": {"type": "MultiPoint", "coordinates": [[9.972556001550444, 53.491763623033826]]}}, {"type": "Feature", "id": "https://gdi-de.github.io/apworkshop2026/NEUW507", "name": "Baum NEUW507 (gdide:NEUW507)", "dateprops": [], "properties": {"http://www.w3.org/2000/01/rdf-schema#label": "Baum NEUW507", "http://rdfs.org/ns/void#inDataset.value": "72757", "http://www.w3.org/2000/01/rdf-schema#comment": "Liegenschaftsamt", "http://www.wikidata.org/prop/direct/P2547.value": "2.0", "http://www.wikidata.org/prop/direct/P2547.unit": "http://www.ontology-of-units-of-measure.org/resource/om-2/meter", "http://www.wikidata.org/prop/direct/P3018": "Neuwerk", "https://gdi-de.github.io/apworkshop2026/ont#stammdurchmesser.value": "19.0", "https://gdi-de.github.io/apworkshop2026/ont#stammdurchmesser.unit": "http://www.ontology-of-units-of-measure.org/resource/om-2/centimeter"}, "geometry": {"type": "MultiPoint", "coordinates": [[8.495754851738381, 53.916060351783536]]}}, {"type": "Feature", "id": "https://gdi-de.github.io/apworkshop2026/PIOI396", "name": "Baum PIOI396 (gdide:PIOI396)", "dateprops": [], "properties": {"http://www.w3.org/2000/01/rdf-schema#label": "Baum PIOI396", "http://rdfs.org/ns/void#inDataset.value": "72757", "http://www.w3.org/2000/01/rdf-schema#comment": "Wasserwirtschaft", "http://www.wikidata.org/prop/direct/P2547.value": "0.5", "http://www.wikidata.org/prop/direct/P2547.unit": "http://www.ontology-of-units-of-measure.org/resource/om-2/meter", "http://www.wikidata.org/prop/direct/P3018": "Pionierinsel", "https://gdi-de.github.io/apworkshop2026/ont#stammdurchmesser.value": "6.0", "https://gdi-de.github.io/apworkshop2026/ont#stammdurchmesser.unit": "http://www.ontology-of-units-of-measure.org/resource/om-2/centimeter"}, "geometry": {"type": "MultiPoint", "coordinates": [[10.004272549792269, 53.47096588066249]]}}, {"type": "Feature", "id": "https://gdi-de.github.io/apworkshop2026/FINW165", "name": "Baum FINW165 (gdide:FINW165)", "dateprops": [], "properties": {"http://www.w3.org/2000/01/rdf-schema#label": "Baum FINW165", "http://rdfs.org/ns/void#inDataset.value": "72757", "http://www.w3.org/2000/01/rdf-schema#comment": "Wasserwirtschaft", "http://www.wikidata.org/prop/direct/P2547.value": "5.0", "http://www.wikidata.org/prop/direct/P2547.unit": "http://www.ontology-of-units-of-measure.org/resource/om-2/meter", "http://www.wikidata.org/prop/direct/P3018": "Finkenwerder", "https://gdi-de.github.io/apworkshop2026/ont#stammdurchmesser.value": "24.0", "https://gdi-de.github.io/apworkshop2026/ont#stammdurchmesser.unit": "http://www.ontology-of-units-of-measure.org/resource/om-2/centimeter"}, "geometry": {"type": "MultiPoint", "coordinates": [[9.87786557559822, 53.536621291926124]]}}, {"type": "Feature", "id": "https://gdi-de.github.io/apworkshop2026/NEUW439", "name": "Baum NEUW439 (gdide:NEUW439)", "dateprops": [], "properties": {"http://www.w3.org/2000/01/rdf-schema#label": "Baum NEUW439", "http://rdfs.org/ns/void#inDataset.value": "72757", "http://www.w3.org/2000/01/rdf-schema#comment": "BUKEA", "http://www.wikidata.org/prop/direct/P2547.value": "4.0", "http://www.wikidata.org/prop/direct/P2547.unit": "http://www.ontology-of-units-of-measure.org/resource/om-2/meter", "http://www.wikidata.org/prop/direct/P3018": "Neuwerk", "https://gdi-de.github.io/apworkshop2026/ont#stammdurchmesser.value": "23.0", "https://gdi-de.github.io/apworkshop2026/ont#stammdurchmesser.unit": "http://www.ontology-of-units-of-measure.org/resource/om-2/centimeter"}, "geometry": {"type": "MultiPoint", "coordinates": [[8.499937856858883, 53.922386586781656]]}}, {"type": "Feature", "id": "https://gdi-de.github.io/apworkshop2026/NEUW585", "name": "Baum NEUW585 (gdide:NEUW585)", "dateprops": [], "properties": {"http://www.w3.org/2000/01/rdf-schema#label": "Baum NEUW585", "http://rdfs.org/ns/void#inDataset.value": "72757", "http://www.w3.org/2000/01/rdf-schema#comment": "Liegenschaftsamt", "http://www.wikidata.org/prop/direct/P2547.value": "5.0", "http://www.wikidata.org/prop/direct/P2547.unit": "http://www.ontology-of-units-of-measure.org/resource/om-2/meter", "http://www.wikidata.org/prop/direct/P3018": "Neuwerk", "https://gdi-de.github.io/apworkshop2026/ont#stammdurchmesser.value": "32.0", "https://gdi-de.github.io/apworkshop2026/ont#stammdurchmesser.unit": "http://www.ontology-of-units-of-measure.org/resource/om-2/centimeter"}, "geometry": {"type": "MultiPoint", "coordinates": [[8.49545337712903, 53.915908552987524]]}}, {"type": "Feature", "id": "https://gdi-de.github.io/apworkshop2026/NEUW337", "name": "Baum NEUW337 (gdide:NEUW337)", "dateprops": [], "properties": {"http://www.w3.org/2000/01/rdf-schema#label": "Baum NEUW337", "http://rdfs.org/ns/void#inDataset.value": "72757", "http://www.w3.org/2000/01/rdf-schema#comment": "BUKEA", "http://www.wikidata.org/prop/direct/P2547.value": "2.0", "http://www.wikidata.org/prop/direct/P2547.unit": "http://www.ontology-of-units-of-measure.org/resource/om-2/meter", "http://www.wikidata.org/prop/direct/P3018": "Neuwerk", "https://gdi-de.github.io/apworkshop2026/ont#stammdurchmesser.value": "16.0", "https://gdi-de.github.io/apworkshop2026/ont#stammdurchmesser.unit": "http://www.ontology-of-units-of-measure.org/resource/om-2/centimeter"}, "geometry": {"type": "MultiPoint", "coordinates": [[8.496953042630645, 53.91353679377902]]}}, {"type": "Feature", "id": "https://gdi-de.github.io/apworkshop2026/PEUB60", "name": "Baum PEUB60 (gdide:PEUB60)", "dateprops": [], "properties": {"http://www.w3.org/2000/01/rdf-schema#label": "Baum PEUB60", "http://rdfs.org/ns/void#inDataset.value": "72757", "http://www.w3.org/2000/01/rdf-schema#comment": "sonst. \u00f6ff. Fl\u00e4chen", "http://www.wikidata.org/prop/direct/P2547.value": "6.0", "http://www.wikidata.org/prop/direct/P2547.unit": "http://www.ontology-of-units-of-measure.org/resource/om-2/meter", "http://www.wikidata.org/prop/direct/P3018": "Peutebahnhof", "https://gdi-de.github.io/apworkshop2026/ont#stammdurchmesser.value": "29.0", "https://gdi-de.github.io/apworkshop2026/ont#stammdurchmesser.unit": "http://www.ontology-of-units-of-measure.org/resource/om-2/centimeter"}, "geometry": {"type": "MultiPoint", "coordinates": [[10.047222279133727, 53.51349066614601]]}}, {"type": "Feature", "id": "https://gdi-de.github.io/apworkshop2026/NEUW453", "name": "Baum NEUW453 (gdide:NEUW453)", "dateprops": [], "properties": {"http://www.w3.org/2000/01/rdf-schema#label": "Baum NEUW453", "http://rdfs.org/ns/void#inDataset.value": "72757", "http://www.w3.org/2000/01/rdf-schema#comment": "Liegenschaftsamt", "http://www.wikidata.org/prop/direct/P2547.value": "4.0", "http://www.wikidata.org/prop/direct/P2547.unit": "http://www.ontology-of-units-of-measure.org/resource/om-2/meter", "http://www.wikidata.org/prop/direct/P3018": "Neuwerk", "https://gdi-de.github.io/apworkshop2026/ont#stammdurchmesser.value": "27.0", "https://gdi-de.github.io/apworkshop2026/ont#stammdurchmesser.unit": "http://www.ontology-of-units-of-measure.org/resource/om-2/centimeter"}, "geometry": {"type": "MultiPoint", "coordinates": [[8.498341442801168, 53.92154925001117]]}}, {"type": "Feature", "id": "https://gdi-de.github.io/apworkshop2026/WITB59", "name": "Baum WITB59 (gdide:WITB59)", "dateprops": [], "properties": {"http://www.w3.org/2000/01/rdf-schema#label": "Baum WITB59", "http://rdfs.org/ns/void#inDataset.value": "72757", "http://www.w3.org/2000/01/rdf-schema#comment": "Wasserwirtschaft", "http://www.wikidata.org/prop/direct/P2547.value": "14.0", "http://www.wikidata.org/prop/direct/P2547.unit": "http://www.ontology-of-units-of-measure.org/resource/om-2/meter", "http://www.wikidata.org/prop/direct/P3018": "Wittenbergen", "https://gdi-de.github.io/apworkshop2026/ont#stammdurchmesser.value": "53.0", "https://gdi-de.github.io/apworkshop2026/ont#stammdurchmesser.unit": "http://www.ontology-of-units-of-measure.org/resource/om-2/centimeter"}, "geometry": {"type": "MultiPoint", "coordinates": [[9.76198580550517, 53.56524870346306]]}}, {"type": "Feature", "id": "https://gdi-de.github.io/apworkshop2026/NEUW610", "name": "Baum NEUW610 (gdide:NEUW610)", "dateprops": [], "properties": {"http://www.w3.org/2000/01/rdf-schema#label": "Baum NEUW610", "http://rdfs.org/ns/void#inDataset.value": "72757", "http://www.w3.org/2000/01/rdf-schema#comment": "Liegenschaftsamt", "http://www.wikidata.org/prop/direct/P2547.value": "6.0", "http://www.wikidata.org/prop/direct/P2547.unit": "http://www.ontology-of-units-of-measure.org/resource/om-2/meter", "http://www.wikidata.org/prop/direct/P3018": "Neuwerk", "https://gdi-de.github.io/apworkshop2026/ont#stammdurchmesser.value": "33.0", "https://gdi-de.github.io/apworkshop2026/ont#stammdurchmesser.unit": "http://www.ontology-of-units-of-measure.org/resource/om-2/centimeter"}, "geometry": {"type": "MultiPoint", "coordinates": [[8.496056631774929, 53.91585178768308]]}}, {"type": "Feature", "id": "https://gdi-de.github.io/apworkshop2026/NEUW68", "name": "Baum NEUW68 (gdide:NEUW68)", "dateprops": [], "properties": {"http://www.w3.org/2000/01/rdf-schema#label": "Baum NEUW68", "http://rdfs.org/ns/void#inDataset.value": "72757", "http://www.w3.org/2000/01/rdf-schema#comment": "Liegenschaftsamt", "http://www.wikidata.org/prop/direct/P2547.value": "6.0", "http://www.wikidata.org/prop/direct/P2547.unit": "http://www.ontology-of-units-of-measure.org/resource/om-2/meter", "http://www.wikidata.org/prop/direct/P3018": "Neuwerk", "https://gdi-de.github.io/apworkshop2026/ont#stammdurchmesser.value": "40.0", "https://gdi-de.github.io/apworkshop2026/ont#stammdurchmesser.unit": "http://www.ontology-of-units-of-measure.org/resource/om-2/centimeter"}, "geometry": {"type": "MultiPoint", "coordinates": [[8.496285360812571, 53.9140706702635]]}}, {"type": "Feature", "id": "https://gdi-de.github.io/apworkshop2026/BFHS328", "name": "Baum BFHS328 (gdide:BFHS328)", "dateprops": [], "properties": {"http://www.w3.org/2000/01/rdf-schema#label": "Baum BFHS328", "http://rdfs.org/ns/void#inDataset.value": "72757", "http://www.w3.org/2000/01/rdf-schema#comment": "sonst. \u00f6ff. Fl\u00e4chen", "http://www.wikidata.org/prop/direct/P2547.value": "7.0", "http://www.wikidata.org/prop/direct/P2547.unit": "http://www.ontology-of-units-of-measure.org/resource/om-2/meter", "http://www.wikidata.org/prop/direct/P3018": "Bahnhof Hohe Schaar", "https://gdi-de.github.io/apworkshop2026/ont#stammdurchmesser.value": "32.0", "https://gdi-de.github.io/apworkshop2026/ont#stammdurchmesser.unit": "http://www.ontology-of-units-of-measure.org/resource/om-2/centimeter"}, "geometry": {"type": "MultiPoint", "coordinates": [[9.96269950659003, 53.49788724182232]]}}, {"type": "Feature", "id": "https://gdi-de.github.io/apworkshop2026/NEUW506", "name": "Baum NEUW506 (gdide:NEUW506)", "dateprops": [], "properties": {"http://www.w3.org/2000/01/rdf-schema#label": "Baum NEUW506", "http://rdfs.org/ns/void#inDataset.value": "72757", "http://www.w3.org/2000/01/rdf-schema#comment": "Liegenschaftsamt", "http://www.wikidata.org/prop/direct/P2547.value": "8.0", "http://www.wikidata.org/prop/direct/P2547.unit": "http://www.ontology-of-units-of-measure.org/resource/om-2/meter", "http://www.wikidata.org/prop/direct/P3018": "Neuwerk", "https://gdi-de.github.io/apworkshop2026/ont#stammdurchmesser.value": "48.0", "https://gdi-de.github.io/apworkshop2026/ont#stammdurchmesser.unit": "http://www.ontology-of-units-of-measure.org/resource/om-2/centimeter"}, "geometry": {"type": "MultiPoint", "coordinates": [[8.4957852686939, 53.916043828592564]]}}, {"type": "Feature", "id": "https://gdi-de.github.io/apworkshop2026/NEUW552", "name": "Baum NEUW552 (gdide:NEUW552)", "dateprops": [], "properties": {"http://www.w3.org/2000/01/rdf-schema#label": "Baum NEUW552", "http://rdfs.org/ns/void#inDataset.value": "72757", "http://www.w3.org/2000/01/rdf-schema#comment": "BUKEA", "http://www.wikidata.org/prop/direct/P2547.value": "6.0", "http://www.wikidata.org/prop/direct/P2547.unit": "http://www.ontology-of-units-of-measure.org/resource/om-2/meter", "http://www.wikidata.org/prop/direct/P3018": "Neuwerk", "https://gdi-de.github.io/apworkshop2026/ont#stammdurchmesser.value": "51.0", "https://gdi-de.github.io/apworkshop2026/ont#stammdurchmesser.unit": "http://www.ontology-of-units-of-measure.org/resource/om-2/centimeter"}, "geometry": {"type": "MultiPoint", "coordinates": [[8.500101458038428, 53.92194296993153]]}}, {"type": "Feature", "id": "https://gdi-de.github.io/apworkshop2026/BFASN372", "name": "Baum BFASN372 (gdide:BFASN372)", "dateprops": [], "properties": {"http://www.w3.org/2000/01/rdf-schema#label": "Baum BFASN372", "http://rdfs.org/ns/void#inDataset.value": "72757", "http://www.w3.org/2000/01/rdf-schema#comment": "sonst. \u00f6ff. Fl\u00e4chen", "http://www.wikidata.org/prop/direct/P2547.value": "6.0", "http://www.wikidata.org/prop/direct/P2547.unit": "http://www.ontology-of-units-of-measure.org/resource/om-2/meter", "http://www.wikidata.org/prop/direct/P3018": "Bahnhof Alte S\u00fcderelbe Nord", "https://gdi-de.github.io/apworkshop2026/ont#stammdurchmesser.value": "38.0", "https://gdi-de.github.io/apworkshop2026/ont#stammdurchmesser.unit": "http://www.ontology-of-units-of-measure.org/resource/om-2/centimeter"}, "geometry": {"type": "MultiPoint", "coordinates": [[9.911588484077665, 53.50755749927508]]}}, {"type": "Feature", "id": "https://gdi-de.github.io/apworkshop2026/NEUW544", "name": "Baum NEUW544 (gdide:NEUW544)", "dateprops": [], "properties": {"http://www.w3.org/2000/01/rdf-schema#label": "Baum NEUW544", "http://rdfs.org/ns/void#inDataset.value": "72757", "http://www.w3.org/2000/01/rdf-schema#comment": "BUKEA", "http://www.wikidata.org/prop/direct/P2547.value": "4.0", "http://www.wikidata.org/prop/direct/P2547.unit": "http://www.ontology-of-units-of-measure.org/resource/om-2/meter", "http://www.wikidata.org/prop/direct/P3018": "Neuwerk", "https://gdi-de.github.io/apworkshop2026/ont#stammdurchmesser.value": "31.0", "https://gdi-de.github.io/apworkshop2026/ont#stammdurchmesser.unit": "http://www.ontology-of-units-of-measure.org/resource/om-2/centimeter"}, "geometry": {"type": "MultiPoint", "coordinates": [[8.500264861588608, 53.921937780381576]]}}, {"type": "Feature", "id": "https://gdi-de.github.io/apworkshop2026/NEUW450", "name": "Baum NEUW450 (gdide:NEUW450)", "dateprops": [], "properties": {"http://www.w3.org/2000/01/rdf-schema#label": "Baum NEUW450", "http://rdfs.org/ns/void#inDataset.value": "72757", "http://www.w3.org/2000/01/rdf-schema#comment": "Liegenschaftsamt", "http://www.wikidata.org/prop/direct/P2547.value": "3.0", "http://www.wikidata.org/prop/direct/P2547.unit": "http://www.ontology-of-units-of-measure.org/resource/om-2/meter", "http://www.wikidata.org/prop/direct/P3018": "Neuwerk", "https://gdi-de.github.io/apworkshop2026/ont#stammdurchmesser.value": "22.0", "https://gdi-de.github.io/apworkshop2026/ont#stammdurchmesser.unit": "http://www.ontology-of-units-of-measure.org/resource/om-2/centimeter"}, "geometry": {"type": "MultiPoint", "coordinates": [[8.498303183553219, 53.92143572937189]]}}, {"type": "Feature", "id": "https://gdi-de.github.io/apworkshop2026/BFHS393", "name": "Baum BFHS393 (gdide:BFHS393)", "dateprops": [], "properties": {"http://www.w3.org/2000/01/rdf-schema#label": "Baum BFHS393", "http://rdfs.org/ns/void#inDataset.value": "72757", "http://www.w3.org/2000/01/rdf-schema#comment": "sonst. \u00f6ff. Fl\u00e4chen", "http://www.wikidata.org/prop/direct/P2547.value": "5.0", "http://www.wikidata.org/prop/direct/P2547.unit": "http://www.ontology-of-units-of-measure.org/resource/om-2/meter", "http://www.wikidata.org/prop/direct/P3018": "Bahnhof Hohe Schaar", "https://gdi-de.github.io/apworkshop2026/ont#stammdurchmesser.value": "22.0", "https://gdi-de.github.io/apworkshop2026/ont#stammdurchmesser.unit": "http://www.ontology-of-units-of-measure.org/resource/om-2/centimeter"}, "geometry": {"type": "MultiPoint", "coordinates": [[9.965471662641058, 53.497296566636926]]}}, {"type": "Feature", "id": "https://gdi-de.github.io/apworkshop2026/NEUW332", "name": "Baum NEUW332 (gdide:NEUW332)", "dateprops": [], "properties": {"http://www.w3.org/2000/01/rdf-schema#label": "Baum NEUW332", "http://rdfs.org/ns/void#inDataset.value": "72757", "http://www.w3.org/2000/01/rdf-schema#comment": "BUKEA", "http://www.wikidata.org/prop/direct/P2547.value": "1.0", "http://www.wikidata.org/prop/direct/P2547.unit": "http://www.ontology-of-units-of-measure.org/resource/om-2/meter", "http://www.wikidata.org/prop/direct/P3018": "Neuwerk", "https://gdi-de.github.io/apworkshop2026/ont#stammdurchmesser.value": "16.0", "https://gdi-de.github.io/apworkshop2026/ont#stammdurchmesser.unit": "http://www.ontology-of-units-of-measure.org/resource/om-2/centimeter"}, "geometry": {"type": "MultiPoint", "coordinates": [[8.496858369182853, 53.9135942659493]]}}, {"type": "Feature", "id": "https://gdi-de.github.io/apworkshop2026/NEUW704", "name": "Baum NEUW704 (gdide:NEUW704)", "dateprops": [], "properties": {"http://www.w3.org/2000/01/rdf-schema#label": "Baum NEUW704", "http://rdfs.org/ns/void#inDataset.value": "72757", "http://www.w3.org/2000/01/rdf-schema#comment": "Liegenschaftsamt", "http://www.wikidata.org/prop/direct/P2547.value": "2.0", "http://www.wikidata.org/prop/direct/P2547.unit": "http://www.ontology-of-units-of-measure.org/resource/om-2/meter", "http://www.wikidata.org/prop/direct/P3018": "Neuwerk", "https://gdi-de.github.io/apworkshop2026/ont#stammdurchmesser.value": "18.0", "https://gdi-de.github.io/apworkshop2026/ont#stammdurchmesser.unit": "http://www.ontology-of-units-of-measure.org/resource/om-2/centimeter"}, "geometry": {"type": "MultiPoint", "coordinates": [[8.495185724090126, 53.91474824827213]]}}, {"type": "Feature", "id": "https://gdi-de.github.io/apworkshop2026/NEUW50", "name": "Baum NEUW50 (gdide:NEUW50)", "dateprops": [], "properties": {"http://www.w3.org/2000/01/rdf-schema#label": "Baum NEUW50", "http://rdfs.org/ns/void#inDataset.value": "72757", "http://www.w3.org/2000/01/rdf-schema#comment": "Liegenschaftsamt", "http://www.wikidata.org/prop/direct/P2547.value": "5.0", "http://www.wikidata.org/prop/direct/P2547.unit": "http://www.ontology-of-units-of-measure.org/resource/om-2/meter", "http://www.wikidata.org/prop/direct/P3018": "Neuwerk", "https://gdi-de.github.io/apworkshop2026/ont#stammdurchmesser.value": "29.0", "https://gdi-de.github.io/apworkshop2026/ont#stammdurchmesser.unit": "http://www.ontology-of-units-of-measure.org/resource/om-2/centimeter"}, "geometry": {"type": "MultiPoint", "coordinates": [[8.496523827587891, 53.91426379344426]]}}, {"type": "Feature", "id": "https://gdi-de.github.io/apworkshop2026/NEUW473", "name": "Baum NEUW473 (gdide:NEUW473)", "dateprops": [], "properties": {"http://www.w3.org/2000/01/rdf-schema#label": "Baum NEUW473", "http://rdfs.org/ns/void#inDataset.value": "72757", "http://www.w3.org/2000/01/rdf-schema#comment": "BUKEA", "http://www.wikidata.org/prop/direct/P2547.value": "3.5", "http://www.wikidata.org/prop/direct/P2547.unit": "http://www.ontology-of-units-of-measure.org/resource/om-2/meter", "http://www.wikidata.org/prop/direct/P3018": "Neuwerk", "https://gdi-de.github.io/apworkshop2026/ont#stammdurchmesser.value": "25.0", "https://gdi-de.github.io/apworkshop2026/ont#stammdurchmesser.unit": "http://www.ontology-of-units-of-measure.org/resource/om-2/centimeter"}, "geometry": {"type": "MultiPoint", "coordinates": [[8.498814639360232, 53.922154317904926]]}}, {"type": "Feature", "id": "https://gdi-de.github.io/apworkshop2026/NEUW517", "name": "Baum NEUW517 (gdide:NEUW517)", "dateprops": [], "properties": {"http://www.w3.org/2000/01/rdf-schema#label": "Baum NEUW517", "http://rdfs.org/ns/void#inDataset.value": "72757", "http://www.w3.org/2000/01/rdf-schema#comment": "BUKEA", "http://www.wikidata.org/prop/direct/P2547.value": "4.0", "http://www.wikidata.org/prop/direct/P2547.unit": "http://www.ontology-of-units-of-measure.org/resource/om-2/meter", "http://www.wikidata.org/prop/direct/P3018": "Neuwerk", "https://gdi-de.github.io/apworkshop2026/ont#stammdurchmesser.value": "27.0", "https://gdi-de.github.io/apworkshop2026/ont#stammdurchmesser.unit": "http://www.ontology-of-units-of-measure.org/resource/om-2/centimeter"}, "geometry": {"type": "MultiPoint", "coordinates": [[8.500100910066104, 53.92227026999915]]}}, {"type": "Feature", "id": "https://gdi-de.github.io/apworkshop2026/NEUW23", "name": "Baum NEUW23 (gdide:NEUW23)", "dateprops": [], "properties": {"http://www.w3.org/2000/01/rdf-schema#label": "Baum NEUW23", "http://rdfs.org/ns/void#inDataset.value": "72757", "http://www.w3.org/2000/01/rdf-schema#comment": "Liegenschaftsamt", "http://www.wikidata.org/prop/direct/P2547.value": "8.0", "http://www.wikidata.org/prop/direct/P2547.unit": "http://www.ontology-of-units-of-measure.org/resource/om-2/meter", "http://www.wikidata.org/prop/direct/P3018": "Neuwerk", "https://gdi-de.github.io/apworkshop2026/ont#stammdurchmesser.value": "33.0", "https://gdi-de.github.io/apworkshop2026/ont#stammdurchmesser.unit": "http://www.ontology-of-units-of-measure.org/resource/om-2/centimeter"}, "geometry": {"type": "MultiPoint", "coordinates": [[8.496300039284312, 53.914570095559384]]}}, {"type": "Feature", "id": "https://gdi-de.github.io/apworkshop2026/GZAW816", "name": "Baum GZAW816 (gdide:GZAW816)", "dateprops": [], "properties": {"http://www.w3.org/2000/01/rdf-schema#label": "Baum GZAW816", "http://rdfs.org/ns/void#inDataset.value": "72757", "http://www.w3.org/2000/01/rdf-schema#comment": "sonst. \u00f6ff. Fl\u00e4chen", "http://www.wikidata.org/prop/direct/P2547.value": "2.0", "http://www.wikidata.org/prop/direct/P2547.unit": "http://www.ontology-of-units-of-measure.org/resource/om-2/meter", "http://www.wikidata.org/prop/direct/P3018": "Gr\u00fcnzug Altenwerder", "https://gdi-de.github.io/apworkshop2026/ont#stammdurchmesser.value": "8.0", "https://gdi-de.github.io/apworkshop2026/ont#stammdurchmesser.unit": "http://www.ontology-of-units-of-measure.org/resource/om-2/centimeter"}, "geometry": {"type": "MultiPoint", "coordinates": [[9.91798320430974, 53.49756811782661]]}}, {"type": "Feature", "id": "https://gdi-de.github.io/apworkshop2026/MOBG997", "name": "Baum MOBG997 (gdide:MOBG997)", "dateprops": [], "properties": {"http://www.w3.org/2000/01/rdf-schema#label": "Baum MOBG997", "http://rdfs.org/ns/void#inDataset.value": "72757", "http://www.w3.org/2000/01/rdf-schema#comment": "Bahn", "http://www.wikidata.org/prop/direct/P2547.value": "7.0", "http://www.wikidata.org/prop/direct/P2547.unit": "http://www.ontology-of-units-of-measure.org/resource/om-2/meter", "http://www.wikidata.org/prop/direct/P3018": "Moorburg", "https://gdi-de.github.io/apworkshop2026/ont#stammdurchmesser.value": "33.0", "https://gdi-de.github.io/apworkshop2026/ont#stammdurchmesser.unit": "http://www.ontology-of-units-of-measure.org/resource/om-2/centimeter"}, "geometry": {"type": "MultiPoint", "coordinates": [[9.938259069604449, 53.48606976929698]]}}, {"type": "Feature", "id": "https://gdi-de.github.io/apworkshop2026/GEOW100", "name": "Baum GEOW100 (gdide:GEOW100)", "dateprops": [], "properties": {"http://www.w3.org/2000/01/rdf-schema#label": "Baum GEOW100", "http://rdfs.org/ns/void#inDataset.value": "72757", "http://www.w3.org/2000/01/rdf-schema#comment": "sonst. \u00f6ff. Fl\u00e4chen", "http://www.wikidata.org/prop/direct/P2547.value": "7.0", "http://www.wikidata.org/prop/direct/P2547.unit": "http://www.ontology-of-units-of-measure.org/resource/om-2/meter", "http://www.wikidata.org/prop/direct/P3018": "Georgswerder", "https://gdi-de.github.io/apworkshop2026/ont#stammdurchmesser.value": "21.0", "https://gdi-de.github.io/apworkshop2026/ont#stammdurchmesser.unit": "http://www.ontology-of-units-of-measure.org/resource/om-2/centimeter"}, "geometry": {"type": "MultiPoint", "coordinates": [[10.021690883151347, 53.520384493460824]]}}, {"type": "Feature", "id": "https://gdi-de.github.io/apworkshop2026/HOHS726", "name": "Baum HOHS726 (gdide:HOHS726)", "dateprops": [], "properties": {"http://www.w3.org/2000/01/rdf-schema#label": "Baum HOHS726", "http://rdfs.org/ns/void#inDataset.value": "72757", "http://www.w3.org/2000/01/rdf-schema#comment": "Bahn", "http://www.wikidata.org/prop/direct/P2547.value": "8.0", "http://www.wikidata.org/prop/direct/P2547.unit": "http://www.ontology-of-units-of-measure.org/resource/om-2/meter", "http://www.wikidata.org/prop/direct/P3018": "Hohe Schaar", "https://gdi-de.github.io/apworkshop2026/ont#stammdurchmesser.value": "37.0", "https://gdi-de.github.io/apworkshop2026/ont#stammdurchmesser.unit": "http://www.ontology-of-units-of-measure.org/resource/om-2/centimeter"}, "geometry": {"type": "MultiPoint", "coordinates": [[9.995772133618454, 53.48215114135798]]}}, {"type": "Feature", "id": "https://gdi-de.github.io/apworkshop2026/NEUW54", "name": "Baum NEUW54 (gdide:NEUW54)", "dateprops": [], "properties": {"http://www.w3.org/2000/01/rdf-schema#label": "Baum NEUW54", "http://rdfs.org/ns/void#inDataset.value": "72757", "http://www.w3.org/2000/01/rdf-schema#comment": "Liegenschaftsamt", "http://www.wikidata.org/prop/direct/P2547.value": "8.0", "http://www.wikidata.org/prop/direct/P2547.unit": "http://www.ontology-of-units-of-measure.org/resource/om-2/meter", "http://www.wikidata.org/prop/direct/P3018": "Neuwerk", "https://gdi-de.github.io/apworkshop2026/ont#stammdurchmesser.value": "29.0", "https://gdi-de.github.io/apworkshop2026/ont#stammdurchmesser.unit": "http://www.ontology-of-units-of-measure.org/resource/om-2/centimeter"}, "geometry": {"type": "MultiPoint", "coordinates": [[8.496472749380837, 53.91422629057975]]}}, {"type": "Feature", "id": "https://gdi-de.github.io/apworkshop2026/WITB146", "name": "Baum WITB146 (gdide:WITB146)", "dateprops": [], "properties": {"http://www.w3.org/2000/01/rdf-schema#label": "Baum WITB146", "http://rdfs.org/ns/void#inDataset.value": "72757", "http://www.w3.org/2000/01/rdf-schema#comment": "Privatgrund", "http://www.wikidata.org/prop/direct/P2547.value": "4.0", "http://www.wikidata.org/prop/direct/P2547.unit": "http://www.ontology-of-units-of-measure.org/resource/om-2/meter", "http://www.wikidata.org/prop/direct/P3018": "Wittenbergen", "https://gdi-de.github.io/apworkshop2026/ont#stammdurchmesser.value": "11.0", "https://gdi-de.github.io/apworkshop2026/ont#stammdurchmesser.unit": "http://www.ontology-of-units-of-measure.org/resource/om-2/centimeter"}, "geometry": {"type": "MultiPoint", "coordinates": [[9.766904378129766, 53.56471710507467]]}}, {"type": "Feature", "id": "https://gdi-de.github.io/apworkshop2026/BFASN317", "name": "Baum BFASN317 (gdide:BFASN317)", "dateprops": [], "properties": {"http://www.w3.org/2000/01/rdf-schema#label": "Baum BFASN317", "http://rdfs.org/ns/void#inDataset.value": "72757", "http://www.w3.org/2000/01/rdf-schema#comment": "sonst. \u00f6ff. Fl\u00e4chen", "http://www.wikidata.org/prop/direct/P2547.value": "10.0", "http://www.wikidata.org/prop/direct/P2547.unit": "http://www.ontology-of-units-of-measure.org/resource/om-2/meter", "http://www.wikidata.org/prop/direct/P3018": "Bahnhof Alte S\u00fcderelbe Nord", "https://gdi-de.github.io/apworkshop2026/ont#stammdurchmesser.value": "43.0", "https://gdi-de.github.io/apworkshop2026/ont#stammdurchmesser.unit": "http://www.ontology-of-units-of-measure.org/resource/om-2/centimeter"}, "geometry": {"type": "MultiPoint", "coordinates": [[9.907759253482354, 53.50710647812632]]}}, {"type": "Feature", "id": "https://gdi-de.github.io/apworkshop2026/NEUW97", "name": "Baum NEUW97 (gdide:NEUW97)", "dateprops": [], "properties": {"http://www.w3.org/2000/01/rdf-schema#label": "Baum NEUW97", "http://rdfs.org/ns/void#inDataset.value": "72757", "http://www.w3.org/2000/01/rdf-schema#comment": "Liegenschaftsamt", "http://www.wikidata.org/prop/direct/P2547.value": "5.0", "http://www.wikidata.org/prop/direct/P2547.unit": "http://www.ontology-of-units-of-measure.org/resource/om-2/meter", "http://www.wikidata.org/prop/direct/P3018": "Neuwerk", "https://gdi-de.github.io/apworkshop2026/ont#stammdurchmesser.value": "38.0", "https://gdi-de.github.io/apworkshop2026/ont#stammdurchmesser.unit": "http://www.ontology-of-units-of-measure.org/resource/om-2/centimeter"}, "geometry": {"type": "MultiPoint", "coordinates": [[8.496764180825313, 53.91406103524526]]}}, {"type": "Feature", "id": "https://gdi-de.github.io/apworkshop2026/NEUW81", "name": "Baum NEUW81 (gdide:NEUW81)", "dateprops": [], "properties": {"http://www.w3.org/2000/01/rdf-schema#label": "Baum NEUW81", "http://rdfs.org/ns/void#inDataset.value": "72757", "http://www.w3.org/2000/01/rdf-schema#comment": "Liegenschaftsamt", "http://www.wikidata.org/prop/direct/P2547.value": "10.0", "http://www.wikidata.org/prop/direct/P2547.unit": "http://www.ontology-of-units-of-measure.org/resource/om-2/meter", "http://www.wikidata.org/prop/direct/P3018": "Neuwerk", "https://gdi-de.github.io/apworkshop2026/ont#stammdurchmesser.value": "38.0", "https://gdi-de.github.io/apworkshop2026/ont#stammdurchmesser.unit": "http://www.ontology-of-units-of-measure.org/resource/om-2/centimeter"}, "geometry": {"type": "MultiPoint", "coordinates": [[8.496831752100984, 53.91435714834052]]}}, {"type": "Feature", "id": "https://gdi-de.github.io/apworkshop2026/BFASN409", "name": "Baum BFASN409 (gdide:BFASN409)", "dateprops": [], "properties": {"http://www.w3.org/2000/01/rdf-schema#label": "Baum BFASN409", "http://rdfs.org/ns/void#inDataset.value": "72757", "http://www.w3.org/2000/01/rdf-schema#comment": "sonst. \u00f6ff. Fl\u00e4chen", "http://www.wikidata.org/prop/direct/P2547.value": "6.0", "http://www.wikidata.org/prop/direct/P2547.unit": "http://www.ontology-of-units-of-measure.org/resource/om-2/meter", "http://www.wikidata.org/prop/direct/P3018": "Bahnhof Alte S\u00fcderelbe Nord", "https://gdi-de.github.io/apworkshop2026/ont#stammdurchmesser.value": "22.0", "https://gdi-de.github.io/apworkshop2026/ont#stammdurchmesser.unit": "http://www.ontology-of-units-of-measure.org/resource/om-2/centimeter"}, "geometry": {"type": "MultiPoint", "coordinates": [[9.91156095969736, 53.506619208336346]]}}, {"type": "Feature", "id": "https://gdi-de.github.io/apworkshop2026/NEUW331", "name": "Baum NEUW331 (gdide:NEUW331)", "dateprops": [], "properties": {"http://www.w3.org/2000/01/rdf-schema#label": "Baum NEUW331", "http://rdfs.org/ns/void#inDataset.value": "72757", "http://www.w3.org/2000/01/rdf-schema#comment": "BUKEA", "http://www.wikidata.org/prop/direct/P2547.value": "3.0", "http://www.wikidata.org/prop/direct/P2547.unit": "http://www.ontology-of-units-of-measure.org/resource/om-2/meter", "http://www.wikidata.org/prop/direct/P3018": "Neuwerk", "https://gdi-de.github.io/apworkshop2026/ont#stammdurchmesser.value": "19.0", "https://gdi-de.github.io/apworkshop2026/ont#stammdurchmesser.unit": "http://www.ontology-of-units-of-measure.org/resource/om-2/centimeter"}, "geometry": {"type": "MultiPoint", "coordinates": [[8.496850787401854, 53.913610880058535]]}}, {"type": "Feature", "id": "https://gdi-de.github.io/apworkshop2026/NEUW554", "name": "Baum NEUW554 (gdide:NEUW554)", "dateprops": [], "properties": {"http://www.w3.org/2000/01/rdf-schema#label": "Baum NEUW554", "http://rdfs.org/ns/void#inDataset.value": "72757", "http://www.w3.org/2000/01/rdf-schema#comment": "BUKEA", "http://www.wikidata.org/prop/direct/P2547.value": "6.0", "http://www.wikidata.org/prop/direct/P2547.unit": "http://www.ontology-of-units-of-measure.org/resource/om-2/meter", "http://www.wikidata.org/prop/direct/P3018": "Neuwerk", "https://gdi-de.github.io/apworkshop2026/ont#stammdurchmesser.value": "49.0", "https://gdi-de.github.io/apworkshop2026/ont#stammdurchmesser.unit": "http://www.ontology-of-units-of-measure.org/resource/om-2/centimeter"}, "geometry": {"type": "MultiPoint", "coordinates": [[8.500004790330703, 53.92194098086863]]}}, {"type": "Feature", "id": "https://gdi-de.github.io/apworkshop2026/WITB281", "name": "Baum WITB281 (gdide:WITB281)", "dateprops": [], "properties": {"http://www.w3.org/2000/01/rdf-schema#label": "Baum WITB281", "http://rdfs.org/ns/void#inDataset.value": "72757", "http://www.w3.org/2000/01/rdf-schema#comment": "Wasserwirtschaft", "http://www.wikidata.org/prop/direct/P2547.value": "7.0", "http://www.wikidata.org/prop/direct/P2547.unit": "http://www.ontology-of-units-of-measure.org/resource/om-2/meter", "http://www.wikidata.org/prop/direct/P3018": "Wittenbergen", "https://gdi-de.github.io/apworkshop2026/ont#stammdurchmesser.value": "35.0", "https://gdi-de.github.io/apworkshop2026/ont#stammdurchmesser.unit": "http://www.ontology-of-units-of-measure.org/resource/om-2/centimeter"}, "geometry": {"type": "MultiPoint", "coordinates": [[9.753230456436874, 53.56456112951059]]}}, {"type": "Feature", "id": "https://gdi-de.github.io/apworkshop2026/BFHS322", "name": "Baum BFHS322 (gdide:BFHS322)", "dateprops": [], "properties": {"http://www.w3.org/2000/01/rdf-schema#label": "Baum BFHS322", "http://rdfs.org/ns/void#inDataset.value": "72757", "http://www.w3.org/2000/01/rdf-schema#comment": "sonst. \u00f6ff. Fl\u00e4chen", "http://www.wikidata.org/prop/direct/P2547.value": "5.0", "http://www.wikidata.org/prop/direct/P2547.unit": "http://www.ontology-of-units-of-measure.org/resource/om-2/meter", "http://www.wikidata.org/prop/direct/P3018": "Bahnhof Hohe Schaar", "https://gdi-de.github.io/apworkshop2026/ont#stammdurchmesser.value": "29.0", "https://gdi-de.github.io/apworkshop2026/ont#stammdurchmesser.unit": "http://www.ontology-of-units-of-measure.org/resource/om-2/centimeter"}, "geometry": {"type": "MultiPoint", "coordinates": [[9.96281133785975, 53.49779812567294]]}}, {"type": "Feature", "id": "https://gdi-de.github.io/apworkshop2026/NEUW376", "name": "Baum NEUW376 (gdide:NEUW376)", "dateprops": [], "properties": {"http://www.w3.org/2000/01/rdf-schema#label": "Baum NEUW376", "http://rdfs.org/ns/void#inDataset.value": "72757", "http://www.w3.org/2000/01/rdf-schema#comment": "BUKEA", "http://www.wikidata.org/prop/direct/P2547.value": "6.0", "http://www.wikidata.org/prop/direct/P2547.unit": "http://www.ontology-of-units-of-measure.org/resource/om-2/meter", "http://www.wikidata.org/prop/direct/P3018": "Neuwerk", "https://gdi-de.github.io/apworkshop2026/ont#stammdurchmesser.value": "42.0", "https://gdi-de.github.io/apworkshop2026/ont#stammdurchmesser.unit": "http://www.ontology-of-units-of-measure.org/resource/om-2/centimeter"}, "geometry": {"type": "MultiPoint", "coordinates": [[8.499106879288462, 53.913341995232564]]}}, {"type": "Feature", "id": "https://gdi-de.github.io/apworkshop2026/NEUW469", "name": "Baum NEUW469 (gdide:NEUW469)", "dateprops": [], "properties": {"http://www.w3.org/2000/01/rdf-schema#label": "Baum NEUW469", "http://rdfs.org/ns/void#inDataset.value": "72757", "http://www.w3.org/2000/01/rdf-schema#comment": "BUKEA", "http://www.wikidata.org/prop/direct/P2547.value": "6.0", "http://www.wikidata.org/prop/direct/P2547.unit": "http://www.ontology-of-units-of-measure.org/resource/om-2/meter", "http://www.wikidata.org/prop/direct/P3018": "Neuwerk", "https://gdi-de.github.io/apworkshop2026/ont#stammdurchmesser.value": "41.0", "https://gdi-de.github.io/apworkshop2026/ont#stammdurchmesser.unit": "http://www.ontology-of-units-of-measure.org/resource/om-2/centimeter"}, "geometry": {"type": "MultiPoint", "coordinates": [[8.4986667317487, 53.921888937215726]]}}, {"type": "Feature", "id": "https://gdi-de.github.io/apworkshop2026/WITB53", "name": "Baum WITB53 (gdide:WITB53)", "dateprops": [], "properties": {"http://www.w3.org/2000/01/rdf-schema#label": "Baum WITB53", "http://rdfs.org/ns/void#inDataset.value": "72757", "http://www.w3.org/2000/01/rdf-schema#comment": "Wasserwirtschaft", "http://www.wikidata.org/prop/direct/P2547.value": "8.0", "http://www.wikidata.org/prop/direct/P2547.unit": "http://www.ontology-of-units-of-measure.org/resource/om-2/meter", "http://www.wikidata.org/prop/direct/P3018": "Wittenbergen", "https://gdi-de.github.io/apworkshop2026/ont#stammdurchmesser.value": "40.0", "https://gdi-de.github.io/apworkshop2026/ont#stammdurchmesser.unit": "http://www.ontology-of-units-of-measure.org/resource/om-2/centimeter"}, "geometry": {"type": "MultiPoint", "coordinates": [[9.762452633008868, 53.56506345573456]]}}, {"type": "Feature", "id": "https://gdi-de.github.io/apworkshop2026/NEUW117", "name": "Baum NEUW117 (gdide:NEUW117)", "dateprops": [], "properties": {"http://www.w3.org/2000/01/rdf-schema#label": "Baum NEUW117", "http://rdfs.org/ns/void#inDataset.value": "72757", "http://www.w3.org/2000/01/rdf-schema#comment": "\u00f6ffentliche Gr\u00fcnfl\u00e4che", "http://www.wikidata.org/prop/direct/P2547.value": "4.0", "http://www.wikidata.org/prop/direct/P2547.unit": "http://www.ontology-of-units-of-measure.org/resource/om-2/meter", "http://www.wikidata.org/prop/direct/P3018": "Neuwerk", "https://gdi-de.github.io/apworkshop2026/ont#stammdurchmesser.value": "25.0", "https://gdi-de.github.io/apworkshop2026/ont#stammdurchmesser.unit": "http://www.ontology-of-units-of-measure.org/resource/om-2/centimeter"}, "geometry": {"type": "MultiPoint", "coordinates": [[8.496502348869448, 53.91379273533804]]}}, {"type": "Feature", "id": "https://gdi-de.github.io/apworkshop2026/NEUW421", "name": "Baum NEUW421 (gdide:NEUW421)", "dateprops": [], "properties": {"http://www.w3.org/2000/01/rdf-schema#label": "Baum NEUW421", "http://rdfs.org/ns/void#inDataset.value": "72757", "http://www.w3.org/2000/01/rdf-schema#comment": "BUKEA", "http://www.wikidata.org/prop/direct/P2547.value": "6.0", "http://www.wikidata.org/prop/direct/P2547.unit": "http://www.ontology-of-units-of-measure.org/resource/om-2/meter", "http://www.wikidata.org/prop/direct/P3018": "Neuwerk", "https://gdi-de.github.io/apworkshop2026/ont#stammdurchmesser.value": "29.0", "https://gdi-de.github.io/apworkshop2026/ont#stammdurchmesser.unit": "http://www.ontology-of-units-of-measure.org/resource/om-2/centimeter"}, "geometry": {"type": "MultiPoint", "coordinates": [[8.49942968888581, 53.922317885435795]]}}, {"type": "Feature", "id": "https://gdi-de.github.io/apworkshop2026/NEUW655", "name": "Baum NEUW655 (gdide:NEUW655)", "dateprops": [], "properties": {"http://www.w3.org/2000/01/rdf-schema#label": "Baum NEUW655", "http://rdfs.org/ns/void#inDataset.value": "72757", "http://www.w3.org/2000/01/rdf-schema#comment": "Liegenschaftsamt", "http://www.wikidata.org/prop/direct/P2547.value": "3.0", "http://www.wikidata.org/prop/direct/P2547.unit": "http://www.ontology-of-units-of-measure.org/resource/om-2/meter", "http://www.wikidata.org/prop/direct/P3018": "Neuwerk", "https://gdi-de.github.io/apworkshop2026/ont#stammdurchmesser.value": "22.0", "https://gdi-de.github.io/apworkshop2026/ont#stammdurchmesser.unit": "http://www.ontology-of-units-of-measure.org/resource/om-2/centimeter"}, "geometry": {"type": "MultiPoint", "coordinates": [[8.495231493253852, 53.915112948118235]]}}, {"type": "Feature", "id": "https://gdi-de.github.io/apworkshop2026/FINW233", "name": "Baum FINW233 (gdide:FINW233)", "dateprops": [], "properties": {"http://www.w3.org/2000/01/rdf-schema#label": "Baum FINW233", "http://rdfs.org/ns/void#inDataset.value": "72757", "http://www.w3.org/2000/01/rdf-schema#comment": "Wasserwirtschaft", "http://www.wikidata.org/prop/direct/P2547.value": "6.0", "http://www.wikidata.org/prop/direct/P2547.unit": "http://www.ontology-of-units-of-measure.org/resource/om-2/meter", "http://www.wikidata.org/prop/direct/P3018": "Finkenwerder", "https://gdi-de.github.io/apworkshop2026/ont#stammdurchmesser.value": "27.0", "https://gdi-de.github.io/apworkshop2026/ont#stammdurchmesser.unit": "http://www.ontology-of-units-of-measure.org/resource/om-2/centimeter"}, "geometry": {"type": "MultiPoint", "coordinates": [[9.863617864000748, 53.541348522570054]]}}, {"type": "Feature", "id": "https://gdi-de.github.io/apworkshop2026/NEUW646", "name": "Baum NEUW646 (gdide:NEUW646)", "dateprops": [], "properties": {"http://www.w3.org/2000/01/rdf-schema#label": "Baum NEUW646", "http://rdfs.org/ns/void#inDataset.value": "72757", "http://www.w3.org/2000/01/rdf-schema#comment": "Liegenschaftsamt", "http://www.wikidata.org/prop/direct/P2547.value": "4.0", "http://www.wikidata.org/prop/direct/P2547.unit": "http://www.ontology-of-units-of-measure.org/resource/om-2/meter", "http://www.wikidata.org/prop/direct/P3018": "Neuwerk", "https://gdi-de.github.io/apworkshop2026/ont#stammdurchmesser.value": "32.0", "https://gdi-de.github.io/apworkshop2026/ont#stammdurchmesser.unit": "http://www.ontology-of-units-of-measure.org/resource/om-2/centimeter"}, "geometry": {"type": "MultiPoint", "coordinates": [[8.495377694066342, 53.915196084359195]]}}, {"type": "Feature", "id": "https://gdi-de.github.io/apworkshop2026/NEUW294", "name": "Baum NEUW294 (gdide:NEUW294)", "dateprops": [], "properties": {"http://www.w3.org/2000/01/rdf-schema#label": "Baum NEUW294", "http://rdfs.org/ns/void#inDataset.value": "72757", "http://www.w3.org/2000/01/rdf-schema#comment": "BUKEA", "http://www.wikidata.org/prop/direct/P2547.value": "4.5", "http://www.wikidata.org/prop/direct/P2547.unit": "http://www.ontology-of-units-of-measure.org/resource/om-2/meter", "http://www.wikidata.org/prop/direct/P3018": "Neuwerk", "https://gdi-de.github.io/apworkshop2026/ont#stammdurchmesser.value": "34.0", "https://gdi-de.github.io/apworkshop2026/ont#stammdurchmesser.unit": "http://www.ontology-of-units-of-measure.org/resource/om-2/centimeter"}, "geometry": {"type": "MultiPoint", "coordinates": [[8.49760008116349, 53.913535375757256]]}}, {"type": "Feature", "id": "https://gdi-de.github.io/apworkshop2026/NEUW514", "name": "Baum NEUW514 (gdide:NEUW514)", "dateprops": [], "properties": {"http://www.w3.org/2000/01/rdf-schema#label": "Baum NEUW514", "http://rdfs.org/ns/void#inDataset.value": "72757", "http://www.w3.org/2000/01/rdf-schema#comment": "BUKEA", "http://www.wikidata.org/prop/direct/P2547.value": "4.0", "http://www.wikidata.org/prop/direct/P2547.unit": "http://www.ontology-of-units-of-measure.org/resource/om-2/meter", "http://www.wikidata.org/prop/direct/P3018": "Neuwerk", "https://gdi-de.github.io/apworkshop2026/ont#stammdurchmesser.value": "29.0", "https://gdi-de.github.io/apworkshop2026/ont#stammdurchmesser.unit": "http://www.ontology-of-units-of-measure.org/resource/om-2/centimeter"}, "geometry": {"type": "MultiPoint", "coordinates": [[8.500013998062366, 53.922350366104666]]}}, {"type": "Feature", "id": "https://gdi-de.github.io/apworkshop2026/MEFC417", "name": "Baum MEFC417 (gdide:MEFC417)", "dateprops": [], "properties": {"http://www.w3.org/2000/01/rdf-schema#label": "Baum MEFC417", "http://rdfs.org/ns/void#inDataset.value": "72757", "http://www.w3.org/2000/01/rdf-schema#comment": "Francop", "http://www.wikidata.org/prop/direct/P2547.value": "0.5", "http://www.wikidata.org/prop/direct/P2547.unit": "http://www.ontology-of-units-of-measure.org/resource/om-2/meter", "http://www.wikidata.org/prop/direct/P3018": "METHA-Francop", "https://gdi-de.github.io/apworkshop2026/ont#stammdurchmesser.value": "5.0", "https://gdi-de.github.io/apworkshop2026/ont#stammdurchmesser.unit": "http://www.ontology-of-units-of-measure.org/resource/om-2/centimeter"}, "geometry": {"type": "MultiPoint", "coordinates": [[9.882989898355492, 53.518029839141455]]}}, {"type": "Feature", "id": "https://gdi-de.github.io/apworkshop2026/KTWK655", "name": "Baum KTWK655 (gdide:KTWK655)", "dateprops": [], "properties": {"http://www.w3.org/2000/01/rdf-schema#label": "Baum KTWK655", "http://rdfs.org/ns/void#inDataset.value": "72757", "http://www.w3.org/2000/01/rdf-schema#comment": "Wasserwirtschaft", "http://www.wikidata.org/prop/direct/P2547.value": "5.0", "http://www.wikidata.org/prop/direct/P2547.unit": "http://www.ontology-of-units-of-measure.org/resource/om-2/meter", "http://www.wikidata.org/prop/direct/P3018": "Kattwyk", "https://gdi-de.github.io/apworkshop2026/ont#stammdurchmesser.value": "19.0", "https://gdi-de.github.io/apworkshop2026/ont#stammdurchmesser.unit": "http://www.ontology-of-units-of-measure.org/resource/om-2/centimeter"}, "geometry": {"type": "MultiPoint", "coordinates": [[9.942439936734575, 53.51018659921203]]}}, {"type": "Feature", "id": "https://gdi-de.github.io/apworkshop2026/NEUW218", "name": "Baum NEUW218 (gdide:NEUW218)", "dateprops": [], "properties": {"http://www.w3.org/2000/01/rdf-schema#label": "Baum NEUW218", "http://rdfs.org/ns/void#inDataset.value": "72757", "http://www.w3.org/2000/01/rdf-schema#comment": "HPA", "http://www.wikidata.org/prop/direct/P2547.value": "6.0", "http://www.wikidata.org/prop/direct/P2547.unit": "http://www.ontology-of-units-of-measure.org/resource/om-2/meter", "http://www.wikidata.org/prop/direct/P3018": "Neuwerk", "https://gdi-de.github.io/apworkshop2026/ont#stammdurchmesser.value": "30.0", "https://gdi-de.github.io/apworkshop2026/ont#stammdurchmesser.unit": "http://www.ontology-of-units-of-measure.org/resource/om-2/centimeter"}, "geometry": {"type": "MultiPoint", "coordinates": [[8.506538435021467, 53.923039495199774]]}}, {"type": "Feature", "id": "https://gdi-de.github.io/apworkshop2026/NEUW441", "name": "Baum NEUW441 (gdide:NEUW441)", "dateprops": [], "properties": {"http://www.w3.org/2000/01/rdf-schema#label": "Baum NEUW441", "http://rdfs.org/ns/void#inDataset.value": "72757", "http://www.w3.org/2000/01/rdf-schema#comment": "BUKEA", "http://www.wikidata.org/prop/direct/P2547.value": "7.0", "http://www.wikidata.org/prop/direct/P2547.unit": "http://www.ontology-of-units-of-measure.org/resource/om-2/meter", "http://www.wikidata.org/prop/direct/P3018": "Neuwerk", "https://gdi-de.github.io/apworkshop2026/ont#stammdurchmesser.value": "35.0", "https://gdi-de.github.io/apworkshop2026/ont#stammdurchmesser.unit": "http://www.ontology-of-units-of-measure.org/resource/om-2/centimeter"}, "geometry": {"type": "MultiPoint", "coordinates": [[8.49998555740047, 53.92237085959512]]}}, {"type": "Feature", "id": "https://gdi-de.github.io/apworkshop2026/TATB79", "name": "Baum TATB79 (gdide:TATB79)", "dateprops": [], "properties": {"http://www.w3.org/2000/01/rdf-schema#label": "Baum TATB79", "http://rdfs.org/ns/void#inDataset.value": "72757", "http://www.w3.org/2000/01/rdf-schema#comment": "Bezirksamt", "http://www.wikidata.org/prop/direct/P2547.value": "6.0", "http://www.wikidata.org/prop/direct/P2547.unit": "http://www.ontology-of-units-of-measure.org/resource/om-2/meter", "http://www.wikidata.org/prop/direct/P3018": "Tatenberger Schleuse", "https://gdi-de.github.io/apworkshop2026/ont#stammdurchmesser.value": "64.0", "https://gdi-de.github.io/apworkshop2026/ont#stammdurchmesser.unit": "http://www.ontology-of-units-of-measure.org/resource/om-2/centimeter"}, "geometry": {"type": "MultiPoint", "coordinates": [[10.07680035190909, 53.49963678095135]]}}, {"type": "Feature", "id": "https://gdi-de.github.io/apworkshop2026/NEUW207", "name": "Baum NEUW207 (gdide:NEUW207)", "dateprops": [], "properties": {"http://www.w3.org/2000/01/rdf-schema#label": "Baum NEUW207", "http://rdfs.org/ns/void#inDataset.value": "72757", "http://www.w3.org/2000/01/rdf-schema#comment": "HPA", "http://www.wikidata.org/prop/direct/P2547.value": "4.0", "http://www.wikidata.org/prop/direct/P2547.unit": "http://www.ontology-of-units-of-measure.org/resource/om-2/meter", "http://www.wikidata.org/prop/direct/P3018": "Neuwerk", "https://gdi-de.github.io/apworkshop2026/ont#stammdurchmesser.value": "22.0", "https://gdi-de.github.io/apworkshop2026/ont#stammdurchmesser.unit": "http://www.ontology-of-units-of-measure.org/resource/om-2/centimeter"}, "geometry": {"type": "MultiPoint", "coordinates": [[8.506898803180846, 53.92304457352443]]}}, {"type": "Feature", "id": "https://gdi-de.github.io/apworkshop2026/MEFC420", "name": "Baum MEFC420 (gdide:MEFC420)", "dateprops": [], "properties": {"http://www.w3.org/2000/01/rdf-schema#label": "Baum MEFC420", "http://rdfs.org/ns/void#inDataset.value": "72757", "http://www.w3.org/2000/01/rdf-schema#comment": "Francop", "http://www.wikidata.org/prop/direct/P2547.value": "1.0", "http://www.wikidata.org/prop/direct/P2547.unit": "http://www.ontology-of-units-of-measure.org/resource/om-2/meter", "http://www.wikidata.org/prop/direct/P3018": "METHA-Francop", "https://gdi-de.github.io/apworkshop2026/ont#stammdurchmesser.value": "7.0", "https://gdi-de.github.io/apworkshop2026/ont#stammdurchmesser.unit": "http://www.ontology-of-units-of-measure.org/resource/om-2/centimeter"}, "geometry": {"type": "MultiPoint", "coordinates": [[9.884135627635164, 53.51845026263814]]}}, {"type": "Feature", "id": "https://gdi-de.github.io/apworkshop2026/NEUW425", "name": "Baum NEUW425 (gdide:NEUW425)", "dateprops": [], "properties": {"http://www.w3.org/2000/01/rdf-schema#label": "Baum NEUW425", "http://rdfs.org/ns/void#inDataset.value": "72757", "http://www.w3.org/2000/01/rdf-schema#comment": "BUKEA", "http://www.wikidata.org/prop/direct/P2547.value": "3.0", "http://www.wikidata.org/prop/direct/P2547.unit": "http://www.ontology-of-units-of-measure.org/resource/om-2/meter", "http://www.wikidata.org/prop/direct/P3018": "Neuwerk", "https://gdi-de.github.io/apworkshop2026/ont#stammdurchmesser.value": "28.0", "https://gdi-de.github.io/apworkshop2026/ont#stammdurchmesser.unit": "http://www.ontology-of-units-of-measure.org/resource/om-2/centimeter"}, "geometry": {"type": "MultiPoint", "coordinates": [[8.499602497797015, 53.922298391732326]]}}, {"type": "Feature", "id": "https://gdi-de.github.io/apworkshop2026/NEUW577", "name": "Baum NEUW577 (gdide:NEUW577)", "dateprops": [], "properties": {"http://www.w3.org/2000/01/rdf-schema#label": "Baum NEUW577", "http://rdfs.org/ns/void#inDataset.value": "72757", "http://www.w3.org/2000/01/rdf-schema#comment": "Liegenschaftsamt", "http://www.wikidata.org/prop/direct/P2547.value": "3.0", "http://www.wikidata.org/prop/direct/P2547.unit": "http://www.ontology-of-units-of-measure.org/resource/om-2/meter", "http://www.wikidata.org/prop/direct/P3018": "Neuwerk", "https://gdi-de.github.io/apworkshop2026/ont#stammdurchmesser.value": "25.0", "https://gdi-de.github.io/apworkshop2026/ont#stammdurchmesser.unit": "http://www.ontology-of-units-of-measure.org/resource/om-2/centimeter"}, "geometry": {"type": "MultiPoint", "coordinates": [[8.49516989577482, 53.91581025462646]]}}, {"type": "Feature", "id": "https://gdi-de.github.io/apworkshop2026/NEUW595", "name": "Baum NEUW595 (gdide:NEUW595)", "dateprops": [], "properties": {"http://www.w3.org/2000/01/rdf-schema#label": "Baum NEUW595", "http://rdfs.org/ns/void#inDataset.value": "72757", "http://www.w3.org/2000/01/rdf-schema#comment": "Liegenschaftsamt", "http://www.wikidata.org/prop/direct/P2547.value": "5.0", "http://www.wikidata.org/prop/direct/P2547.unit": "http://www.ontology-of-units-of-measure.org/resource/om-2/meter", "http://www.wikidata.org/prop/direct/P3018": "Neuwerk", "https://gdi-de.github.io/apworkshop2026/ont#stammdurchmesser.value": "19.0", "https://gdi-de.github.io/apworkshop2026/ont#stammdurchmesser.unit": "http://www.ontology-of-units-of-measure.org/resource/om-2/centimeter"}, "geometry": {"type": "MultiPoint", "coordinates": [[8.495673832682906, 53.915944752799305]]}}, {"type": "Feature", "id": "https://gdi-de.github.io/apworkshop2026/NEUW61", "name": "Baum NEUW61 (gdide:NEUW61)", "dateprops": [], "properties": {"http://www.w3.org/2000/01/rdf-schema#label": "Baum NEUW61", "http://rdfs.org/ns/void#inDataset.value": "72757", "http://www.w3.org/2000/01/rdf-schema#comment": "Liegenschaftsamt", "http://www.wikidata.org/prop/direct/P2547.value": "3.0", "http://www.wikidata.org/prop/direct/P2547.unit": "http://www.ontology-of-units-of-measure.org/resource/om-2/meter", "http://www.wikidata.org/prop/direct/P3018": "Neuwerk", "https://gdi-de.github.io/apworkshop2026/ont#stammdurchmesser.value": "25.0", "https://gdi-de.github.io/apworkshop2026/ont#stammdurchmesser.unit": "http://www.ontology-of-units-of-measure.org/resource/om-2/centimeter"}, "geometry": {"type": "MultiPoint", "coordinates": [[8.49641584110759, 53.914157480566516]]}}, {"type": "Feature", "id": "https://gdi-de.github.io/apworkshop2026/PIOI312", "name": "Baum PIOI312 (gdide:PIOI312)", "dateprops": [], "properties": {"http://www.w3.org/2000/01/rdf-schema#label": "Baum PIOI312", "http://rdfs.org/ns/void#inDataset.value": "72757", "http://www.w3.org/2000/01/rdf-schema#comment": "Wasserwirtschaft", "http://www.wikidata.org/prop/direct/P2547.value": "6.0", "http://www.wikidata.org/prop/direct/P2547.unit": "http://www.ontology-of-units-of-measure.org/resource/om-2/meter", "http://www.wikidata.org/prop/direct/P3018": "Pionierinsel", "https://gdi-de.github.io/apworkshop2026/ont#stammdurchmesser.value": "35.0", "https://gdi-de.github.io/apworkshop2026/ont#stammdurchmesser.unit": "http://www.ontology-of-units-of-measure.org/resource/om-2/centimeter"}, "geometry": {"type": "MultiPoint", "coordinates": [[10.003397779351747, 53.47109114564421]]}}, {"type": "Feature", "id": "https://gdi-de.github.io/apworkshop2026/REIS631", "name": "Baum REIS631 (gdide:REIS631)", "dateprops": [], "properties": {"http://www.w3.org/2000/01/rdf-schema#label": "Baum REIS631", "http://rdfs.org/ns/void#inDataset.value": "72757", "http://www.w3.org/2000/01/rdf-schema#comment": "sonst. \u00f6ff. Fl\u00e4chen", "http://www.wikidata.org/prop/direct/P2547.value": "3.0", "http://www.wikidata.org/prop/direct/P2547.unit": "http://www.ontology-of-units-of-measure.org/resource/om-2/meter", "http://www.wikidata.org/prop/direct/P3018": "Reiherstieg S\u00fcd", "https://gdi-de.github.io/apworkshop2026/ont#stammdurchmesser.value": "15.0", "https://gdi-de.github.io/apworkshop2026/ont#stammdurchmesser.unit": "http://www.ontology-of-units-of-measure.org/resource/om-2/centimeter"}, "geometry": {"type": "MultiPoint", "coordinates": [[9.97744759776706, 53.50266938949421]]}}, {"type": "Feature", "id": "https://gdi-de.github.io/apworkshop2026/BFAS1275", "name": "Baum BFAS1275 (gdide:BFAS1275)", "dateprops": [], "properties": {"http://www.w3.org/2000/01/rdf-schema#label": "Baum BFAS1275", "http://rdfs.org/ns/void#inDataset.value": "72757", "http://www.w3.org/2000/01/rdf-schema#comment": "Bahn", "http://www.wikidata.org/prop/direct/P2547.value": "3.0", "http://www.wikidata.org/prop/direct/P2547.unit": "http://www.ontology-of-units-of-measure.org/resource/om-2/meter", "http://www.wikidata.org/prop/direct/P3018": "Bahnhof Alte S\u00fcderelbe S\u00fcd", "https://gdi-de.github.io/apworkshop2026/ont#stammdurchmesser.value": "24.0", "https://gdi-de.github.io/apworkshop2026/ont#stammdurchmesser.unit": "http://www.ontology-of-units-of-measure.org/resource/om-2/centimeter"}, "geometry": {"type": "MultiPoint", "coordinates": [[9.902256425580116, 53.48675427837626]]}}, {"type": "Feature", "id": "https://gdi-de.github.io/apworkshop2026/BFASN295", "name": "Baum BFASN295 (gdide:BFASN295)", "dateprops": [], "properties": {"http://www.w3.org/2000/01/rdf-schema#label": "Baum BFASN295", "http://rdfs.org/ns/void#inDataset.value": "72757", "http://www.w3.org/2000/01/rdf-schema#comment": "sonst. \u00f6ff. Fl\u00e4chen", "http://www.wikidata.org/prop/direct/P2547.value": "10.0", "http://www.wikidata.org/prop/direct/P2547.unit": "http://www.ontology-of-units-of-measure.org/resource/om-2/meter", "http://www.wikidata.org/prop/direct/P3018": "Bahnhof Alte S\u00fcderelbe Nord", "https://gdi-de.github.io/apworkshop2026/ont#stammdurchmesser.value": "41.0", "https://gdi-de.github.io/apworkshop2026/ont#stammdurchmesser.unit": "http://www.ontology-of-units-of-measure.org/resource/om-2/centimeter"}, "geometry": {"type": "MultiPoint", "coordinates": [[9.907813619523349, 53.508257806118124]]}}, {"type": "Feature", "id": "https://gdi-de.github.io/apworkshop2026/NEUW700", "name": "Baum NEUW700 (gdide:NEUW700)", "dateprops": [], "properties": {"http://www.w3.org/2000/01/rdf-schema#label": "Baum NEUW700", "http://rdfs.org/ns/void#inDataset.value": "72757", "http://www.w3.org/2000/01/rdf-schema#comment": "Liegenschaftsamt", "http://www.wikidata.org/prop/direct/P2547.value": "1.0", "http://www.wikidata.org/prop/direct/P2547.unit": "http://www.ontology-of-units-of-measure.org/resource/om-2/meter", "http://www.wikidata.org/prop/direct/P3018": "Neuwerk", "https://gdi-de.github.io/apworkshop2026/ont#stammdurchmesser.value": "16.0", "https://gdi-de.github.io/apworkshop2026/ont#stammdurchmesser.unit": "http://www.ontology-of-units-of-measure.org/resource/om-2/centimeter"}, "geometry": {"type": "MultiPoint", "coordinates": [[8.505872028811096, 53.916741574557875]]}}, {"type": "Feature", "id": "https://gdi-de.github.io/apworkshop2026/WITB336", "name": "Baum WITB336 (gdide:WITB336)", "dateprops": [], "properties": {"http://www.w3.org/2000/01/rdf-schema#label": "Baum WITB336", "http://rdfs.org/ns/void#inDataset.value": "72757", "http://www.w3.org/2000/01/rdf-schema#comment": "Wasserwirtschaft", "http://www.wikidata.org/prop/direct/P2547.value": "4.0", "http://www.wikidata.org/prop/direct/P2547.unit": "http://www.ontology-of-units-of-measure.org/resource/om-2/meter", "http://www.wikidata.org/prop/direct/P3018": "Wittenbergen", "https://gdi-de.github.io/apworkshop2026/ont#stammdurchmesser.value": "18.0", "https://gdi-de.github.io/apworkshop2026/ont#stammdurchmesser.unit": "http://www.ontology-of-units-of-measure.org/resource/om-2/centimeter"}, "geometry": {"type": "MultiPoint", "coordinates": [[9.753699951936966, 53.564354617725755]]}}, {"type": "Feature", "id": "https://gdi-de.github.io/apworkshop2026/BFAS1779", "name": "Baum BFAS1779 (gdide:BFAS1779)", "dateprops": [], "properties": {"http://www.w3.org/2000/01/rdf-schema#label": "Baum BFAS1779", "http://rdfs.org/ns/void#inDataset.value": "72757", "http://www.w3.org/2000/01/rdf-schema#comment": "Bahn", "http://www.wikidata.org/prop/direct/P2547.value": "3.0", "http://www.wikidata.org/prop/direct/P2547.unit": "http://www.ontology-of-units-of-measure.org/resource/om-2/meter", "http://www.wikidata.org/prop/direct/P3018": "Bahnhof Alte S\u00fcderelbe S\u00fcd", "https://gdi-de.github.io/apworkshop2026/ont#stammdurchmesser.value": "24.0", "https://gdi-de.github.io/apworkshop2026/ont#stammdurchmesser.unit": "http://www.ontology-of-units-of-measure.org/resource/om-2/centimeter"}, "geometry": {"type": "MultiPoint", "coordinates": [[9.902249122276858, 53.48672341068242]]}}, {"type": "Feature", "id": "https://gdi-de.github.io/apworkshop2026/NEUW100", "name": "Baum NEUW100 (gdide:NEUW100)", "dateprops": [], "properties": {"http://www.w3.org/2000/01/rdf-schema#label": "Baum NEUW100", "http://rdfs.org/ns/void#inDataset.value": "72757", "http://www.w3.org/2000/01/rdf-schema#comment": "\u00f6ffentliche Gr\u00fcnfl\u00e4che", "http://www.wikidata.org/prop/direct/P2547.value": "8.0", "http://www.wikidata.org/prop/direct/P2547.unit": "http://www.ontology-of-units-of-measure.org/resource/om-2/meter", "http://www.wikidata.org/prop/direct/P3018": "Neuwerk", "https://gdi-de.github.io/apworkshop2026/ont#stammdurchmesser.value": "6.0", "https://gdi-de.github.io/apworkshop2026/ont#stammdurchmesser.unit": "http://www.ontology-of-units-of-measure.org/resource/om-2/centimeter"}, "geometry": {"type": "MultiPoint", "coordinates": [[8.496692198821595, 53.91390996464104]]}}, {"type": "Feature", "id": "https://gdi-de.github.io/apworkshop2026/WITB273", "name": "Baum WITB273 (gdide:WITB273)", "dateprops": [], "properties": {"http://www.w3.org/2000/01/rdf-schema#label": "Baum WITB273", "http://rdfs.org/ns/void#inDataset.value": "72757", "http://www.w3.org/2000/01/rdf-schema#comment": "Wasserwirtschaft", "http://www.wikidata.org/prop/direct/P2547.value": "7.0", "http://www.wikidata.org/prop/direct/P2547.unit": "http://www.ontology-of-units-of-measure.org/resource/om-2/meter", "http://www.wikidata.org/prop/direct/P3018": "Wittenbergen", "https://gdi-de.github.io/apworkshop2026/ont#stammdurchmesser.value": "53.0", "https://gdi-de.github.io/apworkshop2026/ont#stammdurchmesser.unit": "http://www.ontology-of-units-of-measure.org/resource/om-2/centimeter"}, "geometry": {"type": "MultiPoint", "coordinates": [[9.753177464818265, 53.56459647015056]]}}, {"type": "Feature", "id": "https://gdi-de.github.io/apworkshop2026/NEUW312", "name": "Baum NEUW312 (gdide:NEUW312)", "dateprops": [], "properties": {"http://www.w3.org/2000/01/rdf-schema#label": "Baum NEUW312", "http://rdfs.org/ns/void#inDataset.value": "72757", "http://www.w3.org/2000/01/rdf-schema#comment": "BUKEA", "http://www.wikidata.org/prop/direct/P2547.value": "6.0", "http://www.wikidata.org/prop/direct/P2547.unit": "http://www.ontology-of-units-of-measure.org/resource/om-2/meter", "http://www.wikidata.org/prop/direct/P3018": "Neuwerk", "https://gdi-de.github.io/apworkshop2026/ont#stammdurchmesser.value": "29.0", "https://gdi-de.github.io/apworkshop2026/ont#stammdurchmesser.unit": "http://www.ontology-of-units-of-measure.org/resource/om-2/centimeter"}, "geometry": {"type": "MultiPoint", "coordinates": [[8.497295318720202, 53.91372776595044]]}}, {"type": "Feature", "id": "https://gdi-de.github.io/apworkshop2026/NEUW36", "name": "Baum NEUW36 (gdide:NEUW36)", "dateprops": [], "properties": {"http://www.w3.org/2000/01/rdf-schema#label": "Baum NEUW36", "http://rdfs.org/ns/void#inDataset.value": "72757", "http://www.w3.org/2000/01/rdf-schema#comment": "Liegenschaftsamt", "http://www.wikidata.org/prop/direct/P2547.value": "4.0", "http://www.wikidata.org/prop/direct/P2547.unit": "http://www.ontology-of-units-of-measure.org/resource/om-2/meter", "http://www.wikidata.org/prop/direct/P3018": "Neuwerk", "https://gdi-de.github.io/apworkshop2026/ont#stammdurchmesser.value": "35.0", "https://gdi-de.github.io/apworkshop2026/ont#stammdurchmesser.unit": "http://www.ontology-of-units-of-measure.org/resource/om-2/centimeter"}, "geometry": {"type": "MultiPoint", "coordinates": [[8.496470880885047, 53.914362449944214]]}}, {"type": "Feature", "id": "https://gdi-de.github.io/apworkshop2026/BFAS1281", "name": "Baum BFAS1281 (gdide:BFAS1281)", "dateprops": [], "properties": {"http://www.w3.org/2000/01/rdf-schema#label": "Baum BFAS1281", "http://rdfs.org/ns/void#inDataset.value": "72757", "http://www.w3.org/2000/01/rdf-schema#comment": "Bahn", "http://www.wikidata.org/prop/direct/P2547.value": "1.0", "http://www.wikidata.org/prop/direct/P2547.unit": "http://www.ontology-of-units-of-measure.org/resource/om-2/meter", "http://www.wikidata.org/prop/direct/P3018": "Bahnhof Alte S\u00fcderelbe S\u00fcd", "https://gdi-de.github.io/apworkshop2026/ont#stammdurchmesser.value": "25.0", "https://gdi-de.github.io/apworkshop2026/ont#stammdurchmesser.unit": "http://www.ontology-of-units-of-measure.org/resource/om-2/centimeter"}, "geometry": {"type": "MultiPoint", "coordinates": [[9.902725813282375, 53.4874692159856]]}}, {"type": "Feature", "id": "https://gdi-de.github.io/apworkshop2026/NEUW385", "name": "Baum NEUW385 (gdide:NEUW385)", "dateprops": [], "properties": {"http://www.w3.org/2000/01/rdf-schema#label": "Baum NEUW385", "http://rdfs.org/ns/void#inDataset.value": "72757", "http://www.w3.org/2000/01/rdf-schema#comment": "BUKEA", "http://www.wikidata.org/prop/direct/P2547.value": "5.5", "http://www.wikidata.org/prop/direct/P2547.unit": "http://www.ontology-of-units-of-measure.org/resource/om-2/meter", "http://www.wikidata.org/prop/direct/P3018": "Neuwerk", "https://gdi-de.github.io/apworkshop2026/ont#stammdurchmesser.value": "30.0", "https://gdi-de.github.io/apworkshop2026/ont#stammdurchmesser.unit": "http://www.ontology-of-units-of-measure.org/resource/om-2/centimeter"}, "geometry": {"type": "MultiPoint", "coordinates": [[8.499454796798, 53.91332918006382]]}}, {"type": "Feature", "id": "https://gdi-de.github.io/apworkshop2026/NEUW75", "name": "Baum NEUW75 (gdide:NEUW75)", "dateprops": [], "properties": {"http://www.w3.org/2000/01/rdf-schema#label": "Baum NEUW75", "http://rdfs.org/ns/void#inDataset.value": "72757", "http://www.w3.org/2000/01/rdf-schema#comment": "\u00f6ffentliche Gr\u00fcnfl\u00e4che", "http://www.wikidata.org/prop/direct/P2547.value": "5.0", "http://www.wikidata.org/prop/direct/P2547.unit": "http://www.ontology-of-units-of-measure.org/resource/om-2/meter", "http://www.wikidata.org/prop/direct/P3018": "Neuwerk", "https://gdi-de.github.io/apworkshop2026/ont#stammdurchmesser.value": "40.0", "https://gdi-de.github.io/apworkshop2026/ont#stammdurchmesser.unit": "http://www.ontology-of-units-of-measure.org/resource/om-2/centimeter"}, "geometry": {"type": "MultiPoint", "coordinates": [[8.497013723828088, 53.91473139652154]]}}, {"type": "Feature", "id": "https://gdi-de.github.io/apworkshop2026/NEUW658", "name": "Baum NEUW658 (gdide:NEUW658)", "dateprops": [], "properties": {"http://www.w3.org/2000/01/rdf-schema#label": "Baum NEUW658", "http://rdfs.org/ns/void#inDataset.value": "72757", "http://www.w3.org/2000/01/rdf-schema#comment": "Liegenschaftsamt", "http://www.wikidata.org/prop/direct/P2547.value": "5.0", "http://www.wikidata.org/prop/direct/P2547.unit": "http://www.ontology-of-units-of-measure.org/resource/om-2/meter", "http://www.wikidata.org/prop/direct/P3018": "Neuwerk", "https://gdi-de.github.io/apworkshop2026/ont#stammdurchmesser.value": "16.0", "https://gdi-de.github.io/apworkshop2026/ont#stammdurchmesser.unit": "http://www.ontology-of-units-of-measure.org/resource/om-2/centimeter"}, "geometry": {"type": "MultiPoint", "coordinates": [[8.495246584950625, 53.91501662140434]]}}, {"type": "Feature", "id": "https://gdi-de.github.io/apworkshop2026/NEUW383", "name": "Baum NEUW383 (gdide:NEUW383)", "dateprops": [], "properties": {"http://www.w3.org/2000/01/rdf-schema#label": "Baum NEUW383", "http://rdfs.org/ns/void#inDataset.value": "72757", "http://www.w3.org/2000/01/rdf-schema#comment": "BUKEA", "http://www.wikidata.org/prop/direct/P2547.value": "3.0", "http://www.wikidata.org/prop/direct/P2547.unit": "http://www.ontology-of-units-of-measure.org/resource/om-2/meter", "http://www.wikidata.org/prop/direct/P3018": "Neuwerk", "https://gdi-de.github.io/apworkshop2026/ont#stammdurchmesser.value": "20.0", "https://gdi-de.github.io/apworkshop2026/ont#stammdurchmesser.unit": "http://www.ontology-of-units-of-measure.org/resource/om-2/centimeter"}, "geometry": {"type": "MultiPoint", "coordinates": [[8.499405766749794, 53.913330957890935]]}}, {"type": "Feature", "id": "https://gdi-de.github.io/apworkshop2026/PIOI402", "name": "Baum PIOI402 (gdide:PIOI402)", "dateprops": [], "properties": {"http://www.w3.org/2000/01/rdf-schema#label": "Baum PIOI402", "http://rdfs.org/ns/void#inDataset.value": "72757", "http://www.w3.org/2000/01/rdf-schema#comment": "Wasserwirtschaft", "http://www.wikidata.org/prop/direct/P2547.value": "0.5", "http://www.wikidata.org/prop/direct/P2547.unit": "http://www.ontology-of-units-of-measure.org/resource/om-2/meter", "http://www.wikidata.org/prop/direct/P3018": "Pionierinsel", "https://gdi-de.github.io/apworkshop2026/ont#stammdurchmesser.value": "6.0", "https://gdi-de.github.io/apworkshop2026/ont#stammdurchmesser.unit": "http://www.ontology-of-units-of-measure.org/resource/om-2/centimeter"}, "geometry": {"type": "MultiPoint", "coordinates": [[10.004083912565758, 53.471011400011584]]}}, {"type": "Feature", "id": "https://gdi-de.github.io/apworkshop2026/NEUW62", "name": "Baum NEUW62 (gdide:NEUW62)", "dateprops": [], "properties": {"http://www.w3.org/2000/01/rdf-schema#label": "Baum NEUW62", "http://rdfs.org/ns/void#inDataset.value": "72757", "http://www.w3.org/2000/01/rdf-schema#comment": "Liegenschaftsamt", "http://www.wikidata.org/prop/direct/P2547.value": "4.0", "http://www.wikidata.org/prop/direct/P2547.unit": "http://www.ontology-of-units-of-measure.org/resource/om-2/meter", "http://www.wikidata.org/prop/direct/P3018": "Neuwerk", "https://gdi-de.github.io/apworkshop2026/ont#stammdurchmesser.value": "23.0", "https://gdi-de.github.io/apworkshop2026/ont#stammdurchmesser.unit": "http://www.ontology-of-units-of-measure.org/resource/om-2/centimeter"}, "geometry": {"type": "MultiPoint", "coordinates": [[8.496401503995655, 53.91417763416076]]}}, {"type": "Feature", "id": "https://gdi-de.github.io/apworkshop2026/WITB55", "name": "Baum WITB55 (gdide:WITB55)", "dateprops": [], "properties": {"http://www.w3.org/2000/01/rdf-schema#label": "Baum WITB55", "http://rdfs.org/ns/void#inDataset.value": "72757", "http://www.w3.org/2000/01/rdf-schema#comment": "Wasserwirtschaft", "http://www.wikidata.org/prop/direct/P2547.value": "8.0", "http://www.wikidata.org/prop/direct/P2547.unit": "http://www.ontology-of-units-of-measure.org/resource/om-2/meter", "http://www.wikidata.org/prop/direct/P3018": "Wittenbergen", "https://gdi-de.github.io/apworkshop2026/ont#stammdurchmesser.value": "37.0", "https://gdi-de.github.io/apworkshop2026/ont#stammdurchmesser.unit": "http://www.ontology-of-units-of-measure.org/resource/om-2/centimeter"}, "geometry": {"type": "MultiPoint", "coordinates": [[9.767426676602259, 53.5645766657376]]}}, {"type": "Feature", "id": "https://gdi-de.github.io/apworkshop2026/BFHS404", "name": "Baum BFHS404 (gdide:BFHS404)", "dateprops": [], "properties": {"http://www.w3.org/2000/01/rdf-schema#label": "Baum BFHS404", "http://rdfs.org/ns/void#inDataset.value": "72757", "http://www.w3.org/2000/01/rdf-schema#comment": "sonst. \u00f6ff. Fl\u00e4chen", "http://www.wikidata.org/prop/direct/P2547.value": "4.0", "http://www.wikidata.org/prop/direct/P2547.unit": "http://www.ontology-of-units-of-measure.org/resource/om-2/meter", "http://www.wikidata.org/prop/direct/P3018": "Bahnhof Hohe Schaar", "https://gdi-de.github.io/apworkshop2026/ont#stammdurchmesser.value": "21.0", "https://gdi-de.github.io/apworkshop2026/ont#stammdurchmesser.unit": "http://www.ontology-of-units-of-measure.org/resource/om-2/centimeter"}, "geometry": {"type": "MultiPoint", "coordinates": [[9.964954520498296, 53.49737129856131]]}}, {"type": "Feature", "id": "https://gdi-de.github.io/apworkshop2026/NEUW355", "name": "Baum NEUW355 (gdide:NEUW355)", "dateprops": [], "properties": {"http://www.w3.org/2000/01/rdf-schema#label": "Baum NEUW355", "http://rdfs.org/ns/void#inDataset.value": "72757", "http://www.w3.org/2000/01/rdf-schema#comment": "BUKEA", "http://www.wikidata.org/prop/direct/P2547.value": "3.5", "http://www.wikidata.org/prop/direct/P2547.unit": "http://www.ontology-of-units-of-measure.org/resource/om-2/meter", "http://www.wikidata.org/prop/direct/P3018": "Neuwerk", "https://gdi-de.github.io/apworkshop2026/ont#stammdurchmesser.value": "16.0", "https://gdi-de.github.io/apworkshop2026/ont#stammdurchmesser.unit": "http://www.ontology-of-units-of-measure.org/resource/om-2/centimeter"}, "geometry": {"type": "MultiPoint", "coordinates": [[8.498122954557765, 53.91343182299984]]}}, {"type": "Feature", "id": "https://gdi-de.github.io/apworkshop2026/MEFC414", "name": "Baum MEFC414 (gdide:MEFC414)", "dateprops": [], "properties": {"http://www.w3.org/2000/01/rdf-schema#label": "Baum MEFC414", "http://rdfs.org/ns/void#inDataset.value": "72757", "http://www.w3.org/2000/01/rdf-schema#comment": "Francop", "http://www.wikidata.org/prop/direct/P2547.value": "1.5", "http://www.wikidata.org/prop/direct/P2547.unit": "http://www.ontology-of-units-of-measure.org/resource/om-2/meter", "http://www.wikidata.org/prop/direct/P3018": "METHA-Francop", "https://gdi-de.github.io/apworkshop2026/ont#stammdurchmesser.value": "11.0", "https://gdi-de.github.io/apworkshop2026/ont#stammdurchmesser.unit": "http://www.ontology-of-units-of-measure.org/resource/om-2/centimeter"}, "geometry": {"type": "MultiPoint", "coordinates": [[9.886254510845276, 53.51743734551285]]}}, {"type": "Feature", "id": "https://gdi-de.github.io/apworkshop2026/NEUW401", "name": "Baum NEUW401 (gdide:NEUW401)", "dateprops": [], "properties": {"http://www.w3.org/2000/01/rdf-schema#label": "Baum NEUW401", "http://rdfs.org/ns/void#inDataset.value": "72757", "http://www.w3.org/2000/01/rdf-schema#comment": "BUKEA", "http://www.wikidata.org/prop/direct/P2547.value": "3.0", "http://www.wikidata.org/prop/direct/P2547.unit": "http://www.ontology-of-units-of-measure.org/resource/om-2/meter", "http://www.wikidata.org/prop/direct/P3018": "Neuwerk", "https://gdi-de.github.io/apworkshop2026/ont#stammdurchmesser.value": "24.0", "https://gdi-de.github.io/apworkshop2026/ont#stammdurchmesser.unit": "http://www.ontology-of-units-of-measure.org/resource/om-2/centimeter"}, "geometry": {"type": "MultiPoint", "coordinates": [[8.498797876797031, 53.921878547521615]]}}, {"type": "Feature", "id": "https://gdi-de.github.io/apworkshop2026/NEUW38", "name": "Baum NEUW38 (gdide:NEUW38)", "dateprops": [], "properties": {"http://www.w3.org/2000/01/rdf-schema#label": "Baum NEUW38", "http://rdfs.org/ns/void#inDataset.value": "72757", "http://www.w3.org/2000/01/rdf-schema#comment": "Liegenschaftsamt", "http://www.wikidata.org/prop/direct/P2547.value": "8.0", "http://www.wikidata.org/prop/direct/P2547.unit": "http://www.ontology-of-units-of-measure.org/resource/om-2/meter", "http://www.wikidata.org/prop/direct/P3018": "Neuwerk", "https://gdi-de.github.io/apworkshop2026/ont#stammdurchmesser.value": "60.0", "https://gdi-de.github.io/apworkshop2026/ont#stammdurchmesser.unit": "http://www.ontology-of-units-of-measure.org/resource/om-2/centimeter"}, "geometry": {"type": "MultiPoint", "coordinates": [[8.496445395680436, 53.91435996316412]]}}, {"type": "Feature", "id": "https://gdi-de.github.io/apworkshop2026/NEUW311", "name": "Baum NEUW311 (gdide:NEUW311)", "dateprops": [], "properties": {"http://www.w3.org/2000/01/rdf-schema#label": "Baum NEUW311", "http://rdfs.org/ns/void#inDataset.value": "72757", "http://www.w3.org/2000/01/rdf-schema#comment": "BUKEA", "http://www.wikidata.org/prop/direct/P2547.value": "5.0", "http://www.wikidata.org/prop/direct/P2547.unit": "http://www.ontology-of-units-of-measure.org/resource/om-2/meter", "http://www.wikidata.org/prop/direct/P3018": "Neuwerk", "https://gdi-de.github.io/apworkshop2026/ont#stammdurchmesser.value": "22.0", "https://gdi-de.github.io/apworkshop2026/ont#stammdurchmesser.unit": "http://www.ontology-of-units-of-measure.org/resource/om-2/centimeter"}, "geometry": {"type": "MultiPoint", "coordinates": [[8.497277990218368, 53.91371738480756]]}}, {"type": "Feature", "id": "https://gdi-de.github.io/apworkshop2026/BFASN410", "name": "Baum BFASN410 (gdide:BFASN410)", "dateprops": [], "properties": {"http://www.w3.org/2000/01/rdf-schema#label": "Baum BFASN410", "http://rdfs.org/ns/void#inDataset.value": "72757", "http://www.w3.org/2000/01/rdf-schema#comment": "sonst. \u00f6ff. Fl\u00e4chen", "http://www.wikidata.org/prop/direct/P2547.value": "6.0", "http://www.wikidata.org/prop/direct/P2547.unit": "http://www.ontology-of-units-of-measure.org/resource/om-2/meter", "http://www.wikidata.org/prop/direct/P3018": "Bahnhof Alte S\u00fcderelbe Nord", "https://gdi-de.github.io/apworkshop2026/ont#stammdurchmesser.value": "38.0", "https://gdi-de.github.io/apworkshop2026/ont#stammdurchmesser.unit": "http://www.ontology-of-units-of-measure.org/resource/om-2/centimeter"}, "geometry": {"type": "MultiPoint", "coordinates": [[9.911563196502417, 53.50659338244308]]}}, {"type": "Feature", "id": "https://gdi-de.github.io/apworkshop2026/MEFC294", "name": "Baum MEFC294 (gdide:MEFC294)", "dateprops": [], "properties": {"http://www.w3.org/2000/01/rdf-schema#label": "Baum MEFC294", "http://rdfs.org/ns/void#inDataset.value": "72757", "http://www.w3.org/2000/01/rdf-schema#comment": "Francop", "http://www.wikidata.org/prop/direct/P2547.value": "4.0", "http://www.wikidata.org/prop/direct/P2547.unit": "http://www.ontology-of-units-of-measure.org/resource/om-2/meter", "http://www.wikidata.org/prop/direct/P3018": "METHA-Francop", "https://gdi-de.github.io/apworkshop2026/ont#stammdurchmesser.value": "29.0", "https://gdi-de.github.io/apworkshop2026/ont#stammdurchmesser.unit": "http://www.ontology-of-units-of-measure.org/resource/om-2/centimeter"}, "geometry": {"type": "MultiPoint", "coordinates": [[9.88183597644043, 53.51764912835264]]}}, {"type": "Feature", "id": "https://gdi-de.github.io/apworkshop2026/WITB314", "name": "Baum WITB314 (gdide:WITB314)", "dateprops": [], "properties": {"http://www.w3.org/2000/01/rdf-schema#label": "Baum WITB314", "http://rdfs.org/ns/void#inDataset.value": "72757", "http://www.w3.org/2000/01/rdf-schema#comment": "Wasserwirtschaft", "http://www.wikidata.org/prop/direct/P2547.value": "8.0", "http://www.wikidata.org/prop/direct/P2547.unit": "http://www.ontology-of-units-of-measure.org/resource/om-2/meter", "http://www.wikidata.org/prop/direct/P3018": "Wittenbergen", "https://gdi-de.github.io/apworkshop2026/ont#stammdurchmesser.value": "49.0", "https://gdi-de.github.io/apworkshop2026/ont#stammdurchmesser.unit": "http://www.ontology-of-units-of-measure.org/resource/om-2/centimeter"}, "geometry": {"type": "MultiPoint", "coordinates": [[9.753747347051357, 53.56429926960042]]}}, {"type": "Feature", "id": "https://gdi-de.github.io/apworkshop2026/BFASN412", "name": "Baum BFASN412 (gdide:BFASN412)", "dateprops": [], "properties": {"http://www.w3.org/2000/01/rdf-schema#label": "Baum BFASN412", "http://rdfs.org/ns/void#inDataset.value": "72757", "http://www.w3.org/2000/01/rdf-schema#comment": "sonst. \u00f6ff. Fl\u00e4chen", "http://www.wikidata.org/prop/direct/P2547.value": "6.0", "http://www.wikidata.org/prop/direct/P2547.unit": "http://www.ontology-of-units-of-measure.org/resource/om-2/meter", "http://www.wikidata.org/prop/direct/P3018": "Bahnhof Alte S\u00fcderelbe Nord", "https://gdi-de.github.io/apworkshop2026/ont#stammdurchmesser.value": "19.0", "https://gdi-de.github.io/apworkshop2026/ont#stammdurchmesser.unit": "http://www.ontology-of-units-of-measure.org/resource/om-2/centimeter"}, "geometry": {"type": "MultiPoint", "coordinates": [[9.911643847248625, 53.50645142522996]]}}, {"type": "Feature", "id": "https://gdi-de.github.io/apworkshop2026/WITB154", "name": "Baum WITB154 (gdide:WITB154)", "dateprops": [], "properties": {"http://www.w3.org/2000/01/rdf-schema#label": "Baum WITB154", "http://rdfs.org/ns/void#inDataset.value": "72757", "http://www.w3.org/2000/01/rdf-schema#comment": "Wasserwirtschaft", "http://www.wikidata.org/prop/direct/P2547.value": "11.0", "http://www.wikidata.org/prop/direct/P2547.unit": "http://www.ontology-of-units-of-measure.org/resource/om-2/meter", "http://www.wikidata.org/prop/direct/P3018": "Wittenbergen", "https://gdi-de.github.io/apworkshop2026/ont#stammdurchmesser.value": "72.0", "https://gdi-de.github.io/apworkshop2026/ont#stammdurchmesser.unit": "http://www.ontology-of-units-of-measure.org/resource/om-2/centimeter"}, "geometry": {"type": "MultiPoint", "coordinates": [[9.762450099759766, 53.56504214701864]]}}, {"type": "Feature", "id": "https://gdi-de.github.io/apworkshop2026/DRHF316", "name": "Baum DRHF316 (gdide:DRHF316)", "dateprops": [], "properties": {"http://www.w3.org/2000/01/rdf-schema#label": "Baum DRHF316", "http://rdfs.org/ns/void#inDataset.value": "72757", "http://www.w3.org/2000/01/rdf-schema#comment": "sonst. \u00f6ff. Fl\u00e4chen", "http://www.wikidata.org/prop/direct/P2547.value": "5.0", "http://www.wikidata.org/prop/direct/P2547.unit": "http://www.ontology-of-units-of-measure.org/resource/om-2/meter", "http://www.wikidata.org/prop/direct/P3018": "Dradenauhafen", "https://gdi-de.github.io/apworkshop2026/ont#stammdurchmesser.value": "24.0", "https://gdi-de.github.io/apworkshop2026/ont#stammdurchmesser.unit": "http://www.ontology-of-units-of-measure.org/resource/om-2/centimeter"}, "geometry": {"type": "MultiPoint", "coordinates": [[9.91740429400804, 53.516331427820774]]}}, {"type": "Feature", "id": "https://gdi-de.github.io/apworkshop2026/NEUW26", "name": "Baum NEUW26 (gdide:NEUW26)", "dateprops": [], "properties": {"http://www.w3.org/2000/01/rdf-schema#label": "Baum NEUW26", "http://rdfs.org/ns/void#inDataset.value": "72757", "http://www.w3.org/2000/01/rdf-schema#comment": "Liegenschaftsamt", "http://www.wikidata.org/prop/direct/P2547.value": "5.0", "http://www.wikidata.org/prop/direct/P2547.unit": "http://www.ontology-of-units-of-measure.org/resource/om-2/meter", "http://www.wikidata.org/prop/direct/P3018": "Neuwerk", "https://gdi-de.github.io/apworkshop2026/ont#stammdurchmesser.value": "38.0", "https://gdi-de.github.io/apworkshop2026/ont#stammdurchmesser.unit": "http://www.ontology-of-units-of-measure.org/resource/om-2/centimeter"}, "geometry": {"type": "MultiPoint", "coordinates": [[8.496240211486391, 53.91461792083584]]}}, {"type": "Feature", "id": "https://gdi-de.github.io/apworkshop2026/HOHS723", "name": "Baum HOHS723 (gdide:HOHS723)", "dateprops": [], "properties": {"http://www.w3.org/2000/01/rdf-schema#label": "Baum HOHS723", "http://rdfs.org/ns/void#inDataset.value": "72757", "http://www.w3.org/2000/01/rdf-schema#comment": "Bahn", "http://www.wikidata.org/prop/direct/P2547.value": "12.0", "http://www.wikidata.org/prop/direct/P2547.unit": "http://www.ontology-of-units-of-measure.org/resource/om-2/meter", "http://www.wikidata.org/prop/direct/P3018": "Hohe Schaar", "https://gdi-de.github.io/apworkshop2026/ont#stammdurchmesser.value": "48.0", "https://gdi-de.github.io/apworkshop2026/ont#stammdurchmesser.unit": "http://www.ontology-of-units-of-measure.org/resource/om-2/centimeter"}, "geometry": {"type": "MultiPoint", "coordinates": [[9.995892831260027, 53.4821664886684]]}}, {"type": "Feature", "id": "https://gdi-de.github.io/apworkshop2026/GZAW462", "name": "Baum GZAW462 (gdide:GZAW462)", "dateprops": [], "properties": {"http://www.w3.org/2000/01/rdf-schema#label": "Baum GZAW462", "http://rdfs.org/ns/void#inDataset.value": "72757", "http://www.w3.org/2000/01/rdf-schema#comment": "sonst. \u00f6ff. Fl\u00e4chen", "http://www.wikidata.org/prop/direct/P2547.value": "11.0", "http://www.wikidata.org/prop/direct/P2547.unit": "http://www.ontology-of-units-of-measure.org/resource/om-2/meter", "http://www.wikidata.org/prop/direct/P3018": "Gr\u00fcnzug Altenwerder", "https://gdi-de.github.io/apworkshop2026/ont#stammdurchmesser.value": "45.0", "https://gdi-de.github.io/apworkshop2026/ont#stammdurchmesser.unit": "http://www.ontology-of-units-of-measure.org/resource/om-2/centimeter"}, "geometry": {"type": "MultiPoint", "coordinates": [[9.917259880842966, 53.50476632885224]]}}, {"type": "Feature", "id": "https://gdi-de.github.io/apworkshop2026/NEUW358", "name": "Baum NEUW358 (gdide:NEUW358)", "dateprops": [], "properties": {"http://www.w3.org/2000/01/rdf-schema#label": "Baum NEUW358", "http://rdfs.org/ns/void#inDataset.value": "72757", "http://www.w3.org/2000/01/rdf-schema#comment": "BUKEA", "http://www.wikidata.org/prop/direct/P2547.value": "5.0", "http://www.wikidata.org/prop/direct/P2547.unit": "http://www.ontology-of-units-of-measure.org/resource/om-2/meter", "http://www.wikidata.org/prop/direct/P3018": "Neuwerk", "https://gdi-de.github.io/apworkshop2026/ont#stammdurchmesser.value": "24.0", "https://gdi-de.github.io/apworkshop2026/ont#stammdurchmesser.unit": "http://www.ontology-of-units-of-measure.org/resource/om-2/centimeter"}, "geometry": {"type": "MultiPoint", "coordinates": [[8.498234615147581, 53.913413663806054]]}}, {"type": "Feature", "id": "https://gdi-de.github.io/apworkshop2026/BFHS327", "name": "Baum BFHS327 (gdide:BFHS327)", "dateprops": [], "properties": {"http://www.w3.org/2000/01/rdf-schema#label": "Baum BFHS327", "http://rdfs.org/ns/void#inDataset.value": "72757", "http://www.w3.org/2000/01/rdf-schema#comment": "sonst. \u00f6ff. Fl\u00e4chen", "http://www.wikidata.org/prop/direct/P2547.value": "5.0", "http://www.wikidata.org/prop/direct/P2547.unit": "http://www.ontology-of-units-of-measure.org/resource/om-2/meter", "http://www.wikidata.org/prop/direct/P3018": "Bahnhof Hohe Schaar", "https://gdi-de.github.io/apworkshop2026/ont#stammdurchmesser.value": "24.0", "https://gdi-de.github.io/apworkshop2026/ont#stammdurchmesser.unit": "http://www.ontology-of-units-of-measure.org/resource/om-2/centimeter"}, "geometry": {"type": "MultiPoint", "coordinates": [[9.96274908461056, 53.497863954188006]]}}, {"type": "Feature", "id": "https://gdi-de.github.io/apworkshop2026/NEUW416", "name": "Baum NEUW416 (gdide:NEUW416)", "dateprops": [], "properties": {"http://www.w3.org/2000/01/rdf-schema#label": "Baum NEUW416", "http://rdfs.org/ns/void#inDataset.value": "72757", "http://www.w3.org/2000/01/rdf-schema#comment": "BUKEA", "http://www.wikidata.org/prop/direct/P2547.value": "6.0", "http://www.wikidata.org/prop/direct/P2547.unit": "http://www.ontology-of-units-of-measure.org/resource/om-2/meter", "http://www.wikidata.org/prop/direct/P3018": "Neuwerk", "https://gdi-de.github.io/apworkshop2026/ont#stammdurchmesser.value": "35.0", "https://gdi-de.github.io/apworkshop2026/ont#stammdurchmesser.unit": "http://www.ontology-of-units-of-measure.org/resource/om-2/centimeter"}, "geometry": {"type": "MultiPoint", "coordinates": [[8.49919325230303, 53.92226775194989]]}}, {"type": "Feature", "id": "https://gdi-de.github.io/apworkshop2026/NEUW456", "name": "Baum NEUW456 (gdide:NEUW456)", "dateprops": [], "properties": {"http://www.w3.org/2000/01/rdf-schema#label": "Baum NEUW456", "http://rdfs.org/ns/void#inDataset.value": "72757", "http://www.w3.org/2000/01/rdf-schema#comment": "Liegenschaftsamt", "http://www.wikidata.org/prop/direct/P2547.value": "4.0", "http://www.wikidata.org/prop/direct/P2547.unit": "http://www.ontology-of-units-of-measure.org/resource/om-2/meter", "http://www.wikidata.org/prop/direct/P3018": "Neuwerk", "https://gdi-de.github.io/apworkshop2026/ont#stammdurchmesser.value": "19.0", "https://gdi-de.github.io/apworkshop2026/ont#stammdurchmesser.unit": "http://www.ontology-of-units-of-measure.org/resource/om-2/centimeter"}, "geometry": {"type": "MultiPoint", "coordinates": [[8.498363253896267, 53.92163415620113]]}}, {"type": "Feature", "id": "https://gdi-de.github.io/apworkshop2026/NEUW86", "name": "Baum NEUW86 (gdide:NEUW86)", "dateprops": [], "properties": {"http://www.w3.org/2000/01/rdf-schema#label": "Baum NEUW86", "http://rdfs.org/ns/void#inDataset.value": "72757", "http://www.w3.org/2000/01/rdf-schema#comment": "Liegenschaftsamt", "http://www.wikidata.org/prop/direct/P2547.value": "4.0", "http://www.wikidata.org/prop/direct/P2547.unit": "http://www.ontology-of-units-of-measure.org/resource/om-2/meter", "http://www.wikidata.org/prop/direct/P3018": "Neuwerk", "https://gdi-de.github.io/apworkshop2026/ont#stammdurchmesser.value": "31.0", "https://gdi-de.github.io/apworkshop2026/ont#stammdurchmesser.unit": "http://www.ontology-of-units-of-measure.org/resource/om-2/centimeter"}, "geometry": {"type": "MultiPoint", "coordinates": [[8.49673258707677, 53.91411772890935]]}}, {"type": "Feature", "id": "https://gdi-de.github.io/apworkshop2026/NEUW343", "name": "Baum NEUW343 (gdide:NEUW343)", "dateprops": [], "properties": {"http://www.w3.org/2000/01/rdf-schema#label": "Baum NEUW343", "http://rdfs.org/ns/void#inDataset.value": "72757", "http://www.w3.org/2000/01/rdf-schema#comment": "BUKEA", "http://www.wikidata.org/prop/direct/P2547.value": "6.0", "http://www.wikidata.org/prop/direct/P2547.unit": "http://www.ontology-of-units-of-measure.org/resource/om-2/meter", "http://www.wikidata.org/prop/direct/P3018": "Neuwerk", "https://gdi-de.github.io/apworkshop2026/ont#stammdurchmesser.value": "27.0", "https://gdi-de.github.io/apworkshop2026/ont#stammdurchmesser.unit": "http://www.ontology-of-units-of-measure.org/resource/om-2/centimeter"}, "geometry": {"type": "MultiPoint", "coordinates": [[8.497401131277517, 53.91356800082808]]}}, {"type": "Feature", "id": "https://gdi-de.github.io/apworkshop2026/NEUW239", "name": "Baum NEUW239 (gdide:NEUW239)", "dateprops": [], "properties": {"http://www.w3.org/2000/01/rdf-schema#label": "Baum NEUW239", "http://rdfs.org/ns/void#inDataset.value": "72757", "http://www.w3.org/2000/01/rdf-schema#comment": "BUKEA", "http://www.wikidata.org/prop/direct/P2547.value": "6.0", "http://www.wikidata.org/prop/direct/P2547.unit": "http://www.ontology-of-units-of-measure.org/resource/om-2/meter", "http://www.wikidata.org/prop/direct/P3018": "Neuwerk", "https://gdi-de.github.io/apworkshop2026/ont#stammdurchmesser.value": "25.0", "https://gdi-de.github.io/apworkshop2026/ont#stammdurchmesser.unit": "http://www.ontology-of-units-of-measure.org/resource/om-2/centimeter"}, "geometry": {"type": "MultiPoint", "coordinates": [[8.497257760158172, 53.915352060262364]]}}, {"type": "Feature", "id": "https://gdi-de.github.io/apworkshop2026/GZAW13", "name": "Baum GZAW13 (gdide:GZAW13)", "dateprops": [], "properties": {"http://www.w3.org/2000/01/rdf-schema#label": "Baum GZAW13", "http://rdfs.org/ns/void#inDataset.value": "72757", "http://www.w3.org/2000/01/rdf-schema#comment": "sonst. \u00f6ff. Fl\u00e4chen", "http://www.wikidata.org/prop/direct/P2547.value": "8.0", "http://www.wikidata.org/prop/direct/P2547.unit": "http://www.ontology-of-units-of-measure.org/resource/om-2/meter", "http://www.wikidata.org/prop/direct/P3018": "Gr\u00fcnzug Altenwerder", "https://gdi-de.github.io/apworkshop2026/ont#stammdurchmesser.value": "35.0", "https://gdi-de.github.io/apworkshop2026/ont#stammdurchmesser.unit": "http://www.ontology-of-units-of-measure.org/resource/om-2/centimeter"}, "geometry": {"type": "MultiPoint", "coordinates": [[9.917864779405832, 53.501452621181755]]}}, {"type": "Feature", "id": "https://gdi-de.github.io/apworkshop2026/NEUW70", "name": "Baum NEUW70 (gdide:NEUW70)", "dateprops": [], "properties": {"http://www.w3.org/2000/01/rdf-schema#label": "Baum NEUW70", "http://rdfs.org/ns/void#inDataset.value": "72757", "http://www.w3.org/2000/01/rdf-schema#comment": "Liegenschaftsamt", "http://www.wikidata.org/prop/direct/P2547.value": "8.0", "http://www.wikidata.org/prop/direct/P2547.unit": "http://www.ontology-of-units-of-measure.org/resource/om-2/meter", "http://www.wikidata.org/prop/direct/P3018": "Neuwerk", "https://gdi-de.github.io/apworkshop2026/ont#stammdurchmesser.value": "37.0", "https://gdi-de.github.io/apworkshop2026/ont#stammdurchmesser.unit": "http://www.ontology-of-units-of-measure.org/resource/om-2/centimeter"}, "geometry": {"type": "MultiPoint", "coordinates": [[8.496242547106128, 53.914057807698846]]}}, {"type": "Feature", "id": "https://gdi-de.github.io/apworkshop2026/NEUW163", "name": "Baum NEUW163 (gdide:NEUW163)", "dateprops": [], "properties": {"http://www.w3.org/2000/01/rdf-schema#label": "Baum NEUW163", "http://rdfs.org/ns/void#inDataset.value": "72757", "http://www.w3.org/2000/01/rdf-schema#comment": "BUKEA", "http://www.wikidata.org/prop/direct/P2547.value": "8.0", "http://www.wikidata.org/prop/direct/P2547.unit": "http://www.ontology-of-units-of-measure.org/resource/om-2/meter", "http://www.wikidata.org/prop/direct/P3018": "Neuwerk", "https://gdi-de.github.io/apworkshop2026/ont#stammdurchmesser.value": "26.0", "https://gdi-de.github.io/apworkshop2026/ont#stammdurchmesser.unit": "http://www.ontology-of-units-of-measure.org/resource/om-2/centimeter"}, "geometry": {"type": "MultiPoint", "coordinates": [[8.500154323892898, 53.91361580079663]]}}, {"type": "Feature", "id": "https://gdi-de.github.io/apworkshop2026/REIS499", "name": "Baum REIS499 (gdide:REIS499)", "dateprops": [], "properties": {"http://www.w3.org/2000/01/rdf-schema#label": "Baum REIS499", "http://rdfs.org/ns/void#inDataset.value": "72757", "http://www.w3.org/2000/01/rdf-schema#comment": "Privatgrund", "http://www.wikidata.org/prop/direct/P2547.value": "6.0", "http://www.wikidata.org/prop/direct/P2547.unit": "http://www.ontology-of-units-of-measure.org/resource/om-2/meter", "http://www.wikidata.org/prop/direct/P3018": "Reiherstieg S\u00fcd", "https://gdi-de.github.io/apworkshop2026/ont#stammdurchmesser.value": "27.0", "https://gdi-de.github.io/apworkshop2026/ont#stammdurchmesser.unit": "http://www.ontology-of-units-of-measure.org/resource/om-2/centimeter"}, "geometry": {"type": "MultiPoint", "coordinates": [[9.980966289751805, 53.502906641514585]]}}, {"type": "Feature", "id": "https://gdi-de.github.io/apworkshop2026/BFAS1283", "name": "Baum BFAS1283 (gdide:BFAS1283)", "dateprops": [], "properties": {"http://www.w3.org/2000/01/rdf-schema#label": "Baum BFAS1283", "http://rdfs.org/ns/void#inDataset.value": "72757", "http://www.w3.org/2000/01/rdf-schema#comment": "Bahn", "http://www.wikidata.org/prop/direct/P2547.value": "4.0", "http://www.wikidata.org/prop/direct/P2547.unit": "http://www.ontology-of-units-of-measure.org/resource/om-2/meter", "http://www.wikidata.org/prop/direct/P3018": "Bahnhof Alte S\u00fcderelbe S\u00fcd", "https://gdi-de.github.io/apworkshop2026/ont#stammdurchmesser.value": "31.0", "https://gdi-de.github.io/apworkshop2026/ont#stammdurchmesser.unit": "http://www.ontology-of-units-of-measure.org/resource/om-2/centimeter"}, "geometry": {"type": "MultiPoint", "coordinates": [[9.902957623541443, 53.48801005867105]]}}, {"type": "Feature", "id": "https://gdi-de.github.io/apworkshop2026/NEUW64", "name": "Baum NEUW64 (gdide:NEUW64)", "dateprops": [], "properties": {"http://www.w3.org/2000/01/rdf-schema#label": "Baum NEUW64", "http://rdfs.org/ns/void#inDataset.value": "72757", "http://www.w3.org/2000/01/rdf-schema#comment": "Liegenschaftsamt", "http://www.wikidata.org/prop/direct/P2547.value": "5.0", "http://www.wikidata.org/prop/direct/P2547.unit": "http://www.ontology-of-units-of-measure.org/resource/om-2/meter", "http://www.wikidata.org/prop/direct/P3018": "Neuwerk", "https://gdi-de.github.io/apworkshop2026/ont#stammdurchmesser.value": "32.0", "https://gdi-de.github.io/apworkshop2026/ont#stammdurchmesser.unit": "http://www.ontology-of-units-of-measure.org/resource/om-2/centimeter"}, "geometry": {"type": "MultiPoint", "coordinates": [[8.496365625283206, 53.91409518372933]]}}, {"type": "Feature", "id": "https://gdi-de.github.io/apworkshop2026/NEUW653", "name": "Baum NEUW653 (gdide:NEUW653)", "dateprops": [], "properties": {"http://www.w3.org/2000/01/rdf-schema#label": "Baum NEUW653", "http://rdfs.org/ns/void#inDataset.value": "72757", "http://www.w3.org/2000/01/rdf-schema#comment": "Liegenschaftsamt", "http://www.wikidata.org/prop/direct/P2547.value": "3.0", "http://www.wikidata.org/prop/direct/P2547.unit": "http://www.ontology-of-units-of-measure.org/resource/om-2/meter", "http://www.wikidata.org/prop/direct/P3018": "Neuwerk", "https://gdi-de.github.io/apworkshop2026/ont#stammdurchmesser.value": "16.0", "https://gdi-de.github.io/apworkshop2026/ont#stammdurchmesser.unit": "http://www.ontology-of-units-of-measure.org/resource/om-2/centimeter"}, "geometry": {"type": "MultiPoint", "coordinates": [[8.495252855191309, 53.9151229479676]]}}, {"type": "Feature", "id": "https://gdi-de.github.io/apworkshop2026/NEUW365", "name": "Baum NEUW365 (gdide:NEUW365)", "dateprops": [], "properties": {"http://www.w3.org/2000/01/rdf-schema#label": "Baum NEUW365", "http://rdfs.org/ns/void#inDataset.value": "72757", "http://www.w3.org/2000/01/rdf-schema#comment": "BUKEA", "http://www.wikidata.org/prop/direct/P2547.value": "4.0", "http://www.wikidata.org/prop/direct/P2547.unit": "http://www.ontology-of-units-of-measure.org/resource/om-2/meter", "http://www.wikidata.org/prop/direct/P3018": "Neuwerk", "https://gdi-de.github.io/apworkshop2026/ont#stammdurchmesser.value": "38.0", "https://gdi-de.github.io/apworkshop2026/ont#stammdurchmesser.unit": "http://www.ontology-of-units-of-measure.org/resource/om-2/centimeter"}, "geometry": {"type": "MultiPoint", "coordinates": [[8.498658880473117, 53.913412970666506]]}}, {"type": "Feature", "id": "https://gdi-de.github.io/apworkshop2026/NEUW593", "name": "Baum NEUW593 (gdide:NEUW593)", "dateprops": [], "properties": {"http://www.w3.org/2000/01/rdf-schema#label": "Baum NEUW593", "http://rdfs.org/ns/void#inDataset.value": "72757", "http://www.w3.org/2000/01/rdf-schema#comment": "Liegenschaftsamt", "http://www.wikidata.org/prop/direct/P2547.value": "4.0", "http://www.wikidata.org/prop/direct/P2547.unit": "http://www.ontology-of-units-of-measure.org/resource/om-2/meter", "http://www.wikidata.org/prop/direct/P3018": "Neuwerk", "https://gdi-de.github.io/apworkshop2026/ont#stammdurchmesser.value": "19.0", "https://gdi-de.github.io/apworkshop2026/ont#stammdurchmesser.unit": "http://www.ontology-of-units-of-measure.org/resource/om-2/centimeter"}, "geometry": {"type": "MultiPoint", "coordinates": [[8.495611166208686, 53.91593561555074]]}}, {"type": "Feature", "id": "https://gdi-de.github.io/apworkshop2026/NEUW568", "name": "Baum NEUW568 (gdide:NEUW568)", "dateprops": [], "properties": {"http://www.w3.org/2000/01/rdf-schema#label": "Baum NEUW568", "http://rdfs.org/ns/void#inDataset.value": "72757", "http://www.w3.org/2000/01/rdf-schema#comment": "Liegenschaftsamt", "http://www.wikidata.org/prop/direct/P2547.value": "4.0", "http://www.wikidata.org/prop/direct/P2547.unit": "http://www.ontology-of-units-of-measure.org/resource/om-2/meter", "http://www.wikidata.org/prop/direct/P3018": "Neuwerk", "https://gdi-de.github.io/apworkshop2026/ont#stammdurchmesser.value": "22.0", "https://gdi-de.github.io/apworkshop2026/ont#stammdurchmesser.unit": "http://www.ontology-of-units-of-measure.org/resource/om-2/centimeter"}, "geometry": {"type": "MultiPoint", "coordinates": [[8.494782982398798, 53.91583864525281]]}}, {"type": "Feature", "id": "https://gdi-de.github.io/apworkshop2026/WITB48", "name": "Baum WITB48 (gdide:WITB48)", "dateprops": [], "properties": {"http://www.w3.org/2000/01/rdf-schema#label": "Baum WITB48", "http://rdfs.org/ns/void#inDataset.value": "72757", "http://www.w3.org/2000/01/rdf-schema#comment": "Wasserwirtschaft", "http://www.wikidata.org/prop/direct/P2547.value": "7.0", "http://www.wikidata.org/prop/direct/P2547.unit": "http://www.ontology-of-units-of-measure.org/resource/om-2/meter", "http://www.wikidata.org/prop/direct/P3018": "Wittenbergen", "https://gdi-de.github.io/apworkshop2026/ont#stammdurchmesser.value": "46.0", "https://gdi-de.github.io/apworkshop2026/ont#stammdurchmesser.unit": "http://www.ontology-of-units-of-measure.org/resource/om-2/centimeter"}, "geometry": {"type": "MultiPoint", "coordinates": [[9.762199182334605, 53.5651347123441]]}}, {"type": "Feature", "id": "https://gdi-de.github.io/apworkshop2026/NEUW58", "name": "Baum NEUW58 (gdide:NEUW58)", "dateprops": [], "properties": {"http://www.w3.org/2000/01/rdf-schema#label": "Baum NEUW58", "http://rdfs.org/ns/void#inDataset.value": "72757", "http://www.w3.org/2000/01/rdf-schema#comment": "Liegenschaftsamt", "http://www.wikidata.org/prop/direct/P2547.value": "1.0", "http://www.wikidata.org/prop/direct/P2547.unit": "http://www.ontology-of-units-of-measure.org/resource/om-2/meter", "http://www.wikidata.org/prop/direct/P3018": "Neuwerk", "https://gdi-de.github.io/apworkshop2026/ont#stammdurchmesser.value": "18.0", "https://gdi-de.github.io/apworkshop2026/ont#stammdurchmesser.unit": "http://www.ontology-of-units-of-measure.org/resource/om-2/centimeter"}, "geometry": {"type": "MultiPoint", "coordinates": [[8.496437777966827, 53.91417620028761]]}}, {"type": "Feature", "id": "https://gdi-de.github.io/apworkshop2026/NEUW504", "name": "Baum NEUW504 (gdide:NEUW504)", "dateprops": [], "properties": {"http://www.w3.org/2000/01/rdf-schema#label": "Baum NEUW504", "http://rdfs.org/ns/void#inDataset.value": "72757", "http://www.w3.org/2000/01/rdf-schema#comment": "Liegenschaftsamt", "http://www.wikidata.org/prop/direct/P2547.value": "2.0", "http://www.wikidata.org/prop/direct/P2547.unit": "http://www.ontology-of-units-of-measure.org/resource/om-2/meter", "http://www.wikidata.org/prop/direct/P3018": "Neuwerk", "https://gdi-de.github.io/apworkshop2026/ont#stammdurchmesser.value": "23.0", "https://gdi-de.github.io/apworkshop2026/ont#stammdurchmesser.unit": "http://www.ontology-of-units-of-measure.org/resource/om-2/centimeter"}, "geometry": {"type": "MultiPoint", "coordinates": [[8.495865910456956, 53.91603703519419]]}}, {"type": "Feature", "id": "https://gdi-de.github.io/apworkshop2026/NEUW377", "name": "Baum NEUW377 (gdide:NEUW377)", "dateprops": [], "properties": {"http://www.w3.org/2000/01/rdf-schema#label": "Baum NEUW377", "http://rdfs.org/ns/void#inDataset.value": "72757", "http://www.w3.org/2000/01/rdf-schema#comment": "BUKEA", "http://www.wikidata.org/prop/direct/P2547.value": "8.0", "http://www.wikidata.org/prop/direct/P2547.unit": "http://www.ontology-of-units-of-measure.org/resource/om-2/meter", "http://www.wikidata.org/prop/direct/P3018": "Neuwerk", "https://gdi-de.github.io/apworkshop2026/ont#stammdurchmesser.value": "38.0", "https://gdi-de.github.io/apworkshop2026/ont#stammdurchmesser.unit": "http://www.ontology-of-units-of-measure.org/resource/om-2/centimeter"}, "geometry": {"type": "MultiPoint", "coordinates": [[8.499145057688036, 53.91335008010991]]}}, {"type": "Feature", "id": "https://gdi-de.github.io/apworkshop2026/NEUW534", "name": "Baum NEUW534 (gdide:NEUW534)", "dateprops": [], "properties": {"http://www.w3.org/2000/01/rdf-schema#label": "Baum NEUW534", "http://rdfs.org/ns/void#inDataset.value": "72757", "http://www.w3.org/2000/01/rdf-schema#comment": "BUKEA", "http://www.wikidata.org/prop/direct/P2547.value": "3.0", "http://www.wikidata.org/prop/direct/P2547.unit": "http://www.ontology-of-units-of-measure.org/resource/om-2/meter", "http://www.wikidata.org/prop/direct/P3018": "Neuwerk", "https://gdi-de.github.io/apworkshop2026/ont#stammdurchmesser.value": "24.0", "https://gdi-de.github.io/apworkshop2026/ont#stammdurchmesser.unit": "http://www.ontology-of-units-of-measure.org/resource/om-2/centimeter"}, "geometry": {"type": "MultiPoint", "coordinates": [[8.5002060219375, 53.92202909203224]]}}, {"type": "Feature", "id": "https://gdi-de.github.io/apworkshop2026/NEUW176", "name": "Baum NEUW176 (gdide:NEUW176)", "dateprops": [], "properties": {"http://www.w3.org/2000/01/rdf-schema#label": "Baum NEUW176", "http://rdfs.org/ns/void#inDataset.value": "72757", "http://www.w3.org/2000/01/rdf-schema#comment": "BUKEA", "http://www.wikidata.org/prop/direct/P2547.value": "5.0", "http://www.wikidata.org/prop/direct/P2547.unit": "http://www.ontology-of-units-of-measure.org/resource/om-2/meter", "http://www.wikidata.org/prop/direct/P3018": "Neuwerk", "https://gdi-de.github.io/apworkshop2026/ont#stammdurchmesser.value": "26.0", "https://gdi-de.github.io/apworkshop2026/ont#stammdurchmesser.unit": "http://www.ontology-of-units-of-measure.org/resource/om-2/centimeter"}, "geometry": {"type": "MultiPoint", "coordinates": [[8.501372628064372, 53.91363404985144]]}}, {"type": "Feature", "id": "https://gdi-de.github.io/apworkshop2026/NEUW546", "name": "Baum NEUW546 (gdide:NEUW546)", "dateprops": [], "properties": {"http://www.w3.org/2000/01/rdf-schema#label": "Baum NEUW546", "http://rdfs.org/ns/void#inDataset.value": "72757", "http://www.w3.org/2000/01/rdf-schema#comment": "BUKEA", "http://www.wikidata.org/prop/direct/P2547.value": "4.0", "http://www.wikidata.org/prop/direct/P2547.unit": "http://www.ontology-of-units-of-measure.org/resource/om-2/meter", "http://www.wikidata.org/prop/direct/P3018": "Neuwerk", "https://gdi-de.github.io/apworkshop2026/ont#stammdurchmesser.value": "35.0", "https://gdi-de.github.io/apworkshop2026/ont#stammdurchmesser.unit": "http://www.ontology-of-units-of-measure.org/resource/om-2/centimeter"}, "geometry": {"type": "MultiPoint", "coordinates": [[8.500271176745056, 53.92197110246529]]}}, {"type": "Feature", "id": "https://gdi-de.github.io/apworkshop2026/NEUW624", "name": "Baum NEUW624 (gdide:NEUW624)", "dateprops": [], "properties": {"http://www.w3.org/2000/01/rdf-schema#label": "Baum NEUW624", "http://rdfs.org/ns/void#inDataset.value": "72757", "http://www.w3.org/2000/01/rdf-schema#comment": "Liegenschaftsamt", "http://www.wikidata.org/prop/direct/P2547.value": "4.0", "http://www.wikidata.org/prop/direct/P2547.unit": "http://www.ontology-of-units-of-measure.org/resource/om-2/meter", "http://www.wikidata.org/prop/direct/P3018": "Neuwerk", "https://gdi-de.github.io/apworkshop2026/ont#stammdurchmesser.value": "22.0", "https://gdi-de.github.io/apworkshop2026/ont#stammdurchmesser.unit": "http://www.ontology-of-units-of-measure.org/resource/om-2/centimeter"}, "geometry": {"type": "MultiPoint", "coordinates": [[8.495704375402566, 53.91569438511638]]}}, {"type": "Feature", "id": "https://gdi-de.github.io/apworkshop2026/NEUW382", "name": "Baum NEUW382 (gdide:NEUW382)", "dateprops": [], "properties": {"http://www.w3.org/2000/01/rdf-schema#label": "Baum NEUW382", "http://rdfs.org/ns/void#inDataset.value": "72757", "http://www.w3.org/2000/01/rdf-schema#comment": "BUKEA", "http://www.wikidata.org/prop/direct/P2547.value": "4.0", "http://www.wikidata.org/prop/direct/P2547.unit": "http://www.ontology-of-units-of-measure.org/resource/om-2/meter", "http://www.wikidata.org/prop/direct/P3018": "Neuwerk", "https://gdi-de.github.io/apworkshop2026/ont#stammdurchmesser.value": "29.0", "https://gdi-de.github.io/apworkshop2026/ont#stammdurchmesser.unit": "http://www.ontology-of-units-of-measure.org/resource/om-2/centimeter"}, "geometry": {"type": "MultiPoint", "coordinates": [[8.499380353410405, 53.91332292063026]]}}, {"type": "Feature", "id": "https://gdi-de.github.io/apworkshop2026/PIOI209", "name": "Baum PIOI209 (gdide:PIOI209)", "dateprops": [], "properties": {"http://www.w3.org/2000/01/rdf-schema#label": "Baum PIOI209", "http://rdfs.org/ns/void#inDataset.value": "72757", "http://www.w3.org/2000/01/rdf-schema#comment": "Wasserwirtschaft", "http://www.wikidata.org/prop/direct/P2547.value": "8.0", "http://www.wikidata.org/prop/direct/P2547.unit": "http://www.ontology-of-units-of-measure.org/resource/om-2/meter", "http://www.wikidata.org/prop/direct/P3018": "Pionierinsel", "https://gdi-de.github.io/apworkshop2026/ont#stammdurchmesser.value": "31.0", "https://gdi-de.github.io/apworkshop2026/ont#stammdurchmesser.unit": "http://www.ontology-of-units-of-measure.org/resource/om-2/centimeter"}, "geometry": {"type": "MultiPoint", "coordinates": [[10.00331366110854, 53.47111926030182]]}}, {"type": "Feature", "id": "https://gdi-de.github.io/apworkshop2026/WITB56", "name": "Baum WITB56 (gdide:WITB56)", "dateprops": [], "properties": {"http://www.w3.org/2000/01/rdf-schema#label": "Baum WITB56", "http://rdfs.org/ns/void#inDataset.value": "72757", "http://www.w3.org/2000/01/rdf-schema#comment": "Wasserwirtschaft", "http://www.wikidata.org/prop/direct/P2547.value": "10.0", "http://www.wikidata.org/prop/direct/P2547.unit": "http://www.ontology-of-units-of-measure.org/resource/om-2/meter", "http://www.wikidata.org/prop/direct/P3018": "Wittenbergen", "https://gdi-de.github.io/apworkshop2026/ont#stammdurchmesser.value": "44.0", "https://gdi-de.github.io/apworkshop2026/ont#stammdurchmesser.unit": "http://www.ontology-of-units-of-measure.org/resource/om-2/centimeter"}, "geometry": {"type": "MultiPoint", "coordinates": [[9.762014273116524, 53.565174176588684]]}}, {"type": "Feature", "id": "https://gdi-de.github.io/apworkshop2026/BFAS407", "name": "Baum BFAS407 (gdide:BFAS407)", "dateprops": [], "properties": {"http://www.w3.org/2000/01/rdf-schema#label": "Baum BFAS407", "http://rdfs.org/ns/void#inDataset.value": "72757", "http://www.w3.org/2000/01/rdf-schema#comment": "sonst. \u00f6ff. Fl\u00e4chen", "http://www.wikidata.org/prop/direct/P2547.value": "4.0", "http://www.wikidata.org/prop/direct/P2547.unit": "http://www.ontology-of-units-of-measure.org/resource/om-2/meter", "http://www.wikidata.org/prop/direct/P3018": "Bahnhof Alte S\u00fcderelbe S\u00fcd", "https://gdi-de.github.io/apworkshop2026/ont#stammdurchmesser.value": "21.0", "https://gdi-de.github.io/apworkshop2026/ont#stammdurchmesser.unit": "http://www.ontology-of-units-of-measure.org/resource/om-2/centimeter"}, "geometry": {"type": "MultiPoint", "coordinates": [[9.911359269949768, 53.513604833795526]]}}, {"type": "Feature", "id": "https://gdi-de.github.io/apworkshop2026/NEUW642", "name": "Baum NEUW642 (gdide:NEUW642)", "dateprops": [], "properties": {"http://www.w3.org/2000/01/rdf-schema#label": "Baum NEUW642", "http://rdfs.org/ns/void#inDataset.value": "72757", "http://www.w3.org/2000/01/rdf-schema#comment": "Liegenschaftsamt", "http://www.wikidata.org/prop/direct/P2547.value": "5.0", "http://www.wikidata.org/prop/direct/P2547.unit": "http://www.ontology-of-units-of-measure.org/resource/om-2/meter", "http://www.wikidata.org/prop/direct/P3018": "Neuwerk", "https://gdi-de.github.io/apworkshop2026/ont#stammdurchmesser.value": "22.0", "https://gdi-de.github.io/apworkshop2026/ont#stammdurchmesser.unit": "http://www.ontology-of-units-of-measure.org/resource/om-2/centimeter"}, "geometry": {"type": "MultiPoint", "coordinates": [[8.495382446154196, 53.91526078691701]]}}, {"type": "Feature", "id": "https://gdi-de.github.io/apworkshop2026/NEUW449", "name": "Baum NEUW449 (gdide:NEUW449)", "dateprops": [], "properties": {"http://www.w3.org/2000/01/rdf-schema#label": "Baum NEUW449", "http://rdfs.org/ns/void#inDataset.value": "72757", "http://www.w3.org/2000/01/rdf-schema#comment": "Liegenschaftsamt", "http://www.wikidata.org/prop/direct/P2547.value": "4.0", "http://www.wikidata.org/prop/direct/P2547.unit": "http://www.ontology-of-units-of-measure.org/resource/om-2/meter", "http://www.wikidata.org/prop/direct/P3018": "Neuwerk", "https://gdi-de.github.io/apworkshop2026/ont#stammdurchmesser.value": "21.0", "https://gdi-de.github.io/apworkshop2026/ont#stammdurchmesser.unit": "http://www.ontology-of-units-of-measure.org/resource/om-2/centimeter"}, "geometry": {"type": "MultiPoint", "coordinates": [[8.498300758101951, 53.92141432023029]]}}, {"type": "Feature", "id": "https://gdi-de.github.io/apworkshop2026/NEUW550", "name": "Baum NEUW550 (gdide:NEUW550)", "dateprops": [], "properties": {"http://www.w3.org/2000/01/rdf-schema#label": "Baum NEUW550", "http://rdfs.org/ns/void#inDataset.value": "72757", "http://www.w3.org/2000/01/rdf-schema#comment": "BUKEA", "http://www.wikidata.org/prop/direct/P2547.value": "5.0", "http://www.wikidata.org/prop/direct/P2547.unit": "http://www.ontology-of-units-of-measure.org/resource/om-2/meter", "http://www.wikidata.org/prop/direct/P3018": "Neuwerk", "https://gdi-de.github.io/apworkshop2026/ont#stammdurchmesser.value": "30.0", "https://gdi-de.github.io/apworkshop2026/ont#stammdurchmesser.unit": "http://www.ontology-of-units-of-measure.org/resource/om-2/centimeter"}, "geometry": {"type": "MultiPoint", "coordinates": [[8.500178785018084, 53.92194812774048]]}}, {"type": "Feature", "id": "https://gdi-de.github.io/apworkshop2026/NEUW586", "name": "Baum NEUW586 (gdide:NEUW586)", "dateprops": [], "properties": {"http://www.w3.org/2000/01/rdf-schema#label": "Baum NEUW586", "http://rdfs.org/ns/void#inDataset.value": "72757", "http://www.w3.org/2000/01/rdf-schema#comment": "Liegenschaftsamt", "http://www.wikidata.org/prop/direct/P2547.value": "6.0", "http://www.wikidata.org/prop/direct/P2547.unit": "http://www.ontology-of-units-of-measure.org/resource/om-2/meter", "http://www.wikidata.org/prop/direct/P3018": "Neuwerk", "https://gdi-de.github.io/apworkshop2026/ont#stammdurchmesser.value": "41.0", "https://gdi-de.github.io/apworkshop2026/ont#stammdurchmesser.unit": "http://www.ontology-of-units-of-measure.org/resource/om-2/centimeter"}, "geometry": {"type": "MultiPoint", "coordinates": [[8.495385572291386, 53.91588027880694]]}}, {"type": "Feature", "id": "https://gdi-de.github.io/apworkshop2026/NEUW72", "name": "Baum NEUW72 (gdide:NEUW72)", "dateprops": [], "properties": {"http://www.w3.org/2000/01/rdf-schema#label": "Baum NEUW72", "http://rdfs.org/ns/void#inDataset.value": "72757", "http://www.w3.org/2000/01/rdf-schema#comment": "Liegenschaftsamt", "http://www.wikidata.org/prop/direct/P2547.value": "6.0", "http://www.wikidata.org/prop/direct/P2547.unit": "http://www.ontology-of-units-of-measure.org/resource/om-2/meter", "http://www.wikidata.org/prop/direct/P3018": "Neuwerk", "https://gdi-de.github.io/apworkshop2026/ont#stammdurchmesser.value": "44.0", "https://gdi-de.github.io/apworkshop2026/ont#stammdurchmesser.unit": "http://www.ontology-of-units-of-measure.org/resource/om-2/centimeter"}, "geometry": {"type": "MultiPoint", "coordinates": [[8.49606248879058, 53.914068945378474]]}}, {"type": "Feature", "id": "https://gdi-de.github.io/apworkshop2026/GZAW768", "name": "Baum GZAW768 (gdide:GZAW768)", "dateprops": [], "properties": {"http://www.w3.org/2000/01/rdf-schema#label": "Baum GZAW768", "http://rdfs.org/ns/void#inDataset.value": "72757", "http://www.w3.org/2000/01/rdf-schema#comment": "Stra\u00dfe", "http://www.wikidata.org/prop/direct/P2547.value": "1.5", "http://www.wikidata.org/prop/direct/P2547.unit": "http://www.ontology-of-units-of-measure.org/resource/om-2/meter", "http://www.wikidata.org/prop/direct/P3018": "Gr\u00fcnzug Altenwerder", "https://gdi-de.github.io/apworkshop2026/ont#stammdurchmesser.value": "6.0", "https://gdi-de.github.io/apworkshop2026/ont#stammdurchmesser.unit": "http://www.ontology-of-units-of-measure.org/resource/om-2/centimeter"}, "geometry": {"type": "MultiPoint", "coordinates": [[9.91920993467858, 53.50028379055326]]}}, {"type": "Feature", "id": "https://gdi-de.github.io/apworkshop2026/NEUW587", "name": "Baum NEUW587 (gdide:NEUW587)", "dateprops": [], "properties": {"http://www.w3.org/2000/01/rdf-schema#label": "Baum NEUW587", "http://rdfs.org/ns/void#inDataset.value": "72757", "http://www.w3.org/2000/01/rdf-schema#comment": "Liegenschaftsamt", "http://www.wikidata.org/prop/direct/P2547.value": "6.0", "http://www.wikidata.org/prop/direct/P2547.unit": "http://www.ontology-of-units-of-measure.org/resource/om-2/meter", "http://www.wikidata.org/prop/direct/P3018": "Neuwerk", "https://gdi-de.github.io/apworkshop2026/ont#stammdurchmesser.value": "25.0", "https://gdi-de.github.io/apworkshop2026/ont#stammdurchmesser.unit": "http://www.ontology-of-units-of-measure.org/resource/om-2/centimeter"}, "geometry": {"type": "MultiPoint", "coordinates": [[8.495491860955802, 53.91597426498745]]}}, {"type": "Feature", "id": "https://gdi-de.github.io/apworkshop2026/PIOI148", "name": "Baum PIOI148 (gdide:PIOI148)", "dateprops": [], "properties": {"http://www.w3.org/2000/01/rdf-schema#label": "Baum PIOI148", "http://rdfs.org/ns/void#inDataset.value": "72757", "http://www.w3.org/2000/01/rdf-schema#comment": "Wasserwirtschaft", "http://www.wikidata.org/prop/direct/P2547.value": "10.0", "http://www.wikidata.org/prop/direct/P2547.unit": "http://www.ontology-of-units-of-measure.org/resource/om-2/meter", "http://www.wikidata.org/prop/direct/P3018": "Pionierinsel", "https://gdi-de.github.io/apworkshop2026/ont#stammdurchmesser.value": "66.0", "https://gdi-de.github.io/apworkshop2026/ont#stammdurchmesser.unit": "http://www.ontology-of-units-of-measure.org/resource/om-2/centimeter"}, "geometry": {"type": "MultiPoint", "coordinates": [[10.004090820610292, 53.471083788134706]]}}, {"type": "Feature", "id": "https://gdi-de.github.io/apworkshop2026/NEUW481", "name": "Baum NEUW481 (gdide:NEUW481)", "dateprops": [], "properties": {"http://www.w3.org/2000/01/rdf-schema#label": "Baum NEUW481", "http://rdfs.org/ns/void#inDataset.value": "72757", "http://www.w3.org/2000/01/rdf-schema#comment": "HPA", "http://www.wikidata.org/prop/direct/P2547.value": "6.0", "http://www.wikidata.org/prop/direct/P2547.unit": "http://www.ontology-of-units-of-measure.org/resource/om-2/meter", "http://www.wikidata.org/prop/direct/P3018": "Neuwerk", "https://gdi-de.github.io/apworkshop2026/ont#stammdurchmesser.value": "29.0", "https://gdi-de.github.io/apworkshop2026/ont#stammdurchmesser.unit": "http://www.ontology-of-units-of-measure.org/resource/om-2/centimeter"}, "geometry": {"type": "MultiPoint", "coordinates": [[8.498593402272059, 53.92222635223576]]}}, {"type": "Feature", "id": "https://gdi-de.github.io/apworkshop2026/BFASN460", "name": "Baum BFASN460 (gdide:BFASN460)", "dateprops": [], "properties": {"http://www.w3.org/2000/01/rdf-schema#label": "Baum BFASN460", "http://rdfs.org/ns/void#inDataset.value": "72757", "http://www.w3.org/2000/01/rdf-schema#comment": "sonst. \u00f6ff. Fl\u00e4chen", "http://www.wikidata.org/prop/direct/P2547.value": "2.0", "http://www.wikidata.org/prop/direct/P2547.unit": "http://www.ontology-of-units-of-measure.org/resource/om-2/meter", "http://www.wikidata.org/prop/direct/P3018": "Bahnhof Alte S\u00fcderelbe Nord", "https://gdi-de.github.io/apworkshop2026/ont#stammdurchmesser.value": "11.0", "https://gdi-de.github.io/apworkshop2026/ont#stammdurchmesser.unit": "http://www.ontology-of-units-of-measure.org/resource/om-2/centimeter"}, "geometry": {"type": "MultiPoint", "coordinates": [[9.911564714655247, 53.5066825442161]]}}, {"type": "Feature", "id": "https://gdi-de.github.io/apworkshop2026/VHWN279", "name": "Baum VHWN279 (gdide:VHWN279)", "dateprops": [], "properties": {"http://www.w3.org/2000/01/rdf-schema#label": "Baum VHWN279", "http://rdfs.org/ns/void#inDataset.value": "72757", "http://www.w3.org/2000/01/rdf-schema#comment": "sonst. \u00f6ff. Fl\u00e4chen", "http://www.wikidata.org/prop/direct/P2547.value": "7.0", "http://www.wikidata.org/prop/direct/P2547.unit": "http://www.ontology-of-units-of-measure.org/resource/om-2/meter", "http://www.wikidata.org/prop/direct/P3018": "Vollh\u00f6fner Weiden", "https://gdi-de.github.io/apworkshop2026/ont#stammdurchmesser.value": "35.0", "https://gdi-de.github.io/apworkshop2026/ont#stammdurchmesser.unit": "http://www.ontology-of-units-of-measure.org/resource/om-2/centimeter"}, "geometry": {"type": "MultiPoint", "coordinates": [[9.897503286698242, 53.51457661116278]]}}, {"type": "Feature", "id": "https://gdi-de.github.io/apworkshop2026/KTWK980", "name": "Baum KTWK980 (gdide:KTWK980)", "dateprops": [], "properties": {"http://www.w3.org/2000/01/rdf-schema#label": "Baum KTWK980", "http://rdfs.org/ns/void#inDataset.value": "72757", "http://www.w3.org/2000/01/rdf-schema#comment": "sonst. \u00f6ff. Fl\u00e4chen", "http://www.wikidata.org/prop/direct/P2547.value": "5.0", "http://www.wikidata.org/prop/direct/P2547.unit": "http://www.ontology-of-units-of-measure.org/resource/om-2/meter", "http://www.wikidata.org/prop/direct/P3018": "Kattwyk", "https://gdi-de.github.io/apworkshop2026/ont#stammdurchmesser.value": "14.0", "https://gdi-de.github.io/apworkshop2026/ont#stammdurchmesser.unit": "http://www.ontology-of-units-of-measure.org/resource/om-2/centimeter"}, "geometry": {"type": "MultiPoint", "coordinates": [[9.942987944990499, 53.514457435746834]]}}, {"type": "Feature", "id": "https://gdi-de.github.io/apworkshop2026/NEUW295", "name": "Baum NEUW295 (gdide:NEUW295)", "dateprops": [], "properties": {"http://www.w3.org/2000/01/rdf-schema#label": "Baum NEUW295", "http://rdfs.org/ns/void#inDataset.value": "72757", "http://www.w3.org/2000/01/rdf-schema#comment": "BUKEA", "http://www.wikidata.org/prop/direct/P2547.value": "3.0", "http://www.wikidata.org/prop/direct/P2547.unit": "http://www.ontology-of-units-of-measure.org/resource/om-2/meter", "http://www.wikidata.org/prop/direct/P3018": "Neuwerk", "https://gdi-de.github.io/apworkshop2026/ont#stammdurchmesser.value": "21.0", "https://gdi-de.github.io/apworkshop2026/ont#stammdurchmesser.unit": "http://www.ontology-of-units-of-measure.org/resource/om-2/centimeter"}, "geometry": {"type": "MultiPoint", "coordinates": [[8.49759654180127, 53.913550026882874]]}}, {"type": "Feature", "id": "https://gdi-de.github.io/apworkshop2026/NEUW289", "name": "Baum NEUW289 (gdide:NEUW289)", "dateprops": [], "properties": {"http://www.w3.org/2000/01/rdf-schema#label": "Baum NEUW289", "http://rdfs.org/ns/void#inDataset.value": "72757", "http://www.w3.org/2000/01/rdf-schema#comment": "Liegenschaftsamt", "http://www.wikidata.org/prop/direct/P2547.value": "4.0", "http://www.wikidata.org/prop/direct/P2547.unit": "http://www.ontology-of-units-of-measure.org/resource/om-2/meter", "http://www.wikidata.org/prop/direct/P3018": "Neuwerk", "https://gdi-de.github.io/apworkshop2026/ont#stammdurchmesser.value": "32.0", "https://gdi-de.github.io/apworkshop2026/ont#stammdurchmesser.unit": "http://www.ontology-of-units-of-measure.org/resource/om-2/centimeter"}, "geometry": {"type": "MultiPoint", "coordinates": [[8.50560619935222, 53.91672007306681]]}}, {"type": "Feature", "id": "https://gdi-de.github.io/apworkshop2026/NEUW304", "name": "Baum NEUW304 (gdide:NEUW304)", "dateprops": [], "properties": {"http://www.w3.org/2000/01/rdf-schema#label": "Baum NEUW304", "http://rdfs.org/ns/void#inDataset.value": "72757", "http://www.w3.org/2000/01/rdf-schema#comment": "BUKEA", "http://www.wikidata.org/prop/direct/P2547.value": "8.0", "http://www.wikidata.org/prop/direct/P2547.unit": "http://www.ontology-of-units-of-measure.org/resource/om-2/meter", "http://www.wikidata.org/prop/direct/P3018": "Neuwerk", "https://gdi-de.github.io/apworkshop2026/ont#stammdurchmesser.value": "29.0", "https://gdi-de.github.io/apworkshop2026/ont#stammdurchmesser.unit": "http://www.ontology-of-units-of-measure.org/resource/om-2/centimeter"}, "geometry": {"type": "MultiPoint", "coordinates": [[8.497896327577887, 53.913729956466504]]}}, {"type": "Feature", "id": "https://gdi-de.github.io/apworkshop2026/NEUW338", "name": "Baum NEUW338 (gdide:NEUW338)", "dateprops": [], "properties": {"http://www.w3.org/2000/01/rdf-schema#label": "Baum NEUW338", "http://rdfs.org/ns/void#inDataset.value": "72757", "http://www.w3.org/2000/01/rdf-schema#comment": "BUKEA", "http://www.wikidata.org/prop/direct/P2547.value": "4.0", "http://www.wikidata.org/prop/direct/P2547.unit": "http://www.ontology-of-units-of-measure.org/resource/om-2/meter", "http://www.wikidata.org/prop/direct/P3018": "Neuwerk", "https://gdi-de.github.io/apworkshop2026/ont#stammdurchmesser.value": "18.0", "https://gdi-de.github.io/apworkshop2026/ont#stammdurchmesser.unit": "http://www.ontology-of-units-of-measure.org/resource/om-2/centimeter"}, "geometry": {"type": "MultiPoint", "coordinates": [[8.496992101379199, 53.913527047523935]]}}, {"type": "Feature", "id": "https://gdi-de.github.io/apworkshop2026/WITB54", "name": "Baum WITB54 (gdide:WITB54)", "dateprops": [], "properties": {"http://www.w3.org/2000/01/rdf-schema#label": "Baum WITB54", "http://rdfs.org/ns/void#inDataset.value": "72757", "http://www.w3.org/2000/01/rdf-schema#comment": "Wasserwirtschaft", "http://www.wikidata.org/prop/direct/P2547.value": "8.0", "http://www.wikidata.org/prop/direct/P2547.unit": "http://www.ontology-of-units-of-measure.org/resource/om-2/meter", "http://www.wikidata.org/prop/direct/P3018": "Wittenbergen", "https://gdi-de.github.io/apworkshop2026/ont#stammdurchmesser.value": "43.0", "https://gdi-de.github.io/apworkshop2026/ont#stammdurchmesser.unit": "http://www.ontology-of-units-of-measure.org/resource/om-2/centimeter"}, "geometry": {"type": "MultiPoint", "coordinates": [[9.762038491696584, 53.565186079343334]]}}, {"type": "Feature", "id": "https://gdi-de.github.io/apworkshop2026/KTWK604", "name": "Baum KTWK604 (gdide:KTWK604)", "dateprops": [], "properties": {"http://www.w3.org/2000/01/rdf-schema#label": "Baum KTWK604", "http://rdfs.org/ns/void#inDataset.value": "72757", "http://www.w3.org/2000/01/rdf-schema#comment": "Wasserwirtschaft", "http://www.wikidata.org/prop/direct/P2547.value": "5.0", "http://www.wikidata.org/prop/direct/P2547.unit": "http://www.ontology-of-units-of-measure.org/resource/om-2/meter", "http://www.wikidata.org/prop/direct/P3018": "Kattwyk", "https://gdi-de.github.io/apworkshop2026/ont#stammdurchmesser.value": "28.0", "https://gdi-de.github.io/apworkshop2026/ont#stammdurchmesser.unit": "http://www.ontology-of-units-of-measure.org/resource/om-2/centimeter"}, "geometry": {"type": "MultiPoint", "coordinates": [[9.942452360434952, 53.50951489425223]]}}, {"type": "Feature", "id": "https://gdi-de.github.io/apworkshop2026/GZAW771", "name": "Baum GZAW771 (gdide:GZAW771)", "dateprops": [], "properties": {"http://www.w3.org/2000/01/rdf-schema#label": "Baum GZAW771", "http://rdfs.org/ns/void#inDataset.value": "72757", "http://www.w3.org/2000/01/rdf-schema#comment": "sonst. \u00f6ff. Fl\u00e4chen", "http://www.wikidata.org/prop/direct/P2547.value": "4.0", "http://www.wikidata.org/prop/direct/P2547.unit": "http://www.ontology-of-units-of-measure.org/resource/om-2/meter", "http://www.wikidata.org/prop/direct/P3018": "Gr\u00fcnzug Altenwerder", "https://gdi-de.github.io/apworkshop2026/ont#stammdurchmesser.value": "16.0", "https://gdi-de.github.io/apworkshop2026/ont#stammdurchmesser.unit": "http://www.ontology-of-units-of-measure.org/resource/om-2/centimeter"}, "geometry": {"type": "MultiPoint", "coordinates": [[9.919010517668658, 53.50674712481154]]}}, {"type": "Feature", "id": "https://gdi-de.github.io/apworkshop2026/NEUW257", "name": "Baum NEUW257 (gdide:NEUW257)", "dateprops": [], "properties": {"http://www.w3.org/2000/01/rdf-schema#label": "Baum NEUW257", "http://rdfs.org/ns/void#inDataset.value": "72757", "http://www.w3.org/2000/01/rdf-schema#comment": "BUKEA", "http://www.wikidata.org/prop/direct/P2547.value": "8.0", "http://www.wikidata.org/prop/direct/P2547.unit": "http://www.ontology-of-units-of-measure.org/resource/om-2/meter", "http://www.wikidata.org/prop/direct/P3018": "Neuwerk", "https://gdi-de.github.io/apworkshop2026/ont#stammdurchmesser.value": "33.0", "https://gdi-de.github.io/apworkshop2026/ont#stammdurchmesser.unit": "http://www.ontology-of-units-of-measure.org/resource/om-2/centimeter"}, "geometry": {"type": "MultiPoint", "coordinates": [[8.497325412282217, 53.91572674924889]]}}, {"type": "Feature", "id": "https://gdi-de.github.io/apworkshop2026/ALTW655", "name": "Baum ALTW655 (gdide:ALTW655)", "dateprops": [], "properties": {"http://www.w3.org/2000/01/rdf-schema#label": "Baum ALTW655", "http://rdfs.org/ns/void#inDataset.value": "72757", "http://www.w3.org/2000/01/rdf-schema#comment": "sonst. \u00f6ff. Fl\u00e4chen", "http://www.wikidata.org/prop/direct/P2547.value": "1.0", "http://www.wikidata.org/prop/direct/P2547.unit": "http://www.ontology-of-units-of-measure.org/resource/om-2/meter", "http://www.wikidata.org/prop/direct/P3018": "Altenwerder Logistik", "https://gdi-de.github.io/apworkshop2026/ont#stammdurchmesser.value": "10.0", "https://gdi-de.github.io/apworkshop2026/ont#stammdurchmesser.unit": "http://www.ontology-of-units-of-measure.org/resource/om-2/centimeter"}, "geometry": {"type": "MultiPoint", "coordinates": [[9.91790330814837, 53.51227206103127]]}}, {"type": "Feature", "id": "https://gdi-de.github.io/apworkshop2026/NEUW726", "name": "Baum NEUW726 (gdide:NEUW726)", "dateprops": [], "properties": {"http://www.w3.org/2000/01/rdf-schema#label": "Baum NEUW726", "http://rdfs.org/ns/void#inDataset.value": "72757", "http://www.w3.org/2000/01/rdf-schema#comment": "Liegenschaftsamt", "http://www.wikidata.org/prop/direct/P2547.value": "12.0", "http://www.wikidata.org/prop/direct/P2547.unit": "http://www.ontology-of-units-of-measure.org/resource/om-2/meter", "http://www.wikidata.org/prop/direct/P3018": "Neuwerk", "https://gdi-de.github.io/apworkshop2026/ont#stammdurchmesser.value": "37.0", "https://gdi-de.github.io/apworkshop2026/ont#stammdurchmesser.unit": "http://www.ontology-of-units-of-measure.org/resource/om-2/centimeter"}, "geometry": {"type": "MultiPoint", "coordinates": [[8.505909767036181, 53.91766495897617]]}}, {"type": "Feature", "id": "https://gdi-de.github.io/apworkshop2026/BFASN309", "name": "Baum BFASN309 (gdide:BFASN309)", "dateprops": [], "properties": {"http://www.w3.org/2000/01/rdf-schema#label": "Baum BFASN309", "http://rdfs.org/ns/void#inDataset.value": "72757", "http://www.w3.org/2000/01/rdf-schema#comment": "sonst. \u00f6ff. Fl\u00e4chen", "http://www.wikidata.org/prop/direct/P2547.value": "4.0", "http://www.wikidata.org/prop/direct/P2547.unit": "http://www.ontology-of-units-of-measure.org/resource/om-2/meter", "http://www.wikidata.org/prop/direct/P3018": "Bahnhof Alte S\u00fcderelbe Nord", "https://gdi-de.github.io/apworkshop2026/ont#stammdurchmesser.value": "29.0", "https://gdi-de.github.io/apworkshop2026/ont#stammdurchmesser.unit": "http://www.ontology-of-units-of-measure.org/resource/om-2/centimeter"}, "geometry": {"type": "MultiPoint", "coordinates": [[9.907702686568914, 53.50580162472343]]}}, {"type": "Feature", "id": "https://gdi-de.github.io/apworkshop2026/NEUW305", "name": "Baum NEUW305 (gdide:NEUW305)", "dateprops": [], "properties": {"http://www.w3.org/2000/01/rdf-schema#label": "Baum NEUW305", "http://rdfs.org/ns/void#inDataset.value": "72757", "http://www.w3.org/2000/01/rdf-schema#comment": "BUKEA", "http://www.wikidata.org/prop/direct/P2547.value": "6.0", "http://www.wikidata.org/prop/direct/P2547.unit": "http://www.ontology-of-units-of-measure.org/resource/om-2/meter", "http://www.wikidata.org/prop/direct/P3018": "Neuwerk", "https://gdi-de.github.io/apworkshop2026/ont#stammdurchmesser.value": "24.0", "https://gdi-de.github.io/apworkshop2026/ont#stammdurchmesser.unit": "http://www.ontology-of-units-of-measure.org/resource/om-2/centimeter"}, "geometry": {"type": "MultiPoint", "coordinates": [[8.497910485026765, 53.913725263259245]]}}, {"type": "Feature", "id": "https://gdi-de.github.io/apworkshop2026/NEUW82", "name": "Baum NEUW82 (gdide:NEUW82)", "dateprops": [], "properties": {"http://www.w3.org/2000/01/rdf-schema#label": "Baum NEUW82", "http://rdfs.org/ns/void#inDataset.value": "72757", "http://www.w3.org/2000/01/rdf-schema#comment": "Liegenschaftsamt", "http://www.wikidata.org/prop/direct/P2547.value": "4.0", "http://www.wikidata.org/prop/direct/P2547.unit": "http://www.ontology-of-units-of-measure.org/resource/om-2/meter", "http://www.wikidata.org/prop/direct/P3018": "Neuwerk", "https://gdi-de.github.io/apworkshop2026/ont#stammdurchmesser.value": "38.0", "https://gdi-de.github.io/apworkshop2026/ont#stammdurchmesser.unit": "http://www.ontology-of-units-of-measure.org/resource/om-2/centimeter"}, "geometry": {"type": "MultiPoint", "coordinates": [[8.49680714724535, 53.91428173533607]]}}, {"type": "Feature", "id": "https://gdi-de.github.io/apworkshop2026/NEUW390", "name": "Baum NEUW390 (gdide:NEUW390)", "dateprops": [], "properties": {"http://www.w3.org/2000/01/rdf-schema#label": "Baum NEUW390", "http://rdfs.org/ns/void#inDataset.value": "72757", "http://www.w3.org/2000/01/rdf-schema#comment": "BUKEA", "http://www.wikidata.org/prop/direct/P2547.value": "3.0", "http://www.wikidata.org/prop/direct/P2547.unit": "http://www.ontology-of-units-of-measure.org/resource/om-2/meter", "http://www.wikidata.org/prop/direct/P3018": "Neuwerk", "https://gdi-de.github.io/apworkshop2026/ont#stammdurchmesser.value": "16.0", "https://gdi-de.github.io/apworkshop2026/ont#stammdurchmesser.unit": "http://www.ontology-of-units-of-measure.org/resource/om-2/centimeter"}, "geometry": {"type": "MultiPoint", "coordinates": [[8.499955625535204, 53.913373054275084]]}}, {"type": "Feature", "id": "https://gdi-de.github.io/apworkshop2026/NEUW623", "name": "Baum NEUW623 (gdide:NEUW623)", "dateprops": [], "properties": {"http://www.w3.org/2000/01/rdf-schema#label": "Baum NEUW623", "http://rdfs.org/ns/void#inDataset.value": "72757", "http://www.w3.org/2000/01/rdf-schema#comment": "Liegenschaftsamt", "http://www.wikidata.org/prop/direct/P2547.value": "5.0", "http://www.wikidata.org/prop/direct/P2547.unit": "http://www.ontology-of-units-of-measure.org/resource/om-2/meter", "http://www.wikidata.org/prop/direct/P3018": "Neuwerk", "https://gdi-de.github.io/apworkshop2026/ont#stammdurchmesser.value": "32.0", "https://gdi-de.github.io/apworkshop2026/ont#stammdurchmesser.unit": "http://www.ontology-of-units-of-measure.org/resource/om-2/centimeter"}, "geometry": {"type": "MultiPoint", "coordinates": [[8.495788718224592, 53.915687364154465]]}}, {"type": "Feature", "id": "https://gdi-de.github.io/apworkshop2026/BFASN406", "name": "Baum BFASN406 (gdide:BFASN406)", "dateprops": [], "properties": {"http://www.w3.org/2000/01/rdf-schema#label": "Baum BFASN406", "http://rdfs.org/ns/void#inDataset.value": "72757", "http://www.w3.org/2000/01/rdf-schema#comment": "sonst. \u00f6ff. Fl\u00e4chen", "http://www.wikidata.org/prop/direct/P2547.value": "6.0", "http://www.wikidata.org/prop/direct/P2547.unit": "http://www.ontology-of-units-of-measure.org/resource/om-2/meter", "http://www.wikidata.org/prop/direct/P3018": "Bahnhof Alte S\u00fcderelbe Nord", "https://gdi-de.github.io/apworkshop2026/ont#stammdurchmesser.value": "38.0", "https://gdi-de.github.io/apworkshop2026/ont#stammdurchmesser.unit": "http://www.ontology-of-units-of-measure.org/resource/om-2/centimeter"}, "geometry": {"type": "MultiPoint", "coordinates": [[9.911565945347185, 53.506727512366126]]}}, {"type": "Feature", "id": "https://gdi-de.github.io/apworkshop2026/NEUW480", "name": "Baum NEUW480 (gdide:NEUW480)", "dateprops": [], "properties": {"http://www.w3.org/2000/01/rdf-schema#label": "Baum NEUW480", "http://rdfs.org/ns/void#inDataset.value": "72757", "http://www.w3.org/2000/01/rdf-schema#comment": "HPA", "http://www.wikidata.org/prop/direct/P2547.value": "6.0", "http://www.wikidata.org/prop/direct/P2547.unit": "http://www.ontology-of-units-of-measure.org/resource/om-2/meter", "http://www.wikidata.org/prop/direct/P3018": "Neuwerk", "https://gdi-de.github.io/apworkshop2026/ont#stammdurchmesser.value": "38.0", "https://gdi-de.github.io/apworkshop2026/ont#stammdurchmesser.unit": "http://www.ontology-of-units-of-measure.org/resource/om-2/centimeter"}, "geometry": {"type": "MultiPoint", "coordinates": [[8.498654532627143, 53.92222423093573]]}}, {"type": "Feature", "id": "https://gdi-de.github.io/apworkshop2026/BFASN202", "name": "Baum BFASN202 (gdide:BFASN202)", "dateprops": [], "properties": {"http://www.w3.org/2000/01/rdf-schema#label": "Baum BFASN202", "http://rdfs.org/ns/void#inDataset.value": "72757", "http://www.w3.org/2000/01/rdf-schema#comment": "sonst. \u00f6ff. Fl\u00e4chen", "http://www.wikidata.org/prop/direct/P2547.value": "6.0", "http://www.wikidata.org/prop/direct/P2547.unit": "http://www.ontology-of-units-of-measure.org/resource/om-2/meter", "http://www.wikidata.org/prop/direct/P3018": "Bahnhof Alte S\u00fcderelbe Nord", "https://gdi-de.github.io/apworkshop2026/ont#stammdurchmesser.value": "21.0", "https://gdi-de.github.io/apworkshop2026/ont#stammdurchmesser.unit": "http://www.ontology-of-units-of-measure.org/resource/om-2/centimeter"}, "geometry": {"type": "MultiPoint", "coordinates": [[9.913808796066506, 53.50995455911804]]}}, {"type": "Feature", "id": "https://gdi-de.github.io/apworkshop2026/GZAW428", "name": "Baum GZAW428 (gdide:GZAW428)", "dateprops": [], "properties": {"http://www.w3.org/2000/01/rdf-schema#label": "Baum GZAW428", "http://rdfs.org/ns/void#inDataset.value": "72757", "http://www.w3.org/2000/01/rdf-schema#comment": "sonst. \u00f6ff. Fl\u00e4chen", "http://www.wikidata.org/prop/direct/P2547.value": "8.0", "http://www.wikidata.org/prop/direct/P2547.unit": "http://www.ontology-of-units-of-measure.org/resource/om-2/meter", "http://www.wikidata.org/prop/direct/P3018": "Gr\u00fcnzug Altenwerder", "https://gdi-de.github.io/apworkshop2026/ont#stammdurchmesser.value": "27.0", "https://gdi-de.github.io/apworkshop2026/ont#stammdurchmesser.unit": "http://www.ontology-of-units-of-measure.org/resource/om-2/centimeter"}, "geometry": {"type": "MultiPoint", "coordinates": [[9.918260846614602, 53.50692726931946]]}}, {"type": "Feature", "id": "https://gdi-de.github.io/apworkshop2026/WITB60", "name": "Baum WITB60 (gdide:WITB60)", "dateprops": [], "properties": {"http://www.w3.org/2000/01/rdf-schema#label": "Baum WITB60", "http://rdfs.org/ns/void#inDataset.value": "72757", "http://www.w3.org/2000/01/rdf-schema#comment": "Wasserwirtschaft", "http://www.wikidata.org/prop/direct/P2547.value": "12.0", "http://www.wikidata.org/prop/direct/P2547.unit": "http://www.ontology-of-units-of-measure.org/resource/om-2/meter", "http://www.wikidata.org/prop/direct/P3018": "Wittenbergen", "https://gdi-de.github.io/apworkshop2026/ont#stammdurchmesser.value": "54.0", "https://gdi-de.github.io/apworkshop2026/ont#stammdurchmesser.unit": "http://www.ontology-of-units-of-measure.org/resource/om-2/centimeter"}, "geometry": {"type": "MultiPoint", "coordinates": [[9.761900447586871, 53.5652700974374]]}}, {"type": "Feature", "id": "https://gdi-de.github.io/apworkshop2026/NEUW353", "name": "Baum NEUW353 (gdide:NEUW353)", "dateprops": [], "properties": {"http://www.w3.org/2000/01/rdf-schema#label": "Baum NEUW353", "http://rdfs.org/ns/void#inDataset.value": "72757", "http://www.w3.org/2000/01/rdf-schema#comment": "BUKEA", "http://www.wikidata.org/prop/direct/P2547.value": "4.0", "http://www.wikidata.org/prop/direct/P2547.unit": "http://www.ontology-of-units-of-measure.org/resource/om-2/meter", "http://www.wikidata.org/prop/direct/P3018": "Neuwerk", "https://gdi-de.github.io/apworkshop2026/ont#stammdurchmesser.value": "29.0", "https://gdi-de.github.io/apworkshop2026/ont#stammdurchmesser.unit": "http://www.ontology-of-units-of-measure.org/resource/om-2/centimeter"}, "geometry": {"type": "MultiPoint", "coordinates": [[8.498072029064309, 53.91342368522691]]}}, {"type": "Feature", "id": "https://gdi-de.github.io/apworkshop2026/NEUW518", "name": "Baum NEUW518 (gdide:NEUW518)", "dateprops": [], "properties": {"http://www.w3.org/2000/01/rdf-schema#label": "Baum NEUW518", "http://rdfs.org/ns/void#inDataset.value": "72757", "http://www.w3.org/2000/01/rdf-schema#comment": "BUKEA", "http://www.wikidata.org/prop/direct/P2547.value": "6.0", "http://www.wikidata.org/prop/direct/P2547.unit": "http://www.ontology-of-units-of-measure.org/resource/om-2/meter", "http://www.wikidata.org/prop/direct/P3018": "Neuwerk", "https://gdi-de.github.io/apworkshop2026/ont#stammdurchmesser.value": "35.0", "https://gdi-de.github.io/apworkshop2026/ont#stammdurchmesser.unit": "http://www.ontology-of-units-of-measure.org/resource/om-2/centimeter"}, "geometry": {"type": "MultiPoint", "coordinates": [[8.500078146756804, 53.92226462554817]]}}, {"type": "Feature", "id": "https://gdi-de.github.io/apworkshop2026/NEUW404", "name": "Baum NEUW404 (gdide:NEUW404)", "dateprops": [], "properties": {"http://www.w3.org/2000/01/rdf-schema#label": "Baum NEUW404", "http://rdfs.org/ns/void#inDataset.value": "72757", "http://www.w3.org/2000/01/rdf-schema#comment": "BUKEA", "http://www.wikidata.org/prop/direct/P2547.value": "2.0", "http://www.wikidata.org/prop/direct/P2547.unit": "http://www.ontology-of-units-of-measure.org/resource/om-2/meter", "http://www.wikidata.org/prop/direct/P3018": "Neuwerk", "https://gdi-de.github.io/apworkshop2026/ont#stammdurchmesser.value": "25.0", "https://gdi-de.github.io/apworkshop2026/ont#stammdurchmesser.unit": "http://www.ontology-of-units-of-measure.org/resource/om-2/centimeter"}, "geometry": {"type": "MultiPoint", "coordinates": [[8.498834366363871, 53.921957099681485]]}}, {"type": "Feature", "id": "https://gdi-de.github.io/apworkshop2026/GZAW493", "name": "Baum GZAW493 (gdide:GZAW493)", "dateprops": [], "properties": {"http://www.w3.org/2000/01/rdf-schema#label": "Baum GZAW493", "http://rdfs.org/ns/void#inDataset.value": "72757", "http://www.w3.org/2000/01/rdf-schema#comment": "sonst. \u00f6ff. Fl\u00e4chen", "http://www.wikidata.org/prop/direct/P2547.value": "10.0", "http://www.wikidata.org/prop/direct/P2547.unit": "http://www.ontology-of-units-of-measure.org/resource/om-2/meter", "http://www.wikidata.org/prop/direct/P3018": "Gr\u00fcnzug Altenwerder", "https://gdi-de.github.io/apworkshop2026/ont#stammdurchmesser.value": "25.0", "https://gdi-de.github.io/apworkshop2026/ont#stammdurchmesser.unit": "http://www.ontology-of-units-of-measure.org/resource/om-2/centimeter"}, "geometry": {"type": "MultiPoint", "coordinates": [[9.917279841408579, 53.508422617085216]]}}, {"type": "Feature", "id": "https://gdi-de.github.io/apworkshop2026/BFHS354", "name": "Baum BFHS354 (gdide:BFHS354)", "dateprops": [], "properties": {"http://www.w3.org/2000/01/rdf-schema#label": "Baum BFHS354", "http://rdfs.org/ns/void#inDataset.value": "72757", "http://www.w3.org/2000/01/rdf-schema#comment": "sonst. \u00f6ff. Fl\u00e4chen", "http://www.wikidata.org/prop/direct/P2547.value": "7.0", "http://www.wikidata.org/prop/direct/P2547.unit": "http://www.ontology-of-units-of-measure.org/resource/om-2/meter", "http://www.wikidata.org/prop/direct/P3018": "Bahnhof Hohe Schaar", "https://gdi-de.github.io/apworkshop2026/ont#stammdurchmesser.value": "28.0", "https://gdi-de.github.io/apworkshop2026/ont#stammdurchmesser.unit": "http://www.ontology-of-units-of-measure.org/resource/om-2/centimeter"}, "geometry": {"type": "MultiPoint", "coordinates": [[9.962204292323353, 53.497967043820516]]}}, {"type": "Feature", "id": "https://gdi-de.github.io/apworkshop2026/WITB583", "name": "Baum WITB583 (gdide:WITB583)", "dateprops": [], "properties": {"http://www.w3.org/2000/01/rdf-schema#label": "Baum WITB583", "http://rdfs.org/ns/void#inDataset.value": "72757", "http://www.w3.org/2000/01/rdf-schema#comment": "Wasserwirtschaft", "http://www.wikidata.org/prop/direct/P2547.value": "10.0", "http://www.wikidata.org/prop/direct/P2547.unit": "http://www.ontology-of-units-of-measure.org/resource/om-2/meter", "http://www.wikidata.org/prop/direct/P3018": "Wittenbergen", "https://gdi-de.github.io/apworkshop2026/ont#stammdurchmesser.value": "41.0", "https://gdi-de.github.io/apworkshop2026/ont#stammdurchmesser.unit": "http://www.ontology-of-units-of-measure.org/resource/om-2/centimeter"}, "geometry": {"type": "MultiPoint", "coordinates": [[9.76490192556363, 53.56480741431656]]}}, {"type": "Feature", "id": "https://gdi-de.github.io/apworkshop2026/NEUW619", "name": "Baum NEUW619 (gdide:NEUW619)", "dateprops": [], "properties": {"http://www.w3.org/2000/01/rdf-schema#label": "Baum NEUW619", "http://rdfs.org/ns/void#inDataset.value": "72757", "http://www.w3.org/2000/01/rdf-schema#comment": "Liegenschaftsamt", "http://www.wikidata.org/prop/direct/P2547.value": "3.0", "http://www.wikidata.org/prop/direct/P2547.unit": "http://www.ontology-of-units-of-measure.org/resource/om-2/meter", "http://www.wikidata.org/prop/direct/P3018": "Neuwerk", "https://gdi-de.github.io/apworkshop2026/ont#stammdurchmesser.value": "19.0", "https://gdi-de.github.io/apworkshop2026/ont#stammdurchmesser.unit": "http://www.ontology-of-units-of-measure.org/resource/om-2/centimeter"}, "geometry": {"type": "MultiPoint", "coordinates": [[8.495952004993788, 53.915786742136355]]}}, {"type": "Feature", "id": "https://gdi-de.github.io/apworkshop2026/BFAS1040", "name": "Baum BFAS1040 (gdide:BFAS1040)", "dateprops": [], "properties": {"http://www.w3.org/2000/01/rdf-schema#label": "Baum BFAS1040", "http://rdfs.org/ns/void#inDataset.value": "72757", "http://www.w3.org/2000/01/rdf-schema#comment": "Bahn", "http://www.wikidata.org/prop/direct/P2547.value": "4.0", "http://www.wikidata.org/prop/direct/P2547.unit": "http://www.ontology-of-units-of-measure.org/resource/om-2/meter", "http://www.wikidata.org/prop/direct/P3018": "Bahnhof Alte S\u00fcderelbe S\u00fcd", "https://gdi-de.github.io/apworkshop2026/ont#stammdurchmesser.value": "29.0", "https://gdi-de.github.io/apworkshop2026/ont#stammdurchmesser.unit": "http://www.ontology-of-units-of-measure.org/resource/om-2/centimeter"}, "geometry": {"type": "MultiPoint", "coordinates": [[9.907211712350378, 53.49517329667607]]}}, {"type": "Feature", "id": "https://gdi-de.github.io/apworkshop2026/GZAW176", "name": "Baum GZAW176 (gdide:GZAW176)", "dateprops": [], "properties": {"http://www.w3.org/2000/01/rdf-schema#label": "Baum GZAW176", "http://rdfs.org/ns/void#inDataset.value": "72757", "http://www.w3.org/2000/01/rdf-schema#comment": "sonst. \u00f6ff. Fl\u00e4chen", "http://www.wikidata.org/prop/direct/P2547.value": "12.0", "http://www.wikidata.org/prop/direct/P2547.unit": "http://www.ontology-of-units-of-measure.org/resource/om-2/meter", "http://www.wikidata.org/prop/direct/P3018": "Gr\u00fcnzug Altenwerder", "https://gdi-de.github.io/apworkshop2026/ont#stammdurchmesser.value": "32.0", "https://gdi-de.github.io/apworkshop2026/ont#stammdurchmesser.unit": "http://www.ontology-of-units-of-measure.org/resource/om-2/centimeter"}, "geometry": {"type": "MultiPoint", "coordinates": [[9.917626519243028, 53.504791546781796]]}}, {"type": "Feature", "id": "https://gdi-de.github.io/apworkshop2026/NEUW342", "name": "Baum NEUW342 (gdide:NEUW342)", "dateprops": [], "properties": {"http://www.w3.org/2000/01/rdf-schema#label": "Baum NEUW342", "http://rdfs.org/ns/void#inDataset.value": "72757", "http://www.w3.org/2000/01/rdf-schema#comment": "BUKEA", "http://www.wikidata.org/prop/direct/P2547.value": "5.0", "http://www.wikidata.org/prop/direct/P2547.unit": "http://www.ontology-of-units-of-measure.org/resource/om-2/meter", "http://www.wikidata.org/prop/direct/P3018": "Neuwerk", "https://gdi-de.github.io/apworkshop2026/ont#stammdurchmesser.value": "29.0", "https://gdi-de.github.io/apworkshop2026/ont#stammdurchmesser.unit": "http://www.ontology-of-units-of-measure.org/resource/om-2/centimeter"}, "geometry": {"type": "MultiPoint", "coordinates": [[8.497328682149853, 53.91350785131017]]}}, {"type": "Feature", "id": "https://gdi-de.github.io/apworkshop2026/NEUW574", "name": "Baum NEUW574 (gdide:NEUW574)", "dateprops": [], "properties": {"http://www.w3.org/2000/01/rdf-schema#label": "Baum NEUW574", "http://rdfs.org/ns/void#inDataset.value": "72757", "http://www.w3.org/2000/01/rdf-schema#comment": "Liegenschaftsamt", "http://www.wikidata.org/prop/direct/P2547.value": "3.0", "http://www.wikidata.org/prop/direct/P2547.unit": "http://www.ontology-of-units-of-measure.org/resource/om-2/meter", "http://www.wikidata.org/prop/direct/P3018": "Neuwerk", "https://gdi-de.github.io/apworkshop2026/ont#stammdurchmesser.value": "25.0", "https://gdi-de.github.io/apworkshop2026/ont#stammdurchmesser.unit": "http://www.ontology-of-units-of-measure.org/resource/om-2/centimeter"}, "geometry": {"type": "MultiPoint", "coordinates": [[8.495076596749412, 53.915808672665904]]}}, {"type": "Feature", "id": "https://gdi-de.github.io/apworkshop2026/BFAS1780", "name": "Baum BFAS1780 (gdide:BFAS1780)", "dateprops": [], "properties": {"http://www.w3.org/2000/01/rdf-schema#label": "Baum BFAS1780", "http://rdfs.org/ns/void#inDataset.value": "72757", "http://www.w3.org/2000/01/rdf-schema#comment": "Bahn", "http://www.wikidata.org/prop/direct/P2547.value": "4.5", "http://www.wikidata.org/prop/direct/P2547.unit": "http://www.ontology-of-units-of-measure.org/resource/om-2/meter", "http://www.wikidata.org/prop/direct/P3018": "Bahnhof Alte S\u00fcderelbe S\u00fcd", "https://gdi-de.github.io/apworkshop2026/ont#stammdurchmesser.value": "32.0", "https://gdi-de.github.io/apworkshop2026/ont#stammdurchmesser.unit": "http://www.ontology-of-units-of-measure.org/resource/om-2/centimeter"}, "geometry": {"type": "MultiPoint", "coordinates": [[9.902245888341835, 53.48669648227593]]}}, {"type": "Feature", "id": "https://gdi-de.github.io/apworkshop2026/NEUW211", "name": "Baum NEUW211 (gdide:NEUW211)", "dateprops": [], "properties": {"http://www.w3.org/2000/01/rdf-schema#label": "Baum NEUW211", "http://rdfs.org/ns/void#inDataset.value": "72757", "http://www.w3.org/2000/01/rdf-schema#comment": "HPA", "http://www.wikidata.org/prop/direct/P2547.value": "6.5", "http://www.wikidata.org/prop/direct/P2547.unit": "http://www.ontology-of-units-of-measure.org/resource/om-2/meter", "http://www.wikidata.org/prop/direct/P3018": "Neuwerk", "https://gdi-de.github.io/apworkshop2026/ont#stammdurchmesser.value": "37.0", "https://gdi-de.github.io/apworkshop2026/ont#stammdurchmesser.unit": "http://www.ontology-of-units-of-measure.org/resource/om-2/centimeter"}, "geometry": {"type": "MultiPoint", "coordinates": [[8.506641983824268, 53.92302802664766]]}}, {"type": "Feature", "id": "https://gdi-de.github.io/apworkshop2026/NEUW618", "name": "Baum NEUW618 (gdide:NEUW618)", "dateprops": [], "properties": {"http://www.w3.org/2000/01/rdf-schema#label": "Baum NEUW618", "http://rdfs.org/ns/void#inDataset.value": "72757", "http://www.w3.org/2000/01/rdf-schema#comment": "Liegenschaftsamt", "http://www.wikidata.org/prop/direct/P2547.value": "nan", "http://www.wikidata.org/prop/direct/P2547.unit": "http://www.ontology-of-units-of-measure.org/resource/om-2/meter", "http://www.wikidata.org/prop/direct/P3018": "Neuwerk", "https://gdi-de.github.io/apworkshop2026/ont#stammdurchmesser.value": "18.0", "https://gdi-de.github.io/apworkshop2026/ont#stammdurchmesser.unit": "http://www.ontology-of-units-of-measure.org/resource/om-2/centimeter"}, "geometry": {"type": "MultiPoint", "coordinates": [[8.495988198116583, 53.91579204884938]]}}, {"type": "Feature", "id": "https://gdi-de.github.io/apworkshop2026/NEUW324", "name": "Baum NEUW324 (gdide:NEUW324)", "dateprops": [], "properties": {"http://www.w3.org/2000/01/rdf-schema#label": "Baum NEUW324", "http://rdfs.org/ns/void#inDataset.value": "72757", "http://www.w3.org/2000/01/rdf-schema#comment": "BUKEA", "http://www.wikidata.org/prop/direct/P2547.value": "3.0", "http://www.wikidata.org/prop/direct/P2547.unit": "http://www.ontology-of-units-of-measure.org/resource/om-2/meter", "http://www.wikidata.org/prop/direct/P3018": "Neuwerk", "https://gdi-de.github.io/apworkshop2026/ont#stammdurchmesser.value": "21.0", "https://gdi-de.github.io/apworkshop2026/ont#stammdurchmesser.unit": "http://www.ontology-of-units-of-measure.org/resource/om-2/centimeter"}, "geometry": {"type": "MultiPoint", "coordinates": [[8.496833306186426, 53.91379399990937]]}}, {"type": "Feature", "id": "https://gdi-de.github.io/apworkshop2026/NEUW346", "name": "Baum NEUW346 (gdide:NEUW346)", "dateprops": [], "properties": {"http://www.w3.org/2000/01/rdf-schema#label": "Baum NEUW346", "http://rdfs.org/ns/void#inDataset.value": "72757", "http://www.w3.org/2000/01/rdf-schema#comment": "BUKEA", "http://www.wikidata.org/prop/direct/P2547.value": "2.0", "http://www.wikidata.org/prop/direct/P2547.unit": "http://www.ontology-of-units-of-measure.org/resource/om-2/meter", "http://www.wikidata.org/prop/direct/P3018": "Neuwerk", "https://gdi-de.github.io/apworkshop2026/ont#stammdurchmesser.value": "25.0", "https://gdi-de.github.io/apworkshop2026/ont#stammdurchmesser.unit": "http://www.ontology-of-units-of-measure.org/resource/om-2/centimeter"}, "geometry": {"type": "MultiPoint", "coordinates": [[8.49736421051934, 53.913683934440705]]}}, {"type": "Feature", "id": "https://gdi-de.github.io/apworkshop2026/GZAW381", "name": "Baum GZAW381 (gdide:GZAW381)", "dateprops": [], "properties": {"http://www.w3.org/2000/01/rdf-schema#label": "Baum GZAW381", "http://rdfs.org/ns/void#inDataset.value": "72757", "http://www.w3.org/2000/01/rdf-schema#comment": "sonst. \u00f6ff. Fl\u00e4chen", "http://www.wikidata.org/prop/direct/P2547.value": "7.0", "http://www.wikidata.org/prop/direct/P2547.unit": "http://www.ontology-of-units-of-measure.org/resource/om-2/meter", "http://www.wikidata.org/prop/direct/P3018": "Gr\u00fcnzug Altenwerder", "https://gdi-de.github.io/apworkshop2026/ont#stammdurchmesser.value": "21.0", "https://gdi-de.github.io/apworkshop2026/ont#stammdurchmesser.unit": "http://www.ontology-of-units-of-measure.org/resource/om-2/centimeter"}, "geometry": {"type": "MultiPoint", "coordinates": [[9.9175741025462, 53.50390769748482]]}}, {"type": "Feature", "id": "https://gdi-de.github.io/apworkshop2026/NEUW322", "name": "Baum NEUW322 (gdide:NEUW322)", "dateprops": [], "properties": {"http://www.w3.org/2000/01/rdf-schema#label": "Baum NEUW322", "http://rdfs.org/ns/void#inDataset.value": "72757", "http://www.w3.org/2000/01/rdf-schema#comment": "BUKEA", "http://www.wikidata.org/prop/direct/P2547.value": "6.0", "http://www.wikidata.org/prop/direct/P2547.unit": "http://www.ontology-of-units-of-measure.org/resource/om-2/meter", "http://www.wikidata.org/prop/direct/P3018": "Neuwerk", "https://gdi-de.github.io/apworkshop2026/ont#stammdurchmesser.value": "22.0", "https://gdi-de.github.io/apworkshop2026/ont#stammdurchmesser.unit": "http://www.ontology-of-units-of-measure.org/resource/om-2/centimeter"}, "geometry": {"type": "MultiPoint", "coordinates": [[8.497009340049502, 53.91378244945102]]}}, {"type": "Feature", "id": "https://gdi-de.github.io/apworkshop2026/BFASN386", "name": "Baum BFASN386 (gdide:BFASN386)", "dateprops": [], "properties": {"http://www.w3.org/2000/01/rdf-schema#label": "Baum BFASN386", "http://rdfs.org/ns/void#inDataset.value": "72757", "http://www.w3.org/2000/01/rdf-schema#comment": "sonst. \u00f6ff. Fl\u00e4chen", "http://www.wikidata.org/prop/direct/P2547.value": "7.0", "http://www.wikidata.org/prop/direct/P2547.unit": "http://www.ontology-of-units-of-measure.org/resource/om-2/meter", "http://www.wikidata.org/prop/direct/P3018": "Bahnhof Alte S\u00fcderelbe Nord", "https://gdi-de.github.io/apworkshop2026/ont#stammdurchmesser.value": "57.0", "https://gdi-de.github.io/apworkshop2026/ont#stammdurchmesser.unit": "http://www.ontology-of-units-of-measure.org/resource/om-2/centimeter"}, "geometry": {"type": "MultiPoint", "coordinates": [[9.911563025822513, 53.50694754948601]]}}, {"type": "Feature", "id": "https://gdi-de.github.io/apworkshop2026/NEUW300", "name": "Baum NEUW300 (gdide:NEUW300)", "dateprops": [], "properties": {"http://www.w3.org/2000/01/rdf-schema#label": "Baum NEUW300", "http://rdfs.org/ns/void#inDataset.value": "72757", "http://www.w3.org/2000/01/rdf-schema#comment": "BUKEA", "http://www.wikidata.org/prop/direct/P2547.value": "3.0", "http://www.wikidata.org/prop/direct/P2547.unit": "http://www.ontology-of-units-of-measure.org/resource/om-2/meter", "http://www.wikidata.org/prop/direct/P3018": "Neuwerk", "https://gdi-de.github.io/apworkshop2026/ont#stammdurchmesser.value": "18.0", "https://gdi-de.github.io/apworkshop2026/ont#stammdurchmesser.unit": "http://www.ontology-of-units-of-measure.org/resource/om-2/centimeter"}, "geometry": {"type": "MultiPoint", "coordinates": [[8.49762088614547, 53.91367561681923]]}}, {"type": "Feature", "id": "https://gdi-de.github.io/apworkshop2026/NEUW45", "name": "Baum NEUW45 (gdide:NEUW45)", "dateprops": [], "properties": {"http://www.w3.org/2000/01/rdf-schema#label": "Baum NEUW45", "http://rdfs.org/ns/void#inDataset.value": "72757", "http://www.w3.org/2000/01/rdf-schema#comment": "Liegenschaftsamt", "http://www.wikidata.org/prop/direct/P2547.value": "4.0", "http://www.wikidata.org/prop/direct/P2547.unit": "http://www.ontology-of-units-of-measure.org/resource/om-2/meter", "http://www.wikidata.org/prop/direct/P3018": "Neuwerk", "https://gdi-de.github.io/apworkshop2026/ont#stammdurchmesser.value": "27.0", "https://gdi-de.github.io/apworkshop2026/ont#stammdurchmesser.unit": "http://www.ontology-of-units-of-measure.org/resource/om-2/centimeter"}, "geometry": {"type": "MultiPoint", "coordinates": [[8.49645989448912, 53.914332291111826]]}}, {"type": "Feature", "id": "https://gdi-de.github.io/apworkshop2026/NEUW652", "name": "Baum NEUW652 (gdide:NEUW652)", "dateprops": [], "properties": {"http://www.w3.org/2000/01/rdf-schema#label": "Baum NEUW652", "http://rdfs.org/ns/void#inDataset.value": "72757", "http://www.w3.org/2000/01/rdf-schema#comment": "Liegenschaftsamt", "http://www.wikidata.org/prop/direct/P2547.value": "3.0", "http://www.wikidata.org/prop/direct/P2547.unit": "http://www.ontology-of-units-of-measure.org/resource/om-2/meter", "http://www.wikidata.org/prop/direct/P3018": "Neuwerk", "https://gdi-de.github.io/apworkshop2026/ont#stammdurchmesser.value": "25.0", "https://gdi-de.github.io/apworkshop2026/ont#stammdurchmesser.unit": "http://www.ontology-of-units-of-measure.org/resource/om-2/centimeter"}, "geometry": {"type": "MultiPoint", "coordinates": [[8.495214524078134, 53.915072848169146]]}}, {"type": "Feature", "id": "https://gdi-de.github.io/apworkshop2026/BFAS28", "name": "Baum BFAS28 (gdide:BFAS28)", "dateprops": [], "properties": {"http://www.w3.org/2000/01/rdf-schema#label": "Baum BFAS28", "http://rdfs.org/ns/void#inDataset.value": "72757", "http://www.w3.org/2000/01/rdf-schema#comment": "Bahn", "http://www.wikidata.org/prop/direct/P2547.value": "3.0", "http://www.wikidata.org/prop/direct/P2547.unit": "http://www.ontology-of-units-of-measure.org/resource/om-2/meter", "http://www.wikidata.org/prop/direct/P3018": "Bahnhof Alte S\u00fcderelbe S\u00fcd", "https://gdi-de.github.io/apworkshop2026/ont#stammdurchmesser.value": "21.0", "https://gdi-de.github.io/apworkshop2026/ont#stammdurchmesser.unit": "http://www.ontology-of-units-of-measure.org/resource/om-2/centimeter"}, "geometry": {"type": "MultiPoint", "coordinates": [[9.90764580524512, 53.50388951562116]]}}, {"type": "Feature", "id": "https://gdi-de.github.io/apworkshop2026/NEUW391", "name": "Baum NEUW391 (gdide:NEUW391)", "dateprops": [], "properties": {"http://www.w3.org/2000/01/rdf-schema#label": "Baum NEUW391", "http://rdfs.org/ns/void#inDataset.value": "72757", "http://www.w3.org/2000/01/rdf-schema#comment": "BUKEA", "http://www.wikidata.org/prop/direct/P2547.value": "4.0", "http://www.wikidata.org/prop/direct/P2547.unit": "http://www.ontology-of-units-of-measure.org/resource/om-2/meter", "http://www.wikidata.org/prop/direct/P3018": "Neuwerk", "https://gdi-de.github.io/apworkshop2026/ont#stammdurchmesser.value": "27.0", "https://gdi-de.github.io/apworkshop2026/ont#stammdurchmesser.unit": "http://www.ontology-of-units-of-measure.org/resource/om-2/centimeter"}, "geometry": {"type": "MultiPoint", "coordinates": [[8.499911419440071, 53.91336414927429]]}}, {"type": "Feature", "id": "https://gdi-de.github.io/apworkshop2026/NEUW361", "name": "Baum NEUW361 (gdide:NEUW361)", "dateprops": [], "properties": {"http://www.w3.org/2000/01/rdf-schema#label": "Baum NEUW361", "http://rdfs.org/ns/void#inDataset.value": "72757", "http://www.w3.org/2000/01/rdf-schema#comment": "BUKEA", "http://www.wikidata.org/prop/direct/P2547.value": "5.0", "http://www.wikidata.org/prop/direct/P2547.unit": "http://www.ontology-of-units-of-measure.org/resource/om-2/meter", "http://www.wikidata.org/prop/direct/P3018": "Neuwerk", "https://gdi-de.github.io/apworkshop2026/ont#stammdurchmesser.value": "24.0", "https://gdi-de.github.io/apworkshop2026/ont#stammdurchmesser.unit": "http://www.ontology-of-units-of-measure.org/resource/om-2/centimeter"}, "geometry": {"type": "MultiPoint", "coordinates": [[8.498319793402823, 53.91342115077064]]}}, {"type": "Feature", "id": "https://gdi-de.github.io/apworkshop2026/REIS476", "name": "Baum REIS476 (gdide:REIS476)", "dateprops": [], "properties": {"http://www.w3.org/2000/01/rdf-schema#label": "Baum REIS476", "http://rdfs.org/ns/void#inDataset.value": "72757", "http://www.w3.org/2000/01/rdf-schema#comment": "Privatgrund", "http://www.wikidata.org/prop/direct/P2547.value": "7.0", "http://www.wikidata.org/prop/direct/P2547.unit": "http://www.ontology-of-units-of-measure.org/resource/om-2/meter", "http://www.wikidata.org/prop/direct/P3018": "Reiherstieg S\u00fcd", "https://gdi-de.github.io/apworkshop2026/ont#stammdurchmesser.value": "41.0", "https://gdi-de.github.io/apworkshop2026/ont#stammdurchmesser.unit": "http://www.ontology-of-units-of-measure.org/resource/om-2/centimeter"}, "geometry": {"type": "MultiPoint", "coordinates": [[9.981389216587568, 53.502516925357654]]}}, {"type": "Feature", "id": "https://gdi-de.github.io/apworkshop2026/BFASN356", "name": "Baum BFASN356 (gdide:BFASN356)", "dateprops": [], "properties": {"http://www.w3.org/2000/01/rdf-schema#label": "Baum BFASN356", "http://rdfs.org/ns/void#inDataset.value": "72757", "http://www.w3.org/2000/01/rdf-schema#comment": "sonst. \u00f6ff. Fl\u00e4chen", "http://www.wikidata.org/prop/direct/P2547.value": "6.0", "http://www.wikidata.org/prop/direct/P2547.unit": "http://www.ontology-of-units-of-measure.org/resource/om-2/meter", "http://www.wikidata.org/prop/direct/P3018": "Bahnhof Alte S\u00fcderelbe Nord", "https://gdi-de.github.io/apworkshop2026/ont#stammdurchmesser.value": "57.0", "https://gdi-de.github.io/apworkshop2026/ont#stammdurchmesser.unit": "http://www.ontology-of-units-of-measure.org/resource/om-2/centimeter"}, "geometry": {"type": "MultiPoint", "coordinates": [[9.911583435545769, 53.50704644454262]]}}, {"type": "Feature", "id": "https://gdi-de.github.io/apworkshop2026/BFASN371", "name": "Baum BFASN371 (gdide:BFASN371)", "dateprops": [], "properties": {"http://www.w3.org/2000/01/rdf-schema#label": "Baum BFASN371", "http://rdfs.org/ns/void#inDataset.value": "72757", "http://www.w3.org/2000/01/rdf-schema#comment": "sonst. \u00f6ff. Fl\u00e4chen", "http://www.wikidata.org/prop/direct/P2547.value": "5.0", "http://www.wikidata.org/prop/direct/P2547.unit": "http://www.ontology-of-units-of-measure.org/resource/om-2/meter", "http://www.wikidata.org/prop/direct/P3018": "Bahnhof Alte S\u00fcderelbe Nord", "https://gdi-de.github.io/apworkshop2026/ont#stammdurchmesser.value": "41.0", "https://gdi-de.github.io/apworkshop2026/ont#stammdurchmesser.unit": "http://www.ontology-of-units-of-measure.org/resource/om-2/centimeter"}, "geometry": {"type": "MultiPoint", "coordinates": [[9.911584666237706, 53.507547797418425]]}}, {"type": "Feature", "id": "https://gdi-de.github.io/apworkshop2026/NEUW367", "name": "Baum NEUW367 (gdide:NEUW367)", "dateprops": [], "properties": {"http://www.w3.org/2000/01/rdf-schema#label": "Baum NEUW367", "http://rdfs.org/ns/void#inDataset.value": "72757", "http://www.w3.org/2000/01/rdf-schema#comment": "BUKEA", "http://www.wikidata.org/prop/direct/P2547.value": "4.0", "http://www.wikidata.org/prop/direct/P2547.unit": "http://www.ontology-of-units-of-measure.org/resource/om-2/meter", "http://www.wikidata.org/prop/direct/P3018": "Neuwerk", "https://gdi-de.github.io/apworkshop2026/ont#stammdurchmesser.value": "32.0", "https://gdi-de.github.io/apworkshop2026/ont#stammdurchmesser.unit": "http://www.ontology-of-units-of-measure.org/resource/om-2/centimeter"}, "geometry": {"type": "MultiPoint", "coordinates": [[8.498720513884761, 53.91337050923346]]}}, {"type": "Feature", "id": "https://gdi-de.github.io/apworkshop2026/KSBK227", "name": "Baum KSBK227 (gdide:KSBK227)", "dateprops": [], "properties": {"http://www.w3.org/2000/01/rdf-schema#label": "Baum KSBK227", "http://rdfs.org/ns/void#inDataset.value": "72757", "http://www.w3.org/2000/01/rdf-schema#comment": "Dep. Feldhofe", "http://www.wikidata.org/prop/direct/P2547.value": "6.0", "http://www.wikidata.org/prop/direct/P2547.unit": "http://www.ontology-of-units-of-measure.org/resource/om-2/meter", "http://www.wikidata.org/prop/direct/P3018": "Kirchsteinbek", "https://gdi-de.github.io/apworkshop2026/ont#stammdurchmesser.value": "29.0", "https://gdi-de.github.io/apworkshop2026/ont#stammdurchmesser.unit": "http://www.ontology-of-units-of-measure.org/resource/om-2/centimeter"}, "geometry": {"type": "MultiPoint", "coordinates": [[10.094306459654579, 53.500356294383536]]}}, {"type": "Feature", "id": "https://gdi-de.github.io/apworkshop2026/NEUW30", "name": "Baum NEUW30 (gdide:NEUW30)", "dateprops": [], "properties": {"http://www.w3.org/2000/01/rdf-schema#label": "Baum NEUW30", "http://rdfs.org/ns/void#inDataset.value": "72757", "http://www.w3.org/2000/01/rdf-schema#comment": "Liegenschaftsamt", "http://www.wikidata.org/prop/direct/P2547.value": "10.0", "http://www.wikidata.org/prop/direct/P2547.unit": "http://www.ontology-of-units-of-measure.org/resource/om-2/meter", "http://www.wikidata.org/prop/direct/P3018": "Neuwerk", "https://gdi-de.github.io/apworkshop2026/ont#stammdurchmesser.value": "54.0", "https://gdi-de.github.io/apworkshop2026/ont#stammdurchmesser.unit": "http://www.ontology-of-units-of-measure.org/resource/om-2/centimeter"}, "geometry": {"type": "MultiPoint", "coordinates": [[8.49636443052388, 53.91450468822793]]}}, {"type": "Feature", "id": "https://gdi-de.github.io/apworkshop2026/GEOW25", "name": "Baum GEOW25 (gdide:GEOW25)", "dateprops": [], "properties": {"http://www.w3.org/2000/01/rdf-schema#label": "Baum GEOW25", "http://rdfs.org/ns/void#inDataset.value": "72757", "http://www.w3.org/2000/01/rdf-schema#comment": "Privatgrund", "http://www.wikidata.org/prop/direct/P2547.value": "5.0", "http://www.wikidata.org/prop/direct/P2547.unit": "http://www.ontology-of-units-of-measure.org/resource/om-2/meter", "http://www.wikidata.org/prop/direct/P3018": "Georgswerder", "https://gdi-de.github.io/apworkshop2026/ont#stammdurchmesser.value": "25.0", "https://gdi-de.github.io/apworkshop2026/ont#stammdurchmesser.unit": "http://www.ontology-of-units-of-measure.org/resource/om-2/centimeter"}, "geometry": {"type": "MultiPoint", "coordinates": [[10.025883832622045, 53.519242179304776]]}}, {"type": "Feature", "id": "https://gdi-de.github.io/apworkshop2026/NEUW644", "name": "Baum NEUW644 (gdide:NEUW644)", "dateprops": [], "properties": {"http://www.w3.org/2000/01/rdf-schema#label": "Baum NEUW644", "http://rdfs.org/ns/void#inDataset.value": "72757", "http://www.w3.org/2000/01/rdf-schema#comment": "Liegenschaftsamt", "http://www.wikidata.org/prop/direct/P2547.value": "8.0", "http://www.wikidata.org/prop/direct/P2547.unit": "http://www.ontology-of-units-of-measure.org/resource/om-2/meter", "http://www.wikidata.org/prop/direct/P3018": "Neuwerk", "https://gdi-de.github.io/apworkshop2026/ont#stammdurchmesser.value": "41.0", "https://gdi-de.github.io/apworkshop2026/ont#stammdurchmesser.unit": "http://www.ontology-of-units-of-measure.org/resource/om-2/centimeter"}, "geometry": {"type": "MultiPoint", "coordinates": [[8.495392830678881, 53.91516562454647]]}}, {"type": "Feature", "id": "https://gdi-de.github.io/apworkshop2026/MOBG729", "name": "Baum MOBG729 (gdide:MOBG729)", "dateprops": [], "properties": {"http://www.w3.org/2000/01/rdf-schema#label": "Baum MOBG729", "http://rdfs.org/ns/void#inDataset.value": "72757", "http://www.w3.org/2000/01/rdf-schema#comment": "sonst. \u00f6ff. Fl\u00e4chen", "http://www.wikidata.org/prop/direct/P2547.value": "6.0", "http://www.wikidata.org/prop/direct/P2547.unit": "http://www.ontology-of-units-of-measure.org/resource/om-2/meter", "http://www.wikidata.org/prop/direct/P3018": "Moorburg", "https://gdi-de.github.io/apworkshop2026/ont#stammdurchmesser.value": "35.0", "https://gdi-de.github.io/apworkshop2026/ont#stammdurchmesser.unit": "http://www.ontology-of-units-of-measure.org/resource/om-2/centimeter"}, "geometry": {"type": "MultiPoint", "coordinates": [[9.93346004477786, 53.481447302711665]]}}, {"type": "Feature", "id": "https://gdi-de.github.io/apworkshop2026/MEFC416", "name": "Baum MEFC416 (gdide:MEFC416)", "dateprops": [], "properties": {"http://www.w3.org/2000/01/rdf-schema#label": "Baum MEFC416", "http://rdfs.org/ns/void#inDataset.value": "72757", "http://www.w3.org/2000/01/rdf-schema#comment": "Francop", "http://www.wikidata.org/prop/direct/P2547.value": "2.0", "http://www.wikidata.org/prop/direct/P2547.unit": "http://www.ontology-of-units-of-measure.org/resource/om-2/meter", "http://www.wikidata.org/prop/direct/P3018": "METHA-Francop", "https://gdi-de.github.io/apworkshop2026/ont#stammdurchmesser.value": "11.0", "https://gdi-de.github.io/apworkshop2026/ont#stammdurchmesser.unit": "http://www.ontology-of-units-of-measure.org/resource/om-2/centimeter"}, "geometry": {"type": "MultiPoint", "coordinates": [[9.886727132482557, 53.51743643751121]]}}, {"type": "Feature", "id": "https://gdi-de.github.io/apworkshop2026/GZAW235", "name": "Baum GZAW235 (gdide:GZAW235)", "dateprops": [], "properties": {"http://www.w3.org/2000/01/rdf-schema#label": "Baum GZAW235", "http://rdfs.org/ns/void#inDataset.value": "72757", "http://www.w3.org/2000/01/rdf-schema#comment": "sonst. \u00f6ff. Fl\u00e4chen", "http://www.wikidata.org/prop/direct/P2547.value": "12.0", "http://www.wikidata.org/prop/direct/P2547.unit": "http://www.ontology-of-units-of-measure.org/resource/om-2/meter", "http://www.wikidata.org/prop/direct/P3018": "Gr\u00fcnzug Altenwerder", "https://gdi-de.github.io/apworkshop2026/ont#stammdurchmesser.value": "30.0", "https://gdi-de.github.io/apworkshop2026/ont#stammdurchmesser.unit": "http://www.ontology-of-units-of-measure.org/resource/om-2/centimeter"}, "geometry": {"type": "MultiPoint", "coordinates": [[9.916943826576555, 53.50373399972645]]}}, {"type": "Feature", "id": "https://gdi-de.github.io/apworkshop2026/NEUW308", "name": "Baum NEUW308 (gdide:NEUW308)", "dateprops": [], "properties": {"http://www.w3.org/2000/01/rdf-schema#label": "Baum NEUW308", "http://rdfs.org/ns/void#inDataset.value": "72757", "http://www.w3.org/2000/01/rdf-schema#comment": "BUKEA", "http://www.wikidata.org/prop/direct/P2547.value": "10.0", "http://www.wikidata.org/prop/direct/P2547.unit": "http://www.ontology-of-units-of-measure.org/resource/om-2/meter", "http://www.wikidata.org/prop/direct/P3018": "Neuwerk", "https://gdi-de.github.io/apworkshop2026/ont#stammdurchmesser.value": "41.0", "https://gdi-de.github.io/apworkshop2026/ont#stammdurchmesser.unit": "http://www.ontology-of-units-of-measure.org/resource/om-2/centimeter"}, "geometry": {"type": "MultiPoint", "coordinates": [[8.49762559331756, 53.91346485556897]]}}, {"type": "Feature", "id": "https://gdi-de.github.io/apworkshop2026/MOBG182", "name": "Baum MOBG182 (gdide:MOBG182)", "dateprops": [], "properties": {"http://www.w3.org/2000/01/rdf-schema#label": "Baum MOBG182", "http://rdfs.org/ns/void#inDataset.value": "72757", "http://www.w3.org/2000/01/rdf-schema#comment": "Francop", "http://www.wikidata.org/prop/direct/P2547.value": "7.0", "http://www.wikidata.org/prop/direct/P2547.unit": "http://www.ontology-of-units-of-measure.org/resource/om-2/meter", "http://www.wikidata.org/prop/direct/P3018": "Moorburg", "https://gdi-de.github.io/apworkshop2026/ont#stammdurchmesser.value": "41.0", "https://gdi-de.github.io/apworkshop2026/ont#stammdurchmesser.unit": "http://www.ontology-of-units-of-measure.org/resource/om-2/centimeter"}, "geometry": {"type": "MultiPoint", "coordinates": [[9.927979540010435, 53.495019645930725]]}}, {"type": "Feature", "id": "https://gdi-de.github.io/apworkshop2026/BFASN134", "name": "Baum BFASN134 (gdide:BFASN134)", "dateprops": [], "properties": {"http://www.w3.org/2000/01/rdf-schema#label": "Baum BFASN134", "http://rdfs.org/ns/void#inDataset.value": "72757", "http://www.w3.org/2000/01/rdf-schema#comment": "sonst. \u00f6ff. Fl\u00e4chen", "http://www.wikidata.org/prop/direct/P2547.value": "1.0", "http://www.wikidata.org/prop/direct/P2547.unit": "http://www.ontology-of-units-of-measure.org/resource/om-2/meter", "http://www.wikidata.org/prop/direct/P3018": "Bahnhof Alte S\u00fcderelbe Nord", "https://gdi-de.github.io/apworkshop2026/ont#stammdurchmesser.value": "10.0", "https://gdi-de.github.io/apworkshop2026/ont#stammdurchmesser.unit": "http://www.ontology-of-units-of-measure.org/resource/om-2/centimeter"}, "geometry": {"type": "MultiPoint", "coordinates": [[9.91298311855626, 53.51205286351682]]}}, {"type": "Feature", "id": "https://gdi-de.github.io/apworkshop2026/MOBG334", "name": "Baum MOBG334 (gdide:MOBG334)", "dateprops": [], "properties": {"http://www.w3.org/2000/01/rdf-schema#label": "Baum MOBG334", "http://rdfs.org/ns/void#inDataset.value": "72757", "http://www.w3.org/2000/01/rdf-schema#comment": "sonst. \u00f6ff. Fl\u00e4chen", "http://www.wikidata.org/prop/direct/P2547.value": "5.0", "http://www.wikidata.org/prop/direct/P2547.unit": "http://www.ontology-of-units-of-measure.org/resource/om-2/meter", "http://www.wikidata.org/prop/direct/P3018": "Moorburg", "https://gdi-de.github.io/apworkshop2026/ont#stammdurchmesser.value": "32.0", "https://gdi-de.github.io/apworkshop2026/ont#stammdurchmesser.unit": "http://www.ontology-of-units-of-measure.org/resource/om-2/centimeter"}, "geometry": {"type": "MultiPoint", "coordinates": [[9.935796032825836, 53.49038103593501]]}}, {"type": "Feature", "id": "https://gdi-de.github.io/apworkshop2026/NEUW543", "name": "Baum NEUW543 (gdide:NEUW543)", "dateprops": [], "properties": {"http://www.w3.org/2000/01/rdf-schema#label": "Baum NEUW543", "http://rdfs.org/ns/void#inDataset.value": "72757", "http://www.w3.org/2000/01/rdf-schema#comment": "BUKEA", "http://www.wikidata.org/prop/direct/P2547.value": "3.0", "http://www.wikidata.org/prop/direct/P2547.unit": "http://www.ontology-of-units-of-measure.org/resource/om-2/meter", "http://www.wikidata.org/prop/direct/P3018": "Neuwerk", "https://gdi-de.github.io/apworkshop2026/ont#stammdurchmesser.value": "34.0", "https://gdi-de.github.io/apworkshop2026/ont#stammdurchmesser.unit": "http://www.ontology-of-units-of-measure.org/resource/om-2/centimeter"}, "geometry": {"type": "MultiPoint", "coordinates": [[8.500373414007543, 53.92195686162883]]}}, {"type": "Feature", "id": "https://gdi-de.github.io/apworkshop2026/BFAS813", "name": "Baum BFAS813 (gdide:BFAS813)", "dateprops": [], "properties": {"http://www.w3.org/2000/01/rdf-schema#label": "Baum BFAS813", "http://rdfs.org/ns/void#inDataset.value": "72757", "http://www.w3.org/2000/01/rdf-schema#comment": "Bahn", "http://www.wikidata.org/prop/direct/P2547.value": "6.0", "http://www.wikidata.org/prop/direct/P2547.unit": "http://www.ontology-of-units-of-measure.org/resource/om-2/meter", "http://www.wikidata.org/prop/direct/P3018": "Bahnhof Alte S\u00fcderelbe S\u00fcd", "https://gdi-de.github.io/apworkshop2026/ont#stammdurchmesser.value": "30.0", "https://gdi-de.github.io/apworkshop2026/ont#stammdurchmesser.unit": "http://www.ontology-of-units-of-measure.org/resource/om-2/centimeter"}, "geometry": {"type": "MultiPoint", "coordinates": [[9.907651024456923, 53.503863810951366]]}}, {"type": "Feature", "id": "https://gdi-de.github.io/apworkshop2026/GZAW327", "name": "Baum GZAW327 (gdide:GZAW327)", "dateprops": [], "properties": {"http://www.w3.org/2000/01/rdf-schema#label": "Baum GZAW327", "http://rdfs.org/ns/void#inDataset.value": "72757", "http://www.w3.org/2000/01/rdf-schema#comment": "sonst. \u00f6ff. Fl\u00e4chen", "http://www.wikidata.org/prop/direct/P2547.value": "8.0", "http://www.wikidata.org/prop/direct/P2547.unit": "http://www.ontology-of-units-of-measure.org/resource/om-2/meter", "http://www.wikidata.org/prop/direct/P3018": "Gr\u00fcnzug Altenwerder", "https://gdi-de.github.io/apworkshop2026/ont#stammdurchmesser.value": "19.0", "https://gdi-de.github.io/apworkshop2026/ont#stammdurchmesser.unit": "http://www.ontology-of-units-of-measure.org/resource/om-2/centimeter"}, "geometry": {"type": "MultiPoint", "coordinates": [[9.916839613020445, 53.50422740422047]]}}, {"type": "Feature", "id": "https://gdi-de.github.io/apworkshop2026/KSBK226", "name": "Baum KSBK226 (gdide:KSBK226)", "dateprops": [], "properties": {"http://www.w3.org/2000/01/rdf-schema#label": "Baum KSBK226", "http://rdfs.org/ns/void#inDataset.value": "72757", "http://www.w3.org/2000/01/rdf-schema#comment": "Dep. Feldhofe", "http://www.wikidata.org/prop/direct/P2547.value": "2.5", "http://www.wikidata.org/prop/direct/P2547.unit": "http://www.ontology-of-units-of-measure.org/resource/om-2/meter", "http://www.wikidata.org/prop/direct/P3018": "Kirchsteinbek", "https://gdi-de.github.io/apworkshop2026/ont#stammdurchmesser.value": "18.0", "https://gdi-de.github.io/apworkshop2026/ont#stammdurchmesser.unit": "http://www.ontology-of-units-of-measure.org/resource/om-2/centimeter"}, "geometry": {"type": "MultiPoint", "coordinates": [[10.094561563228964, 53.50016844888126]]}}, {"type": "Feature", "id": "https://gdi-de.github.io/apworkshop2026/VHWN240", "name": "Baum VHWN240 (gdide:VHWN240)", "dateprops": [], "properties": {"http://www.w3.org/2000/01/rdf-schema#label": "Baum VHWN240", "http://rdfs.org/ns/void#inDataset.value": "72757", "http://www.w3.org/2000/01/rdf-schema#comment": "sonst. \u00f6ff. Fl\u00e4chen", "http://www.wikidata.org/prop/direct/P2547.value": "3.0", "http://www.wikidata.org/prop/direct/P2547.unit": "http://www.ontology-of-units-of-measure.org/resource/om-2/meter", "http://www.wikidata.org/prop/direct/P3018": "Vollh\u00f6fner Weiden", "https://gdi-de.github.io/apworkshop2026/ont#stammdurchmesser.value": "14.0", "https://gdi-de.github.io/apworkshop2026/ont#stammdurchmesser.unit": "http://www.ontology-of-units-of-measure.org/resource/om-2/centimeter"}, "geometry": {"type": "MultiPoint", "coordinates": [[9.895702191503043, 53.51351489067415]]}}, {"type": "Feature", "id": "https://gdi-de.github.io/apworkshop2026/NEUW95", "name": "Baum NEUW95 (gdide:NEUW95)", "dateprops": [], "properties": {"http://www.w3.org/2000/01/rdf-schema#label": "Baum NEUW95", "http://rdfs.org/ns/void#inDataset.value": "72757", "http://www.w3.org/2000/01/rdf-schema#comment": "Liegenschaftsamt", "http://www.wikidata.org/prop/direct/P2547.value": "6.0", "http://www.wikidata.org/prop/direct/P2547.unit": "http://www.ontology-of-units-of-measure.org/resource/om-2/meter", "http://www.wikidata.org/prop/direct/P3018": "Neuwerk", "https://gdi-de.github.io/apworkshop2026/ont#stammdurchmesser.value": "35.0", "https://gdi-de.github.io/apworkshop2026/ont#stammdurchmesser.unit": "http://www.ontology-of-units-of-measure.org/resource/om-2/centimeter"}, "geometry": {"type": "MultiPoint", "coordinates": [[8.496787186679738, 53.91411039551019]]}}, {"type": "Feature", "id": "https://gdi-de.github.io/apworkshop2026/NEUW16", "name": "Baum NEUW16 (gdide:NEUW16)", "dateprops": [], "properties": {"http://www.w3.org/2000/01/rdf-schema#label": "Baum NEUW16", "http://rdfs.org/ns/void#inDataset.value": "72757", "http://www.w3.org/2000/01/rdf-schema#comment": "\u00f6ffentliche Gr\u00fcnfl\u00e4che", "http://www.wikidata.org/prop/direct/P2547.value": "8.0", "http://www.wikidata.org/prop/direct/P2547.unit": "http://www.ontology-of-units-of-measure.org/resource/om-2/meter", "http://www.wikidata.org/prop/direct/P3018": "Neuwerk", "https://gdi-de.github.io/apworkshop2026/ont#stammdurchmesser.value": "48.0", "https://gdi-de.github.io/apworkshop2026/ont#stammdurchmesser.unit": "http://www.ontology-of-units-of-measure.org/resource/om-2/centimeter"}, "geometry": {"type": "MultiPoint", "coordinates": [[8.495144653115338, 53.91468389941584]]}}, {"type": "Feature", "id": "https://gdi-de.github.io/apworkshop2026/BFHS405", "name": "Baum BFHS405 (gdide:BFHS405)", "dateprops": [], "properties": {"http://www.w3.org/2000/01/rdf-schema#label": "Baum BFHS405", "http://rdfs.org/ns/void#inDataset.value": "72757", "http://www.w3.org/2000/01/rdf-schema#comment": "sonst. \u00f6ff. Fl\u00e4chen", "http://www.wikidata.org/prop/direct/P2547.value": "4.0", "http://www.wikidata.org/prop/direct/P2547.unit": "http://www.ontology-of-units-of-measure.org/resource/om-2/meter", "http://www.wikidata.org/prop/direct/P3018": "Bahnhof Hohe Schaar", "https://gdi-de.github.io/apworkshop2026/ont#stammdurchmesser.value": "19.0", "https://gdi-de.github.io/apworkshop2026/ont#stammdurchmesser.unit": "http://www.ontology-of-units-of-measure.org/resource/om-2/centimeter"}, "geometry": {"type": "MultiPoint", "coordinates": [[9.96493818912643, 53.497382653954816]]}}, {"type": "Feature", "id": "https://gdi-de.github.io/apworkshop2026/NEUW712", "name": "Baum NEUW712 (gdide:NEUW712)", "dateprops": [], "properties": {"http://www.w3.org/2000/01/rdf-schema#label": "Baum NEUW712", "http://rdfs.org/ns/void#inDataset.value": "72757", "http://www.w3.org/2000/01/rdf-schema#comment": "BUKEA", "http://www.wikidata.org/prop/direct/P2547.value": "3.0", "http://www.wikidata.org/prop/direct/P2547.unit": "http://www.ontology-of-units-of-measure.org/resource/om-2/meter", "http://www.wikidata.org/prop/direct/P3018": "Neuwerk", "https://gdi-de.github.io/apworkshop2026/ont#stammdurchmesser.value": "24.0", "https://gdi-de.github.io/apworkshop2026/ont#stammdurchmesser.unit": "http://www.ontology-of-units-of-measure.org/resource/om-2/centimeter"}, "geometry": {"type": "MultiPoint", "coordinates": [[8.497288949664835, 53.91362586978901]]}}, {"type": "Feature", "id": "https://gdi-de.github.io/apworkshop2026/HOHS700", "name": "Baum HOHS700 (gdide:HOHS700)", "dateprops": [], "properties": {"http://www.w3.org/2000/01/rdf-schema#label": "Baum HOHS700", "http://rdfs.org/ns/void#inDataset.value": "72757", "http://www.w3.org/2000/01/rdf-schema#comment": "Bahn", "http://www.wikidata.org/prop/direct/P2547.value": "7.0", "http://www.wikidata.org/prop/direct/P2547.unit": "http://www.ontology-of-units-of-measure.org/resource/om-2/meter", "http://www.wikidata.org/prop/direct/P3018": "Hohe Schaar", "https://gdi-de.github.io/apworkshop2026/ont#stammdurchmesser.value": "49.0", "https://gdi-de.github.io/apworkshop2026/ont#stammdurchmesser.unit": "http://www.ontology-of-units-of-measure.org/resource/om-2/centimeter"}, "geometry": {"type": "MultiPoint", "coordinates": [[9.99394216657002, 53.4821646871906]]}}, {"type": "Feature", "id": "https://gdi-de.github.io/apworkshop2026/GZAW117", "name": "Baum GZAW117 (gdide:GZAW117)", "dateprops": [], "properties": {"http://www.w3.org/2000/01/rdf-schema#label": "Baum GZAW117", "http://rdfs.org/ns/void#inDataset.value": "72757", "http://www.w3.org/2000/01/rdf-schema#comment": "sonst. \u00f6ff. Fl\u00e4chen", "http://www.wikidata.org/prop/direct/P2547.value": "8.0", "http://www.wikidata.org/prop/direct/P2547.unit": "http://www.ontology-of-units-of-measure.org/resource/om-2/meter", "http://www.wikidata.org/prop/direct/P3018": "Gr\u00fcnzug Altenwerder", "https://gdi-de.github.io/apworkshop2026/ont#stammdurchmesser.value": "28.0", "https://gdi-de.github.io/apworkshop2026/ont#stammdurchmesser.unit": "http://www.ontology-of-units-of-measure.org/resource/om-2/centimeter"}, "geometry": {"type": "MultiPoint", "coordinates": [[9.917541008611131, 53.50391783294877]]}}, {"type": "Feature", "id": "https://gdi-de.github.io/apworkshop2026/BFASN156", "name": "Baum BFASN156 (gdide:BFASN156)", "dateprops": [], "properties": {"http://www.w3.org/2000/01/rdf-schema#label": "Baum BFASN156", "http://rdfs.org/ns/void#inDataset.value": "72757", "http://www.w3.org/2000/01/rdf-schema#comment": "sonst. \u00f6ff. Fl\u00e4chen", "http://www.wikidata.org/prop/direct/P2547.value": "4.0", "http://www.wikidata.org/prop/direct/P2547.unit": "http://www.ontology-of-units-of-measure.org/resource/om-2/meter", "http://www.wikidata.org/prop/direct/P3018": "Bahnhof Alte S\u00fcderelbe Nord", "https://gdi-de.github.io/apworkshop2026/ont#stammdurchmesser.value": "14.0", "https://gdi-de.github.io/apworkshop2026/ont#stammdurchmesser.unit": "http://www.ontology-of-units-of-measure.org/resource/om-2/centimeter"}, "geometry": {"type": "MultiPoint", "coordinates": [[9.911655947555502, 53.507997216500726]]}}, {"type": "Feature", "id": "https://gdi-de.github.io/apworkshop2026/PIOI243", "name": "Baum PIOI243 (gdide:PIOI243)", "dateprops": [], "properties": {"http://www.w3.org/2000/01/rdf-schema#label": "Baum PIOI243", "http://rdfs.org/ns/void#inDataset.value": "72757", "http://www.w3.org/2000/01/rdf-schema#comment": "Wasserwirtschaft", "http://www.wikidata.org/prop/direct/P2547.value": "6.0", "http://www.wikidata.org/prop/direct/P2547.unit": "http://www.ontology-of-units-of-measure.org/resource/om-2/meter", "http://www.wikidata.org/prop/direct/P3018": "Pionierinsel", "https://gdi-de.github.io/apworkshop2026/ont#stammdurchmesser.value": "26.0", "https://gdi-de.github.io/apworkshop2026/ont#stammdurchmesser.unit": "http://www.ontology-of-units-of-measure.org/resource/om-2/centimeter"}, "geometry": {"type": "MultiPoint", "coordinates": [[10.002173222905894, 53.471121741320545]]}}, {"type": "Feature", "id": "https://gdi-de.github.io/apworkshop2026/BFAS1086", "name": "Baum BFAS1086 (gdide:BFAS1086)", "dateprops": [], "properties": {"http://www.w3.org/2000/01/rdf-schema#label": "Baum BFAS1086", "http://rdfs.org/ns/void#inDataset.value": "72757", "http://www.w3.org/2000/01/rdf-schema#comment": "Bahn", "http://www.wikidata.org/prop/direct/P2547.value": "8.0", "http://www.wikidata.org/prop/direct/P2547.unit": "http://www.ontology-of-units-of-measure.org/resource/om-2/meter", "http://www.wikidata.org/prop/direct/P3018": "Bahnhof Alte S\u00fcderelbe S\u00fcd", "https://gdi-de.github.io/apworkshop2026/ont#stammdurchmesser.value": "41.0", "https://gdi-de.github.io/apworkshop2026/ont#stammdurchmesser.unit": "http://www.ontology-of-units-of-measure.org/resource/om-2/centimeter"}, "geometry": {"type": "MultiPoint", "coordinates": [[9.90247010783675, 53.48789131097217]]}}, {"type": "Feature", "id": "https://gdi-de.github.io/apworkshop2026/BFASN461", "name": "Baum BFASN461 (gdide:BFASN461)", "dateprops": [], "properties": {"http://www.w3.org/2000/01/rdf-schema#label": "Baum BFASN461", "http://rdfs.org/ns/void#inDataset.value": "72757", "http://www.w3.org/2000/01/rdf-schema#comment": "sonst. \u00f6ff. Fl\u00e4chen", "http://www.wikidata.org/prop/direct/P2547.value": "4.0", "http://www.wikidata.org/prop/direct/P2547.unit": "http://www.ontology-of-units-of-measure.org/resource/om-2/meter", "http://www.wikidata.org/prop/direct/P3018": "Bahnhof Alte S\u00fcderelbe Nord", "https://gdi-de.github.io/apworkshop2026/ont#stammdurchmesser.value": "18.0", "https://gdi-de.github.io/apworkshop2026/ont#stammdurchmesser.unit": "http://www.ontology-of-units-of-measure.org/resource/om-2/centimeter"}, "geometry": {"type": "MultiPoint", "coordinates": [[9.911559324763543, 53.506557806367816]]}}, {"type": "Feature", "id": "https://gdi-de.github.io/apworkshop2026/NHKL519", "name": "Baum NHKL519 (gdide:NHKL519)", "dateprops": [], "properties": {"http://www.w3.org/2000/01/rdf-schema#label": "Baum NHKL519", "http://rdfs.org/ns/void#inDataset.value": "72757", "http://www.w3.org/2000/01/rdf-schema#comment": "Privatgrund", "http://www.wikidata.org/prop/direct/P2547.value": "2.0", "http://www.wikidata.org/prop/direct/P2547.unit": "http://www.ontology-of-units-of-measure.org/resource/om-2/meter", "http://www.wikidata.org/prop/direct/P3018": "Neuh\u00f6fer Kanal", "https://gdi-de.github.io/apworkshop2026/ont#stammdurchmesser.value": "6.0", "https://gdi-de.github.io/apworkshop2026/ont#stammdurchmesser.unit": "http://www.ontology-of-units-of-measure.org/resource/om-2/centimeter"}, "geometry": {"type": "MultiPoint", "coordinates": [[9.970317552576018, 53.517201478079244]]}}, {"type": "Feature", "id": "https://gdi-de.github.io/apworkshop2026/GZAW482", "name": "Baum GZAW482 (gdide:GZAW482)", "dateprops": [], "properties": {"http://www.w3.org/2000/01/rdf-schema#label": "Baum GZAW482", "http://rdfs.org/ns/void#inDataset.value": "72757", "http://www.w3.org/2000/01/rdf-schema#comment": "sonst. \u00f6ff. Fl\u00e4chen", "http://www.wikidata.org/prop/direct/P2547.value": "10.0", "http://www.wikidata.org/prop/direct/P2547.unit": "http://www.ontology-of-units-of-measure.org/resource/om-2/meter", "http://www.wikidata.org/prop/direct/P3018": "Gr\u00fcnzug Altenwerder", "https://gdi-de.github.io/apworkshop2026/ont#stammdurchmesser.value": "30.0", "https://gdi-de.github.io/apworkshop2026/ont#stammdurchmesser.unit": "http://www.ontology-of-units-of-measure.org/resource/om-2/centimeter"}, "geometry": {"type": "MultiPoint", "coordinates": [[9.917396236119943, 53.50401814559391]]}}, {"type": "Feature", "id": "https://gdi-de.github.io/apworkshop2026/NEUW74", "name": "Baum NEUW74 (gdide:NEUW74)", "dateprops": [], "properties": {"http://www.w3.org/2000/01/rdf-schema#label": "Baum NEUW74", "http://rdfs.org/ns/void#inDataset.value": "72757", "http://www.w3.org/2000/01/rdf-schema#comment": "\u00f6ffentliche Gr\u00fcnfl\u00e4che", "http://www.wikidata.org/prop/direct/P2547.value": "5.0", "http://www.wikidata.org/prop/direct/P2547.unit": "http://www.ontology-of-units-of-measure.org/resource/om-2/meter", "http://www.wikidata.org/prop/direct/P3018": "Neuwerk", "https://gdi-de.github.io/apworkshop2026/ont#stammdurchmesser.value": "39.0", "https://gdi-de.github.io/apworkshop2026/ont#stammdurchmesser.unit": "http://www.ontology-of-units-of-measure.org/resource/om-2/centimeter"}, "geometry": {"type": "MultiPoint", "coordinates": [[8.497026785332318, 53.9147619677614]]}}, {"type": "Feature", "id": "https://gdi-de.github.io/apworkshop2026/GZAW109", "name": "Baum GZAW109 (gdide:GZAW109)", "dateprops": [], "properties": {"http://www.w3.org/2000/01/rdf-schema#label": "Baum GZAW109", "http://rdfs.org/ns/void#inDataset.value": "72757", "http://www.w3.org/2000/01/rdf-schema#comment": "sonst. \u00f6ff. Fl\u00e4chen", "http://www.wikidata.org/prop/direct/P2547.value": "7.0", "http://www.wikidata.org/prop/direct/P2547.unit": "http://www.ontology-of-units-of-measure.org/resource/om-2/meter", "http://www.wikidata.org/prop/direct/P3018": "Gr\u00fcnzug Altenwerder", "https://gdi-de.github.io/apworkshop2026/ont#stammdurchmesser.value": "24.0", "https://gdi-de.github.io/apworkshop2026/ont#stammdurchmesser.unit": "http://www.ontology-of-units-of-measure.org/resource/om-2/centimeter"}, "geometry": {"type": "MultiPoint", "coordinates": [[9.91654562137741, 53.501685578758895]]}}, {"type": "Feature", "id": "https://gdi-de.github.io/apworkshop2026/NEUW345", "name": "Baum NEUW345 (gdide:NEUW345)", "dateprops": [], "properties": {"http://www.w3.org/2000/01/rdf-schema#label": "Baum NEUW345", "http://rdfs.org/ns/void#inDataset.value": "72757", "http://www.w3.org/2000/01/rdf-schema#comment": "BUKEA", "http://www.wikidata.org/prop/direct/P2547.value": "5.0", "http://www.wikidata.org/prop/direct/P2547.unit": "http://www.ontology-of-units-of-measure.org/resource/om-2/meter", "http://www.wikidata.org/prop/direct/P3018": "Neuwerk", "https://gdi-de.github.io/apworkshop2026/ont#stammdurchmesser.value": "19.0", "https://gdi-de.github.io/apworkshop2026/ont#stammdurchmesser.unit": "http://www.ontology-of-units-of-measure.org/resource/om-2/centimeter"}, "geometry": {"type": "MultiPoint", "coordinates": [[8.497371953997087, 53.913593641597295]]}}, {"type": "Feature", "id": "https://gdi-de.github.io/apworkshop2026/BFHS357", "name": "Baum BFHS357 (gdide:BFHS357)", "dateprops": [], "properties": {"http://www.w3.org/2000/01/rdf-schema#label": "Baum BFHS357", "http://rdfs.org/ns/void#inDataset.value": "72757", "http://www.w3.org/2000/01/rdf-schema#comment": "sonst. \u00f6ff. Fl\u00e4chen", "http://www.wikidata.org/prop/direct/P2547.value": "7.0", "http://www.wikidata.org/prop/direct/P2547.unit": "http://www.ontology-of-units-of-measure.org/resource/om-2/meter", "http://www.wikidata.org/prop/direct/P3018": "Bahnhof Hohe Schaar", "https://gdi-de.github.io/apworkshop2026/ont#stammdurchmesser.value": "32.0", "https://gdi-de.github.io/apworkshop2026/ont#stammdurchmesser.unit": "http://www.ontology-of-units-of-measure.org/resource/om-2/centimeter"}, "geometry": {"type": "MultiPoint", "coordinates": [[9.96295195115117, 53.49773889648737]]}}, {"type": "Feature", "id": "https://gdi-de.github.io/apworkshop2026/VHWN251", "name": "Baum VHWN251 (gdide:VHWN251)", "dateprops": [], "properties": {"http://www.w3.org/2000/01/rdf-schema#label": "Baum VHWN251", "http://rdfs.org/ns/void#inDataset.value": "72757", "http://www.w3.org/2000/01/rdf-schema#comment": "sonst. \u00f6ff. Fl\u00e4chen", "http://www.wikidata.org/prop/direct/P2547.value": "5.0", "http://www.wikidata.org/prop/direct/P2547.unit": "http://www.ontology-of-units-of-measure.org/resource/om-2/meter", "http://www.wikidata.org/prop/direct/P3018": "Vollh\u00f6fner Weiden", "https://gdi-de.github.io/apworkshop2026/ont#stammdurchmesser.value": "27.0", "https://gdi-de.github.io/apworkshop2026/ont#stammdurchmesser.unit": "http://www.ontology-of-units-of-measure.org/resource/om-2/centimeter"}, "geometry": {"type": "MultiPoint", "coordinates": [[9.895494851352314, 53.5135662829514]]}}, {"type": "Feature", "id": "https://gdi-de.github.io/apworkshop2026/NEUW451", "name": "Baum NEUW451 (gdide:NEUW451)", "dateprops": [], "properties": {"http://www.w3.org/2000/01/rdf-schema#label": "Baum NEUW451", "http://rdfs.org/ns/void#inDataset.value": "72757", "http://www.w3.org/2000/01/rdf-schema#comment": "Liegenschaftsamt", "http://www.wikidata.org/prop/direct/P2547.value": "10.0", "http://www.wikidata.org/prop/direct/P2547.unit": "http://www.ontology-of-units-of-measure.org/resource/om-2/meter", "http://www.wikidata.org/prop/direct/P3018": "Neuwerk", "https://gdi-de.github.io/apworkshop2026/ont#stammdurchmesser.value": "37.0", "https://gdi-de.github.io/apworkshop2026/ont#stammdurchmesser.unit": "http://www.ontology-of-units-of-measure.org/resource/om-2/centimeter"}, "geometry": {"type": "MultiPoint", "coordinates": [[8.49832943232582, 53.92148696949176]]}}, {"type": "Feature", "id": "https://gdi-de.github.io/apworkshop2026/KSBK225", "name": "Baum KSBK225 (gdide:KSBK225)", "dateprops": [], "properties": {"http://www.w3.org/2000/01/rdf-schema#label": "Baum KSBK225", "http://rdfs.org/ns/void#inDataset.value": "72757", "http://www.w3.org/2000/01/rdf-schema#comment": "Dep. Feldhofe", "http://www.wikidata.org/prop/direct/P2547.value": "8.0", "http://www.wikidata.org/prop/direct/P2547.unit": "http://www.ontology-of-units-of-measure.org/resource/om-2/meter", "http://www.wikidata.org/prop/direct/P3018": "Kirchsteinbek", "https://gdi-de.github.io/apworkshop2026/ont#stammdurchmesser.value": "33.0", "https://gdi-de.github.io/apworkshop2026/ont#stammdurchmesser.unit": "http://www.ontology-of-units-of-measure.org/resource/om-2/centimeter"}, "geometry": {"type": "MultiPoint", "coordinates": [[10.094561051189253, 53.50014863034409]]}}, {"type": "Feature", "id": "https://gdi-de.github.io/apworkshop2026/NEUW599", "name": "Baum NEUW599 (gdide:NEUW599)", "dateprops": [], "properties": {"http://www.w3.org/2000/01/rdf-schema#label": "Baum NEUW599", "http://rdfs.org/ns/void#inDataset.value": "72757", "http://www.w3.org/2000/01/rdf-schema#comment": "Liegenschaftsamt", "http://www.wikidata.org/prop/direct/P2547.value": "5.0", "http://www.wikidata.org/prop/direct/P2547.unit": "http://www.ontology-of-units-of-measure.org/resource/om-2/meter", "http://www.wikidata.org/prop/direct/P3018": "Neuwerk", "https://gdi-de.github.io/apworkshop2026/ont#stammdurchmesser.value": "19.0", "https://gdi-de.github.io/apworkshop2026/ont#stammdurchmesser.unit": "http://www.ontology-of-units-of-measure.org/resource/om-2/centimeter"}, "geometry": {"type": "MultiPoint", "coordinates": [[8.495742625667363, 53.91594638766291]]}}, {"type": "Feature", "id": "https://gdi-de.github.io/apworkshop2026/NEUW427", "name": "Baum NEUW427 (gdide:NEUW427)", "dateprops": [], "properties": {"http://www.w3.org/2000/01/rdf-schema#label": "Baum NEUW427", "http://rdfs.org/ns/void#inDataset.value": "72757", "http://www.w3.org/2000/01/rdf-schema#comment": "BUKEA", "http://www.wikidata.org/prop/direct/P2547.value": "3.0", "http://www.wikidata.org/prop/direct/P2547.unit": "http://www.ontology-of-units-of-measure.org/resource/om-2/meter", "http://www.wikidata.org/prop/direct/P3018": "Neuwerk", "https://gdi-de.github.io/apworkshop2026/ont#stammdurchmesser.value": "20.0", "https://gdi-de.github.io/apworkshop2026/ont#stammdurchmesser.unit": "http://www.ontology-of-units-of-measure.org/resource/om-2/centimeter"}, "geometry": {"type": "MultiPoint", "coordinates": [[8.499642832153272, 53.92235048248486]]}}, {"type": "Feature", "id": "https://gdi-de.github.io/apworkshop2026/NEUW664", "name": "Baum NEUW664 (gdide:NEUW664)", "dateprops": [], "properties": {"http://www.w3.org/2000/01/rdf-schema#label": "Baum NEUW664", "http://rdfs.org/ns/void#inDataset.value": "72757", "http://www.w3.org/2000/01/rdf-schema#comment": "Liegenschaftsamt", "http://www.wikidata.org/prop/direct/P2547.value": "2.0", "http://www.wikidata.org/prop/direct/P2547.unit": "http://www.ontology-of-units-of-measure.org/resource/om-2/meter", "http://www.wikidata.org/prop/direct/P3018": "Neuwerk", "https://gdi-de.github.io/apworkshop2026/ont#stammdurchmesser.value": "13.0", "https://gdi-de.github.io/apworkshop2026/ont#stammdurchmesser.unit": "http://www.ontology-of-units-of-measure.org/resource/om-2/centimeter"}, "geometry": {"type": "MultiPoint", "coordinates": [[8.495103474342713, 53.91494254290972]]}}, {"type": "Feature", "id": "https://gdi-de.github.io/apworkshop2026/NEUW151", "name": "Baum NEUW151 (gdide:NEUW151)", "dateprops": [], "properties": {"http://www.w3.org/2000/01/rdf-schema#label": "Baum NEUW151", "http://rdfs.org/ns/void#inDataset.value": "72757", "http://www.w3.org/2000/01/rdf-schema#comment": "Bezirksamt", "http://www.wikidata.org/prop/direct/P2547.value": "8.0", "http://www.wikidata.org/prop/direct/P2547.unit": "http://www.ontology-of-units-of-measure.org/resource/om-2/meter", "http://www.wikidata.org/prop/direct/P3018": "Neuwerk", "https://gdi-de.github.io/apworkshop2026/ont#stammdurchmesser.value": "34.0", "https://gdi-de.github.io/apworkshop2026/ont#stammdurchmesser.unit": "http://www.ontology-of-units-of-measure.org/resource/om-2/centimeter"}, "geometry": {"type": "MultiPoint", "coordinates": [[8.499955850114025, 53.91387617050807]]}}, {"type": "Feature", "id": "https://gdi-de.github.io/apworkshop2026/WITB135", "name": "Baum WITB135 (gdide:WITB135)", "dateprops": [], "properties": {"http://www.w3.org/2000/01/rdf-schema#label": "Baum WITB135", "http://rdfs.org/ns/void#inDataset.value": "72757", "http://www.w3.org/2000/01/rdf-schema#comment": "Wasserwirtschaft", "http://www.wikidata.org/prop/direct/P2547.value": "6.0", "http://www.wikidata.org/prop/direct/P2547.unit": "http://www.ontology-of-units-of-measure.org/resource/om-2/meter", "http://www.wikidata.org/prop/direct/P3018": "Wittenbergen", "https://gdi-de.github.io/apworkshop2026/ont#stammdurchmesser.value": "38.0", "https://gdi-de.github.io/apworkshop2026/ont#stammdurchmesser.unit": "http://www.ontology-of-units-of-measure.org/resource/om-2/centimeter"}, "geometry": {"type": "MultiPoint", "coordinates": [[9.766595923610659, 53.56476716011753]]}}, {"type": "Feature", "id": "https://gdi-de.github.io/apworkshop2026/NEUW47", "name": "Baum NEUW47 (gdide:NEUW47)", "dateprops": [], "properties": {"http://www.w3.org/2000/01/rdf-schema#label": "Baum NEUW47", "http://rdfs.org/ns/void#inDataset.value": "72757", "http://www.w3.org/2000/01/rdf-schema#comment": "Liegenschaftsamt", "http://www.wikidata.org/prop/direct/P2547.value": "8.0", "http://www.wikidata.org/prop/direct/P2547.unit": "http://www.ontology-of-units-of-measure.org/resource/om-2/meter", "http://www.wikidata.org/prop/direct/P3018": "Neuwerk", "https://gdi-de.github.io/apworkshop2026/ont#stammdurchmesser.value": "36.0", "https://gdi-de.github.io/apworkshop2026/ont#stammdurchmesser.unit": "http://www.ontology-of-units-of-measure.org/resource/om-2/centimeter"}, "geometry": {"type": "MultiPoint", "coordinates": [[8.496498575945257, 53.9142977724496]]}}, {"type": "Feature", "id": "https://gdi-de.github.io/apworkshop2026/NEUW647", "name": "Baum NEUW647 (gdide:NEUW647)", "dateprops": [], "properties": {"http://www.w3.org/2000/01/rdf-schema#label": "Baum NEUW647", "http://rdfs.org/ns/void#inDataset.value": "72757", "http://www.w3.org/2000/01/rdf-schema#comment": "Liegenschaftsamt", "http://www.wikidata.org/prop/direct/P2547.value": "4.0", "http://www.wikidata.org/prop/direct/P2547.unit": "http://www.ontology-of-units-of-measure.org/resource/om-2/meter", "http://www.wikidata.org/prop/direct/P3018": "Neuwerk", "https://gdi-de.github.io/apworkshop2026/ont#stammdurchmesser.value": "35.0", "https://gdi-de.github.io/apworkshop2026/ont#stammdurchmesser.unit": "http://www.ontology-of-units-of-measure.org/resource/om-2/centimeter"}, "geometry": {"type": "MultiPoint", "coordinates": [[8.495394357814863, 53.915205666206404]]}}, {"type": "Feature", "id": "https://gdi-de.github.io/apworkshop2026/BFASN344", "name": "Baum BFASN344 (gdide:BFASN344)", "dateprops": [], "properties": {"http://www.w3.org/2000/01/rdf-schema#label": "Baum BFASN344", "http://rdfs.org/ns/void#inDataset.value": "72757", "http://www.w3.org/2000/01/rdf-schema#comment": "sonst. \u00f6ff. Fl\u00e4chen", "http://www.wikidata.org/prop/direct/P2547.value": "8.0", "http://www.wikidata.org/prop/direct/P2547.unit": "http://www.ontology-of-units-of-measure.org/resource/om-2/meter", "http://www.wikidata.org/prop/direct/P3018": "Bahnhof Alte S\u00fcderelbe Nord", "https://gdi-de.github.io/apworkshop2026/ont#stammdurchmesser.value": "52.0", "https://gdi-de.github.io/apworkshop2026/ont#stammdurchmesser.unit": "http://www.ontology-of-units-of-measure.org/resource/om-2/centimeter"}, "geometry": {"type": "MultiPoint", "coordinates": [[9.907778504378893, 53.507312665618784]]}}, {"type": "Feature", "id": "https://gdi-de.github.io/apworkshop2026/BFASN445", "name": "Baum BFASN445 (gdide:BFASN445)", "dateprops": [], "properties": {"http://www.w3.org/2000/01/rdf-schema#label": "Baum BFASN445", "http://rdfs.org/ns/void#inDataset.value": "72757", "http://www.w3.org/2000/01/rdf-schema#comment": "sonst. \u00f6ff. Fl\u00e4chen", "http://www.wikidata.org/prop/direct/P2547.value": "6.0", "http://www.wikidata.org/prop/direct/P2547.unit": "http://www.ontology-of-units-of-measure.org/resource/om-2/meter", "http://www.wikidata.org/prop/direct/P3018": "Bahnhof Alte S\u00fcderelbe Nord", "https://gdi-de.github.io/apworkshop2026/ont#stammdurchmesser.value": "25.0", "https://gdi-de.github.io/apworkshop2026/ont#stammdurchmesser.unit": "http://www.ontology-of-units-of-measure.org/resource/om-2/centimeter"}, "geometry": {"type": "MultiPoint", "coordinates": [[9.911595383139046, 53.50632051601355]]}}, {"type": "Feature", "id": "https://gdi-de.github.io/apworkshop2026/NEUW547", "name": "Baum NEUW547 (gdide:NEUW547)", "dateprops": [], "properties": {"http://www.w3.org/2000/01/rdf-schema#label": "Baum NEUW547", "http://rdfs.org/ns/void#inDataset.value": "72757", "http://www.w3.org/2000/01/rdf-schema#comment": "BUKEA", "http://www.wikidata.org/prop/direct/P2547.value": "4.0", "http://www.wikidata.org/prop/direct/P2547.unit": "http://www.ontology-of-units-of-measure.org/resource/om-2/meter", "http://www.wikidata.org/prop/direct/P3018": "Neuwerk", "https://gdi-de.github.io/apworkshop2026/ont#stammdurchmesser.value": "25.0", "https://gdi-de.github.io/apworkshop2026/ont#stammdurchmesser.unit": "http://www.ontology-of-units-of-measure.org/resource/om-2/centimeter"}, "geometry": {"type": "MultiPoint", "coordinates": [[8.500233833778696, 53.92194914872207]]}}, {"type": "Feature", "id": "https://gdi-de.github.io/apworkshop2026/VHWN604", "name": "Baum VHWN604 (gdide:VHWN604)", "dateprops": [], "properties": {"http://www.w3.org/2000/01/rdf-schema#label": "Baum VHWN604", "http://rdfs.org/ns/void#inDataset.value": "72757", "http://www.w3.org/2000/01/rdf-schema#comment": "sonst. \u00f6ff. Fl\u00e4chen", "http://www.wikidata.org/prop/direct/P2547.value": "2.0", "http://www.wikidata.org/prop/direct/P2547.unit": "http://www.ontology-of-units-of-measure.org/resource/om-2/meter", "http://www.wikidata.org/prop/direct/P3018": "Vollh\u00f6fner Weiden", "https://gdi-de.github.io/apworkshop2026/ont#stammdurchmesser.value": "16.0", "https://gdi-de.github.io/apworkshop2026/ont#stammdurchmesser.unit": "http://www.ontology-of-units-of-measure.org/resource/om-2/centimeter"}, "geometry": {"type": "MultiPoint", "coordinates": [[9.899603224439012, 53.51239198510667]]}}, {"type": "Feature", "id": "https://gdi-de.github.io/apworkshop2026/NEUW112", "name": "Baum NEUW112 (gdide:NEUW112)", "dateprops": [], "properties": {"http://www.w3.org/2000/01/rdf-schema#label": "Baum NEUW112", "http://rdfs.org/ns/void#inDataset.value": "72757", "http://www.w3.org/2000/01/rdf-schema#comment": "BUKEA", "http://www.wikidata.org/prop/direct/P2547.value": "8.0", "http://www.wikidata.org/prop/direct/P2547.unit": "http://www.ontology-of-units-of-measure.org/resource/om-2/meter", "http://www.wikidata.org/prop/direct/P3018": "Neuwerk", "https://gdi-de.github.io/apworkshop2026/ont#stammdurchmesser.value": "39.0", "https://gdi-de.github.io/apworkshop2026/ont#stammdurchmesser.unit": "http://www.ontology-of-units-of-measure.org/resource/om-2/centimeter"}, "geometry": {"type": "MultiPoint", "coordinates": [[8.497153699315659, 53.914620688022964]]}}, {"type": "Feature", "id": "https://gdi-de.github.io/apworkshop2026/BFHS397", "name": "Baum BFHS397 (gdide:BFHS397)", "dateprops": [], "properties": {"http://www.w3.org/2000/01/rdf-schema#label": "Baum BFHS397", "http://rdfs.org/ns/void#inDataset.value": "72757", "http://www.w3.org/2000/01/rdf-schema#comment": "sonst. \u00f6ff. Fl\u00e4chen", "http://www.wikidata.org/prop/direct/P2547.value": "3.0", "http://www.wikidata.org/prop/direct/P2547.unit": "http://www.ontology-of-units-of-measure.org/resource/om-2/meter", "http://www.wikidata.org/prop/direct/P3018": "Bahnhof Hohe Schaar", "https://gdi-de.github.io/apworkshop2026/ont#stammdurchmesser.value": "27.0", "https://gdi-de.github.io/apworkshop2026/ont#stammdurchmesser.unit": "http://www.ontology-of-units-of-measure.org/resource/om-2/centimeter"}, "geometry": {"type": "MultiPoint", "coordinates": [[9.965254189493926, 53.497316739192954]]}}, {"type": "Feature", "id": "https://gdi-de.github.io/apworkshop2026/NEUW52", "name": "Baum NEUW52 (gdide:NEUW52)", "dateprops": [], "properties": {"http://www.w3.org/2000/01/rdf-schema#label": "Baum NEUW52", "http://rdfs.org/ns/void#inDataset.value": "72757", "http://www.w3.org/2000/01/rdf-schema#comment": "Liegenschaftsamt", "http://www.wikidata.org/prop/direct/P2547.value": "10.0", "http://www.wikidata.org/prop/direct/P2547.unit": "http://www.ontology-of-units-of-measure.org/resource/om-2/meter", "http://www.wikidata.org/prop/direct/P3018": "Neuwerk", "https://gdi-de.github.io/apworkshop2026/ont#stammdurchmesser.value": "40.0", "https://gdi-de.github.io/apworkshop2026/ont#stammdurchmesser.unit": "http://www.ontology-of-units-of-measure.org/resource/om-2/centimeter"}, "geometry": {"type": "MultiPoint", "coordinates": [[8.496455402912702, 53.91425954474389]]}}, {"type": "Feature", "id": "https://gdi-de.github.io/apworkshop2026/BFHS411", "name": "Baum BFHS411 (gdide:BFHS411)", "dateprops": [], "properties": {"http://www.w3.org/2000/01/rdf-schema#label": "Baum BFHS411", "http://rdfs.org/ns/void#inDataset.value": "72757", "http://www.w3.org/2000/01/rdf-schema#comment": "sonst. \u00f6ff. Fl\u00e4chen", "http://www.wikidata.org/prop/direct/P2547.value": "4.0", "http://www.wikidata.org/prop/direct/P2547.unit": "http://www.ontology-of-units-of-measure.org/resource/om-2/meter", "http://www.wikidata.org/prop/direct/P3018": "Bahnhof Hohe Schaar", "https://gdi-de.github.io/apworkshop2026/ont#stammdurchmesser.value": "18.0", "https://gdi-de.github.io/apworkshop2026/ont#stammdurchmesser.unit": "http://www.ontology-of-units-of-measure.org/resource/om-2/centimeter"}, "geometry": {"type": "MultiPoint", "coordinates": [[9.964671524234339, 53.497440873677505]]}}, {"type": "Feature", "id": "https://gdi-de.github.io/apworkshop2026/GZAW232", "name": "Baum GZAW232 (gdide:GZAW232)", "dateprops": [], "properties": {"http://www.w3.org/2000/01/rdf-schema#label": "Baum GZAW232", "http://rdfs.org/ns/void#inDataset.value": "72757", "http://www.w3.org/2000/01/rdf-schema#comment": "sonst. \u00f6ff. Fl\u00e4chen", "http://www.wikidata.org/prop/direct/P2547.value": "15.0", "http://www.wikidata.org/prop/direct/P2547.unit": "http://www.ontology-of-units-of-measure.org/resource/om-2/meter", "http://www.wikidata.org/prop/direct/P3018": "Gr\u00fcnzug Altenwerder", "https://gdi-de.github.io/apworkshop2026/ont#stammdurchmesser.value": "46.0", "https://gdi-de.github.io/apworkshop2026/ont#stammdurchmesser.unit": "http://www.ontology-of-units-of-measure.org/resource/om-2/centimeter"}, "geometry": {"type": "MultiPoint", "coordinates": [[9.916815026131118, 53.50316477259819]]}}, {"type": "Feature", "id": "https://gdi-de.github.io/apworkshop2026/NEUW206", "name": "Baum NEUW206 (gdide:NEUW206)", "dateprops": [], "properties": {"http://www.w3.org/2000/01/rdf-schema#label": "Baum NEUW206", "http://rdfs.org/ns/void#inDataset.value": "72757", "http://www.w3.org/2000/01/rdf-schema#comment": "HPA", "http://www.wikidata.org/prop/direct/P2547.value": "4.0", "http://www.wikidata.org/prop/direct/P2547.unit": "http://www.ontology-of-units-of-measure.org/resource/om-2/meter", "http://www.wikidata.org/prop/direct/P3018": "Neuwerk", "https://gdi-de.github.io/apworkshop2026/ont#stammdurchmesser.value": "21.0", "https://gdi-de.github.io/apworkshop2026/ont#stammdurchmesser.unit": "http://www.ontology-of-units-of-measure.org/resource/om-2/centimeter"}, "geometry": {"type": "MultiPoint", "coordinates": [[8.506927037230223, 53.923041917983895]]}}, {"type": "Feature", "id": "https://gdi-de.github.io/apworkshop2026/NEUW591", "name": "Baum NEUW591 (gdide:NEUW591)", "dateprops": [], "properties": {"http://www.w3.org/2000/01/rdf-schema#label": "Baum NEUW591", "http://rdfs.org/ns/void#inDataset.value": "72757", "http://www.w3.org/2000/01/rdf-schema#comment": "Liegenschaftsamt", "http://www.wikidata.org/prop/direct/P2547.value": "5.0", "http://www.wikidata.org/prop/direct/P2547.unit": "http://www.ontology-of-units-of-measure.org/resource/om-2/meter", "http://www.wikidata.org/prop/direct/P3018": "Neuwerk", "https://gdi-de.github.io/apworkshop2026/ont#stammdurchmesser.value": "38.0", "https://gdi-de.github.io/apworkshop2026/ont#stammdurchmesser.unit": "http://www.ontology-of-units-of-measure.org/resource/om-2/centimeter"}, "geometry": {"type": "MultiPoint", "coordinates": [[8.495636624463838, 53.91599548644939]]}}, {"type": "Feature", "id": "https://gdi-de.github.io/apworkshop2026/NEUW164", "name": "Baum NEUW164 (gdide:NEUW164)", "dateprops": [], "properties": {"http://www.w3.org/2000/01/rdf-schema#label": "Baum NEUW164", "http://rdfs.org/ns/void#inDataset.value": "72757", "http://www.w3.org/2000/01/rdf-schema#comment": "BUKEA", "http://www.wikidata.org/prop/direct/P2547.value": "5.0", "http://www.wikidata.org/prop/direct/P2547.unit": "http://www.ontology-of-units-of-measure.org/resource/om-2/meter", "http://www.wikidata.org/prop/direct/P3018": "Neuwerk", "https://gdi-de.github.io/apworkshop2026/ont#stammdurchmesser.value": "23.0", "https://gdi-de.github.io/apworkshop2026/ont#stammdurchmesser.unit": "http://www.ontology-of-units-of-measure.org/resource/om-2/centimeter"}, "geometry": {"type": "MultiPoint", "coordinates": [[8.500171832057786, 53.91361111815878]]}}, {"type": "Feature", "id": "https://gdi-de.github.io/apworkshop2026/NEUW333", "name": "Baum NEUW333 (gdide:NEUW333)", "dateprops": [], "properties": {"http://www.w3.org/2000/01/rdf-schema#label": "Baum NEUW333", "http://rdfs.org/ns/void#inDataset.value": "72757", "http://www.w3.org/2000/01/rdf-schema#comment": "BUKEA", "http://www.wikidata.org/prop/direct/P2547.value": "5.0", "http://www.wikidata.org/prop/direct/P2547.unit": "http://www.ontology-of-units-of-measure.org/resource/om-2/meter", "http://www.wikidata.org/prop/direct/P3018": "Neuwerk", "https://gdi-de.github.io/apworkshop2026/ont#stammdurchmesser.value": "21.0", "https://gdi-de.github.io/apworkshop2026/ont#stammdurchmesser.unit": "http://www.ontology-of-units-of-measure.org/resource/om-2/centimeter"}, "geometry": {"type": "MultiPoint", "coordinates": [[8.496867208605247, 53.913585186388715]]}}, {"type": "Feature", "id": "https://gdi-de.github.io/apworkshop2026/NEUW430", "name": "Baum NEUW430 (gdide:NEUW430)", "dateprops": [], "properties": {"http://www.w3.org/2000/01/rdf-schema#label": "Baum NEUW430", "http://rdfs.org/ns/void#inDataset.value": "72757", "http://www.w3.org/2000/01/rdf-schema#comment": "BUKEA", "http://www.wikidata.org/prop/direct/P2547.value": "1.5", "http://www.wikidata.org/prop/direct/P2547.unit": "http://www.ontology-of-units-of-measure.org/resource/om-2/meter", "http://www.wikidata.org/prop/direct/P3018": "Neuwerk", "https://gdi-de.github.io/apworkshop2026/ont#stammdurchmesser.value": "17.0", "https://gdi-de.github.io/apworkshop2026/ont#stammdurchmesser.unit": "http://www.ontology-of-units-of-measure.org/resource/om-2/centimeter"}, "geometry": {"type": "MultiPoint", "coordinates": [[8.499711175980089, 53.92236265479413]]}}, {"type": "Feature", "id": "https://gdi-de.github.io/apworkshop2026/BFASN394", "name": "Baum BFASN394 (gdide:BFASN394)", "dateprops": [], "properties": {"http://www.w3.org/2000/01/rdf-schema#label": "Baum BFASN394", "http://rdfs.org/ns/void#inDataset.value": "72757", "http://www.w3.org/2000/01/rdf-schema#comment": "sonst. \u00f6ff. Fl\u00e4chen", "http://www.wikidata.org/prop/direct/P2547.value": "5.0", "http://www.wikidata.org/prop/direct/P2547.unit": "http://www.ontology-of-units-of-measure.org/resource/om-2/meter", "http://www.wikidata.org/prop/direct/P3018": "Bahnhof Alte S\u00fcderelbe Nord", "https://gdi-de.github.io/apworkshop2026/ont#stammdurchmesser.value": "25.0", "https://gdi-de.github.io/apworkshop2026/ont#stammdurchmesser.unit": "http://www.ontology-of-units-of-measure.org/resource/om-2/centimeter"}, "geometry": {"type": "MultiPoint", "coordinates": [[9.911544026454253, 53.507185082083986]]}}, {"type": "Feature", "id": "https://gdi-de.github.io/apworkshop2026/NEUW437", "name": "Baum NEUW437 (gdide:NEUW437)", "dateprops": [], "properties": {"http://www.w3.org/2000/01/rdf-schema#label": "Baum NEUW437", "http://rdfs.org/ns/void#inDataset.value": "72757", "http://www.w3.org/2000/01/rdf-schema#comment": "BUKEA", "http://www.wikidata.org/prop/direct/P2547.value": "3.5", "http://www.wikidata.org/prop/direct/P2547.unit": "http://www.ontology-of-units-of-measure.org/resource/om-2/meter", "http://www.wikidata.org/prop/direct/P3018": "Neuwerk", "https://gdi-de.github.io/apworkshop2026/ont#stammdurchmesser.value": "24.0", "https://gdi-de.github.io/apworkshop2026/ont#stammdurchmesser.unit": "http://www.ontology-of-units-of-measure.org/resource/om-2/centimeter"}, "geometry": {"type": "MultiPoint", "coordinates": [[8.499874849024856, 53.92237681614207]]}}, {"type": "Feature", "id": "https://gdi-de.github.io/apworkshop2026/NEUW426", "name": "Baum NEUW426 (gdide:NEUW426)", "dateprops": [], "properties": {"http://www.w3.org/2000/01/rdf-schema#label": "Baum NEUW426", "http://rdfs.org/ns/void#inDataset.value": "72757", "http://www.w3.org/2000/01/rdf-schema#comment": "BUKEA", "http://www.wikidata.org/prop/direct/P2547.value": "3.0", "http://www.wikidata.org/prop/direct/P2547.unit": "http://www.ontology-of-units-of-measure.org/resource/om-2/meter", "http://www.wikidata.org/prop/direct/P3018": "Neuwerk", "https://gdi-de.github.io/apworkshop2026/ont#stammdurchmesser.value": "19.0", "https://gdi-de.github.io/apworkshop2026/ont#stammdurchmesser.unit": "http://www.ontology-of-units-of-measure.org/resource/om-2/centimeter"}, "geometry": {"type": "MultiPoint", "coordinates": [[8.49960459985478, 53.92234675302826]]}}, {"type": "Feature", "id": "https://gdi-de.github.io/apworkshop2026/WITB237", "name": "Baum WITB237 (gdide:WITB237)", "dateprops": [], "properties": {"http://www.w3.org/2000/01/rdf-schema#label": "Baum WITB237", "http://rdfs.org/ns/void#inDataset.value": "72757", "http://www.w3.org/2000/01/rdf-schema#comment": "Wasserwirtschaft", "http://www.wikidata.org/prop/direct/P2547.value": "10.0", "http://www.wikidata.org/prop/direct/P2547.unit": "http://www.ontology-of-units-of-measure.org/resource/om-2/meter", "http://www.wikidata.org/prop/direct/P3018": "Wittenbergen", "https://gdi-de.github.io/apworkshop2026/ont#stammdurchmesser.value": "37.0", "https://gdi-de.github.io/apworkshop2026/ont#stammdurchmesser.unit": "http://www.ontology-of-units-of-measure.org/resource/om-2/centimeter"}, "geometry": {"type": "MultiPoint", "coordinates": [[9.752745941105232, 53.56449106703134]]}}, {"type": "Feature", "id": "https://gdi-de.github.io/apworkshop2026/NEUW583", "name": "Baum NEUW583 (gdide:NEUW583)", "dateprops": [], "properties": {"http://www.w3.org/2000/01/rdf-schema#label": "Baum NEUW583", "http://rdfs.org/ns/void#inDataset.value": "72757", "http://www.w3.org/2000/01/rdf-schema#comment": "Liegenschaftsamt", "http://www.wikidata.org/prop/direct/P2547.value": "8.0", "http://www.wikidata.org/prop/direct/P2547.unit": "http://www.ontology-of-units-of-measure.org/resource/om-2/meter", "http://www.wikidata.org/prop/direct/P3018": "Neuwerk", "https://gdi-de.github.io/apworkshop2026/ont#stammdurchmesser.value": "32.0", "https://gdi-de.github.io/apworkshop2026/ont#stammdurchmesser.unit": "http://www.ontology-of-units-of-measure.org/resource/om-2/centimeter"}, "geometry": {"type": "MultiPoint", "coordinates": [[8.495308838199817, 53.91589700311405]]}}, {"type": "Feature", "id": "https://gdi-de.github.io/apworkshop2026/NEUW29", "name": "Baum NEUW29 (gdide:NEUW29)", "dateprops": [], "properties": {"http://www.w3.org/2000/01/rdf-schema#label": "Baum NEUW29", "http://rdfs.org/ns/void#inDataset.value": "72757", "http://www.w3.org/2000/01/rdf-schema#comment": "Liegenschaftsamt", "http://www.wikidata.org/prop/direct/P2547.value": "8.0", "http://www.wikidata.org/prop/direct/P2547.unit": "http://www.ontology-of-units-of-measure.org/resource/om-2/meter", "http://www.wikidata.org/prop/direct/P3018": "Neuwerk", "https://gdi-de.github.io/apworkshop2026/ont#stammdurchmesser.value": "26.0", "https://gdi-de.github.io/apworkshop2026/ont#stammdurchmesser.unit": "http://www.ontology-of-units-of-measure.org/resource/om-2/centimeter"}, "geometry": {"type": "MultiPoint", "coordinates": [[8.496336717497364, 53.91452082578485]]}}, {"type": "Feature", "id": "https://gdi-de.github.io/apworkshop2026/ALTW681", "name": "Baum ALTW681 (gdide:ALTW681)", "dateprops": [], "properties": {"http://www.w3.org/2000/01/rdf-schema#label": "Baum ALTW681", "http://rdfs.org/ns/void#inDataset.value": "72757", "http://www.w3.org/2000/01/rdf-schema#comment": "sonst. \u00f6ff. Fl\u00e4chen", "http://www.wikidata.org/prop/direct/P2547.value": "8.0", "http://www.wikidata.org/prop/direct/P2547.unit": "http://www.ontology-of-units-of-measure.org/resource/om-2/meter", "http://www.wikidata.org/prop/direct/P3018": "Altenwerder Logistik", "https://gdi-de.github.io/apworkshop2026/ont#stammdurchmesser.value": "41.0", "https://gdi-de.github.io/apworkshop2026/ont#stammdurchmesser.unit": "http://www.ontology-of-units-of-measure.org/resource/om-2/centimeter"}, "geometry": {"type": "MultiPoint", "coordinates": [[9.922426487300662, 53.51142238523059]]}}, {"type": "Feature", "id": "https://gdi-de.github.io/apworkshop2026/MOBG781", "name": "Baum MOBG781 (gdide:MOBG781)", "dateprops": [], "properties": {"http://www.w3.org/2000/01/rdf-schema#label": "Baum MOBG781", "http://rdfs.org/ns/void#inDataset.value": "72757", "http://www.w3.org/2000/01/rdf-schema#comment": "sonst. \u00f6ff. Fl\u00e4chen", "http://www.wikidata.org/prop/direct/P2547.value": "6.0", "http://www.wikidata.org/prop/direct/P2547.unit": "http://www.ontology-of-units-of-measure.org/resource/om-2/meter", "http://www.wikidata.org/prop/direct/P3018": "Moorburg", "https://gdi-de.github.io/apworkshop2026/ont#stammdurchmesser.value": "40.0", "https://gdi-de.github.io/apworkshop2026/ont#stammdurchmesser.unit": "http://www.ontology-of-units-of-measure.org/resource/om-2/centimeter"}, "geometry": {"type": "MultiPoint", "coordinates": [[9.937816415765045, 53.48541879045]]}}, {"type": "Feature", "id": "https://gdi-de.github.io/apworkshop2026/HOHS239", "name": "Baum HOHS239 (gdide:HOHS239)", "dateprops": [], "properties": {"http://www.w3.org/2000/01/rdf-schema#label": "Baum HOHS239", "http://rdfs.org/ns/void#inDataset.value": "72757", "http://www.w3.org/2000/01/rdf-schema#comment": "Stra\u00dfe", "http://www.wikidata.org/prop/direct/P2547.value": "3.0", "http://www.wikidata.org/prop/direct/P2547.unit": "http://www.ontology-of-units-of-measure.org/resource/om-2/meter", "http://www.wikidata.org/prop/direct/P3018": "Hohe Schaar", "https://gdi-de.github.io/apworkshop2026/ont#stammdurchmesser.value": "18.0", "https://gdi-de.github.io/apworkshop2026/ont#stammdurchmesser.unit": "http://www.ontology-of-units-of-measure.org/resource/om-2/centimeter"}, "geometry": {"type": "MultiPoint", "coordinates": [[9.972485771261534, 53.49174160935386]]}}, {"type": "Feature", "id": "https://gdi-de.github.io/apworkshop2026/NEUW53", "name": "Baum NEUW53 (gdide:NEUW53)", "dateprops": [], "properties": {"http://www.w3.org/2000/01/rdf-schema#label": "Baum NEUW53", "http://rdfs.org/ns/void#inDataset.value": "72757", "http://www.w3.org/2000/01/rdf-schema#comment": "Liegenschaftsamt", "http://www.wikidata.org/prop/direct/P2547.value": "10.0", "http://www.wikidata.org/prop/direct/P2547.unit": "http://www.ontology-of-units-of-measure.org/resource/om-2/meter", "http://www.wikidata.org/prop/direct/P3018": "Neuwerk", "https://gdi-de.github.io/apworkshop2026/ont#stammdurchmesser.value": "38.0", "https://gdi-de.github.io/apworkshop2026/ont#stammdurchmesser.unit": "http://www.ontology-of-units-of-measure.org/resource/om-2/centimeter"}, "geometry": {"type": "MultiPoint", "coordinates": [[8.496513452046361, 53.91423323242177]]}}, {"type": "Feature", "id": "https://gdi-de.github.io/apworkshop2026/NEUW615", "name": "Baum NEUW615 (gdide:NEUW615)", "dateprops": [], "properties": {"http://www.w3.org/2000/01/rdf-schema#label": "Baum NEUW615", "http://rdfs.org/ns/void#inDataset.value": "72757", "http://www.w3.org/2000/01/rdf-schema#comment": "Liegenschaftsamt", "http://www.wikidata.org/prop/direct/P2547.value": "5.0", "http://www.wikidata.org/prop/direct/P2547.unit": "http://www.ontology-of-units-of-measure.org/resource/om-2/meter", "http://www.wikidata.org/prop/direct/P3018": "Neuwerk", "https://gdi-de.github.io/apworkshop2026/ont#stammdurchmesser.value": "32.0", "https://gdi-de.github.io/apworkshop2026/ont#stammdurchmesser.unit": "http://www.ontology-of-units-of-measure.org/resource/om-2/centimeter"}, "geometry": {"type": "MultiPoint", "coordinates": [[8.495910430962438, 53.9157267175038]]}}, {"type": "Feature", "id": "https://gdi-de.github.io/apworkshop2026/GZAW479", "name": "Baum GZAW479 (gdide:GZAW479)", "dateprops": [], "properties": {"http://www.w3.org/2000/01/rdf-schema#label": "Baum GZAW479", "http://rdfs.org/ns/void#inDataset.value": "72757", "http://www.w3.org/2000/01/rdf-schema#comment": "sonst. \u00f6ff. Fl\u00e4chen", "http://www.wikidata.org/prop/direct/P2547.value": "8.0", "http://www.wikidata.org/prop/direct/P2547.unit": "http://www.ontology-of-units-of-measure.org/resource/om-2/meter", "http://www.wikidata.org/prop/direct/P3018": "Gr\u00fcnzug Altenwerder", "https://gdi-de.github.io/apworkshop2026/ont#stammdurchmesser.value": "25.0", "https://gdi-de.github.io/apworkshop2026/ont#stammdurchmesser.unit": "http://www.ontology-of-units-of-measure.org/resource/om-2/centimeter"}, "geometry": {"type": "MultiPoint", "coordinates": [[9.917390963009225, 53.504081175473786]]}}, {"type": "Feature", "id": "https://gdi-de.github.io/apworkshop2026/NEUW468", "name": "Baum NEUW468 (gdide:NEUW468)", "dateprops": [], "properties": {"http://www.w3.org/2000/01/rdf-schema#label": "Baum NEUW468", "http://rdfs.org/ns/void#inDataset.value": "72757", "http://www.w3.org/2000/01/rdf-schema#comment": "BUKEA", "http://www.wikidata.org/prop/direct/P2547.value": "5.5", "http://www.wikidata.org/prop/direct/P2547.unit": "http://www.ontology-of-units-of-measure.org/resource/om-2/meter", "http://www.wikidata.org/prop/direct/P3018": "Neuwerk", "https://gdi-de.github.io/apworkshop2026/ont#stammdurchmesser.value": "39.0", "https://gdi-de.github.io/apworkshop2026/ont#stammdurchmesser.unit": "http://www.ontology-of-units-of-measure.org/resource/om-2/centimeter"}, "geometry": {"type": "MultiPoint", "coordinates": [[8.498702538595925, 53.92194068991527]]}}, {"type": "Feature", "id": "https://gdi-de.github.io/apworkshop2026/NEUW154", "name": "Baum NEUW154 (gdide:NEUW154)", "dateprops": [], "properties": {"http://www.w3.org/2000/01/rdf-schema#label": "Baum NEUW154", "http://rdfs.org/ns/void#inDataset.value": "72757", "http://www.w3.org/2000/01/rdf-schema#comment": "Bezirksamt", "http://www.wikidata.org/prop/direct/P2547.value": "10.0", "http://www.wikidata.org/prop/direct/P2547.unit": "http://www.ontology-of-units-of-measure.org/resource/om-2/meter", "http://www.wikidata.org/prop/direct/P3018": "Neuwerk", "https://gdi-de.github.io/apworkshop2026/ont#stammdurchmesser.value": "33.0", "https://gdi-de.github.io/apworkshop2026/ont#stammdurchmesser.unit": "http://www.ontology-of-units-of-measure.org/resource/om-2/centimeter"}, "geometry": {"type": "MultiPoint", "coordinates": [[8.499930041515912, 53.91378886225742]]}}, {"type": "Feature", "id": "https://gdi-de.github.io/apworkshop2026/GZAW129", "name": "Baum GZAW129 (gdide:GZAW129)", "dateprops": [], "properties": {"http://www.w3.org/2000/01/rdf-schema#label": "Baum GZAW129", "http://rdfs.org/ns/void#inDataset.value": "72757", "http://www.w3.org/2000/01/rdf-schema#comment": "sonst. \u00f6ff. Fl\u00e4chen", "http://www.wikidata.org/prop/direct/P2547.value": "8.0", "http://www.wikidata.org/prop/direct/P2547.unit": "http://www.ontology-of-units-of-measure.org/resource/om-2/meter", "http://www.wikidata.org/prop/direct/P3018": "Gr\u00fcnzug Altenwerder", "https://gdi-de.github.io/apworkshop2026/ont#stammdurchmesser.value": "27.0", "https://gdi-de.github.io/apworkshop2026/ont#stammdurchmesser.unit": "http://www.ontology-of-units-of-measure.org/resource/om-2/centimeter"}, "geometry": {"type": "MultiPoint", "coordinates": [[9.917332069459198, 53.50374098825659]]}}, {"type": "Feature", "id": "https://gdi-de.github.io/apworkshop2026/WITB153", "name": "Baum WITB153 (gdide:WITB153)", "dateprops": [], "properties": {"http://www.w3.org/2000/01/rdf-schema#label": "Baum WITB153", "http://rdfs.org/ns/void#inDataset.value": "72757", "http://www.w3.org/2000/01/rdf-schema#comment": "Wasserwirtschaft", "http://www.wikidata.org/prop/direct/P2547.value": "7.0", "http://www.wikidata.org/prop/direct/P2547.unit": "http://www.ontology-of-units-of-measure.org/resource/om-2/meter", "http://www.wikidata.org/prop/direct/P3018": "Wittenbergen", "https://gdi-de.github.io/apworkshop2026/ont#stammdurchmesser.value": "48.0", "https://gdi-de.github.io/apworkshop2026/ont#stammdurchmesser.unit": "http://www.ontology-of-units-of-measure.org/resource/om-2/centimeter"}, "geometry": {"type": "MultiPoint", "coordinates": [[9.762475764627434, 53.565119053613074]]}}, {"type": "Feature", "id": "https://gdi-de.github.io/apworkshop2026/BFASN193", "name": "Baum BFASN193 (gdide:BFASN193)", "dateprops": [], "properties": {"http://www.w3.org/2000/01/rdf-schema#label": "Baum BFASN193", "http://rdfs.org/ns/void#inDataset.value": "72757", "http://www.w3.org/2000/01/rdf-schema#comment": "sonst. \u00f6ff. Fl\u00e4chen", "http://www.wikidata.org/prop/direct/P2547.value": "4.0", "http://www.wikidata.org/prop/direct/P2547.unit": "http://www.ontology-of-units-of-measure.org/resource/om-2/meter", "http://www.wikidata.org/prop/direct/P3018": "Bahnhof Alte S\u00fcderelbe Nord", "https://gdi-de.github.io/apworkshop2026/ont#stammdurchmesser.value": "16.0", "https://gdi-de.github.io/apworkshop2026/ont#stammdurchmesser.unit": "http://www.ontology-of-units-of-measure.org/resource/om-2/centimeter"}, "geometry": {"type": "MultiPoint", "coordinates": [[9.911684540930995, 53.50870969649284]]}}, {"type": "Feature", "id": "https://gdi-de.github.io/apworkshop2026/NEUW485", "name": "Baum NEUW485 (gdide:NEUW485)", "dateprops": [], "properties": {"http://www.w3.org/2000/01/rdf-schema#label": "Baum NEUW485", "http://rdfs.org/ns/void#inDataset.value": "72757", "http://www.w3.org/2000/01/rdf-schema#comment": "HPA", "http://www.wikidata.org/prop/direct/P2547.value": "6.0", "http://www.wikidata.org/prop/direct/P2547.unit": "http://www.ontology-of-units-of-measure.org/resource/om-2/meter", "http://www.wikidata.org/prop/direct/P3018": "Neuwerk", "https://gdi-de.github.io/apworkshop2026/ont#stammdurchmesser.value": "23.0", "https://gdi-de.github.io/apworkshop2026/ont#stammdurchmesser.unit": "http://www.ontology-of-units-of-measure.org/resource/om-2/centimeter"}, "geometry": {"type": "MultiPoint", "coordinates": [[8.498265903468926, 53.92219716186831]]}}, {"type": "Feature", "id": "https://gdi-de.github.io/apworkshop2026/HOHS729", "name": "Baum HOHS729 (gdide:HOHS729)", "dateprops": [], "properties": {"http://www.w3.org/2000/01/rdf-schema#label": "Baum HOHS729", "http://rdfs.org/ns/void#inDataset.value": "72757", "http://www.w3.org/2000/01/rdf-schema#comment": "Bahn", "http://www.wikidata.org/prop/direct/P2547.value": "8.0", "http://www.wikidata.org/prop/direct/P2547.unit": "http://www.ontology-of-units-of-measure.org/resource/om-2/meter", "http://www.wikidata.org/prop/direct/P3018": "Hohe Schaar", "https://gdi-de.github.io/apworkshop2026/ont#stammdurchmesser.value": "39.0", "https://gdi-de.github.io/apworkshop2026/ont#stammdurchmesser.unit": "http://www.ontology-of-units-of-measure.org/resource/om-2/centimeter"}, "geometry": {"type": "MultiPoint", "coordinates": [[9.995482642534993, 53.48213860584605]]}}, {"type": "Feature", "id": "https://gdi-de.github.io/apworkshop2026/FINW158", "name": "Baum FINW158 (gdide:FINW158)", "dateprops": [], "properties": {"http://www.w3.org/2000/01/rdf-schema#label": "Baum FINW158", "http://rdfs.org/ns/void#inDataset.value": "72757", "http://www.w3.org/2000/01/rdf-schema#comment": "Wasserwirtschaft", "http://www.wikidata.org/prop/direct/P2547.value": "4.0", "http://www.wikidata.org/prop/direct/P2547.unit": "http://www.ontology-of-units-of-measure.org/resource/om-2/meter", "http://www.wikidata.org/prop/direct/P3018": "Finkenwerder", "https://gdi-de.github.io/apworkshop2026/ont#stammdurchmesser.value": "24.0", "https://gdi-de.github.io/apworkshop2026/ont#stammdurchmesser.unit": "http://www.ontology-of-units-of-measure.org/resource/om-2/centimeter"}, "geometry": {"type": "MultiPoint", "coordinates": [[9.87787313941291, 53.53669177961366]]}}, {"type": "Feature", "id": "https://gdi-de.github.io/apworkshop2026/NEUW22", "name": "Baum NEUW22 (gdide:NEUW22)", "dateprops": [], "properties": {"http://www.w3.org/2000/01/rdf-schema#label": "Baum NEUW22", "http://rdfs.org/ns/void#inDataset.value": "72757", "http://www.w3.org/2000/01/rdf-schema#comment": "Liegenschaftsamt", "http://www.wikidata.org/prop/direct/P2547.value": "13.0", "http://www.wikidata.org/prop/direct/P2547.unit": "http://www.ontology-of-units-of-measure.org/resource/om-2/meter", "http://www.wikidata.org/prop/direct/P3018": "Neuwerk", "https://gdi-de.github.io/apworkshop2026/ont#stammdurchmesser.value": "41.0", "https://gdi-de.github.io/apworkshop2026/ont#stammdurchmesser.unit": "http://www.ontology-of-units-of-measure.org/resource/om-2/centimeter"}, "geometry": {"type": "MultiPoint", "coordinates": [[8.496220682112114, 53.914637142994245]]}}, {"type": "Feature", "id": "https://gdi-de.github.io/apworkshop2026/NEUW498", "name": "Baum NEUW498 (gdide:NEUW498)", "dateprops": [], "properties": {"http://www.w3.org/2000/01/rdf-schema#label": "Baum NEUW498", "http://rdfs.org/ns/void#inDataset.value": "72757", "http://www.w3.org/2000/01/rdf-schema#comment": "Liegenschaftsamt", "http://www.wikidata.org/prop/direct/P2547.value": "3.0", "http://www.wikidata.org/prop/direct/P2547.unit": "http://www.ontology-of-units-of-measure.org/resource/om-2/meter", "http://www.wikidata.org/prop/direct/P3018": "Neuwerk", "https://gdi-de.github.io/apworkshop2026/ont#stammdurchmesser.value": "41.0", "https://gdi-de.github.io/apworkshop2026/ont#stammdurchmesser.unit": "http://www.ontology-of-units-of-measure.org/resource/om-2/centimeter"}, "geometry": {"type": "MultiPoint", "coordinates": [[8.49605331699153, 53.91597440254869]]}}, {"type": "Feature", "id": "https://gdi-de.github.io/apworkshop2026/GZAW174", "name": "Baum GZAW174 (gdide:GZAW174)", "dateprops": [], "properties": {"http://www.w3.org/2000/01/rdf-schema#label": "Baum GZAW174", "http://rdfs.org/ns/void#inDataset.value": "72757", "http://www.w3.org/2000/01/rdf-schema#comment": "sonst. \u00f6ff. Fl\u00e4chen", "http://www.wikidata.org/prop/direct/P2547.value": "6.0", "http://www.wikidata.org/prop/direct/P2547.unit": "http://www.ontology-of-units-of-measure.org/resource/om-2/meter", "http://www.wikidata.org/prop/direct/P3018": "Gr\u00fcnzug Altenwerder", "https://gdi-de.github.io/apworkshop2026/ont#stammdurchmesser.value": "28.0", "https://gdi-de.github.io/apworkshop2026/ont#stammdurchmesser.unit": "http://www.ontology-of-units-of-measure.org/resource/om-2/centimeter"}, "geometry": {"type": "MultiPoint", "coordinates": [[9.917574821198427, 53.50496554474401]]}}, {"type": "Feature", "id": "https://gdi-de.github.io/apworkshop2026/NEUW392", "name": "Baum NEUW392 (gdide:NEUW392)", "dateprops": [], "properties": {"http://www.w3.org/2000/01/rdf-schema#label": "Baum NEUW392", "http://rdfs.org/ns/void#inDataset.value": "72757", "http://www.w3.org/2000/01/rdf-schema#comment": "BUKEA", "http://www.wikidata.org/prop/direct/P2547.value": "8.0", "http://www.wikidata.org/prop/direct/P2547.unit": "http://www.ontology-of-units-of-measure.org/resource/om-2/meter", "http://www.wikidata.org/prop/direct/P3018": "Neuwerk", "https://gdi-de.github.io/apworkshop2026/ont#stammdurchmesser.value": "30.0", "https://gdi-de.github.io/apworkshop2026/ont#stammdurchmesser.unit": "http://www.ontology-of-units-of-measure.org/resource/om-2/centimeter"}, "geometry": {"type": "MultiPoint", "coordinates": [[8.499899238284819, 53.91337282146463]]}}, {"type": "Feature", "id": "https://gdi-de.github.io/apworkshop2026/NEUW299", "name": "Baum NEUW299 (gdide:NEUW299)", "dateprops": [], "properties": {"http://www.w3.org/2000/01/rdf-schema#label": "Baum NEUW299", "http://rdfs.org/ns/void#inDataset.value": "72757", "http://www.w3.org/2000/01/rdf-schema#comment": "BUKEA", "http://www.wikidata.org/prop/direct/P2547.value": "1.0", "http://www.wikidata.org/prop/direct/P2547.unit": "http://www.ontology-of-units-of-measure.org/resource/om-2/meter", "http://www.wikidata.org/prop/direct/P3018": "Neuwerk", "https://gdi-de.github.io/apworkshop2026/ont#stammdurchmesser.value": "16.0", "https://gdi-de.github.io/apworkshop2026/ont#stammdurchmesser.unit": "http://www.ontology-of-units-of-measure.org/resource/om-2/centimeter"}, "geometry": {"type": "MultiPoint", "coordinates": [[8.497572943058756, 53.91370689784001]]}}, {"type": "Feature", "id": "https://gdi-de.github.io/apworkshop2026/NEUW668", "name": "Baum NEUW668 (gdide:NEUW668)", "dateprops": [], "properties": {"http://www.w3.org/2000/01/rdf-schema#label": "Baum NEUW668", "http://rdfs.org/ns/void#inDataset.value": "72757", "http://www.w3.org/2000/01/rdf-schema#comment": "Liegenschaftsamt", "http://www.wikidata.org/prop/direct/P2547.value": "6.0", "http://www.wikidata.org/prop/direct/P2547.unit": "http://www.ontology-of-units-of-measure.org/resource/om-2/meter", "http://www.wikidata.org/prop/direct/P3018": "Neuwerk", "https://gdi-de.github.io/apworkshop2026/ont#stammdurchmesser.value": "22.0", "https://gdi-de.github.io/apworkshop2026/ont#stammdurchmesser.unit": "http://www.ontology-of-units-of-measure.org/resource/om-2/centimeter"}, "geometry": {"type": "MultiPoint", "coordinates": [[8.489832357884861, 53.91929762296985]]}}, {"type": "Feature", "id": "https://gdi-de.github.io/apworkshop2026/NEUW621", "name": "Baum NEUW621 (gdide:NEUW621)", "dateprops": [], "properties": {"http://www.w3.org/2000/01/rdf-schema#label": "Baum NEUW621", "http://rdfs.org/ns/void#inDataset.value": "72757", "http://www.w3.org/2000/01/rdf-schema#comment": "Liegenschaftsamt", "http://www.wikidata.org/prop/direct/P2547.value": "8.0", "http://www.wikidata.org/prop/direct/P2547.unit": "http://www.ontology-of-units-of-measure.org/resource/om-2/meter", "http://www.wikidata.org/prop/direct/P3018": "Neuwerk", "https://gdi-de.github.io/apworkshop2026/ont#stammdurchmesser.value": "32.0", "https://gdi-de.github.io/apworkshop2026/ont#stammdurchmesser.unit": "http://www.ontology-of-units-of-measure.org/resource/om-2/centimeter"}, "geometry": {"type": "MultiPoint", "coordinates": [[8.4958639970454, 53.91568054424382]]}}, {"type": "Feature", "id": "https://gdi-de.github.io/apworkshop2026/WITB148", "name": "Baum WITB148 (gdide:WITB148)", "dateprops": [], "properties": {"http://www.w3.org/2000/01/rdf-schema#label": "Baum WITB148", "http://rdfs.org/ns/void#inDataset.value": "72757", "http://www.w3.org/2000/01/rdf-schema#comment": "Wasserwirtschaft", "http://www.wikidata.org/prop/direct/P2547.value": "7.0", "http://www.wikidata.org/prop/direct/P2547.unit": "http://www.ontology-of-units-of-measure.org/resource/om-2/meter", "http://www.wikidata.org/prop/direct/P3018": "Wittenbergen", "https://gdi-de.github.io/apworkshop2026/ont#stammdurchmesser.value": "56.0", "https://gdi-de.github.io/apworkshop2026/ont#stammdurchmesser.unit": "http://www.ontology-of-units-of-measure.org/resource/om-2/centimeter"}, "geometry": {"type": "MultiPoint", "coordinates": [[9.764471138469132, 53.564845288974595]]}}, {"type": "Feature", "id": "https://gdi-de.github.io/apworkshop2026/BFASN376", "name": "Baum BFASN376 (gdide:BFASN376)", "dateprops": [], "properties": {"http://www.w3.org/2000/01/rdf-schema#label": "Baum BFASN376", "http://rdfs.org/ns/void#inDataset.value": "72757", "http://www.w3.org/2000/01/rdf-schema#comment": "sonst. \u00f6ff. Fl\u00e4chen", "http://www.wikidata.org/prop/direct/P2547.value": "6.0", "http://www.wikidata.org/prop/direct/P2547.unit": "http://www.ontology-of-units-of-measure.org/resource/om-2/meter", "http://www.wikidata.org/prop/direct/P3018": "Bahnhof Alte S\u00fcderelbe Nord", "https://gdi-de.github.io/apworkshop2026/ont#stammdurchmesser.value": "38.0", "https://gdi-de.github.io/apworkshop2026/ont#stammdurchmesser.unit": "http://www.ontology-of-units-of-measure.org/resource/om-2/centimeter"}, "geometry": {"type": "MultiPoint", "coordinates": [[9.911580219577052, 53.507296579461666]]}}, {"type": "Feature", "id": "https://gdi-de.github.io/apworkshop2026/ALTW652", "name": "Baum ALTW652 (gdide:ALTW652)", "dateprops": [], "properties": {"http://www.w3.org/2000/01/rdf-schema#label": "Baum ALTW652", "http://rdfs.org/ns/void#inDataset.value": "72757", "http://www.w3.org/2000/01/rdf-schema#comment": "sonst. \u00f6ff. Fl\u00e4chen", "http://www.wikidata.org/prop/direct/P2547.value": "1.0", "http://www.wikidata.org/prop/direct/P2547.unit": "http://www.ontology-of-units-of-measure.org/resource/om-2/meter", "http://www.wikidata.org/prop/direct/P3018": "Altenwerder Logistik", "https://gdi-de.github.io/apworkshop2026/ont#stammdurchmesser.value": "10.0", "https://gdi-de.github.io/apworkshop2026/ont#stammdurchmesser.unit": "http://www.ontology-of-units-of-measure.org/resource/om-2/centimeter"}, "geometry": {"type": "MultiPoint", "coordinates": [[9.917885368792145, 53.51221115335977]]}}, {"type": "Feature", "id": "https://gdi-de.github.io/apworkshop2026/NEUW310", "name": "Baum NEUW310 (gdide:NEUW310)", "dateprops": [], "properties": {"http://www.w3.org/2000/01/rdf-schema#label": "Baum NEUW310", "http://rdfs.org/ns/void#inDataset.value": "72757", "http://www.w3.org/2000/01/rdf-schema#comment": "BUKEA", "http://www.wikidata.org/prop/direct/P2547.value": "5.0", "http://www.wikidata.org/prop/direct/P2547.unit": "http://www.ontology-of-units-of-measure.org/resource/om-2/meter", "http://www.wikidata.org/prop/direct/P3018": "Neuwerk", "https://gdi-de.github.io/apworkshop2026/ont#stammdurchmesser.value": "22.0", "https://gdi-de.github.io/apworkshop2026/ont#stammdurchmesser.unit": "http://www.ontology-of-units-of-measure.org/resource/om-2/centimeter"}, "geometry": {"type": "MultiPoint", "coordinates": [[8.497407545248645, 53.91373306763404]]}}, {"type": "Feature", "id": "https://gdi-de.github.io/apworkshop2026/WITB592", "name": "Baum WITB592 (gdide:WITB592)", "dateprops": [], "properties": {"http://www.w3.org/2000/01/rdf-schema#label": "Baum WITB592", "http://rdfs.org/ns/void#inDataset.value": "72757", "http://www.w3.org/2000/01/rdf-schema#comment": "Wasserwirtschaft", "http://www.wikidata.org/prop/direct/P2547.value": "nan", "http://www.wikidata.org/prop/direct/P2547.unit": "http://www.ontology-of-units-of-measure.org/resource/om-2/meter", "http://www.wikidata.org/prop/direct/P3018": "Wittenbergen", "https://gdi-de.github.io/apworkshop2026/ont#stammdurchmesser.value": "32.0", "https://gdi-de.github.io/apworkshop2026/ont#stammdurchmesser.unit": "http://www.ontology-of-units-of-measure.org/resource/om-2/centimeter"}, "geometry": {"type": "MultiPoint", "coordinates": [[9.753359688073646, 53.564429679570274]]}}, {"type": "Feature", "id": "https://gdi-de.github.io/apworkshop2026/WITB81", "name": "Baum WITB81 (gdide:WITB81)", "dateprops": [], "properties": {"http://www.w3.org/2000/01/rdf-schema#label": "Baum WITB81", "http://rdfs.org/ns/void#inDataset.value": "72757", "http://www.w3.org/2000/01/rdf-schema#comment": "Wasserwirtschaft", "http://www.wikidata.org/prop/direct/P2547.value": "8.0", "http://www.wikidata.org/prop/direct/P2547.unit": "http://www.ontology-of-units-of-measure.org/resource/om-2/meter", "http://www.wikidata.org/prop/direct/P3018": "Wittenbergen", "https://gdi-de.github.io/apworkshop2026/ont#stammdurchmesser.value": "60.0", "https://gdi-de.github.io/apworkshop2026/ont#stammdurchmesser.unit": "http://www.ontology-of-units-of-measure.org/resource/om-2/centimeter"}, "geometry": {"type": "MultiPoint", "coordinates": [[9.765264368831314, 53.564800062392806]]}}, {"type": "Feature", "id": "https://gdi-de.github.io/apworkshop2026/NEUW400", "name": "Baum NEUW400 (gdide:NEUW400)", "dateprops": [], "properties": {"http://www.w3.org/2000/01/rdf-schema#label": "Baum NEUW400", "http://rdfs.org/ns/void#inDataset.value": "72757", "http://www.w3.org/2000/01/rdf-schema#comment": "BUKEA", "http://www.wikidata.org/prop/direct/P2547.value": "3.5", "http://www.wikidata.org/prop/direct/P2547.unit": "http://www.ontology-of-units-of-measure.org/resource/om-2/meter", "http://www.wikidata.org/prop/direct/P3018": "Neuwerk", "https://gdi-de.github.io/apworkshop2026/ont#stammdurchmesser.value": "23.0", "https://gdi-de.github.io/apworkshop2026/ont#stammdurchmesser.unit": "http://www.ontology-of-units-of-measure.org/resource/om-2/centimeter"}, "geometry": {"type": "MultiPoint", "coordinates": [[8.49878598310267, 53.92186264557134]]}}, {"type": "Feature", "id": "https://gdi-de.github.io/apworkshop2026/PIOI175", "name": "Baum PIOI175 (gdide:PIOI175)", "dateprops": [], "properties": {"http://www.w3.org/2000/01/rdf-schema#label": "Baum PIOI175", "http://rdfs.org/ns/void#inDataset.value": "72757", "http://www.w3.org/2000/01/rdf-schema#comment": "Wasserwirtschaft", "http://www.wikidata.org/prop/direct/P2547.value": "12.0", "http://www.wikidata.org/prop/direct/P2547.unit": "http://www.ontology-of-units-of-measure.org/resource/om-2/meter", "http://www.wikidata.org/prop/direct/P3018": "Pionierinsel", "https://gdi-de.github.io/apworkshop2026/ont#stammdurchmesser.value": "46.0", "https://gdi-de.github.io/apworkshop2026/ont#stammdurchmesser.unit": "http://www.ontology-of-units-of-measure.org/resource/om-2/centimeter"}, "geometry": {"type": "MultiPoint", "coordinates": [[10.002989000981708, 53.47107598147349]]}}, {"type": "Feature", "id": "https://gdi-de.github.io/apworkshop2026/NEUW417", "name": "Baum NEUW417 (gdide:NEUW417)", "dateprops": [], "properties": {"http://www.w3.org/2000/01/rdf-schema#label": "Baum NEUW417", "http://rdfs.org/ns/void#inDataset.value": "72757", "http://www.w3.org/2000/01/rdf-schema#comment": "BUKEA", "http://www.wikidata.org/prop/direct/P2547.value": "5.0", "http://www.wikidata.org/prop/direct/P2547.unit": "http://www.ontology-of-units-of-measure.org/resource/om-2/meter", "http://www.wikidata.org/prop/direct/P3018": "Neuwerk", "https://gdi-de.github.io/apworkshop2026/ont#stammdurchmesser.value": "18.0", "https://gdi-de.github.io/apworkshop2026/ont#stammdurchmesser.unit": "http://www.ontology-of-units-of-measure.org/resource/om-2/centimeter"}, "geometry": {"type": "MultiPoint", "coordinates": [[8.499270633181604, 53.922310484706564]]}}, {"type": "Feature", "id": "https://gdi-de.github.io/apworkshop2026/MEFC889", "name": "Baum MEFC889 (gdide:MEFC889)", "dateprops": [], "properties": {"http://www.w3.org/2000/01/rdf-schema#label": "Baum MEFC889", "http://rdfs.org/ns/void#inDataset.value": "72757", "http://www.w3.org/2000/01/rdf-schema#comment": "Francop", "http://www.wikidata.org/prop/direct/P2547.value": "5.5", "http://www.wikidata.org/prop/direct/P2547.unit": "http://www.ontology-of-units-of-measure.org/resource/om-2/meter", "http://www.wikidata.org/prop/direct/P3018": "METHA-Francop", "https://gdi-de.github.io/apworkshop2026/ont#stammdurchmesser.value": "21.0", "https://gdi-de.github.io/apworkshop2026/ont#stammdurchmesser.unit": "http://www.ontology-of-units-of-measure.org/resource/om-2/centimeter"}, "geometry": {"type": "MultiPoint", "coordinates": [[9.886374930009111, 53.51767725488858]]}}, {"type": "Feature", "id": "https://gdi-de.github.io/apworkshop2026/BFASN361", "name": "Baum BFASN361 (gdide:BFASN361)", "dateprops": [], "properties": {"http://www.w3.org/2000/01/rdf-schema#label": "Baum BFASN361", "http://rdfs.org/ns/void#inDataset.value": "72757", "http://www.w3.org/2000/01/rdf-schema#comment": "sonst. \u00f6ff. Fl\u00e4chen", "http://www.wikidata.org/prop/direct/P2547.value": "6.0", "http://www.wikidata.org/prop/direct/P2547.unit": "http://www.ontology-of-units-of-measure.org/resource/om-2/meter", "http://www.wikidata.org/prop/direct/P3018": "Bahnhof Alte S\u00fcderelbe Nord", "https://gdi-de.github.io/apworkshop2026/ont#stammdurchmesser.value": "38.0", "https://gdi-de.github.io/apworkshop2026/ont#stammdurchmesser.unit": "http://www.ontology-of-units-of-measure.org/resource/om-2/centimeter"}, "geometry": {"type": "MultiPoint", "coordinates": [[9.911543146105275, 53.507587753453656]]}}, {"type": "Feature", "id": "https://gdi-de.github.io/apworkshop2026/NEUW96", "name": "Baum NEUW96 (gdide:NEUW96)", "dateprops": [], "properties": {"http://www.w3.org/2000/01/rdf-schema#label": "Baum NEUW96", "http://rdfs.org/ns/void#inDataset.value": "72757", "http://www.w3.org/2000/01/rdf-schema#comment": "Liegenschaftsamt", "http://www.wikidata.org/prop/direct/P2547.value": "4.0", "http://www.wikidata.org/prop/direct/P2547.unit": "http://www.ontology-of-units-of-measure.org/resource/om-2/meter", "http://www.wikidata.org/prop/direct/P3018": "Neuwerk", "https://gdi-de.github.io/apworkshop2026/ont#stammdurchmesser.value": "42.0", "https://gdi-de.github.io/apworkshop2026/ont#stammdurchmesser.unit": "http://www.ontology-of-units-of-measure.org/resource/om-2/centimeter"}, "geometry": {"type": "MultiPoint", "coordinates": [[8.496775409766363, 53.91408486617046]]}}, {"type": "Feature", "id": "https://gdi-de.github.io/apworkshop2026/HOHS238", "name": "Baum HOHS238 (gdide:HOHS238)", "dateprops": [], "properties": {"http://www.w3.org/2000/01/rdf-schema#label": "Baum HOHS238", "http://rdfs.org/ns/void#inDataset.value": "72757", "http://www.w3.org/2000/01/rdf-schema#comment": "Stra\u00dfe", "http://www.wikidata.org/prop/direct/P2547.value": "6.0", "http://www.wikidata.org/prop/direct/P2547.unit": "http://www.ontology-of-units-of-measure.org/resource/om-2/meter", "http://www.wikidata.org/prop/direct/P3018": "Hohe Schaar", "https://gdi-de.github.io/apworkshop2026/ont#stammdurchmesser.value": "18.0", "https://gdi-de.github.io/apworkshop2026/ont#stammdurchmesser.unit": "http://www.ontology-of-units-of-measure.org/resource/om-2/centimeter"}, "geometry": {"type": "MultiPoint", "coordinates": [[9.97250832795832, 53.49173908144086]]}}, {"type": "Feature", "id": "https://gdi-de.github.io/apworkshop2026/NEUW28", "name": "Baum NEUW28 (gdide:NEUW28)", "dateprops": [], "properties": {"http://www.w3.org/2000/01/rdf-schema#label": "Baum NEUW28", "http://rdfs.org/ns/void#inDataset.value": "72757", "http://www.w3.org/2000/01/rdf-schema#comment": "Liegenschaftsamt", "http://www.wikidata.org/prop/direct/P2547.value": "5.0", "http://www.wikidata.org/prop/direct/P2547.unit": "http://www.ontology-of-units-of-measure.org/resource/om-2/meter", "http://www.wikidata.org/prop/direct/P3018": "Neuwerk", "https://gdi-de.github.io/apworkshop2026/ont#stammdurchmesser.value": "30.0", "https://gdi-de.github.io/apworkshop2026/ont#stammdurchmesser.unit": "http://www.ontology-of-units-of-measure.org/resource/om-2/centimeter"}, "geometry": {"type": "MultiPoint", "coordinates": [[8.496318957804197, 53.914545719938296]]}}, {"type": "Feature", "id": "https://gdi-de.github.io/apworkshop2026/NEUW500", "name": "Baum NEUW500 (gdide:NEUW500)", "dateprops": [], "properties": {"http://www.w3.org/2000/01/rdf-schema#label": "Baum NEUW500", "http://rdfs.org/ns/void#inDataset.value": "72757", "http://www.w3.org/2000/01/rdf-schema#comment": "Liegenschaftsamt", "http://www.wikidata.org/prop/direct/P2547.value": "3.0", "http://www.wikidata.org/prop/direct/P2547.unit": "http://www.ontology-of-units-of-measure.org/resource/om-2/meter", "http://www.wikidata.org/prop/direct/P3018": "Neuwerk", "https://gdi-de.github.io/apworkshop2026/ont#stammdurchmesser.value": "29.0", "https://gdi-de.github.io/apworkshop2026/ont#stammdurchmesser.unit": "http://www.ontology-of-units-of-measure.org/resource/om-2/centimeter"}, "geometry": {"type": "MultiPoint", "coordinates": [[8.495992617827781, 53.9159967456632]]}}, {"type": "Feature", "id": "https://gdi-de.github.io/apworkshop2026/VHWN280", "name": "Baum VHWN280 (gdide:VHWN280)", "dateprops": [], "properties": {"http://www.w3.org/2000/01/rdf-schema#label": "Baum VHWN280", "http://rdfs.org/ns/void#inDataset.value": "72757", "http://www.w3.org/2000/01/rdf-schema#comment": "sonst. \u00f6ff. Fl\u00e4chen", "http://www.wikidata.org/prop/direct/P2547.value": "4.0", "http://www.wikidata.org/prop/direct/P2547.unit": "http://www.ontology-of-units-of-measure.org/resource/om-2/meter", "http://www.wikidata.org/prop/direct/P3018": "Vollh\u00f6fner Weiden", "https://gdi-de.github.io/apworkshop2026/ont#stammdurchmesser.value": "24.0", "https://gdi-de.github.io/apworkshop2026/ont#stammdurchmesser.unit": "http://www.ontology-of-units-of-measure.org/resource/om-2/centimeter"}, "geometry": {"type": "MultiPoint", "coordinates": [[9.897512943587547, 53.51456441640992]]}}, {"type": "Feature", "id": "https://gdi-de.github.io/apworkshop2026/NEUW429", "name": "Baum NEUW429 (gdide:NEUW429)", "dateprops": [], "properties": {"http://www.w3.org/2000/01/rdf-schema#label": "Baum NEUW429", "http://rdfs.org/ns/void#inDataset.value": "72757", "http://www.w3.org/2000/01/rdf-schema#comment": "BUKEA", "http://www.wikidata.org/prop/direct/P2547.value": "5.0", "http://www.wikidata.org/prop/direct/P2547.unit": "http://www.ontology-of-units-of-measure.org/resource/om-2/meter", "http://www.wikidata.org/prop/direct/P3018": "Neuwerk", "https://gdi-de.github.io/apworkshop2026/ont#stammdurchmesser.value": "24.0", "https://gdi-de.github.io/apworkshop2026/ont#stammdurchmesser.unit": "http://www.ontology-of-units-of-measure.org/resource/om-2/centimeter"}, "geometry": {"type": "MultiPoint", "coordinates": [[8.499668982111194, 53.92235336553975]]}}, {"type": "Feature", "id": "https://gdi-de.github.io/apworkshop2026/NEUW152", "name": "Baum NEUW152 (gdide:NEUW152)", "dateprops": [], "properties": {"http://www.w3.org/2000/01/rdf-schema#label": "Baum NEUW152", "http://rdfs.org/ns/void#inDataset.value": "72757", "http://www.w3.org/2000/01/rdf-schema#comment": "Bezirksamt", "http://www.wikidata.org/prop/direct/P2547.value": "10.0", "http://www.wikidata.org/prop/direct/P2547.unit": "http://www.ontology-of-units-of-measure.org/resource/om-2/meter", "http://www.wikidata.org/prop/direct/P3018": "Neuwerk", "https://gdi-de.github.io/apworkshop2026/ont#stammdurchmesser.value": "30.0", "https://gdi-de.github.io/apworkshop2026/ont#stammdurchmesser.unit": "http://www.ontology-of-units-of-measure.org/resource/om-2/centimeter"}, "geometry": {"type": "MultiPoint", "coordinates": [[8.499929358796296, 53.91384593724928]]}}, {"type": "Feature", "id": "https://gdi-de.github.io/apworkshop2026/GZAW35", "name": "Baum GZAW35 (gdide:GZAW35)", "dateprops": [], "properties": {"http://www.w3.org/2000/01/rdf-schema#label": "Baum GZAW35", "http://rdfs.org/ns/void#inDataset.value": "72757", "http://www.w3.org/2000/01/rdf-schema#comment": "sonst. \u00f6ff. Fl\u00e4chen", "http://www.wikidata.org/prop/direct/P2547.value": "8.0", "http://www.wikidata.org/prop/direct/P2547.unit": "http://www.ontology-of-units-of-measure.org/resource/om-2/meter", "http://www.wikidata.org/prop/direct/P3018": "Gr\u00fcnzug Altenwerder", "https://gdi-de.github.io/apworkshop2026/ont#stammdurchmesser.value": "29.0", "https://gdi-de.github.io/apworkshop2026/ont#stammdurchmesser.unit": "http://www.ontology-of-units-of-measure.org/resource/om-2/centimeter"}, "geometry": {"type": "MultiPoint", "coordinates": [[9.9171622878705, 53.5015340354561]]}}, {"type": "Feature", "id": "https://gdi-de.github.io/apworkshop2026/BFHS399", "name": "Baum BFHS399 (gdide:BFHS399)", "dateprops": [], "properties": {"http://www.w3.org/2000/01/rdf-schema#label": "Baum BFHS399", "http://rdfs.org/ns/void#inDataset.value": "72757", "http://www.w3.org/2000/01/rdf-schema#comment": "sonst. \u00f6ff. Fl\u00e4chen", "http://www.wikidata.org/prop/direct/P2547.value": "4.0", "http://www.wikidata.org/prop/direct/P2547.unit": "http://www.ontology-of-units-of-measure.org/resource/om-2/meter", "http://www.wikidata.org/prop/direct/P3018": "Bahnhof Hohe Schaar", "https://gdi-de.github.io/apworkshop2026/ont#stammdurchmesser.value": "22.0", "https://gdi-de.github.io/apworkshop2026/ont#stammdurchmesser.unit": "http://www.ontology-of-units-of-measure.org/resource/om-2/centimeter"}, "geometry": {"type": "MultiPoint", "coordinates": [[9.965168876491392, 53.49733396734976]]}}, {"type": "Feature", "id": "https://gdi-de.github.io/apworkshop2026/KTWK496", "name": "Baum KTWK496 (gdide:KTWK496)", "dateprops": [], "properties": {"http://www.w3.org/2000/01/rdf-schema#label": "Baum KTWK496", "http://rdfs.org/ns/void#inDataset.value": "72757", "http://www.w3.org/2000/01/rdf-schema#comment": "Stra\u00dfe", "http://www.wikidata.org/prop/direct/P2547.value": "6.0", "http://www.wikidata.org/prop/direct/P2547.unit": "http://www.ontology-of-units-of-measure.org/resource/om-2/meter", "http://www.wikidata.org/prop/direct/P3018": "Kattwyk", "https://gdi-de.github.io/apworkshop2026/ont#stammdurchmesser.value": "19.0", "https://gdi-de.github.io/apworkshop2026/ont#stammdurchmesser.unit": "http://www.ontology-of-units-of-measure.org/resource/om-2/centimeter"}, "geometry": {"type": "MultiPoint", "coordinates": [[9.943472747783034, 53.50644749844018]]}}, {"type": "Feature", "id": "https://gdi-de.github.io/apworkshop2026/WITB52", "name": "Baum WITB52 (gdide:WITB52)", "dateprops": [], "properties": {"http://www.w3.org/2000/01/rdf-schema#label": "Baum WITB52", "http://rdfs.org/ns/void#inDataset.value": "72757", "http://www.w3.org/2000/01/rdf-schema#comment": "Wasserwirtschaft", "http://www.wikidata.org/prop/direct/P2547.value": "12.0", "http://www.wikidata.org/prop/direct/P2547.unit": "http://www.ontology-of-units-of-measure.org/resource/om-2/meter", "http://www.wikidata.org/prop/direct/P3018": "Wittenbergen", "https://gdi-de.github.io/apworkshop2026/ont#stammdurchmesser.value": "49.0", "https://gdi-de.github.io/apworkshop2026/ont#stammdurchmesser.unit": "http://www.ontology-of-units-of-measure.org/resource/om-2/centimeter"}, "geometry": {"type": "MultiPoint", "coordinates": [[9.762471973736934, 53.565097366127645]]}}, {"type": "Feature", "id": "https://gdi-de.github.io/apworkshop2026/NEUW156", "name": "Baum NEUW156 (gdide:NEUW156)", "dateprops": [], "properties": {"http://www.w3.org/2000/01/rdf-schema#label": "Baum NEUW156", "http://rdfs.org/ns/void#inDataset.value": "72757", "http://www.w3.org/2000/01/rdf-schema#comment": "Bezirksamt", "http://www.wikidata.org/prop/direct/P2547.value": "2.0", "http://www.wikidata.org/prop/direct/P2547.unit": "http://www.ontology-of-units-of-measure.org/resource/om-2/meter", "http://www.wikidata.org/prop/direct/P3018": "Neuwerk", "https://gdi-de.github.io/apworkshop2026/ont#stammdurchmesser.value": "18.0", "https://gdi-de.github.io/apworkshop2026/ont#stammdurchmesser.unit": "http://www.ontology-of-units-of-measure.org/resource/om-2/centimeter"}, "geometry": {"type": "MultiPoint", "coordinates": [[8.499960808814393, 53.91374182440537]]}}, {"type": "Feature", "id": "https://gdi-de.github.io/apworkshop2026/KTWK497", "name": "Baum KTWK497 (gdide:KTWK497)", "dateprops": [], "properties": {"http://www.w3.org/2000/01/rdf-schema#label": "Baum KTWK497", "http://rdfs.org/ns/void#inDataset.value": "72757", "http://www.w3.org/2000/01/rdf-schema#comment": "Stra\u00dfe", "http://www.wikidata.org/prop/direct/P2547.value": "4.0", "http://www.wikidata.org/prop/direct/P2547.unit": "http://www.ontology-of-units-of-measure.org/resource/om-2/meter", "http://www.wikidata.org/prop/direct/P3018": "Kattwyk", "https://gdi-de.github.io/apworkshop2026/ont#stammdurchmesser.value": "24.0", "https://gdi-de.github.io/apworkshop2026/ont#stammdurchmesser.unit": "http://www.ontology-of-units-of-measure.org/resource/om-2/centimeter"}, "geometry": {"type": "MultiPoint", "coordinates": [[9.943461357145228, 53.50647375182779]]}}, {"type": "Feature", "id": "https://gdi-de.github.io/apworkshop2026/NEUW94", "name": "Baum NEUW94 (gdide:NEUW94)", "dateprops": [], "properties": {"http://www.w3.org/2000/01/rdf-schema#label": "Baum NEUW94", "http://rdfs.org/ns/void#inDataset.value": "72757", "http://www.w3.org/2000/01/rdf-schema#comment": "Liegenschaftsamt", "http://www.wikidata.org/prop/direct/P2547.value": "4.0", "http://www.wikidata.org/prop/direct/P2547.unit": "http://www.ontology-of-units-of-measure.org/resource/om-2/meter", "http://www.wikidata.org/prop/direct/P3018": "Neuwerk", "https://gdi-de.github.io/apworkshop2026/ont#stammdurchmesser.value": "31.0", "https://gdi-de.github.io/apworkshop2026/ont#stammdurchmesser.unit": "http://www.ontology-of-units-of-measure.org/resource/om-2/centimeter"}, "geometry": {"type": "MultiPoint", "coordinates": [[8.496814639194822, 53.91414802546396]]}}, {"type": "Feature", "id": "https://gdi-de.github.io/apworkshop2026/ALTW624", "name": "Baum ALTW624 (gdide:ALTW624)", "dateprops": [], "properties": {"http://www.w3.org/2000/01/rdf-schema#label": "Baum ALTW624", "http://rdfs.org/ns/void#inDataset.value": "72757", "http://www.w3.org/2000/01/rdf-schema#comment": "sonst. \u00f6ff. Fl\u00e4chen", "http://www.wikidata.org/prop/direct/P2547.value": "3.0", "http://www.wikidata.org/prop/direct/P2547.unit": "http://www.ontology-of-units-of-measure.org/resource/om-2/meter", "http://www.wikidata.org/prop/direct/P3018": "Altenwerder Logistik", "https://gdi-de.github.io/apworkshop2026/ont#stammdurchmesser.value": "27.0", "https://gdi-de.github.io/apworkshop2026/ont#stammdurchmesser.unit": "http://www.ontology-of-units-of-measure.org/resource/om-2/centimeter"}, "geometry": {"type": "MultiPoint", "coordinates": [[9.917592562925288, 53.512290399554395]]}}, {"type": "Feature", "id": "https://gdi-de.github.io/apworkshop2026/NEUW173", "name": "Baum NEUW173 (gdide:NEUW173)", "dateprops": [], "properties": {"http://www.w3.org/2000/01/rdf-schema#label": "Baum NEUW173", "http://rdfs.org/ns/void#inDataset.value": "72757", "http://www.w3.org/2000/01/rdf-schema#comment": "BUKEA", "http://www.wikidata.org/prop/direct/P2547.value": "8.0", "http://www.wikidata.org/prop/direct/P2547.unit": "http://www.ontology-of-units-of-measure.org/resource/om-2/meter", "http://www.wikidata.org/prop/direct/P3018": "Neuwerk", "https://gdi-de.github.io/apworkshop2026/ont#stammdurchmesser.value": "33.0", "https://gdi-de.github.io/apworkshop2026/ont#stammdurchmesser.unit": "http://www.ontology-of-units-of-measure.org/resource/om-2/centimeter"}, "geometry": {"type": "MultiPoint", "coordinates": [[8.501350870868192, 53.91354478337841]]}}, {"type": "Feature", "id": "https://gdi-de.github.io/apworkshop2026/NEUW645", "name": "Baum NEUW645 (gdide:NEUW645)", "dateprops": [], "properties": {"http://www.w3.org/2000/01/rdf-schema#label": "Baum NEUW645", "http://rdfs.org/ns/void#inDataset.value": "72757", "http://www.w3.org/2000/01/rdf-schema#comment": "Liegenschaftsamt", "http://www.wikidata.org/prop/direct/P2547.value": "3.0", "http://www.wikidata.org/prop/direct/P2547.unit": "http://www.ontology-of-units-of-measure.org/resource/om-2/meter", "http://www.wikidata.org/prop/direct/P3018": "Neuwerk", "https://gdi-de.github.io/apworkshop2026/ont#stammdurchmesser.value": "25.0", "https://gdi-de.github.io/apworkshop2026/ont#stammdurchmesser.unit": "http://www.ontology-of-units-of-measure.org/resource/om-2/centimeter"}, "geometry": {"type": "MultiPoint", "coordinates": [[8.495367174794366, 53.91517740742264]]}}, {"type": "Feature", "id": "https://gdi-de.github.io/apworkshop2026/NEUW503", "name": "Baum NEUW503 (gdide:NEUW503)", "dateprops": [], "properties": {"http://www.w3.org/2000/01/rdf-schema#label": "Baum NEUW503", "http://rdfs.org/ns/void#inDataset.value": "72757", "http://www.w3.org/2000/01/rdf-schema#comment": "Liegenschaftsamt", "http://www.wikidata.org/prop/direct/P2547.value": "3.0", "http://www.wikidata.org/prop/direct/P2547.unit": "http://www.ontology-of-units-of-measure.org/resource/om-2/meter", "http://www.wikidata.org/prop/direct/P3018": "Neuwerk", "https://gdi-de.github.io/apworkshop2026/ont#stammdurchmesser.value": "29.0", "https://gdi-de.github.io/apworkshop2026/ont#stammdurchmesser.unit": "http://www.ontology-of-units-of-measure.org/resource/om-2/centimeter"}, "geometry": {"type": "MultiPoint", "coordinates": [[8.495895563844487, 53.9160280408177]]}}, {"type": "Feature", "id": "https://gdi-de.github.io/apworkshop2026/WITB142", "name": "Baum WITB142 (gdide:WITB142)", "dateprops": [], "properties": {"http://www.w3.org/2000/01/rdf-schema#label": "Baum WITB142", "http://rdfs.org/ns/void#inDataset.value": "72757", "http://www.w3.org/2000/01/rdf-schema#comment": "\u00f6ffentliche Gr\u00fcnfl\u00e4che", "http://www.wikidata.org/prop/direct/P2547.value": "5.0", "http://www.wikidata.org/prop/direct/P2547.unit": "http://www.ontology-of-units-of-measure.org/resource/om-2/meter", "http://www.wikidata.org/prop/direct/P3018": "Wittenbergen", "https://gdi-de.github.io/apworkshop2026/ont#stammdurchmesser.value": "53.0", "https://gdi-de.github.io/apworkshop2026/ont#stammdurchmesser.unit": "http://www.ontology-of-units-of-measure.org/resource/om-2/centimeter"}, "geometry": {"type": "MultiPoint", "coordinates": [[9.766508688213419, 53.56478189065127]]}}, {"type": "Feature", "id": "https://gdi-de.github.io/apworkshop2026/NEUW573", "name": "Baum NEUW573 (gdide:NEUW573)", "dateprops": [], "properties": {"http://www.w3.org/2000/01/rdf-schema#label": "Baum NEUW573", "http://rdfs.org/ns/void#inDataset.value": "72757", "http://www.w3.org/2000/01/rdf-schema#comment": "Liegenschaftsamt", "http://www.wikidata.org/prop/direct/P2547.value": "5.0", "http://www.wikidata.org/prop/direct/P2547.unit": "http://www.ontology-of-units-of-measure.org/resource/om-2/meter", "http://www.wikidata.org/prop/direct/P3018": "Neuwerk", "https://gdi-de.github.io/apworkshop2026/ont#stammdurchmesser.value": "25.0", "https://gdi-de.github.io/apworkshop2026/ont#stammdurchmesser.unit": "http://www.ontology-of-units-of-measure.org/resource/om-2/centimeter"}, "geometry": {"type": "MultiPoint", "coordinates": [[8.495024171069431, 53.9158136037267]]}}, {"type": "Feature", "id": "https://gdi-de.github.io/apworkshop2026/NEUW457", "name": "Baum NEUW457 (gdide:NEUW457)", "dateprops": [], "properties": {"http://www.w3.org/2000/01/rdf-schema#label": "Baum NEUW457", "http://rdfs.org/ns/void#inDataset.value": "72757", "http://www.w3.org/2000/01/rdf-schema#comment": "Liegenschaftsamt", "http://www.wikidata.org/prop/direct/P2547.value": "5.0", "http://www.wikidata.org/prop/direct/P2547.unit": "http://www.ontology-of-units-of-measure.org/resource/om-2/meter", "http://www.wikidata.org/prop/direct/P3018": "Neuwerk", "https://gdi-de.github.io/apworkshop2026/ont#stammdurchmesser.value": "19.0", "https://gdi-de.github.io/apworkshop2026/ont#stammdurchmesser.unit": "http://www.ontology-of-units-of-measure.org/resource/om-2/centimeter"}, "geometry": {"type": "MultiPoint", "coordinates": [[8.498402743836158, 53.921644625307536]]}}, {"type": "Feature", "id": "https://gdi-de.github.io/apworkshop2026/NEUW632", "name": "Baum NEUW632 (gdide:NEUW632)", "dateprops": [], "properties": {"http://www.w3.org/2000/01/rdf-schema#label": "Baum NEUW632", "http://rdfs.org/ns/void#inDataset.value": "72757", "http://www.w3.org/2000/01/rdf-schema#comment": "Liegenschaftsamt", "http://www.wikidata.org/prop/direct/P2547.value": "4.0", "http://www.wikidata.org/prop/direct/P2547.unit": "http://www.ontology-of-units-of-measure.org/resource/om-2/meter", "http://www.wikidata.org/prop/direct/P3018": "Neuwerk", "https://gdi-de.github.io/apworkshop2026/ont#stammdurchmesser.value": "25.0", "https://gdi-de.github.io/apworkshop2026/ont#stammdurchmesser.unit": "http://www.ontology-of-units-of-measure.org/resource/om-2/centimeter"}, "geometry": {"type": "MultiPoint", "coordinates": [[8.495661049656414, 53.91558456803646]]}}, {"type": "Feature", "id": "https://gdi-de.github.io/apworkshop2026/NEUW714", "name": "Baum NEUW714 (gdide:NEUW714)", "dateprops": [], "properties": {"http://www.w3.org/2000/01/rdf-schema#label": "Baum NEUW714", "http://rdfs.org/ns/void#inDataset.value": "72757", "http://www.w3.org/2000/01/rdf-schema#comment": "BUKEA", "http://www.wikidata.org/prop/direct/P2547.value": "12.0", "http://www.wikidata.org/prop/direct/P2547.unit": "http://www.ontology-of-units-of-measure.org/resource/om-2/meter", "http://www.wikidata.org/prop/direct/P3018": "Neuwerk", "https://gdi-de.github.io/apworkshop2026/ont#stammdurchmesser.value": "23.0", "https://gdi-de.github.io/apworkshop2026/ont#stammdurchmesser.unit": "http://www.ontology-of-units-of-measure.org/resource/om-2/centimeter"}, "geometry": {"type": "MultiPoint", "coordinates": [[8.50012926089647, 53.91345337380434]]}}, {"type": "Feature", "id": "https://gdi-de.github.io/apworkshop2026/NEUW402", "name": "Baum NEUW402 (gdide:NEUW402)", "dateprops": [], "properties": {"http://www.w3.org/2000/01/rdf-schema#label": "Baum NEUW402", "http://rdfs.org/ns/void#inDataset.value": "72757", "http://www.w3.org/2000/01/rdf-schema#comment": "BUKEA", "http://www.wikidata.org/prop/direct/P2547.value": "2.0", "http://www.wikidata.org/prop/direct/P2547.unit": "http://www.ontology-of-units-of-measure.org/resource/om-2/meter", "http://www.wikidata.org/prop/direct/P3018": "Neuwerk", "https://gdi-de.github.io/apworkshop2026/ont#stammdurchmesser.value": "22.0", "https://gdi-de.github.io/apworkshop2026/ont#stammdurchmesser.unit": "http://www.ontology-of-units-of-measure.org/resource/om-2/centimeter"}, "geometry": {"type": "MultiPoint", "coordinates": [[8.498820262813911, 53.92191550392691]]}}, {"type": "Feature", "id": "https://gdi-de.github.io/apworkshop2026/NEUW256", "name": "Baum NEUW256 (gdide:NEUW256)", "dateprops": [], "properties": {"http://www.w3.org/2000/01/rdf-schema#label": "Baum NEUW256", "http://rdfs.org/ns/void#inDataset.value": "72757", "http://www.w3.org/2000/01/rdf-schema#comment": "BUKEA", "http://www.wikidata.org/prop/direct/P2547.value": "5.0", "http://www.wikidata.org/prop/direct/P2547.unit": "http://www.ontology-of-units-of-measure.org/resource/om-2/meter", "http://www.wikidata.org/prop/direct/P3018": "Neuwerk", "https://gdi-de.github.io/apworkshop2026/ont#stammdurchmesser.value": "30.0", "https://gdi-de.github.io/apworkshop2026/ont#stammdurchmesser.unit": "http://www.ontology-of-units-of-measure.org/resource/om-2/centimeter"}, "geometry": {"type": "MultiPoint", "coordinates": [[8.497344744027133, 53.91573792881017]]}}, {"type": "Feature", "id": "https://gdi-de.github.io/apworkshop2026/NEUW727", "name": "Baum NEUW727 (gdide:NEUW727)", "dateprops": [], "properties": {"http://www.w3.org/2000/01/rdf-schema#label": "Baum NEUW727", "http://rdfs.org/ns/void#inDataset.value": "72757", "http://www.w3.org/2000/01/rdf-schema#comment": "Liegenschaftsamt", "http://www.wikidata.org/prop/direct/P2547.value": "6.0", "http://www.wikidata.org/prop/direct/P2547.unit": "http://www.ontology-of-units-of-measure.org/resource/om-2/meter", "http://www.wikidata.org/prop/direct/P3018": "Neuwerk", "https://gdi-de.github.io/apworkshop2026/ont#stammdurchmesser.value": "29.0", "https://gdi-de.github.io/apworkshop2026/ont#stammdurchmesser.unit": "http://www.ontology-of-units-of-measure.org/resource/om-2/centimeter"}, "geometry": {"type": "MultiPoint", "coordinates": [[8.50556070866623, 53.917217265761856]]}}, {"type": "Feature", "id": "https://gdi-de.github.io/apworkshop2026/PIOI399", "name": "Baum PIOI399 (gdide:PIOI399)", "dateprops": [], "properties": {"http://www.w3.org/2000/01/rdf-schema#label": "Baum PIOI399", "http://rdfs.org/ns/void#inDataset.value": "72757", "http://www.w3.org/2000/01/rdf-schema#comment": "Wasserwirtschaft", "http://www.wikidata.org/prop/direct/P2547.value": "0.5", "http://www.wikidata.org/prop/direct/P2547.unit": "http://www.ontology-of-units-of-measure.org/resource/om-2/meter", "http://www.wikidata.org/prop/direct/P3018": "Pionierinsel", "https://gdi-de.github.io/apworkshop2026/ont#stammdurchmesser.value": "6.0", "https://gdi-de.github.io/apworkshop2026/ont#stammdurchmesser.unit": "http://www.ontology-of-units-of-measure.org/resource/om-2/centimeter"}, "geometry": {"type": "MultiPoint", "coordinates": [[10.004182610466021, 53.47097093361743]]}}, {"type": "Feature", "id": "https://gdi-de.github.io/apworkshop2026/BFASN387", "name": "Baum BFASN387 (gdide:BFASN387)", "dateprops": [], "properties": {"http://www.w3.org/2000/01/rdf-schema#label": "Baum BFASN387", "http://rdfs.org/ns/void#inDataset.value": "72757", "http://www.w3.org/2000/01/rdf-schema#comment": "sonst. \u00f6ff. Fl\u00e4chen", "http://www.wikidata.org/prop/direct/P2547.value": "5.0", "http://www.wikidata.org/prop/direct/P2547.unit": "http://www.ontology-of-units-of-measure.org/resource/om-2/meter", "http://www.wikidata.org/prop/direct/P3018": "Bahnhof Alte S\u00fcderelbe Nord", "https://gdi-de.github.io/apworkshop2026/ont#stammdurchmesser.value": "10.0", "https://gdi-de.github.io/apworkshop2026/ont#stammdurchmesser.unit": "http://www.ontology-of-units-of-measure.org/resource/om-2/centimeter"}, "geometry": {"type": "MultiPoint", "coordinates": [[9.911590873596321, 53.507636567187]]}}, {"type": "Feature", "id": "https://gdi-de.github.io/apworkshop2026/NEUW483", "name": "Baum NEUW483 (gdide:NEUW483)", "dateprops": [], "properties": {"http://www.w3.org/2000/01/rdf-schema#label": "Baum NEUW483", "http://rdfs.org/ns/void#inDataset.value": "72757", "http://www.w3.org/2000/01/rdf-schema#comment": "HPA", "http://www.wikidata.org/prop/direct/P2547.value": "6.0", "http://www.wikidata.org/prop/direct/P2547.unit": "http://www.ontology-of-units-of-measure.org/resource/om-2/meter", "http://www.wikidata.org/prop/direct/P3018": "Neuwerk", "https://gdi-de.github.io/apworkshop2026/ont#stammdurchmesser.value": "30.0", "https://gdi-de.github.io/apworkshop2026/ont#stammdurchmesser.unit": "http://www.ontology-of-units-of-measure.org/resource/om-2/centimeter"}, "geometry": {"type": "MultiPoint", "coordinates": [[8.498442503270633, 53.92221105877106]]}}, {"type": "Feature", "id": "https://gdi-de.github.io/apworkshop2026/BFASN154", "name": "Baum BFASN154 (gdide:BFASN154)", "dateprops": [], "properties": {"http://www.w3.org/2000/01/rdf-schema#label": "Baum BFASN154", "http://rdfs.org/ns/void#inDataset.value": "72757", "http://www.w3.org/2000/01/rdf-schema#comment": "sonst. \u00f6ff. Fl\u00e4chen", "http://www.wikidata.org/prop/direct/P2547.value": "6.0", "http://www.wikidata.org/prop/direct/P2547.unit": "http://www.ontology-of-units-of-measure.org/resource/om-2/meter", "http://www.wikidata.org/prop/direct/P3018": "Bahnhof Alte S\u00fcderelbe Nord", "https://gdi-de.github.io/apworkshop2026/ont#stammdurchmesser.value": "16.0", "https://gdi-de.github.io/apworkshop2026/ont#stammdurchmesser.unit": "http://www.ontology-of-units-of-measure.org/resource/om-2/centimeter"}, "geometry": {"type": "MultiPoint", "coordinates": [[9.911654510251049, 53.50795766687245]]}}, {"type": "Feature", "id": "https://gdi-de.github.io/apworkshop2026/NEUW608", "name": "Baum NEUW608 (gdide:NEUW608)", "dateprops": [], "properties": {"http://www.w3.org/2000/01/rdf-schema#label": "Baum NEUW608", "http://rdfs.org/ns/void#inDataset.value": "72757", "http://www.w3.org/2000/01/rdf-schema#comment": "Liegenschaftsamt", "http://www.wikidata.org/prop/direct/P2547.value": "4.0", "http://www.wikidata.org/prop/direct/P2547.unit": "http://www.ontology-of-units-of-measure.org/resource/om-2/meter", "http://www.wikidata.org/prop/direct/P3018": "Neuwerk", "https://gdi-de.github.io/apworkshop2026/ont#stammdurchmesser.value": "22.0", "https://gdi-de.github.io/apworkshop2026/ont#stammdurchmesser.unit": "http://www.ontology-of-units-of-measure.org/resource/om-2/centimeter"}, "geometry": {"type": "MultiPoint", "coordinates": [[8.496001008092536, 53.91584323240588]]}}, {"type": "Feature", "id": "https://gdi-de.github.io/apworkshop2026/NEUW666", "name": "Baum NEUW666 (gdide:NEUW666)", "dateprops": [], "properties": {"http://www.w3.org/2000/01/rdf-schema#label": "Baum NEUW666", "http://rdfs.org/ns/void#inDataset.value": "72757", "http://www.w3.org/2000/01/rdf-schema#comment": "Liegenschaftsamt", "http://www.wikidata.org/prop/direct/P2547.value": "5.0", "http://www.wikidata.org/prop/direct/P2547.unit": "http://www.ontology-of-units-of-measure.org/resource/om-2/meter", "http://www.wikidata.org/prop/direct/P3018": "Neuwerk", "https://gdi-de.github.io/apworkshop2026/ont#stammdurchmesser.value": "24.0", "https://gdi-de.github.io/apworkshop2026/ont#stammdurchmesser.unit": "http://www.ontology-of-units-of-measure.org/resource/om-2/centimeter"}, "geometry": {"type": "MultiPoint", "coordinates": [[8.495047688963568, 53.914961013604454]]}}, {"type": "Feature", "id": "https://gdi-de.github.io/apworkshop2026/GZAW543", "name": "Baum GZAW543 (gdide:GZAW543)", "dateprops": [], "properties": {"http://www.w3.org/2000/01/rdf-schema#label": "Baum GZAW543", "http://rdfs.org/ns/void#inDataset.value": "72757", "http://www.w3.org/2000/01/rdf-schema#comment": "sonst. \u00f6ff. Fl\u00e4chen", "http://www.wikidata.org/prop/direct/P2547.value": "15.0", "http://www.wikidata.org/prop/direct/P2547.unit": "http://www.ontology-of-units-of-measure.org/resource/om-2/meter", "http://www.wikidata.org/prop/direct/P3018": "Gr\u00fcnzug Altenwerder", "https://gdi-de.github.io/apworkshop2026/ont#stammdurchmesser.value": "40.0", "https://gdi-de.github.io/apworkshop2026/ont#stammdurchmesser.unit": "http://www.ontology-of-units-of-measure.org/resource/om-2/centimeter"}, "geometry": {"type": "MultiPoint", "coordinates": [[9.917451662172972, 53.508812337713984]]}}, {"type": "Feature", "id": "https://gdi-de.github.io/apworkshop2026/WITB51", "name": "Baum WITB51 (gdide:WITB51)", "dateprops": [], "properties": {"http://www.w3.org/2000/01/rdf-schema#label": "Baum WITB51", "http://rdfs.org/ns/void#inDataset.value": "72757", "http://www.w3.org/2000/01/rdf-schema#comment": "Wasserwirtschaft", "http://www.wikidata.org/prop/direct/P2547.value": "8.0", "http://www.wikidata.org/prop/direct/P2547.unit": "http://www.ontology-of-units-of-measure.org/resource/om-2/meter", "http://www.wikidata.org/prop/direct/P3018": "Wittenbergen", "https://gdi-de.github.io/apworkshop2026/ont#stammdurchmesser.value": "32.0", "https://gdi-de.github.io/apworkshop2026/ont#stammdurchmesser.unit": "http://www.ontology-of-units-of-measure.org/resource/om-2/centimeter"}, "geometry": {"type": "MultiPoint", "coordinates": [[9.762399201215768, 53.5651535294895]]}}, {"type": "Feature", "id": "https://gdi-de.github.io/apworkshop2026/NEUW91", "name": "Baum NEUW91 (gdide:NEUW91)", "dateprops": [], "properties": {"http://www.w3.org/2000/01/rdf-schema#label": "Baum NEUW91", "http://rdfs.org/ns/void#inDataset.value": "72757", "http://www.w3.org/2000/01/rdf-schema#comment": "Liegenschaftsamt", "http://www.wikidata.org/prop/direct/P2547.value": "5.0", "http://www.wikidata.org/prop/direct/P2547.unit": "http://www.ontology-of-units-of-measure.org/resource/om-2/meter", "http://www.wikidata.org/prop/direct/P3018": "Neuwerk", "https://gdi-de.github.io/apworkshop2026/ont#stammdurchmesser.value": "36.0", "https://gdi-de.github.io/apworkshop2026/ont#stammdurchmesser.unit": "http://www.ontology-of-units-of-measure.org/resource/om-2/centimeter"}, "geometry": {"type": "MultiPoint", "coordinates": [[8.496910103160065, 53.91440494740578]]}}, {"type": "Feature", "id": "https://gdi-de.github.io/apworkshop2026/GZAW136", "name": "Baum GZAW136 (gdide:GZAW136)", "dateprops": [], "properties": {"http://www.w3.org/2000/01/rdf-schema#label": "Baum GZAW136", "http://rdfs.org/ns/void#inDataset.value": "72757", "http://www.w3.org/2000/01/rdf-schema#comment": "sonst. \u00f6ff. Fl\u00e4chen", "http://www.wikidata.org/prop/direct/P2547.value": "8.0", "http://www.wikidata.org/prop/direct/P2547.unit": "http://www.ontology-of-units-of-measure.org/resource/om-2/meter", "http://www.wikidata.org/prop/direct/P3018": "Gr\u00fcnzug Altenwerder", "https://gdi-de.github.io/apworkshop2026/ont#stammdurchmesser.value": "29.0", "https://gdi-de.github.io/apworkshop2026/ont#stammdurchmesser.unit": "http://www.ontology-of-units-of-measure.org/resource/om-2/centimeter"}, "geometry": {"type": "MultiPoint", "coordinates": [[9.917582250265825, 53.503385309078865]]}}, {"type": "Feature", "id": "https://gdi-de.github.io/apworkshop2026/GZAW476", "name": "Baum GZAW476 (gdide:GZAW476)", "dateprops": [], "properties": {"http://www.w3.org/2000/01/rdf-schema#label": "Baum GZAW476", "http://rdfs.org/ns/void#inDataset.value": "72757", "http://www.w3.org/2000/01/rdf-schema#comment": "sonst. \u00f6ff. Fl\u00e4chen", "http://www.wikidata.org/prop/direct/P2547.value": "10.0", "http://www.wikidata.org/prop/direct/P2547.unit": "http://www.ontology-of-units-of-measure.org/resource/om-2/meter", "http://www.wikidata.org/prop/direct/P3018": "Gr\u00fcnzug Altenwerder", "https://gdi-de.github.io/apworkshop2026/ont#stammdurchmesser.value": "40.0", "https://gdi-de.github.io/apworkshop2026/ont#stammdurchmesser.unit": "http://www.ontology-of-units-of-measure.org/resource/om-2/centimeter"}, "geometry": {"type": "MultiPoint", "coordinates": [[9.917389660452063, 53.50409753533744]]}}, {"type": "Feature", "id": "https://gdi-de.github.io/apworkshop2026/MEFC924", "name": "Baum MEFC924 (gdide:MEFC924)", "dateprops": [], "properties": {"http://www.w3.org/2000/01/rdf-schema#label": "Baum MEFC924", "http://rdfs.org/ns/void#inDataset.value": "72757", "http://www.w3.org/2000/01/rdf-schema#comment": "Francop", "http://www.wikidata.org/prop/direct/P2547.value": "1.0", "http://www.wikidata.org/prop/direct/P2547.unit": "http://www.ontology-of-units-of-measure.org/resource/om-2/meter", "http://www.wikidata.org/prop/direct/P3018": "METHA-Francop", "https://gdi-de.github.io/apworkshop2026/ont#stammdurchmesser.value": "8.0", "https://gdi-de.github.io/apworkshop2026/ont#stammdurchmesser.unit": "http://www.ontology-of-units-of-measure.org/resource/om-2/centimeter"}, "geometry": {"type": "MultiPoint", "coordinates": [[9.87809859858292, 53.513907422250114]]}}, {"type": "Feature", "id": "https://gdi-de.github.io/apworkshop2026/KTWK611", "name": "Baum KTWK611 (gdide:KTWK611)", "dateprops": [], "properties": {"http://www.w3.org/2000/01/rdf-schema#label": "Baum KTWK611", "http://rdfs.org/ns/void#inDataset.value": "72757", "http://www.w3.org/2000/01/rdf-schema#comment": "Wasserwirtschaft", "http://www.wikidata.org/prop/direct/P2547.value": "3.0", "http://www.wikidata.org/prop/direct/P2547.unit": "http://www.ontology-of-units-of-measure.org/resource/om-2/meter", "http://www.wikidata.org/prop/direct/P3018": "Kattwyk", "https://gdi-de.github.io/apworkshop2026/ont#stammdurchmesser.value": "22.0", "https://gdi-de.github.io/apworkshop2026/ont#stammdurchmesser.unit": "http://www.ontology-of-units-of-measure.org/resource/om-2/centimeter"}, "geometry": {"type": "MultiPoint", "coordinates": [[9.942459430176239, 53.50971861263552]]}}, {"type": "Feature", "id": "https://gdi-de.github.io/apworkshop2026/NEUW297", "name": "Baum NEUW297 (gdide:NEUW297)", "dateprops": [], "properties": {"http://www.w3.org/2000/01/rdf-schema#label": "Baum NEUW297", "http://rdfs.org/ns/void#inDataset.value": "72757", "http://www.w3.org/2000/01/rdf-schema#comment": "BUKEA", "http://www.wikidata.org/prop/direct/P2547.value": "1.0", "http://www.wikidata.org/prop/direct/P2547.unit": "http://www.ontology-of-units-of-measure.org/resource/om-2/meter", "http://www.wikidata.org/prop/direct/P3018": "Neuwerk", "https://gdi-de.github.io/apworkshop2026/ont#stammdurchmesser.value": "19.0", "https://gdi-de.github.io/apworkshop2026/ont#stammdurchmesser.unit": "http://www.ontology-of-units-of-measure.org/resource/om-2/centimeter"}, "geometry": {"type": "MultiPoint", "coordinates": [[8.497516465976844, 53.91373359674414]]}}, {"type": "Feature", "id": "https://gdi-de.github.io/apworkshop2026/NEUW399", "name": "Baum NEUW399 (gdide:NEUW399)", "dateprops": [], "properties": {"http://www.w3.org/2000/01/rdf-schema#label": "Baum NEUW399", "http://rdfs.org/ns/void#inDataset.value": "72757", "http://www.w3.org/2000/01/rdf-schema#comment": "BUKEA", "http://www.wikidata.org/prop/direct/P2547.value": "5.0", "http://www.wikidata.org/prop/direct/P2547.unit": "http://www.ontology-of-units-of-measure.org/resource/om-2/meter", "http://www.wikidata.org/prop/direct/P3018": "Neuwerk", "https://gdi-de.github.io/apworkshop2026/ont#stammdurchmesser.value": "39.0", "https://gdi-de.github.io/apworkshop2026/ont#stammdurchmesser.unit": "http://www.ontology-of-units-of-measure.org/resource/om-2/centimeter"}, "geometry": {"type": "MultiPoint", "coordinates": [[8.498779425401093, 53.92184914001799]]}}, {"type": "Feature", "id": "https://gdi-de.github.io/apworkshop2026/GZAW717", "name": "Baum GZAW717 (gdide:GZAW717)", "dateprops": [], "properties": {"http://www.w3.org/2000/01/rdf-schema#label": "Baum GZAW717", "http://rdfs.org/ns/void#inDataset.value": "72757", "http://www.w3.org/2000/01/rdf-schema#comment": "sonst. \u00f6ff. Fl\u00e4chen", "http://www.wikidata.org/prop/direct/P2547.value": "2.0", "http://www.wikidata.org/prop/direct/P2547.unit": "http://www.ontology-of-units-of-measure.org/resource/om-2/meter", "http://www.wikidata.org/prop/direct/P3018": "Gr\u00fcnzug Altenwerder", "https://gdi-de.github.io/apworkshop2026/ont#stammdurchmesser.value": "13.0", "https://gdi-de.github.io/apworkshop2026/ont#stammdurchmesser.unit": "http://www.ontology-of-units-of-measure.org/resource/om-2/centimeter"}, "geometry": {"type": "MultiPoint", "coordinates": [[9.918804435159329, 53.50657999934573]]}}, {"type": "Feature", "id": "https://gdi-de.github.io/apworkshop2026/NEUW215", "name": "Baum NEUW215 (gdide:NEUW215)", "dateprops": [], "properties": {"http://www.w3.org/2000/01/rdf-schema#label": "Baum NEUW215", "http://rdfs.org/ns/void#inDataset.value": "72757", "http://www.w3.org/2000/01/rdf-schema#comment": "HPA", "http://www.wikidata.org/prop/direct/P2547.value": "7.0", "http://www.wikidata.org/prop/direct/P2547.unit": "http://www.ontology-of-units-of-measure.org/resource/om-2/meter", "http://www.wikidata.org/prop/direct/P3018": "Neuwerk", "https://gdi-de.github.io/apworkshop2026/ont#stammdurchmesser.value": "45.0", "https://gdi-de.github.io/apworkshop2026/ont#stammdurchmesser.unit": "http://www.ontology-of-units-of-measure.org/resource/om-2/centimeter"}, "geometry": {"type": "MultiPoint", "coordinates": [[8.5067284017546, 53.92304542520172]]}}, {"type": "Feature", "id": "https://gdi-de.github.io/apworkshop2026/NEUW607", "name": "Baum NEUW607 (gdide:NEUW607)", "dateprops": [], "properties": {"http://www.w3.org/2000/01/rdf-schema#label": "Baum NEUW607", "http://rdfs.org/ns/void#inDataset.value": "72757", "http://www.w3.org/2000/01/rdf-schema#comment": "Liegenschaftsamt", "http://www.wikidata.org/prop/direct/P2547.value": "6.0", "http://www.wikidata.org/prop/direct/P2547.unit": "http://www.ontology-of-units-of-measure.org/resource/om-2/meter", "http://www.wikidata.org/prop/direct/P3018": "Neuwerk", "https://gdi-de.github.io/apworkshop2026/ont#stammdurchmesser.value": "38.0", "https://gdi-de.github.io/apworkshop2026/ont#stammdurchmesser.unit": "http://www.ontology-of-units-of-measure.org/resource/om-2/centimeter"}, "geometry": {"type": "MultiPoint", "coordinates": [[8.49602824501195, 53.91581163553512]]}}, {"type": "Feature", "id": "https://gdi-de.github.io/apworkshop2026/SAHF227", "name": "Baum SAHF227 (gdide:SAHF227)", "dateprops": [], "properties": {"http://www.w3.org/2000/01/rdf-schema#label": "Baum SAHF227", "http://rdfs.org/ns/void#inDataset.value": "72757", "http://www.w3.org/2000/01/rdf-schema#comment": "Wasserwirtschaft", "http://www.wikidata.org/prop/direct/P2547.value": "3.0", "http://www.wikidata.org/prop/direct/P2547.unit": "http://www.ontology-of-units-of-measure.org/resource/om-2/meter", "http://www.wikidata.org/prop/direct/P3018": "Saalehafen", "https://gdi-de.github.io/apworkshop2026/ont#stammdurchmesser.value": "13.0", "https://gdi-de.github.io/apworkshop2026/ont#stammdurchmesser.unit": "http://www.ontology-of-units-of-measure.org/resource/om-2/centimeter"}, "geometry": {"type": "MultiPoint", "coordinates": [[10.015732941776717, 53.53353813759098]]}}, {"type": "Feature", "id": "https://gdi-de.github.io/apworkshop2026/WITB97", "name": "Baum WITB97 (gdide:WITB97)", "dateprops": [], "properties": {"http://www.w3.org/2000/01/rdf-schema#label": "Baum WITB97", "http://rdfs.org/ns/void#inDataset.value": "72757", "http://www.w3.org/2000/01/rdf-schema#comment": "Wasserwirtschaft", "http://www.wikidata.org/prop/direct/P2547.value": "10.0", "http://www.wikidata.org/prop/direct/P2547.unit": "http://www.ontology-of-units-of-measure.org/resource/om-2/meter", "http://www.wikidata.org/prop/direct/P3018": "Wittenbergen", "https://gdi-de.github.io/apworkshop2026/ont#stammdurchmesser.value": "60.0", "https://gdi-de.github.io/apworkshop2026/ont#stammdurchmesser.unit": "http://www.ontology-of-units-of-measure.org/resource/om-2/centimeter"}, "geometry": {"type": "MultiPoint", "coordinates": [[9.767596565988791, 53.56456276743039]]}}, {"type": "Feature", "id": "https://gdi-de.github.io/apworkshop2026/NEUW594", "name": "Baum NEUW594 (gdide:NEUW594)", "dateprops": [], "properties": {"http://www.w3.org/2000/01/rdf-schema#label": "Baum NEUW594", "http://rdfs.org/ns/void#inDataset.value": "72757", "http://www.w3.org/2000/01/rdf-schema#comment": "Liegenschaftsamt", "http://www.wikidata.org/prop/direct/P2547.value": "3.0", "http://www.wikidata.org/prop/direct/P2547.unit": "http://www.ontology-of-units-of-measure.org/resource/om-2/meter", "http://www.wikidata.org/prop/direct/P3018": "Neuwerk", "https://gdi-de.github.io/apworkshop2026/ont#stammdurchmesser.value": "25.0", "https://gdi-de.github.io/apworkshop2026/ont#stammdurchmesser.unit": "http://www.ontology-of-units-of-measure.org/resource/om-2/centimeter"}, "geometry": {"type": "MultiPoint", "coordinates": [[8.495685744343573, 53.91598697352816]]}}, {"type": "Feature", "id": "https://gdi-de.github.io/apworkshop2026/BFASN194", "name": "Baum BFASN194 (gdide:BFASN194)", "dateprops": [], "properties": {"http://www.w3.org/2000/01/rdf-schema#label": "Baum BFASN194", "http://rdfs.org/ns/void#inDataset.value": "72757", "http://www.w3.org/2000/01/rdf-schema#comment": "sonst. \u00f6ff. Fl\u00e4chen", "http://www.wikidata.org/prop/direct/P2547.value": "6.0", "http://www.wikidata.org/prop/direct/P2547.unit": "http://www.ontology-of-units-of-measure.org/resource/om-2/meter", "http://www.wikidata.org/prop/direct/P3018": "Bahnhof Alte S\u00fcderelbe Nord", "https://gdi-de.github.io/apworkshop2026/ont#stammdurchmesser.value": "40.0", "https://gdi-de.github.io/apworkshop2026/ont#stammdurchmesser.unit": "http://www.ontology-of-units-of-measure.org/resource/om-2/centimeter"}, "geometry": {"type": "MultiPoint", "coordinates": [[9.91160952262162, 53.50900582906884]]}}, {"type": "Feature", "id": "https://gdi-de.github.io/apworkshop2026/NEUW360", "name": "Baum NEUW360 (gdide:NEUW360)", "dateprops": [], "properties": {"http://www.w3.org/2000/01/rdf-schema#label": "Baum NEUW360", "http://rdfs.org/ns/void#inDataset.value": "72757", "http://www.w3.org/2000/01/rdf-schema#comment": "BUKEA", "http://www.wikidata.org/prop/direct/P2547.value": "7.0", "http://www.wikidata.org/prop/direct/P2547.unit": "http://www.ontology-of-units-of-measure.org/resource/om-2/meter", "http://www.wikidata.org/prop/direct/P3018": "Neuwerk", "https://gdi-de.github.io/apworkshop2026/ont#stammdurchmesser.value": "32.0", "https://gdi-de.github.io/apworkshop2026/ont#stammdurchmesser.unit": "http://www.ontology-of-units-of-measure.org/resource/om-2/centimeter"}, "geometry": {"type": "MultiPoint", "coordinates": [[8.498293787175346, 53.91340598106785]]}}, {"type": "Feature", "id": "https://gdi-de.github.io/apworkshop2026/NEUW219", "name": "Baum NEUW219 (gdide:NEUW219)", "dateprops": [], "properties": {"http://www.w3.org/2000/01/rdf-schema#label": "Baum NEUW219", "http://rdfs.org/ns/void#inDataset.value": "72757", "http://www.w3.org/2000/01/rdf-schema#comment": "HPA", "http://www.wikidata.org/prop/direct/P2547.value": "5.0", "http://www.wikidata.org/prop/direct/P2547.unit": "http://www.ontology-of-units-of-measure.org/resource/om-2/meter", "http://www.wikidata.org/prop/direct/P3018": "Neuwerk", "https://gdi-de.github.io/apworkshop2026/ont#stammdurchmesser.value": "28.0", "https://gdi-de.github.io/apworkshop2026/ont#stammdurchmesser.unit": "http://www.ontology-of-units-of-measure.org/resource/om-2/centimeter"}, "geometry": {"type": "MultiPoint", "coordinates": [[8.506554290286232, 53.92306175518491]]}}, {"type": "Feature", "id": "https://gdi-de.github.io/apworkshop2026/NEUW495", "name": "Baum NEUW495 (gdide:NEUW495)", "dateprops": [], "properties": {"http://www.w3.org/2000/01/rdf-schema#label": "Baum NEUW495", "http://rdfs.org/ns/void#inDataset.value": "72757", "http://www.w3.org/2000/01/rdf-schema#comment": "Liegenschaftsamt", "http://www.wikidata.org/prop/direct/P2547.value": "8.0", "http://www.wikidata.org/prop/direct/P2547.unit": "http://www.ontology-of-units-of-measure.org/resource/om-2/meter", "http://www.wikidata.org/prop/direct/P3018": "Neuwerk", "https://gdi-de.github.io/apworkshop2026/ont#stammdurchmesser.value": "50.0", "https://gdi-de.github.io/apworkshop2026/ont#stammdurchmesser.unit": "http://www.ontology-of-units-of-measure.org/resource/om-2/centimeter"}, "geometry": {"type": "MultiPoint", "coordinates": [[8.496172271901452, 53.91596420185214]]}}, {"type": "Feature", "id": "https://gdi-de.github.io/apworkshop2026/BFHS324", "name": "Baum BFHS324 (gdide:BFHS324)", "dateprops": [], "properties": {"http://www.w3.org/2000/01/rdf-schema#label": "Baum BFHS324", "http://rdfs.org/ns/void#inDataset.value": "72757", "http://www.w3.org/2000/01/rdf-schema#comment": "sonst. \u00f6ff. Fl\u00e4chen", "http://www.wikidata.org/prop/direct/P2547.value": "5.0", "http://www.wikidata.org/prop/direct/P2547.unit": "http://www.ontology-of-units-of-measure.org/resource/om-2/meter", "http://www.wikidata.org/prop/direct/P3018": "Bahnhof Hohe Schaar", "https://gdi-de.github.io/apworkshop2026/ont#stammdurchmesser.value": "24.0", "https://gdi-de.github.io/apworkshop2026/ont#stammdurchmesser.unit": "http://www.ontology-of-units-of-measure.org/resource/om-2/centimeter"}, "geometry": {"type": "MultiPoint", "coordinates": [[9.96277253962263, 53.497820499577784]]}}, {"type": "Feature", "id": "https://gdi-de.github.io/apworkshop2026/NEUW335", "name": "Baum NEUW335 (gdide:NEUW335)", "dateprops": [], "properties": {"http://www.w3.org/2000/01/rdf-schema#label": "Baum NEUW335", "http://rdfs.org/ns/void#inDataset.value": "72757", "http://www.w3.org/2000/01/rdf-schema#comment": "BUKEA", "http://www.wikidata.org/prop/direct/P2547.value": "3.0", "http://www.wikidata.org/prop/direct/P2547.unit": "http://www.ontology-of-units-of-measure.org/resource/om-2/meter", "http://www.wikidata.org/prop/direct/P3018": "Neuwerk", "https://gdi-de.github.io/apworkshop2026/ont#stammdurchmesser.value": "22.0", "https://gdi-de.github.io/apworkshop2026/ont#stammdurchmesser.unit": "http://www.ontology-of-units-of-measure.org/resource/om-2/centimeter"}, "geometry": {"type": "MultiPoint", "coordinates": [[8.496904318009634, 53.91356909079919]]}}, {"type": "Feature", "id": "https://gdi-de.github.io/apworkshop2026/NEUW431", "name": "Baum NEUW431 (gdide:NEUW431)", "dateprops": [], "properties": {"http://www.w3.org/2000/01/rdf-schema#label": "Baum NEUW431", "http://rdfs.org/ns/void#inDataset.value": "72757", "http://www.w3.org/2000/01/rdf-schema#comment": "BUKEA", "http://www.wikidata.org/prop/direct/P2547.value": "3.0", "http://www.wikidata.org/prop/direct/P2547.unit": "http://www.ontology-of-units-of-measure.org/resource/om-2/meter", "http://www.wikidata.org/prop/direct/P3018": "Neuwerk", "https://gdi-de.github.io/apworkshop2026/ont#stammdurchmesser.value": "20.0", "https://gdi-de.github.io/apworkshop2026/ont#stammdurchmesser.unit": "http://www.ontology-of-units-of-measure.org/resource/om-2/centimeter"}, "geometry": {"type": "MultiPoint", "coordinates": [[8.499736688134158, 53.922363554095405]]}}, {"type": "Feature", "id": "https://gdi-de.github.io/apworkshop2026/WITB223", "name": "Baum WITB223 (gdide:WITB223)", "dateprops": [], "properties": {"http://www.w3.org/2000/01/rdf-schema#label": "Baum WITB223", "http://rdfs.org/ns/void#inDataset.value": "72757", "http://www.w3.org/2000/01/rdf-schema#comment": "Wasserwirtschaft", "http://www.wikidata.org/prop/direct/P2547.value": "4.0", "http://www.wikidata.org/prop/direct/P2547.unit": "http://www.ontology-of-units-of-measure.org/resource/om-2/meter", "http://www.wikidata.org/prop/direct/P3018": "Wittenbergen", "https://gdi-de.github.io/apworkshop2026/ont#stammdurchmesser.value": "35.0", "https://gdi-de.github.io/apworkshop2026/ont#stammdurchmesser.unit": "http://www.ontology-of-units-of-measure.org/resource/om-2/centimeter"}, "geometry": {"type": "MultiPoint", "coordinates": [[9.753084992242917, 53.564261954658]]}}, {"type": "Feature", "id": "https://gdi-de.github.io/apworkshop2026/REIS496", "name": "Baum REIS496 (gdide:REIS496)", "dateprops": [], "properties": {"http://www.w3.org/2000/01/rdf-schema#label": "Baum REIS496", "http://rdfs.org/ns/void#inDataset.value": "72757", "http://www.w3.org/2000/01/rdf-schema#comment": "Privatgrund", "http://www.wikidata.org/prop/direct/P2547.value": "7.0", "http://www.wikidata.org/prop/direct/P2547.unit": "http://www.ontology-of-units-of-measure.org/resource/om-2/meter", "http://www.wikidata.org/prop/direct/P3018": "Reiherstieg S\u00fcd", "https://gdi-de.github.io/apworkshop2026/ont#stammdurchmesser.value": "35.0", "https://gdi-de.github.io/apworkshop2026/ont#stammdurchmesser.unit": "http://www.ontology-of-units-of-measure.org/resource/om-2/centimeter"}, "geometry": {"type": "MultiPoint", "coordinates": [[9.981125156809803, 53.50292498409027]]}}, {"type": "Feature", "id": "https://gdi-de.github.io/apworkshop2026/NEUW611", "name": "Baum NEUW611 (gdide:NEUW611)", "dateprops": [], "properties": {"http://www.w3.org/2000/01/rdf-schema#label": "Baum NEUW611", "http://rdfs.org/ns/void#inDataset.value": "72757", "http://www.w3.org/2000/01/rdf-schema#comment": "Liegenschaftsamt", "http://www.wikidata.org/prop/direct/P2547.value": "3.0", "http://www.wikidata.org/prop/direct/P2547.unit": "http://www.ontology-of-units-of-measure.org/resource/om-2/meter", "http://www.wikidata.org/prop/direct/P3018": "Neuwerk", "https://gdi-de.github.io/apworkshop2026/ont#stammdurchmesser.value": "25.0", "https://gdi-de.github.io/apworkshop2026/ont#stammdurchmesser.unit": "http://www.ontology-of-units-of-measure.org/resource/om-2/centimeter"}, "geometry": {"type": "MultiPoint", "coordinates": [[8.496084084290011, 53.91585824249835]]}}, {"type": "Feature", "id": "https://gdi-de.github.io/apworkshop2026/BFASN352", "name": "Baum BFASN352 (gdide:BFASN352)", "dateprops": [], "properties": {"http://www.w3.org/2000/01/rdf-schema#label": "Baum BFASN352", "http://rdfs.org/ns/void#inDataset.value": "72757", "http://www.w3.org/2000/01/rdf-schema#comment": "Stra\u00dfe", "http://www.wikidata.org/prop/direct/P2547.value": "5.0", "http://www.wikidata.org/prop/direct/P2547.unit": "http://www.ontology-of-units-of-measure.org/resource/om-2/meter", "http://www.wikidata.org/prop/direct/P3018": "Bahnhof Alte S\u00fcderelbe Nord", "https://gdi-de.github.io/apworkshop2026/ont#stammdurchmesser.value": "48.0", "https://gdi-de.github.io/apworkshop2026/ont#stammdurchmesser.unit": "http://www.ontology-of-units-of-measure.org/resource/om-2/centimeter"}, "geometry": {"type": "MultiPoint", "coordinates": [[9.911522574685268, 53.507050675799135]]}}, {"type": "Feature", "id": "https://gdi-de.github.io/apworkshop2026/NEUW33", "name": "Baum NEUW33 (gdide:NEUW33)", "dateprops": [], "properties": {"http://www.w3.org/2000/01/rdf-schema#label": "Baum NEUW33", "http://rdfs.org/ns/void#inDataset.value": "72757", "http://www.w3.org/2000/01/rdf-schema#comment": "Liegenschaftsamt", "http://www.wikidata.org/prop/direct/P2547.value": "10.0", "http://www.wikidata.org/prop/direct/P2547.unit": "http://www.ontology-of-units-of-measure.org/resource/om-2/meter", "http://www.wikidata.org/prop/direct/P3018": "Neuwerk", "https://gdi-de.github.io/apworkshop2026/ont#stammdurchmesser.value": "33.0", "https://gdi-de.github.io/apworkshop2026/ont#stammdurchmesser.unit": "http://www.ontology-of-units-of-measure.org/resource/om-2/centimeter"}, "geometry": {"type": "MultiPoint", "coordinates": [[8.496416182467398, 53.91444426492664]]}}, {"type": "Feature", "id": "https://gdi-de.github.io/apworkshop2026/NEUW443", "name": "Baum NEUW443 (gdide:NEUW443)", "dateprops": [], "properties": {"http://www.w3.org/2000/01/rdf-schema#label": "Baum NEUW443", "http://rdfs.org/ns/void#inDataset.value": "72757", "http://www.w3.org/2000/01/rdf-schema#comment": "BUKEA", "http://www.wikidata.org/prop/direct/P2547.value": "5.0", "http://www.wikidata.org/prop/direct/P2547.unit": "http://www.ontology-of-units-of-measure.org/resource/om-2/meter", "http://www.wikidata.org/prop/direct/P3018": "Neuwerk", "https://gdi-de.github.io/apworkshop2026/ont#stammdurchmesser.value": "31.0", "https://gdi-de.github.io/apworkshop2026/ont#stammdurchmesser.unit": "http://www.ontology-of-units-of-measure.org/resource/om-2/centimeter"}, "geometry": {"type": "MultiPoint", "coordinates": [[8.500054395300692, 53.92239770107978]]}}, {"type": "Feature", "id": "https://gdi-de.github.io/apworkshop2026/NEUW92", "name": "Baum NEUW92 (gdide:NEUW92)", "dateprops": [], "properties": {"http://www.w3.org/2000/01/rdf-schema#label": "Baum NEUW92", "http://rdfs.org/ns/void#inDataset.value": "72757", "http://www.w3.org/2000/01/rdf-schema#comment": "Liegenschaftsamt", "http://www.wikidata.org/prop/direct/P2547.value": "4.0", "http://www.wikidata.org/prop/direct/P2547.unit": "http://www.ontology-of-units-of-measure.org/resource/om-2/meter", "http://www.wikidata.org/prop/direct/P3018": "Neuwerk", "https://gdi-de.github.io/apworkshop2026/ont#stammdurchmesser.value": "32.0", "https://gdi-de.github.io/apworkshop2026/ont#stammdurchmesser.unit": "http://www.ontology-of-units-of-measure.org/resource/om-2/centimeter"}, "geometry": {"type": "MultiPoint", "coordinates": [[8.496830359712293, 53.91420468197266]]}}, {"type": "Feature", "id": "https://gdi-de.github.io/apworkshop2026/NEUW351", "name": "Baum NEUW351 (gdide:NEUW351)", "dateprops": [], "properties": {"http://www.w3.org/2000/01/rdf-schema#label": "Baum NEUW351", "http://rdfs.org/ns/void#inDataset.value": "72757", "http://www.w3.org/2000/01/rdf-schema#comment": "BUKEA", "http://www.wikidata.org/prop/direct/P2547.value": "5.0", "http://www.wikidata.org/prop/direct/P2547.unit": "http://www.ontology-of-units-of-measure.org/resource/om-2/meter", "http://www.wikidata.org/prop/direct/P3018": "Neuwerk", "https://gdi-de.github.io/apworkshop2026/ont#stammdurchmesser.value": "21.0", "https://gdi-de.github.io/apworkshop2026/ont#stammdurchmesser.unit": "http://www.ontology-of-units-of-measure.org/resource/om-2/centimeter"}, "geometry": {"type": "MultiPoint", "coordinates": [[8.498033149978813, 53.91341916130174]]}}, {"type": "Feature", "id": "https://gdi-de.github.io/apworkshop2026/NEUW612", "name": "Baum NEUW612 (gdide:NEUW612)", "dateprops": [], "properties": {"http://www.w3.org/2000/01/rdf-schema#label": "Baum NEUW612", "http://rdfs.org/ns/void#inDataset.value": "72757", "http://www.w3.org/2000/01/rdf-schema#comment": "Liegenschaftsamt", "http://www.wikidata.org/prop/direct/P2547.value": "8.0", "http://www.wikidata.org/prop/direct/P2547.unit": "http://www.ontology-of-units-of-measure.org/resource/om-2/meter", "http://www.wikidata.org/prop/direct/P3018": "Neuwerk", "https://gdi-de.github.io/apworkshop2026/ont#stammdurchmesser.value": "38.0", "https://gdi-de.github.io/apworkshop2026/ont#stammdurchmesser.unit": "http://www.ontology-of-units-of-measure.org/resource/om-2/centimeter"}, "geometry": {"type": "MultiPoint", "coordinates": [[8.495813206299237, 53.91571640034804]]}}, {"type": "Feature", "id": "https://gdi-de.github.io/apworkshop2026/NEUW695", "name": "Baum NEUW695 (gdide:NEUW695)", "dateprops": [], "properties": {"http://www.w3.org/2000/01/rdf-schema#label": "Baum NEUW695", "http://rdfs.org/ns/void#inDataset.value": "72757", "http://www.w3.org/2000/01/rdf-schema#comment": "Liegenschaftsamt", "http://www.wikidata.org/prop/direct/P2547.value": "4.0", "http://www.wikidata.org/prop/direct/P2547.unit": "http://www.ontology-of-units-of-measure.org/resource/om-2/meter", "http://www.wikidata.org/prop/direct/P3018": "Neuwerk", "https://gdi-de.github.io/apworkshop2026/ont#stammdurchmesser.value": "32.0", "https://gdi-de.github.io/apworkshop2026/ont#stammdurchmesser.unit": "http://www.ontology-of-units-of-measure.org/resource/om-2/centimeter"}, "geometry": {"type": "MultiPoint", "coordinates": [[8.505687317222375, 53.91675161105225]]}}, {"type": "Feature", "id": "https://gdi-de.github.io/apworkshop2026/NEUW162", "name": "Baum NEUW162 (gdide:NEUW162)", "dateprops": [], "properties": {"http://www.w3.org/2000/01/rdf-schema#label": "Baum NEUW162", "http://rdfs.org/ns/void#inDataset.value": "72757", "http://www.w3.org/2000/01/rdf-schema#comment": "\u00f6ffentliche Gr\u00fcnfl\u00e4che", "http://www.wikidata.org/prop/direct/P2547.value": "7.0", "http://www.wikidata.org/prop/direct/P2547.unit": "http://www.ontology-of-units-of-measure.org/resource/om-2/meter", "http://www.wikidata.org/prop/direct/P3018": "Neuwerk", "https://gdi-de.github.io/apworkshop2026/ont#stammdurchmesser.value": "24.0", "https://gdi-de.github.io/apworkshop2026/ont#stammdurchmesser.unit": "http://www.ontology-of-units-of-measure.org/resource/om-2/centimeter"}, "geometry": {"type": "MultiPoint", "coordinates": [[8.499990776612272, 53.91342487044231]]}}, {"type": "Feature", "id": "https://gdi-de.github.io/apworkshop2026/NEUW301", "name": "Baum NEUW301 (gdide:NEUW301)", "dateprops": [], "properties": {"http://www.w3.org/2000/01/rdf-schema#label": "Baum NEUW301", "http://rdfs.org/ns/void#inDataset.value": "72757", "http://www.w3.org/2000/01/rdf-schema#comment": "BUKEA", "http://www.wikidata.org/prop/direct/P2547.value": "3.0", "http://www.wikidata.org/prop/direct/P2547.unit": "http://www.ontology-of-units-of-measure.org/resource/om-2/meter", "http://www.wikidata.org/prop/direct/P3018": "Neuwerk", "https://gdi-de.github.io/apworkshop2026/ont#stammdurchmesser.value": "18.0", "https://gdi-de.github.io/apworkshop2026/ont#stammdurchmesser.unit": "http://www.ontology-of-units-of-measure.org/resource/om-2/centimeter"}, "geometry": {"type": "MultiPoint", "coordinates": [[8.497645050826614, 53.91367611418341]]}}, {"type": "Feature", "id": "https://gdi-de.github.io/apworkshop2026/NEUW318", "name": "Baum NEUW318 (gdide:NEUW318)", "dateprops": [], "properties": {"http://www.w3.org/2000/01/rdf-schema#label": "Baum NEUW318", "http://rdfs.org/ns/void#inDataset.value": "72757", "http://www.w3.org/2000/01/rdf-schema#comment": "BUKEA", "http://www.wikidata.org/prop/direct/P2547.value": "6.0", "http://www.wikidata.org/prop/direct/P2547.unit": "http://www.ontology-of-units-of-measure.org/resource/om-2/meter", "http://www.wikidata.org/prop/direct/P3018": "Neuwerk", "https://gdi-de.github.io/apworkshop2026/ont#stammdurchmesser.value": "25.0", "https://gdi-de.github.io/apworkshop2026/ont#stammdurchmesser.unit": "http://www.ontology-of-units-of-measure.org/resource/om-2/centimeter"}, "geometry": {"type": "MultiPoint", "coordinates": [[8.497091221487647, 53.91378477753266]]}}, {"type": "Feature", "id": "https://gdi-de.github.io/apworkshop2026/NEUW136", "name": "Baum NEUW136 (gdide:NEUW136)", "dateprops": [], "properties": {"http://www.w3.org/2000/01/rdf-schema#label": "Baum NEUW136", "http://rdfs.org/ns/void#inDataset.value": "72757", "http://www.w3.org/2000/01/rdf-schema#comment": "Bezirksamt", "http://www.wikidata.org/prop/direct/P2547.value": "10.0", "http://www.wikidata.org/prop/direct/P2547.unit": "http://www.ontology-of-units-of-measure.org/resource/om-2/meter", "http://www.wikidata.org/prop/direct/P3018": "Neuwerk", "https://gdi-de.github.io/apworkshop2026/ont#stammdurchmesser.value": "48.0", "https://gdi-de.github.io/apworkshop2026/ont#stammdurchmesser.unit": "http://www.ontology-of-units-of-measure.org/resource/om-2/centimeter"}, "geometry": {"type": "MultiPoint", "coordinates": [[8.500382774452802, 53.9137122683106]]}}, {"type": "Feature", "id": "https://gdi-de.github.io/apworkshop2026/NEUW93", "name": "Baum NEUW93 (gdide:NEUW93)", "dateprops": [], "properties": {"http://www.w3.org/2000/01/rdf-schema#label": "Baum NEUW93", "http://rdfs.org/ns/void#inDataset.value": "72757", "http://www.w3.org/2000/01/rdf-schema#comment": "Liegenschaftsamt", "http://www.wikidata.org/prop/direct/P2547.value": "5.0", "http://www.wikidata.org/prop/direct/P2547.unit": "http://www.ontology-of-units-of-measure.org/resource/om-2/meter", "http://www.wikidata.org/prop/direct/P3018": "Neuwerk", "https://gdi-de.github.io/apworkshop2026/ont#stammdurchmesser.value": "39.0", "https://gdi-de.github.io/apworkshop2026/ont#stammdurchmesser.unit": "http://www.ontology-of-units-of-measure.org/resource/om-2/centimeter"}, "geometry": {"type": "MultiPoint", "coordinates": [[8.496810372197222, 53.91419202579995]]}}, {"type": "Feature", "id": "https://gdi-de.github.io/apworkshop2026/BFASN375", "name": "Baum BFASN375 (gdide:BFASN375)", "dateprops": [], "properties": {"http://www.w3.org/2000/01/rdf-schema#label": "Baum BFASN375", "http://rdfs.org/ns/void#inDataset.value": "72757", "http://www.w3.org/2000/01/rdf-schema#comment": "sonst. \u00f6ff. Fl\u00e4chen", "http://www.wikidata.org/prop/direct/P2547.value": "6.0", "http://www.wikidata.org/prop/direct/P2547.unit": "http://www.ontology-of-units-of-measure.org/resource/om-2/meter", "http://www.wikidata.org/prop/direct/P3018": "Bahnhof Alte S\u00fcderelbe Nord", "https://gdi-de.github.io/apworkshop2026/ont#stammdurchmesser.value": "32.0", "https://gdi-de.github.io/apworkshop2026/ont#stammdurchmesser.unit": "http://www.ontology-of-units-of-measure.org/resource/om-2/centimeter"}, "geometry": {"type": "MultiPoint", "coordinates": [[9.91155154535318, 53.50727014493981]]}}, {"type": "Feature", "id": "https://gdi-de.github.io/apworkshop2026/VHWN593", "name": "Baum VHWN593 (gdide:VHWN593)", "dateprops": [], "properties": {"http://www.w3.org/2000/01/rdf-schema#label": "Baum VHWN593", "http://rdfs.org/ns/void#inDataset.value": "72757", "http://www.w3.org/2000/01/rdf-schema#comment": "sonst. \u00f6ff. Fl\u00e4chen", "http://www.wikidata.org/prop/direct/P2547.value": "3.0", "http://www.wikidata.org/prop/direct/P2547.unit": "http://www.ontology-of-units-of-measure.org/resource/om-2/meter", "http://www.wikidata.org/prop/direct/P3018": "Vollh\u00f6fner Weiden", "https://gdi-de.github.io/apworkshop2026/ont#stammdurchmesser.value": "16.0", "https://gdi-de.github.io/apworkshop2026/ont#stammdurchmesser.unit": "http://www.ontology-of-units-of-measure.org/resource/om-2/centimeter"}, "geometry": {"type": "MultiPoint", "coordinates": [[9.899406960515737, 53.51412037117859]]}}, {"type": "Feature", "id": "https://gdi-de.github.io/apworkshop2026/BFHS348", "name": "Baum BFHS348 (gdide:BFHS348)", "dateprops": [], "properties": {"http://www.w3.org/2000/01/rdf-schema#label": "Baum BFHS348", "http://rdfs.org/ns/void#inDataset.value": "72757", "http://www.w3.org/2000/01/rdf-schema#comment": "sonst. \u00f6ff. Fl\u00e4chen", "http://www.wikidata.org/prop/direct/P2547.value": "4.0", "http://www.wikidata.org/prop/direct/P2547.unit": "http://www.ontology-of-units-of-measure.org/resource/om-2/meter", "http://www.wikidata.org/prop/direct/P3018": "Bahnhof Hohe Schaar", "https://gdi-de.github.io/apworkshop2026/ont#stammdurchmesser.value": "19.0", "https://gdi-de.github.io/apworkshop2026/ont#stammdurchmesser.unit": "http://www.ontology-of-units-of-measure.org/resource/om-2/centimeter"}, "geometry": {"type": "MultiPoint", "coordinates": [[9.962213643785462, 53.49771095977676]]}}, {"type": "Feature", "id": "https://gdi-de.github.io/apworkshop2026/MOBG998", "name": "Baum MOBG998 (gdide:MOBG998)", "dateprops": [], "properties": {"http://www.w3.org/2000/01/rdf-schema#label": "Baum MOBG998", "http://rdfs.org/ns/void#inDataset.value": "72757", "http://www.w3.org/2000/01/rdf-schema#comment": "Bahn", "http://www.wikidata.org/prop/direct/P2547.value": "7.0", "http://www.wikidata.org/prop/direct/P2547.unit": "http://www.ontology-of-units-of-measure.org/resource/om-2/meter", "http://www.wikidata.org/prop/direct/P3018": "Moorburg", "https://gdi-de.github.io/apworkshop2026/ont#stammdurchmesser.value": "37.0", "https://gdi-de.github.io/apworkshop2026/ont#stammdurchmesser.unit": "http://www.ontology-of-units-of-measure.org/resource/om-2/centimeter"}, "geometry": {"type": "MultiPoint", "coordinates": [[9.93823472526025, 53.486053274193225]]}}, {"type": "Feature", "id": "https://gdi-de.github.io/apworkshop2026/WITB230", "name": "Baum WITB230 (gdide:WITB230)", "dateprops": [], "properties": {"http://www.w3.org/2000/01/rdf-schema#label": "Baum WITB230", "http://rdfs.org/ns/void#inDataset.value": "72757", "http://www.w3.org/2000/01/rdf-schema#comment": "Wasserwirtschaft", "http://www.wikidata.org/prop/direct/P2547.value": "8.5", "http://www.wikidata.org/prop/direct/P2547.unit": "http://www.ontology-of-units-of-measure.org/resource/om-2/meter", "http://www.wikidata.org/prop/direct/P3018": "Wittenbergen", "https://gdi-de.github.io/apworkshop2026/ont#stammdurchmesser.value": "47.0", "https://gdi-de.github.io/apworkshop2026/ont#stammdurchmesser.unit": "http://www.ontology-of-units-of-measure.org/resource/om-2/centimeter"}, "geometry": {"type": "MultiPoint", "coordinates": [[9.753599466389284, 53.56467380970896]]}}, {"type": "Feature", "id": "https://gdi-de.github.io/apworkshop2026/GZAW213", "name": "Baum GZAW213 (gdide:GZAW213)", "dateprops": [], "properties": {"http://www.w3.org/2000/01/rdf-schema#label": "Baum GZAW213", "http://rdfs.org/ns/void#inDataset.value": "72757", "http://www.w3.org/2000/01/rdf-schema#comment": "sonst. \u00f6ff. Fl\u00e4chen", "http://www.wikidata.org/prop/direct/P2547.value": "8.5", "http://www.wikidata.org/prop/direct/P2547.unit": "http://www.ontology-of-units-of-measure.org/resource/om-2/meter", "http://www.wikidata.org/prop/direct/P3018": "Gr\u00fcnzug Altenwerder", "https://gdi-de.github.io/apworkshop2026/ont#stammdurchmesser.value": "30.0", "https://gdi-de.github.io/apworkshop2026/ont#stammdurchmesser.unit": "http://www.ontology-of-units-of-measure.org/resource/om-2/centimeter"}, "geometry": {"type": "MultiPoint", "coordinates": [[9.917947783738088, 53.50673666947199]]}}, {"type": "Feature", "id": "https://gdi-de.github.io/apworkshop2026/NEUW210", "name": "Baum NEUW210 (gdide:NEUW210)", "dateprops": [], "properties": {"http://www.w3.org/2000/01/rdf-schema#label": "Baum NEUW210", "http://rdfs.org/ns/void#inDataset.value": "72757", "http://www.w3.org/2000/01/rdf-schema#comment": "HPA", "http://www.wikidata.org/prop/direct/P2547.value": "3.5", "http://www.wikidata.org/prop/direct/P2547.unit": "http://www.ontology-of-units-of-measure.org/resource/om-2/meter", "http://www.wikidata.org/prop/direct/P3018": "Neuwerk", "https://gdi-de.github.io/apworkshop2026/ont#stammdurchmesser.value": "20.0", "https://gdi-de.github.io/apworkshop2026/ont#stammdurchmesser.unit": "http://www.ontology-of-units-of-measure.org/resource/om-2/centimeter"}, "geometry": {"type": "MultiPoint", "coordinates": [[8.50682154806641, 53.92304782682582]]}}, {"type": "Feature", "id": "https://gdi-de.github.io/apworkshop2026/BFAS1087", "name": "Baum BFAS1087 (gdide:BFAS1087)", "dateprops": [], "properties": {"http://www.w3.org/2000/01/rdf-schema#label": "Baum BFAS1087", "http://rdfs.org/ns/void#inDataset.value": "72757", "http://www.w3.org/2000/01/rdf-schema#comment": "Bahn", "http://www.wikidata.org/prop/direct/P2547.value": "5.0", "http://www.wikidata.org/prop/direct/P2547.unit": "http://www.ontology-of-units-of-measure.org/resource/om-2/meter", "http://www.wikidata.org/prop/direct/P3018": "Bahnhof Alte S\u00fcderelbe S\u00fcd", "https://gdi-de.github.io/apworkshop2026/ont#stammdurchmesser.value": "48.0", "https://gdi-de.github.io/apworkshop2026/ont#stammdurchmesser.unit": "http://www.ontology-of-units-of-measure.org/resource/om-2/centimeter"}, "geometry": {"type": "MultiPoint", "coordinates": [[9.902409372740392, 53.487821100176504]]}}, {"type": "Feature", "id": "https://gdi-de.github.io/apworkshop2026/NEUW465", "name": "Baum NEUW465 (gdide:NEUW465)", "dateprops": [], "properties": {"http://www.w3.org/2000/01/rdf-schema#label": "Baum NEUW465", "http://rdfs.org/ns/void#inDataset.value": "72757", "http://www.w3.org/2000/01/rdf-schema#comment": "HPA", "http://www.wikidata.org/prop/direct/P2547.value": "12.0", "http://www.wikidata.org/prop/direct/P2547.unit": "http://www.ontology-of-units-of-measure.org/resource/om-2/meter", "http://www.wikidata.org/prop/direct/P3018": "Neuwerk", "https://gdi-de.github.io/apworkshop2026/ont#stammdurchmesser.value": "29.0", "https://gdi-de.github.io/apworkshop2026/ont#stammdurchmesser.unit": "http://www.ontology-of-units-of-measure.org/resource/om-2/centimeter"}, "geometry": {"type": "MultiPoint", "coordinates": [[8.498549429738901, 53.92182986298873]]}}, {"type": "Feature", "id": "https://gdi-de.github.io/apworkshop2026/WITB66", "name": "Baum WITB66 (gdide:WITB66)", "dateprops": [], "properties": {"http://www.w3.org/2000/01/rdf-schema#label": "Baum WITB66", "http://rdfs.org/ns/void#inDataset.value": "72757", "http://www.w3.org/2000/01/rdf-schema#comment": "Wasserwirtschaft", "http://www.wikidata.org/prop/direct/P2547.value": "15.0", "http://www.wikidata.org/prop/direct/P2547.unit": "http://www.ontology-of-units-of-measure.org/resource/om-2/meter", "http://www.wikidata.org/prop/direct/P3018": "Wittenbergen", "https://gdi-de.github.io/apworkshop2026/ont#stammdurchmesser.value": "45.0", "https://gdi-de.github.io/apworkshop2026/ont#stammdurchmesser.unit": "http://www.ontology-of-units-of-measure.org/resource/om-2/centimeter"}, "geometry": {"type": "MultiPoint", "coordinates": [[9.7674399267527, 53.564574771726704]]}}, {"type": "Feature", "id": "https://gdi-de.github.io/apworkshop2026/GZAW422", "name": "Baum GZAW422 (gdide:GZAW422)", "dateprops": [], "properties": {"http://www.w3.org/2000/01/rdf-schema#label": "Baum GZAW422", "http://rdfs.org/ns/void#inDataset.value": "72757", "http://www.w3.org/2000/01/rdf-schema#comment": "sonst. \u00f6ff. Fl\u00e4chen", "http://www.wikidata.org/prop/direct/P2547.value": "8.0", "http://www.wikidata.org/prop/direct/P2547.unit": "http://www.ontology-of-units-of-measure.org/resource/om-2/meter", "http://www.wikidata.org/prop/direct/P3018": "Gr\u00fcnzug Altenwerder", "https://gdi-de.github.io/apworkshop2026/ont#stammdurchmesser.value": "40.0", "https://gdi-de.github.io/apworkshop2026/ont#stammdurchmesser.unit": "http://www.ontology-of-units-of-measure.org/resource/om-2/centimeter"}, "geometry": {"type": "MultiPoint", "coordinates": [[9.917737326433324, 53.5049180208835]]}}, {"type": "Feature", "id": "https://gdi-de.github.io/apworkshop2026/NEUW555", "name": "Baum NEUW555 (gdide:NEUW555)", "dateprops": [], "properties": {"http://www.w3.org/2000/01/rdf-schema#label": "Baum NEUW555", "http://rdfs.org/ns/void#inDataset.value": "72757", "http://www.w3.org/2000/01/rdf-schema#comment": "BUKEA", "http://www.wikidata.org/prop/direct/P2547.value": "6.0", "http://www.wikidata.org/prop/direct/P2547.unit": "http://www.ontology-of-units-of-measure.org/resource/om-2/meter", "http://www.wikidata.org/prop/direct/P3018": "Neuwerk", "https://gdi-de.github.io/apworkshop2026/ont#stammdurchmesser.value": "39.0", "https://gdi-de.github.io/apworkshop2026/ont#stammdurchmesser.unit": "http://www.ontology-of-units-of-measure.org/resource/om-2/centimeter"}, "geometry": {"type": "MultiPoint", "coordinates": [[8.499972513862545, 53.92194481087264]]}}, {"type": "Feature", "id": "https://gdi-de.github.io/apworkshop2026/NEUW680", "name": "Baum NEUW680 (gdide:NEUW680)", "dateprops": [], "properties": {"http://www.w3.org/2000/01/rdf-schema#label": "Baum NEUW680", "http://rdfs.org/ns/void#inDataset.value": "72757", "http://www.w3.org/2000/01/rdf-schema#comment": "Liegenschaftsamt", "http://www.wikidata.org/prop/direct/P2547.value": "4.0", "http://www.wikidata.org/prop/direct/P2547.unit": "http://www.ontology-of-units-of-measure.org/resource/om-2/meter", "http://www.wikidata.org/prop/direct/P3018": "Neuwerk", "https://gdi-de.github.io/apworkshop2026/ont#stammdurchmesser.value": "15.0", "https://gdi-de.github.io/apworkshop2026/ont#stammdurchmesser.unit": "http://www.ontology-of-units-of-measure.org/resource/om-2/centimeter"}, "geometry": {"type": "MultiPoint", "coordinates": [[8.490341819431945, 53.91903541954066]]}}, {"type": "Feature", "id": "https://gdi-de.github.io/apworkshop2026/MEFC229", "name": "Baum MEFC229 (gdide:MEFC229)", "dateprops": [], "properties": {"http://www.w3.org/2000/01/rdf-schema#label": "Baum MEFC229", "http://rdfs.org/ns/void#inDataset.value": "72757", "http://www.w3.org/2000/01/rdf-schema#comment": "Francop", "http://www.wikidata.org/prop/direct/P2547.value": "10.0", "http://www.wikidata.org/prop/direct/P2547.unit": "http://www.ontology-of-units-of-measure.org/resource/om-2/meter", "http://www.wikidata.org/prop/direct/P3018": "METHA-Francop", "https://gdi-de.github.io/apworkshop2026/ont#stammdurchmesser.value": "37.0", "https://gdi-de.github.io/apworkshop2026/ont#stammdurchmesser.unit": "http://www.ontology-of-units-of-measure.org/resource/om-2/centimeter"}, "geometry": {"type": "MultiPoint", "coordinates": [[9.879408009890511, 53.516770402382065]]}}, {"type": "Feature", "id": "https://gdi-de.github.io/apworkshop2026/NEUW379", "name": "Baum NEUW379 (gdide:NEUW379)", "dateprops": [], "properties": {"http://www.w3.org/2000/01/rdf-schema#label": "Baum NEUW379", "http://rdfs.org/ns/void#inDataset.value": "72757", "http://www.w3.org/2000/01/rdf-schema#comment": "BUKEA", "http://www.wikidata.org/prop/direct/P2547.value": "3.0", "http://www.wikidata.org/prop/direct/P2547.unit": "http://www.ontology-of-units-of-measure.org/resource/om-2/meter", "http://www.wikidata.org/prop/direct/P3018": "Neuwerk", "https://gdi-de.github.io/apworkshop2026/ont#stammdurchmesser.value": "13.0", "https://gdi-de.github.io/apworkshop2026/ont#stammdurchmesser.unit": "http://www.ontology-of-units-of-measure.org/resource/om-2/centimeter"}, "geometry": {"type": "MultiPoint", "coordinates": [[8.499260769679784, 53.91332995257204]]}}, {"type": "Feature", "id": "https://gdi-de.github.io/apworkshop2026/GZAW391", "name": "Baum GZAW391 (gdide:GZAW391)", "dateprops": [], "properties": {"http://www.w3.org/2000/01/rdf-schema#label": "Baum GZAW391", "http://rdfs.org/ns/void#inDataset.value": "72757", "http://www.w3.org/2000/01/rdf-schema#comment": "sonst. \u00f6ff. Fl\u00e4chen", "http://www.wikidata.org/prop/direct/P2547.value": "7.0", "http://www.wikidata.org/prop/direct/P2547.unit": "http://www.ontology-of-units-of-measure.org/resource/om-2/meter", "http://www.wikidata.org/prop/direct/P3018": "Gr\u00fcnzug Altenwerder", "https://gdi-de.github.io/apworkshop2026/ont#stammdurchmesser.value": "19.0", "https://gdi-de.github.io/apworkshop2026/ont#stammdurchmesser.unit": "http://www.ontology-of-units-of-measure.org/resource/om-2/centimeter"}, "geometry": {"type": "MultiPoint", "coordinates": [[9.91761833559079, 53.50378551072313]]}}, {"type": "Feature", "id": "https://gdi-de.github.io/apworkshop2026/BFAS1536", "name": "Baum BFAS1536 (gdide:BFAS1536)", "dateprops": [], "properties": {"http://www.w3.org/2000/01/rdf-schema#label": "Baum BFAS1536", "http://rdfs.org/ns/void#inDataset.value": "72757", "http://www.w3.org/2000/01/rdf-schema#comment": "sonst. \u00f6ff. Fl\u00e4chen", "http://www.wikidata.org/prop/direct/P2547.value": "3.5", "http://www.wikidata.org/prop/direct/P2547.unit": "http://www.ontology-of-units-of-measure.org/resource/om-2/meter", "http://www.wikidata.org/prop/direct/P3018": "Bahnhof Alte S\u00fcderelbe S\u00fcd", "https://gdi-de.github.io/apworkshop2026/ont#stammdurchmesser.value": "25.0", "https://gdi-de.github.io/apworkshop2026/ont#stammdurchmesser.unit": "http://www.ontology-of-units-of-measure.org/resource/om-2/centimeter"}, "geometry": {"type": "MultiPoint", "coordinates": [[9.912536027039353, 53.50008603277369]]}}, {"type": "Feature", "id": "https://gdi-de.github.io/apworkshop2026/BFASN370", "name": "Baum BFASN370 (gdide:BFASN370)", "dateprops": [], "properties": {"http://www.w3.org/2000/01/rdf-schema#label": "Baum BFASN370", "http://rdfs.org/ns/void#inDataset.value": "72757", "http://www.w3.org/2000/01/rdf-schema#comment": "sonst. \u00f6ff. Fl\u00e4chen", "http://www.wikidata.org/prop/direct/P2547.value": "2.0", "http://www.wikidata.org/prop/direct/P2547.unit": "http://www.ontology-of-units-of-measure.org/resource/om-2/meter", "http://www.wikidata.org/prop/direct/P3018": "Bahnhof Alte S\u00fcderelbe Nord", "https://gdi-de.github.io/apworkshop2026/ont#stammdurchmesser.value": "25.0", "https://gdi-de.github.io/apworkshop2026/ont#stammdurchmesser.unit": "http://www.ontology-of-units-of-measure.org/resource/om-2/centimeter"}, "geometry": {"type": "MultiPoint", "coordinates": [[9.911588969167918, 53.50757945132028]]}}, {"type": "Feature", "id": "https://gdi-de.github.io/apworkshop2026/NEUW149", "name": "Baum NEUW149 (gdide:NEUW149)", "dateprops": [], "properties": {"http://www.w3.org/2000/01/rdf-schema#label": "Baum NEUW149", "http://rdfs.org/ns/void#inDataset.value": "72757", "http://www.w3.org/2000/01/rdf-schema#comment": "Bezirksamt", "http://www.wikidata.org/prop/direct/P2547.value": "10.0", "http://www.wikidata.org/prop/direct/P2547.unit": "http://www.ontology-of-units-of-measure.org/resource/om-2/meter", "http://www.wikidata.org/prop/direct/P3018": "Neuwerk", "https://gdi-de.github.io/apworkshop2026/ont#stammdurchmesser.value": "35.0", "https://gdi-de.github.io/apworkshop2026/ont#stammdurchmesser.unit": "http://www.ontology-of-units-of-measure.org/resource/om-2/centimeter"}, "geometry": {"type": "MultiPoint", "coordinates": [[8.500018633369232, 53.91390338253869]]}}, {"type": "Feature", "id": "https://gdi-de.github.io/apworkshop2026/NEUW181", "name": "Baum NEUW181 (gdide:NEUW181)", "dateprops": [], "properties": {"http://www.w3.org/2000/01/rdf-schema#label": "Baum NEUW181", "http://rdfs.org/ns/void#inDataset.value": "72757", "http://www.w3.org/2000/01/rdf-schema#comment": "BUKEA", "http://www.wikidata.org/prop/direct/P2547.value": "6.0", "http://www.wikidata.org/prop/direct/P2547.unit": "http://www.ontology-of-units-of-measure.org/resource/om-2/meter", "http://www.wikidata.org/prop/direct/P3018": "Neuwerk", "https://gdi-de.github.io/apworkshop2026/ont#stammdurchmesser.value": "30.0", "https://gdi-de.github.io/apworkshop2026/ont#stammdurchmesser.unit": "http://www.ontology-of-units-of-measure.org/resource/om-2/centimeter"}, "geometry": {"type": "MultiPoint", "coordinates": [[8.50126853128925, 53.91346794559171]]}}, {"type": "Feature", "id": "https://gdi-de.github.io/apworkshop2026/NEUW138", "name": "Baum NEUW138 (gdide:NEUW138)", "dateprops": [], "properties": {"http://www.w3.org/2000/01/rdf-schema#label": "Baum NEUW138", "http://rdfs.org/ns/void#inDataset.value": "72757", "http://www.w3.org/2000/01/rdf-schema#comment": "Bezirksamt", "http://www.wikidata.org/prop/direct/P2547.value": "10.0", "http://www.wikidata.org/prop/direct/P2547.unit": "http://www.ontology-of-units-of-measure.org/resource/om-2/meter", "http://www.wikidata.org/prop/direct/P3018": "Neuwerk", "https://gdi-de.github.io/apworkshop2026/ont#stammdurchmesser.value": "27.0", "https://gdi-de.github.io/apworkshop2026/ont#stammdurchmesser.unit": "http://www.ontology-of-units-of-measure.org/resource/om-2/centimeter"}, "geometry": {"type": "MultiPoint", "coordinates": [[8.500403112310835, 53.913751597065826]]}}, {"type": "Feature", "id": "https://gdi-de.github.io/apworkshop2026/NEUW492", "name": "Baum NEUW492 (gdide:NEUW492)", "dateprops": [], "properties": {"http://www.w3.org/2000/01/rdf-schema#label": "Baum NEUW492", "http://rdfs.org/ns/void#inDataset.value": "72757", "http://www.w3.org/2000/01/rdf-schema#comment": "HPA", "http://www.wikidata.org/prop/direct/P2547.value": "3.0", "http://www.wikidata.org/prop/direct/P2547.unit": "http://www.ontology-of-units-of-measure.org/resource/om-2/meter", "http://www.wikidata.org/prop/direct/P3018": "Neuwerk", "https://gdi-de.github.io/apworkshop2026/ont#stammdurchmesser.value": "24.0", "https://gdi-de.github.io/apworkshop2026/ont#stammdurchmesser.unit": "http://www.ontology-of-units-of-measure.org/resource/om-2/centimeter"}, "geometry": {"type": "MultiPoint", "coordinates": [[8.497988252180912, 53.922224146295335]]}}, {"type": "Feature", "id": "https://gdi-de.github.io/apworkshop2026/GZAW123", "name": "Baum GZAW123 (gdide:GZAW123)", "dateprops": [], "properties": {"http://www.w3.org/2000/01/rdf-schema#label": "Baum GZAW123", "http://rdfs.org/ns/void#inDataset.value": "72757", "http://www.w3.org/2000/01/rdf-schema#comment": "sonst. \u00f6ff. Fl\u00e4chen", "http://www.wikidata.org/prop/direct/P2547.value": "7.0", "http://www.wikidata.org/prop/direct/P2547.unit": "http://www.ontology-of-units-of-measure.org/resource/om-2/meter", "http://www.wikidata.org/prop/direct/P3018": "Gr\u00fcnzug Altenwerder", "https://gdi-de.github.io/apworkshop2026/ont#stammdurchmesser.value": "30.0", "https://gdi-de.github.io/apworkshop2026/ont#stammdurchmesser.unit": "http://www.ontology-of-units-of-measure.org/resource/om-2/centimeter"}, "geometry": {"type": "MultiPoint", "coordinates": [[9.917433111962357, 53.503799696138564]]}}, {"type": "Feature", "id": "https://gdi-de.github.io/apworkshop2026/NEUW167", "name": "Baum NEUW167 (gdide:NEUW167)", "dateprops": [], "properties": {"http://www.w3.org/2000/01/rdf-schema#label": "Baum NEUW167", "http://rdfs.org/ns/void#inDataset.value": "72757", "http://www.w3.org/2000/01/rdf-schema#comment": "BUKEA", "http://www.wikidata.org/prop/direct/P2547.value": "6.0", "http://www.wikidata.org/prop/direct/P2547.unit": "http://www.ontology-of-units-of-measure.org/resource/om-2/meter", "http://www.wikidata.org/prop/direct/P3018": "Neuwerk", "https://gdi-de.github.io/apworkshop2026/ont#stammdurchmesser.value": "30.0", "https://gdi-de.github.io/apworkshop2026/ont#stammdurchmesser.unit": "http://www.ontology-of-units-of-measure.org/resource/om-2/centimeter"}, "geometry": {"type": "MultiPoint", "coordinates": [[8.500179800114354, 53.91356279436374]]}}, {"type": "Feature", "id": "https://gdi-de.github.io/apworkshop2026/WITB73", "name": "Baum WITB73 (gdide:WITB73)", "dateprops": [], "properties": {"http://www.w3.org/2000/01/rdf-schema#label": "Baum WITB73", "http://rdfs.org/ns/void#inDataset.value": "72757", "http://www.w3.org/2000/01/rdf-schema#comment": "Wasserwirtschaft", "http://www.wikidata.org/prop/direct/P2547.value": "4.0", "http://www.wikidata.org/prop/direct/P2547.unit": "http://www.ontology-of-units-of-measure.org/resource/om-2/meter", "http://www.wikidata.org/prop/direct/P3018": "Wittenbergen", "https://gdi-de.github.io/apworkshop2026/ont#stammdurchmesser.value": "19.0", "https://gdi-de.github.io/apworkshop2026/ont#stammdurchmesser.unit": "http://www.ontology-of-units-of-measure.org/resource/om-2/centimeter"}, "geometry": {"type": "MultiPoint", "coordinates": [[9.767108268749803, 53.56468676897957]]}}, {"type": "Feature", "id": "https://gdi-de.github.io/apworkshop2026/VHWN306", "name": "Baum VHWN306 (gdide:VHWN306)", "dateprops": [], "properties": {"http://www.w3.org/2000/01/rdf-schema#label": "Baum VHWN306", "http://rdfs.org/ns/void#inDataset.value": "72757", "http://www.w3.org/2000/01/rdf-schema#comment": "sonst. \u00f6ff. Fl\u00e4chen", "http://www.wikidata.org/prop/direct/P2547.value": "10.0", "http://www.wikidata.org/prop/direct/P2547.unit": "http://www.ontology-of-units-of-measure.org/resource/om-2/meter", "http://www.wikidata.org/prop/direct/P3018": "Vollh\u00f6fner Weiden", "https://gdi-de.github.io/apworkshop2026/ont#stammdurchmesser.value": "53.0", "https://gdi-de.github.io/apworkshop2026/ont#stammdurchmesser.unit": "http://www.ontology-of-units-of-measure.org/resource/om-2/centimeter"}, "geometry": {"type": "MultiPoint", "coordinates": [[9.901023820229318, 53.51199365424569]]}}, {"type": "Feature", "id": "https://gdi-de.github.io/apworkshop2026/NEUW384", "name": "Baum NEUW384 (gdide:NEUW384)", "dateprops": [], "properties": {"http://www.w3.org/2000/01/rdf-schema#label": "Baum NEUW384", "http://rdfs.org/ns/void#inDataset.value": "72757", "http://www.w3.org/2000/01/rdf-schema#comment": "BUKEA", "http://www.wikidata.org/prop/direct/P2547.value": "4.0", "http://www.wikidata.org/prop/direct/P2547.unit": "http://www.ontology-of-units-of-measure.org/resource/om-2/meter", "http://www.wikidata.org/prop/direct/P3018": "Neuwerk", "https://gdi-de.github.io/apworkshop2026/ont#stammdurchmesser.value": "22.0", "https://gdi-de.github.io/apworkshop2026/ont#stammdurchmesser.unit": "http://www.ontology-of-units-of-measure.org/resource/om-2/centimeter"}, "geometry": {"type": "MultiPoint", "coordinates": [[8.49942665258015, 53.91332430691233]]}}, {"type": "Feature", "id": "https://gdi-de.github.io/apworkshop2026/NEUW220", "name": "Baum NEUW220 (gdide:NEUW220)", "dateprops": [], "properties": {"http://www.w3.org/2000/01/rdf-schema#label": "Baum NEUW220", "http://rdfs.org/ns/void#inDataset.value": "72757", "http://www.w3.org/2000/01/rdf-schema#comment": "Liegenschaftsamt", "http://www.wikidata.org/prop/direct/P2547.value": "5.0", "http://www.wikidata.org/prop/direct/P2547.unit": "http://www.ontology-of-units-of-measure.org/resource/om-2/meter", "http://www.wikidata.org/prop/direct/P3018": "Neuwerk", "https://gdi-de.github.io/apworkshop2026/ont#stammdurchmesser.value": "33.0", "https://gdi-de.github.io/apworkshop2026/ont#stammdurchmesser.unit": "http://www.ontology-of-units-of-measure.org/resource/om-2/centimeter"}, "geometry": {"type": "MultiPoint", "coordinates": [[8.506191748203866, 53.91764852636045]]}}, {"type": "Feature", "id": "https://gdi-de.github.io/apworkshop2026/NEUW448", "name": "Baum NEUW448 (gdide:NEUW448)", "dateprops": [], "properties": {"http://www.w3.org/2000/01/rdf-schema#label": "Baum NEUW448", "http://rdfs.org/ns/void#inDataset.value": "72757", "http://www.w3.org/2000/01/rdf-schema#comment": "Liegenschaftsamt", "http://www.wikidata.org/prop/direct/P2547.value": "5.0", "http://www.wikidata.org/prop/direct/P2547.unit": "http://www.ontology-of-units-of-measure.org/resource/om-2/meter", "http://www.wikidata.org/prop/direct/P3018": "Neuwerk", "https://gdi-de.github.io/apworkshop2026/ont#stammdurchmesser.value": "22.0", "https://gdi-de.github.io/apworkshop2026/ont#stammdurchmesser.unit": "http://www.ontology-of-units-of-measure.org/resource/om-2/centimeter"}, "geometry": {"type": "MultiPoint", "coordinates": [[8.498347838805993, 53.92140817310137]]}}, {"type": "Feature", "id": "https://gdi-de.github.io/apworkshop2026/NEUW99", "name": "Baum NEUW99 (gdide:NEUW99)", "dateprops": [], "properties": {"http://www.w3.org/2000/01/rdf-schema#label": "Baum NEUW99", "http://rdfs.org/ns/void#inDataset.value": "72757", "http://www.w3.org/2000/01/rdf-schema#comment": "Liegenschaftsamt", "http://www.wikidata.org/prop/direct/P2547.value": "6.0", "http://www.wikidata.org/prop/direct/P2547.unit": "http://www.ontology-of-units-of-measure.org/resource/om-2/meter", "http://www.wikidata.org/prop/direct/P3018": "Neuwerk", "https://gdi-de.github.io/apworkshop2026/ont#stammdurchmesser.value": "41.0", "https://gdi-de.github.io/apworkshop2026/ont#stammdurchmesser.unit": "http://www.ontology-of-units-of-measure.org/resource/om-2/centimeter"}, "geometry": {"type": "MultiPoint", "coordinates": [[8.496733467425749, 53.91398310844818]]}}, {"type": "Feature", "id": "https://gdi-de.github.io/apworkshop2026/NEUW32", "name": "Baum NEUW32 (gdide:NEUW32)", "dateprops": [], "properties": {"http://www.w3.org/2000/01/rdf-schema#label": "Baum NEUW32", "http://rdfs.org/ns/void#inDataset.value": "72757", "http://www.w3.org/2000/01/rdf-schema#comment": "Liegenschaftsamt", "http://www.wikidata.org/prop/direct/P2547.value": "12.0", "http://www.wikidata.org/prop/direct/P2547.unit": "http://www.ontology-of-units-of-measure.org/resource/om-2/meter", "http://www.wikidata.org/prop/direct/P3018": "Neuwerk", "https://gdi-de.github.io/apworkshop2026/ont#stammdurchmesser.value": "38.0", "https://gdi-de.github.io/apworkshop2026/ont#stammdurchmesser.unit": "http://www.ontology-of-units-of-measure.org/resource/om-2/centimeter"}, "geometry": {"type": "MultiPoint", "coordinates": [[8.496401890271226, 53.91446045541699]]}}, {"type": "Feature", "id": "https://gdi-de.github.io/apworkshop2026/WITB290", "name": "Baum WITB290 (gdide:WITB290)", "dateprops": [], "properties": {"http://www.w3.org/2000/01/rdf-schema#label": "Baum WITB290", "http://rdfs.org/ns/void#inDataset.value": "72757", "http://www.w3.org/2000/01/rdf-schema#comment": "Wasserwirtschaft", "http://www.wikidata.org/prop/direct/P2547.value": "12.0", "http://www.wikidata.org/prop/direct/P2547.unit": "http://www.ontology-of-units-of-measure.org/resource/om-2/meter", "http://www.wikidata.org/prop/direct/P3018": "Wittenbergen", "https://gdi-de.github.io/apworkshop2026/ont#stammdurchmesser.value": "50.0", "https://gdi-de.github.io/apworkshop2026/ont#stammdurchmesser.unit": "http://www.ontology-of-units-of-measure.org/resource/om-2/centimeter"}, "geometry": {"type": "MultiPoint", "coordinates": [[9.753254935528366, 53.56451058338088]]}}, {"type": "Feature", "id": "https://gdi-de.github.io/apworkshop2026/GZAW480", "name": "Baum GZAW480 (gdide:GZAW480)", "dateprops": [], "properties": {"http://www.w3.org/2000/01/rdf-schema#label": "Baum GZAW480", "http://rdfs.org/ns/void#inDataset.value": "72757", "http://www.w3.org/2000/01/rdf-schema#comment": "sonst. \u00f6ff. Fl\u00e4chen", "http://www.wikidata.org/prop/direct/P2547.value": "9.0", "http://www.wikidata.org/prop/direct/P2547.unit": "http://www.ontology-of-units-of-measure.org/resource/om-2/meter", "http://www.wikidata.org/prop/direct/P3018": "Gr\u00fcnzug Altenwerder", "https://gdi-de.github.io/apworkshop2026/ont#stammdurchmesser.value": "32.0", "https://gdi-de.github.io/apworkshop2026/ont#stammdurchmesser.unit": "http://www.ontology-of-units-of-measure.org/resource/om-2/centimeter"}, "geometry": {"type": "MultiPoint", "coordinates": [[9.917389121462891, 53.5040727390818]]}}, {"type": "Feature", "id": "https://gdi-de.github.io/apworkshop2026/GZAW342", "name": "Baum GZAW342 (gdide:GZAW342)", "dateprops": [], "properties": {"http://www.w3.org/2000/01/rdf-schema#label": "Baum GZAW342", "http://rdfs.org/ns/void#inDataset.value": "72757", "http://www.w3.org/2000/01/rdf-schema#comment": "sonst. \u00f6ff. Fl\u00e4chen", "http://www.wikidata.org/prop/direct/P2547.value": "11.0", "http://www.wikidata.org/prop/direct/P2547.unit": "http://www.ontology-of-units-of-measure.org/resource/om-2/meter", "http://www.wikidata.org/prop/direct/P3018": "Gr\u00fcnzug Altenwerder", "https://gdi-de.github.io/apworkshop2026/ont#stammdurchmesser.value": "37.0", "https://gdi-de.github.io/apworkshop2026/ont#stammdurchmesser.unit": "http://www.ontology-of-units-of-measure.org/resource/om-2/centimeter"}, "geometry": {"type": "MultiPoint", "coordinates": [[9.916685363303007, 53.50275101515335]]}}, {"type": "Feature", "id": "https://gdi-de.github.io/apworkshop2026/NEUW296", "name": "Baum NEUW296 (gdide:NEUW296)", "dateprops": [], "properties": {"http://www.w3.org/2000/01/rdf-schema#label": "Baum NEUW296", "http://rdfs.org/ns/void#inDataset.value": "72757", "http://www.w3.org/2000/01/rdf-schema#comment": "BUKEA", "http://www.wikidata.org/prop/direct/P2547.value": "5.0", "http://www.wikidata.org/prop/direct/P2547.unit": "http://www.ontology-of-units-of-measure.org/resource/om-2/meter", "http://www.wikidata.org/prop/direct/P3018": "Neuwerk", "https://gdi-de.github.io/apworkshop2026/ont#stammdurchmesser.value": "38.0", "https://gdi-de.github.io/apworkshop2026/ont#stammdurchmesser.unit": "http://www.ontology-of-units-of-measure.org/resource/om-2/centimeter"}, "geometry": {"type": "MultiPoint", "coordinates": [[8.49759767367853, 53.91351197839106]]}}, {"type": "Feature", "id": "https://gdi-de.github.io/apworkshop2026/WITB88", "name": "Baum WITB88 (gdide:WITB88)", "dateprops": [], "properties": {"http://www.w3.org/2000/01/rdf-schema#label": "Baum WITB88", "http://rdfs.org/ns/void#inDataset.value": "72757", "http://www.w3.org/2000/01/rdf-schema#comment": "Wasserwirtschaft", "http://www.wikidata.org/prop/direct/P2547.value": "15.0", "http://www.wikidata.org/prop/direct/P2547.unit": "http://www.ontology-of-units-of-measure.org/resource/om-2/meter", "http://www.wikidata.org/prop/direct/P3018": "Wittenbergen", "https://gdi-de.github.io/apworkshop2026/ont#stammdurchmesser.value": "55.0", "https://gdi-de.github.io/apworkshop2026/ont#stammdurchmesser.unit": "http://www.ontology-of-units-of-measure.org/resource/om-2/centimeter"}, "geometry": {"type": "MultiPoint", "coordinates": [[9.764658571953163, 53.564831796231594]]}}, {"type": "Feature", "id": "https://gdi-de.github.io/apworkshop2026/NEUW530", "name": "Baum NEUW530 (gdide:NEUW530)", "dateprops": [], "properties": {"http://www.w3.org/2000/01/rdf-schema#label": "Baum NEUW530", "http://rdfs.org/ns/void#inDataset.value": "72757", "http://www.w3.org/2000/01/rdf-schema#comment": "BUKEA", "http://www.wikidata.org/prop/direct/P2547.value": "5.0", "http://www.wikidata.org/prop/direct/P2547.unit": "http://www.ontology-of-units-of-measure.org/resource/om-2/meter", "http://www.wikidata.org/prop/direct/P3018": "Neuwerk", "https://gdi-de.github.io/apworkshop2026/ont#stammdurchmesser.value": "27.0", "https://gdi-de.github.io/apworkshop2026/ont#stammdurchmesser.unit": "http://www.ontology-of-units-of-measure.org/resource/om-2/centimeter"}, "geometry": {"type": "MultiPoint", "coordinates": [[8.500319613905177, 53.92210423712299]]}}, {"type": "Feature", "id": "https://gdi-de.github.io/apworkshop2026/NEUW347", "name": "Baum NEUW347 (gdide:NEUW347)", "dateprops": [], "properties": {"http://www.w3.org/2000/01/rdf-schema#label": "Baum NEUW347", "http://rdfs.org/ns/void#inDataset.value": "72757", "http://www.w3.org/2000/01/rdf-schema#comment": "BUKEA", "http://www.wikidata.org/prop/direct/P2547.value": "4.0", "http://www.wikidata.org/prop/direct/P2547.unit": "http://www.ontology-of-units-of-measure.org/resource/om-2/meter", "http://www.wikidata.org/prop/direct/P3018": "Neuwerk", "https://gdi-de.github.io/apworkshop2026/ont#stammdurchmesser.value": "19.0", "https://gdi-de.github.io/apworkshop2026/ont#stammdurchmesser.unit": "http://www.ontology-of-units-of-measure.org/resource/om-2/centimeter"}, "geometry": {"type": "MultiPoint", "coordinates": [[8.497732070628187, 53.91345919934521]]}}, {"type": "Feature", "id": "https://gdi-de.github.io/apworkshop2026/NEUW432", "name": "Baum NEUW432 (gdide:NEUW432)", "dateprops": [], "properties": {"http://www.w3.org/2000/01/rdf-schema#label": "Baum NEUW432", "http://rdfs.org/ns/void#inDataset.value": "72757", "http://www.w3.org/2000/01/rdf-schema#comment": "BUKEA", "http://www.wikidata.org/prop/direct/P2547.value": "3.0", "http://www.wikidata.org/prop/direct/P2547.unit": "http://www.ontology-of-units-of-measure.org/resource/om-2/meter", "http://www.wikidata.org/prop/direct/P3018": "Neuwerk", "https://gdi-de.github.io/apworkshop2026/ont#stammdurchmesser.value": "18.0", "https://gdi-de.github.io/apworkshop2026/ont#stammdurchmesser.unit": "http://www.ontology-of-units-of-measure.org/resource/om-2/centimeter"}, "geometry": {"type": "MultiPoint", "coordinates": [[8.499785026479596, 53.9223637551157]]}}, {"type": "Feature", "id": "https://gdi-de.github.io/apworkshop2026/NEUW588", "name": "Baum NEUW588 (gdide:NEUW588)", "dateprops": [], "properties": {"http://www.w3.org/2000/01/rdf-schema#label": "Baum NEUW588", "http://rdfs.org/ns/void#inDataset.value": "72757", "http://www.w3.org/2000/01/rdf-schema#comment": "Liegenschaftsamt", "http://www.wikidata.org/prop/direct/P2547.value": "3.0", "http://www.wikidata.org/prop/direct/P2547.unit": "http://www.ontology-of-units-of-measure.org/resource/om-2/meter", "http://www.wikidata.org/prop/direct/P3018": "Neuwerk", "https://gdi-de.github.io/apworkshop2026/ont#stammdurchmesser.value": "25.0", "https://gdi-de.github.io/apworkshop2026/ont#stammdurchmesser.unit": "http://www.ontology-of-units-of-measure.org/resource/om-2/centimeter"}, "geometry": {"type": "MultiPoint", "coordinates": [[8.495517076665827, 53.91591555803978]]}}, {"type": "Feature", "id": "https://gdi-de.github.io/apworkshop2026/DRHF300", "name": "Baum DRHF300 (gdide:DRHF300)", "dateprops": [], "properties": {"http://www.w3.org/2000/01/rdf-schema#label": "Baum DRHF300", "http://rdfs.org/ns/void#inDataset.value": "72757", "http://www.w3.org/2000/01/rdf-schema#comment": "sonst. \u00f6ff. Fl\u00e4chen", "http://www.wikidata.org/prop/direct/P2547.value": "5.0", "http://www.wikidata.org/prop/direct/P2547.unit": "http://www.ontology-of-units-of-measure.org/resource/om-2/meter", "http://www.wikidata.org/prop/direct/P3018": "Dradenauhafen", "https://gdi-de.github.io/apworkshop2026/ont#stammdurchmesser.value": "25.0", "https://gdi-de.github.io/apworkshop2026/ont#stammdurchmesser.unit": "http://www.ontology-of-units-of-measure.org/resource/om-2/centimeter"}, "geometry": {"type": "MultiPoint", "coordinates": [[9.916545639343715, 53.51587931959548]]}}, {"type": "Feature", "id": "https://gdi-de.github.io/apworkshop2026/NEUW309", "name": "Baum NEUW309 (gdide:NEUW309)", "dateprops": [], "properties": {"http://www.w3.org/2000/01/rdf-schema#label": "Baum NEUW309", "http://rdfs.org/ns/void#inDataset.value": "72757", "http://www.w3.org/2000/01/rdf-schema#comment": "BUKEA", "http://www.wikidata.org/prop/direct/P2547.value": "6.0", "http://www.wikidata.org/prop/direct/P2547.unit": "http://www.ontology-of-units-of-measure.org/resource/om-2/meter", "http://www.wikidata.org/prop/direct/P3018": "Neuwerk", "https://gdi-de.github.io/apworkshop2026/ont#stammdurchmesser.value": "35.0", "https://gdi-de.github.io/apworkshop2026/ont#stammdurchmesser.unit": "http://www.ontology-of-units-of-measure.org/resource/om-2/centimeter"}, "geometry": {"type": "MultiPoint", "coordinates": [[8.497656459430722, 53.913466569896684]]}}, {"type": "Feature", "id": "https://gdi-de.github.io/apworkshop2026/HOHS222", "name": "Baum HOHS222 (gdide:HOHS222)", "dateprops": [], "properties": {"http://www.w3.org/2000/01/rdf-schema#label": "Baum HOHS222", "http://rdfs.org/ns/void#inDataset.value": "72757", "http://www.w3.org/2000/01/rdf-schema#comment": "Stra\u00dfe", "http://www.wikidata.org/prop/direct/P2547.value": "2.0", "http://www.wikidata.org/prop/direct/P2547.unit": "http://www.ontology-of-units-of-measure.org/resource/om-2/meter", "http://www.wikidata.org/prop/direct/P3018": "Hohe Schaar", "https://gdi-de.github.io/apworkshop2026/ont#stammdurchmesser.value": "12.0", "https://gdi-de.github.io/apworkshop2026/ont#stammdurchmesser.unit": "http://www.ontology-of-units-of-measure.org/resource/om-2/centimeter"}, "geometry": {"type": "MultiPoint", "coordinates": [[9.971869769521755, 53.491854360533615]]}}, {"type": "Feature", "id": "https://gdi-de.github.io/apworkshop2026/WITB145", "name": "Baum WITB145 (gdide:WITB145)", "dateprops": [], "properties": {"http://www.w3.org/2000/01/rdf-schema#label": "Baum WITB145", "http://rdfs.org/ns/void#inDataset.value": "72757", "http://www.w3.org/2000/01/rdf-schema#comment": "Privatgrund", "http://www.wikidata.org/prop/direct/P2547.value": "4.0", "http://www.wikidata.org/prop/direct/P2547.unit": "http://www.ontology-of-units-of-measure.org/resource/om-2/meter", "http://www.wikidata.org/prop/direct/P3018": "Wittenbergen", "https://gdi-de.github.io/apworkshop2026/ont#stammdurchmesser.value": "17.0", "https://gdi-de.github.io/apworkshop2026/ont#stammdurchmesser.unit": "http://www.ontology-of-units-of-measure.org/resource/om-2/centimeter"}, "geometry": {"type": "MultiPoint", "coordinates": [[9.766871535722979, 53.56471207929328]]}}, {"type": "Feature", "id": "https://gdi-de.github.io/apworkshop2026/NEUW341", "name": "Baum NEUW341 (gdide:NEUW341)", "dateprops": [], "properties": {"http://www.w3.org/2000/01/rdf-schema#label": "Baum NEUW341", "http://rdfs.org/ns/void#inDataset.value": "72757", "http://www.w3.org/2000/01/rdf-schema#comment": "BUKEA", "http://www.wikidata.org/prop/direct/P2547.value": "5.0", "http://www.wikidata.org/prop/direct/P2547.unit": "http://www.ontology-of-units-of-measure.org/resource/om-2/meter", "http://www.wikidata.org/prop/direct/P3018": "Neuwerk", "https://gdi-de.github.io/apworkshop2026/ont#stammdurchmesser.value": "32.0", "https://gdi-de.github.io/apworkshop2026/ont#stammdurchmesser.unit": "http://www.ontology-of-units-of-measure.org/resource/om-2/centimeter"}, "geometry": {"type": "MultiPoint", "coordinates": [[8.49729323462874, 53.91349660236715]]}}, {"type": "Feature", "id": "https://gdi-de.github.io/apworkshop2026/NEUW364", "name": "Baum NEUW364 (gdide:NEUW364)", "dateprops": [], "properties": {"http://www.w3.org/2000/01/rdf-schema#label": "Baum NEUW364", "http://rdfs.org/ns/void#inDataset.value": "72757", "http://www.w3.org/2000/01/rdf-schema#comment": "BUKEA", "http://www.wikidata.org/prop/direct/P2547.value": "6.0", "http://www.wikidata.org/prop/direct/P2547.unit": "http://www.ontology-of-units-of-measure.org/resource/om-2/meter", "http://www.wikidata.org/prop/direct/P3018": "Neuwerk", "https://gdi-de.github.io/apworkshop2026/ont#stammdurchmesser.value": "38.0", "https://gdi-de.github.io/apworkshop2026/ont#stammdurchmesser.unit": "http://www.ontology-of-units-of-measure.org/resource/om-2/centimeter"}, "geometry": {"type": "MultiPoint", "coordinates": [[8.498601828469424, 53.91344278623887]]}}, {"type": "Feature", "id": "https://gdi-de.github.io/apworkshop2026/GEOW146", "name": "Baum GEOW146 (gdide:GEOW146)", "dateprops": [], "properties": {"http://www.w3.org/2000/01/rdf-schema#label": "Baum GEOW146", "http://rdfs.org/ns/void#inDataset.value": "72757", "http://www.w3.org/2000/01/rdf-schema#comment": "sonst. \u00f6ff. Fl\u00e4chen", "http://www.wikidata.org/prop/direct/P2547.value": "7.0", "http://www.wikidata.org/prop/direct/P2547.unit": "http://www.ontology-of-units-of-measure.org/resource/om-2/meter", "http://www.wikidata.org/prop/direct/P3018": "Georgswerder", "https://gdi-de.github.io/apworkshop2026/ont#stammdurchmesser.value": "36.0", "https://gdi-de.github.io/apworkshop2026/ont#stammdurchmesser.unit": "http://www.ontology-of-units-of-measure.org/resource/om-2/centimeter"}, "geometry": {"type": "MultiPoint", "coordinates": [[10.02094776081571, 53.520419411691925]]}}, {"type": "Feature", "id": "https://gdi-de.github.io/apworkshop2026/GZAW624", "name": "Baum GZAW624 (gdide:GZAW624)", "dateprops": [], "properties": {"http://www.w3.org/2000/01/rdf-schema#label": "Baum GZAW624", "http://rdfs.org/ns/void#inDataset.value": "72757", "http://www.w3.org/2000/01/rdf-schema#comment": "sonst. \u00f6ff. Fl\u00e4chen", "http://www.wikidata.org/prop/direct/P2547.value": "9.0", "http://www.wikidata.org/prop/direct/P2547.unit": "http://www.ontology-of-units-of-measure.org/resource/om-2/meter", "http://www.wikidata.org/prop/direct/P3018": "Gr\u00fcnzug Altenwerder", "https://gdi-de.github.io/apworkshop2026/ont#stammdurchmesser.value": "38.0", "https://gdi-de.github.io/apworkshop2026/ont#stammdurchmesser.unit": "http://www.ontology-of-units-of-measure.org/resource/om-2/centimeter"}, "geometry": {"type": "MultiPoint", "coordinates": [[9.91863427627821, 53.5067725392363]]}}, {"type": "Feature", "id": "https://gdi-de.github.io/apworkshop2026/NEUW109", "name": "Baum NEUW109 (gdide:NEUW109)", "dateprops": [], "properties": {"http://www.w3.org/2000/01/rdf-schema#label": "Baum NEUW109", "http://rdfs.org/ns/void#inDataset.value": "72757", "http://www.w3.org/2000/01/rdf-schema#comment": "BUKEA", "http://www.wikidata.org/prop/direct/P2547.value": "8.0", "http://www.wikidata.org/prop/direct/P2547.unit": "http://www.ontology-of-units-of-measure.org/resource/om-2/meter", "http://www.wikidata.org/prop/direct/P3018": "Neuwerk", "https://gdi-de.github.io/apworkshop2026/ont#stammdurchmesser.value": "60.0", "https://gdi-de.github.io/apworkshop2026/ont#stammdurchmesser.unit": "http://www.ontology-of-units-of-measure.org/resource/om-2/centimeter"}, "geometry": {"type": "MultiPoint", "coordinates": [[8.497008684279344, 53.914333010691244]]}}, {"type": "Feature", "id": "https://gdi-de.github.io/apworkshop2026/NEUW512", "name": "Baum NEUW512 (gdide:NEUW512)", "dateprops": [], "properties": {"http://www.w3.org/2000/01/rdf-schema#label": "Baum NEUW512", "http://rdfs.org/ns/void#inDataset.value": "72757", "http://www.w3.org/2000/01/rdf-schema#comment": "BUKEA", "http://www.wikidata.org/prop/direct/P2547.value": "3.0", "http://www.wikidata.org/prop/direct/P2547.unit": "http://www.ontology-of-units-of-measure.org/resource/om-2/meter", "http://www.wikidata.org/prop/direct/P3018": "Neuwerk", "https://gdi-de.github.io/apworkshop2026/ont#stammdurchmesser.value": "25.0", "https://gdi-de.github.io/apworkshop2026/ont#stammdurchmesser.unit": "http://www.ontology-of-units-of-measure.org/resource/om-2/centimeter"}, "geometry": {"type": "MultiPoint", "coordinates": [[8.500032090132187, 53.9223540056308]]}}, {"type": "Feature", "id": "https://gdi-de.github.io/apworkshop2026/WITB219", "name": "Baum WITB219 (gdide:WITB219)", "dateprops": [], "properties": {"http://www.w3.org/2000/01/rdf-schema#label": "Baum WITB219", "http://rdfs.org/ns/void#inDataset.value": "72757", "http://www.w3.org/2000/01/rdf-schema#comment": "Wasserwirtschaft", "http://www.wikidata.org/prop/direct/P2547.value": "9.0", "http://www.wikidata.org/prop/direct/P2547.unit": "http://www.ontology-of-units-of-measure.org/resource/om-2/meter", "http://www.wikidata.org/prop/direct/P3018": "Wittenbergen", "https://gdi-de.github.io/apworkshop2026/ont#stammdurchmesser.value": "31.0", "https://gdi-de.github.io/apworkshop2026/ont#stammdurchmesser.unit": "http://www.ontology-of-units-of-measure.org/resource/om-2/centimeter"}, "geometry": {"type": "MultiPoint", "coordinates": [[9.75365902469262, 53.56468116165465]]}}, {"type": "Feature", "id": "https://gdi-de.github.io/apworkshop2026/NEUW396", "name": "Baum NEUW396 (gdide:NEUW396)", "dateprops": [], "properties": {"http://www.w3.org/2000/01/rdf-schema#label": "Baum NEUW396", "http://rdfs.org/ns/void#inDataset.value": "72757", "http://www.w3.org/2000/01/rdf-schema#comment": "BUKEA", "http://www.wikidata.org/prop/direct/P2547.value": "5.0", "http://www.wikidata.org/prop/direct/P2547.unit": "http://www.ontology-of-units-of-measure.org/resource/om-2/meter", "http://www.wikidata.org/prop/direct/P3018": "Neuwerk", "https://gdi-de.github.io/apworkshop2026/ont#stammdurchmesser.value": "30.0", "https://gdi-de.github.io/apworkshop2026/ont#stammdurchmesser.unit": "http://www.ontology-of-units-of-measure.org/resource/om-2/centimeter"}, "geometry": {"type": "MultiPoint", "coordinates": [[8.49879184011832, 53.92182223998978]]}}, {"type": "Feature", "id": "https://gdi-de.github.io/apworkshop2026/BFASN212", "name": "Baum BFASN212 (gdide:BFASN212)", "dateprops": [], "properties": {"http://www.w3.org/2000/01/rdf-schema#label": "Baum BFASN212", "http://rdfs.org/ns/void#inDataset.value": "72757", "http://www.w3.org/2000/01/rdf-schema#comment": "sonst. \u00f6ff. Fl\u00e4chen", "http://www.wikidata.org/prop/direct/P2547.value": "7.0", "http://www.wikidata.org/prop/direct/P2547.unit": "http://www.ontology-of-units-of-measure.org/resource/om-2/meter", "http://www.wikidata.org/prop/direct/P3018": "Bahnhof Alte S\u00fcderelbe Nord", "https://gdi-de.github.io/apworkshop2026/ont#stammdurchmesser.value": "56.0", "https://gdi-de.github.io/apworkshop2026/ont#stammdurchmesser.unit": "http://www.ontology-of-units-of-measure.org/resource/om-2/centimeter"}, "geometry": {"type": "MultiPoint", "coordinates": [[9.911607734974202, 53.508876418233726]]}}, {"type": "Feature", "id": "https://gdi-de.github.io/apworkshop2026/NEUW513", "name": "Baum NEUW513 (gdide:NEUW513)", "dateprops": [], "properties": {"http://www.w3.org/2000/01/rdf-schema#label": "Baum NEUW513", "http://rdfs.org/ns/void#inDataset.value": "72757", "http://www.w3.org/2000/01/rdf-schema#comment": "BUKEA", "http://www.wikidata.org/prop/direct/P2547.value": "6.0", "http://www.wikidata.org/prop/direct/P2547.unit": "http://www.ontology-of-units-of-measure.org/resource/om-2/meter", "http://www.wikidata.org/prop/direct/P3018": "Neuwerk", "https://gdi-de.github.io/apworkshop2026/ont#stammdurchmesser.value": "29.0", "https://gdi-de.github.io/apworkshop2026/ont#stammdurchmesser.unit": "http://www.ontology-of-units-of-measure.org/resource/om-2/centimeter"}, "geometry": {"type": "MultiPoint", "coordinates": [[8.500050406780831, 53.92233783407109]]}}, {"type": "Feature", "id": "https://gdi-de.github.io/apworkshop2026/NEUW584", "name": "Baum NEUW584 (gdide:NEUW584)", "dateprops": [], "properties": {"http://www.w3.org/2000/01/rdf-schema#label": "Baum NEUW584", "http://rdfs.org/ns/void#inDataset.value": "72757", "http://www.w3.org/2000/01/rdf-schema#comment": "Liegenschaftsamt", "http://www.wikidata.org/prop/direct/P2547.value": "5.0", "http://www.wikidata.org/prop/direct/P2547.unit": "http://www.ontology-of-units-of-measure.org/resource/om-2/meter", "http://www.wikidata.org/prop/direct/P3018": "Neuwerk", "https://gdi-de.github.io/apworkshop2026/ont#stammdurchmesser.value": "25.0", "https://gdi-de.github.io/apworkshop2026/ont#stammdurchmesser.unit": "http://www.ontology-of-units-of-measure.org/resource/om-2/centimeter"}, "geometry": {"type": "MultiPoint", "coordinates": [[8.495353870745006, 53.91592042030724]]}}, {"type": "Feature", "id": "https://gdi-de.github.io/apworkshop2026/GZAW372", "name": "Baum GZAW372 (gdide:GZAW372)", "dateprops": [], "properties": {"http://www.w3.org/2000/01/rdf-schema#label": "Baum GZAW372", "http://rdfs.org/ns/void#inDataset.value": "72757", "http://www.w3.org/2000/01/rdf-schema#comment": "sonst. \u00f6ff. Fl\u00e4chen", "http://www.wikidata.org/prop/direct/P2547.value": "12.0", "http://www.wikidata.org/prop/direct/P2547.unit": "http://www.ontology-of-units-of-measure.org/resource/om-2/meter", "http://www.wikidata.org/prop/direct/P3018": "Gr\u00fcnzug Altenwerder", "https://gdi-de.github.io/apworkshop2026/ont#stammdurchmesser.value": "41.0", "https://gdi-de.github.io/apworkshop2026/ont#stammdurchmesser.unit": "http://www.ontology-of-units-of-measure.org/resource/om-2/centimeter"}, "geometry": {"type": "MultiPoint", "coordinates": [[9.91770196874374, 53.50324986489401]]}}, {"type": "Feature", "id": "https://gdi-de.github.io/apworkshop2026/NEUW549", "name": "Baum NEUW549 (gdide:NEUW549)", "dateprops": [], "properties": {"http://www.w3.org/2000/01/rdf-schema#label": "Baum NEUW549", "http://rdfs.org/ns/void#inDataset.value": "72757", "http://www.w3.org/2000/01/rdf-schema#comment": "BUKEA", "http://www.wikidata.org/prop/direct/P2547.value": "5.0", "http://www.wikidata.org/prop/direct/P2547.unit": "http://www.ontology-of-units-of-measure.org/resource/om-2/meter", "http://www.wikidata.org/prop/direct/P3018": "Neuwerk", "https://gdi-de.github.io/apworkshop2026/ont#stammdurchmesser.value": "35.0", "https://gdi-de.github.io/apworkshop2026/ont#stammdurchmesser.unit": "http://www.ontology-of-units-of-measure.org/resource/om-2/centimeter"}, "geometry": {"type": "MultiPoint", "coordinates": [[8.500199077960353, 53.921935526815346]]}}, {"type": "Feature", "id": "https://gdi-de.github.io/apworkshop2026/VHWN598", "name": "Baum VHWN598 (gdide:VHWN598)", "dateprops": [], "properties": {"http://www.w3.org/2000/01/rdf-schema#label": "Baum VHWN598", "http://rdfs.org/ns/void#inDataset.value": "72757", "http://www.w3.org/2000/01/rdf-schema#comment": "sonst. \u00f6ff. Fl\u00e4chen", "http://www.wikidata.org/prop/direct/P2547.value": "2.0", "http://www.wikidata.org/prop/direct/P2547.unit": "http://www.ontology-of-units-of-measure.org/resource/om-2/meter", "http://www.wikidata.org/prop/direct/P3018": "Vollh\u00f6fner Weiden", "https://gdi-de.github.io/apworkshop2026/ont#stammdurchmesser.value": "13.0", "https://gdi-de.github.io/apworkshop2026/ont#stammdurchmesser.unit": "http://www.ontology-of-units-of-measure.org/resource/om-2/centimeter"}, "geometry": {"type": "MultiPoint", "coordinates": [[9.899817661280485, 53.51231228504627]]}}, {"type": "Feature", "id": "https://gdi-de.github.io/apworkshop2026/BFAS1340", "name": "Baum BFAS1340 (gdide:BFAS1340)", "dateprops": [], "properties": {"http://www.w3.org/2000/01/rdf-schema#label": "Baum BFAS1340", "http://rdfs.org/ns/void#inDataset.value": "72757", "http://www.w3.org/2000/01/rdf-schema#comment": "Bahn", "http://www.wikidata.org/prop/direct/P2547.value": "6.0", "http://www.wikidata.org/prop/direct/P2547.unit": "http://www.ontology-of-units-of-measure.org/resource/om-2/meter", "http://www.wikidata.org/prop/direct/P3018": "Bahnhof Alte S\u00fcderelbe S\u00fcd", "https://gdi-de.github.io/apworkshop2026/ont#stammdurchmesser.value": "35.0", "https://gdi-de.github.io/apworkshop2026/ont#stammdurchmesser.unit": "http://www.ontology-of-units-of-measure.org/resource/om-2/centimeter"}, "geometry": {"type": "MultiPoint", "coordinates": [[9.902759868414796, 53.48750780660215]]}}, {"type": "Feature", "id": "https://gdi-de.github.io/apworkshop2026/MEFC218", "name": "Baum MEFC218 (gdide:MEFC218)", "dateprops": [], "properties": {"http://www.w3.org/2000/01/rdf-schema#label": "Baum MEFC218", "http://rdfs.org/ns/void#inDataset.value": "72757", "http://www.w3.org/2000/01/rdf-schema#comment": "Francop", "http://www.wikidata.org/prop/direct/P2547.value": "4.0", "http://www.wikidata.org/prop/direct/P2547.unit": "http://www.ontology-of-units-of-measure.org/resource/om-2/meter", "http://www.wikidata.org/prop/direct/P3018": "METHA-Francop", "https://gdi-de.github.io/apworkshop2026/ont#stammdurchmesser.value": "32.0", "https://gdi-de.github.io/apworkshop2026/ont#stammdurchmesser.unit": "http://www.ontology-of-units-of-measure.org/resource/om-2/centimeter"}, "geometry": {"type": "MultiPoint", "coordinates": [[9.88022784835141, 53.51711054912375]]}}, {"type": "Feature", "id": "https://gdi-de.github.io/apworkshop2026/WITB528", "name": "Baum WITB528 (gdide:WITB528)", "dateprops": [], "properties": {"http://www.w3.org/2000/01/rdf-schema#label": "Baum WITB528", "http://rdfs.org/ns/void#inDataset.value": "72757", "http://www.w3.org/2000/01/rdf-schema#comment": "Wasserwirtschaft", "http://www.wikidata.org/prop/direct/P2547.value": "10.0", "http://www.wikidata.org/prop/direct/P2547.unit": "http://www.ontology-of-units-of-measure.org/resource/om-2/meter", "http://www.wikidata.org/prop/direct/P3018": "Wittenbergen", "https://gdi-de.github.io/apworkshop2026/ont#stammdurchmesser.value": "60.0", "https://gdi-de.github.io/apworkshop2026/ont#stammdurchmesser.unit": "http://www.ontology-of-units-of-measure.org/resource/om-2/centimeter"}, "geometry": {"type": "MultiPoint", "coordinates": [[9.785956037321583, 53.56060883636998]]}}, {"type": "Feature", "id": "https://gdi-de.github.io/apworkshop2026/NEUW326", "name": "Baum NEUW326 (gdide:NEUW326)", "dateprops": [], "properties": {"http://www.w3.org/2000/01/rdf-schema#label": "Baum NEUW326", "http://rdfs.org/ns/void#inDataset.value": "72757", "http://www.w3.org/2000/01/rdf-schema#comment": "BUKEA", "http://www.wikidata.org/prop/direct/P2547.value": "8.0", "http://www.wikidata.org/prop/direct/P2547.unit": "http://www.ontology-of-units-of-measure.org/resource/om-2/meter", "http://www.wikidata.org/prop/direct/P3018": "Neuwerk", "https://gdi-de.github.io/apworkshop2026/ont#stammdurchmesser.value": "29.0", "https://gdi-de.github.io/apworkshop2026/ont#stammdurchmesser.unit": "http://www.ontology-of-units-of-measure.org/resource/om-2/centimeter"}, "geometry": {"type": "MultiPoint", "coordinates": [[8.496883495061349, 53.913751803418684]]}}, {"type": "Feature", "id": "https://gdi-de.github.io/apworkshop2026/PEUB21", "name": "Baum PEUB21 (gdide:PEUB21)", "dateprops": [], "properties": {"http://www.w3.org/2000/01/rdf-schema#label": "Baum PEUB21", "http://rdfs.org/ns/void#inDataset.value": "72757", "http://www.w3.org/2000/01/rdf-schema#comment": "sonst. \u00f6ff. Fl\u00e4chen", "http://www.wikidata.org/prop/direct/P2547.value": "3.0", "http://www.wikidata.org/prop/direct/P2547.unit": "http://www.ontology-of-units-of-measure.org/resource/om-2/meter", "http://www.wikidata.org/prop/direct/P3018": "Peutebahnhof", "https://gdi-de.github.io/apworkshop2026/ont#stammdurchmesser.value": "23.0", "https://gdi-de.github.io/apworkshop2026/ont#stammdurchmesser.unit": "http://www.ontology-of-units-of-measure.org/resource/om-2/centimeter"}, "geometry": {"type": "MultiPoint", "coordinates": [[10.044809934286599, 53.514251731705706]]}}, {"type": "Feature", "id": "https://gdi-de.github.io/apworkshop2026/HOHS223", "name": "Baum HOHS223 (gdide:HOHS223)", "dateprops": [], "properties": {"http://www.w3.org/2000/01/rdf-schema#label": "Baum HOHS223", "http://rdfs.org/ns/void#inDataset.value": "72757", "http://www.w3.org/2000/01/rdf-schema#comment": "Stra\u00dfe", "http://www.wikidata.org/prop/direct/P2547.value": "5.0", "http://www.wikidata.org/prop/direct/P2547.unit": "http://www.ontology-of-units-of-measure.org/resource/om-2/meter", "http://www.wikidata.org/prop/direct/P3018": "Hohe Schaar", "https://gdi-de.github.io/apworkshop2026/ont#stammdurchmesser.value": "27.0", "https://gdi-de.github.io/apworkshop2026/ont#stammdurchmesser.unit": "http://www.ontology-of-units-of-measure.org/resource/om-2/centimeter"}, "geometry": {"type": "MultiPoint", "coordinates": [[9.971907103504963, 53.49187282546813]]}}, {"type": "Feature", "id": "https://gdi-de.github.io/apworkshop2026/WITB221", "name": "Baum WITB221 (gdide:WITB221)", "dateprops": [], "properties": {"http://www.w3.org/2000/01/rdf-schema#label": "Baum WITB221", "http://rdfs.org/ns/void#inDataset.value": "72757", "http://www.w3.org/2000/01/rdf-schema#comment": "Wasserwirtschaft", "http://www.wikidata.org/prop/direct/P2547.value": "4.0", "http://www.wikidata.org/prop/direct/P2547.unit": "http://www.ontology-of-units-of-measure.org/resource/om-2/meter", "http://www.wikidata.org/prop/direct/P3018": "Wittenbergen", "https://gdi-de.github.io/apworkshop2026/ont#stammdurchmesser.value": "25.0", "https://gdi-de.github.io/apworkshop2026/ont#stammdurchmesser.unit": "http://www.ontology-of-units-of-measure.org/resource/om-2/centimeter"}, "geometry": {"type": "MultiPoint", "coordinates": [[9.753354540727068, 53.56426039142049]]}}, {"type": "Feature", "id": "https://gdi-de.github.io/apworkshop2026/GZAW591", "name": "Baum GZAW591 (gdide:GZAW591)", "dateprops": [], "properties": {"http://www.w3.org/2000/01/rdf-schema#label": "Baum GZAW591", "http://rdfs.org/ns/void#inDataset.value": "72757", "http://www.w3.org/2000/01/rdf-schema#comment": "sonst. \u00f6ff. Fl\u00e4chen", "http://www.wikidata.org/prop/direct/P2547.value": "7.0", "http://www.wikidata.org/prop/direct/P2547.unit": "http://www.ontology-of-units-of-measure.org/resource/om-2/meter", "http://www.wikidata.org/prop/direct/P3018": "Gr\u00fcnzug Altenwerder", "https://gdi-de.github.io/apworkshop2026/ont#stammdurchmesser.value": "25.0", "https://gdi-de.github.io/apworkshop2026/ont#stammdurchmesser.unit": "http://www.ontology-of-units-of-measure.org/resource/om-2/centimeter"}, "geometry": {"type": "MultiPoint", "coordinates": [[9.918880576362811, 53.501418820079216]]}}, {"type": "Feature", "id": "https://gdi-de.github.io/apworkshop2026/NEUW496", "name": "Baum NEUW496 (gdide:NEUW496)", "dateprops": [], "properties": {"http://www.w3.org/2000/01/rdf-schema#label": "Baum NEUW496", "http://rdfs.org/ns/void#inDataset.value": "72757", "http://www.w3.org/2000/01/rdf-schema#comment": "Liegenschaftsamt", "http://www.wikidata.org/prop/direct/P2547.value": "8.0", "http://www.wikidata.org/prop/direct/P2547.unit": "http://www.ontology-of-units-of-measure.org/resource/om-2/meter", "http://www.wikidata.org/prop/direct/P3018": "Neuwerk", "https://gdi-de.github.io/apworkshop2026/ont#stammdurchmesser.value": "41.0", "https://gdi-de.github.io/apworkshop2026/ont#stammdurchmesser.unit": "http://www.ontology-of-units-of-measure.org/resource/om-2/centimeter"}, "geometry": {"type": "MultiPoint", "coordinates": [[8.496229862894317, 53.91597673050814]]}}, {"type": "Feature", "id": "https://gdi-de.github.io/apworkshop2026/BFAS1339", "name": "Baum BFAS1339 (gdide:BFAS1339)", "dateprops": [], "properties": {"http://www.w3.org/2000/01/rdf-schema#label": "Baum BFAS1339", "http://rdfs.org/ns/void#inDataset.value": "72757", "http://www.w3.org/2000/01/rdf-schema#comment": "Bahn", "http://www.wikidata.org/prop/direct/P2547.value": "1.0", "http://www.wikidata.org/prop/direct/P2547.unit": "http://www.ontology-of-units-of-measure.org/resource/om-2/meter", "http://www.wikidata.org/prop/direct/P3018": "Bahnhof Alte S\u00fcderelbe S\u00fcd", "https://gdi-de.github.io/apworkshop2026/ont#stammdurchmesser.value": "37.0", "https://gdi-de.github.io/apworkshop2026/ont#stammdurchmesser.unit": "http://www.ontology-of-units-of-measure.org/resource/om-2/centimeter"}, "geometry": {"type": "MultiPoint", "coordinates": [[9.90274622300563, 53.48749126395296]]}}, {"type": "Feature", "id": "https://gdi-de.github.io/apworkshop2026/SAHF5", "name": "Baum SAHF5 (gdide:SAHF5)", "dateprops": [], "properties": {"http://www.w3.org/2000/01/rdf-schema#label": "Baum SAHF5", "http://rdfs.org/ns/void#inDataset.value": "72757", "http://www.w3.org/2000/01/rdf-schema#comment": "Stra\u00dfe", "http://www.wikidata.org/prop/direct/P2547.value": "3.0", "http://www.wikidata.org/prop/direct/P2547.unit": "http://www.ontology-of-units-of-measure.org/resource/om-2/meter", "http://www.wikidata.org/prop/direct/P3018": "Saalehafen", "https://gdi-de.github.io/apworkshop2026/ont#stammdurchmesser.value": "14.0", "https://gdi-de.github.io/apworkshop2026/ont#stammdurchmesser.unit": "http://www.ontology-of-units-of-measure.org/resource/om-2/centimeter"}, "geometry": {"type": "MultiPoint", "coordinates": [[10.011579383431226, 53.522806873479425]]}}, {"type": "Feature", "id": "https://gdi-de.github.io/apworkshop2026/BFAS1287", "name": "Baum BFAS1287 (gdide:BFAS1287)", "dateprops": [], "properties": {"http://www.w3.org/2000/01/rdf-schema#label": "Baum BFAS1287", "http://rdfs.org/ns/void#inDataset.value": "72757", "http://www.w3.org/2000/01/rdf-schema#comment": "Bahn", "http://www.wikidata.org/prop/direct/P2547.value": "4.0", "http://www.wikidata.org/prop/direct/P2547.unit": "http://www.ontology-of-units-of-measure.org/resource/om-2/meter", "http://www.wikidata.org/prop/direct/P3018": "Bahnhof Alte S\u00fcderelbe S\u00fcd", "https://gdi-de.github.io/apworkshop2026/ont#stammdurchmesser.value": "40.0", "https://gdi-de.github.io/apworkshop2026/ont#stammdurchmesser.unit": "http://www.ontology-of-units-of-measure.org/resource/om-2/centimeter"}, "geometry": {"type": "MultiPoint", "coordinates": [[9.9032918417429, 53.488511059446864]]}}, {"type": "Feature", "id": "https://gdi-de.github.io/apworkshop2026/MEFC932", "name": "Baum MEFC932 (gdide:MEFC932)", "dateprops": [], "properties": {"http://www.w3.org/2000/01/rdf-schema#label": "Baum MEFC932", "http://rdfs.org/ns/void#inDataset.value": "72757", "http://www.w3.org/2000/01/rdf-schema#comment": "Francop", "http://www.wikidata.org/prop/direct/P2547.value": "1.0", "http://www.wikidata.org/prop/direct/P2547.unit": "http://www.ontology-of-units-of-measure.org/resource/om-2/meter", "http://www.wikidata.org/prop/direct/P3018": "METHA-Francop", "https://gdi-de.github.io/apworkshop2026/ont#stammdurchmesser.value": "8.0", "https://gdi-de.github.io/apworkshop2026/ont#stammdurchmesser.unit": "http://www.ontology-of-units-of-measure.org/resource/om-2/centimeter"}, "geometry": {"type": "MultiPoint", "coordinates": [[9.877842902120449, 53.51388473099533]]}}, {"type": "Feature", "id": "https://gdi-de.github.io/apworkshop2026/NEUW155", "name": "Baum NEUW155 (gdide:NEUW155)", "dateprops": [], "properties": {"http://www.w3.org/2000/01/rdf-schema#label": "Baum NEUW155", "http://rdfs.org/ns/void#inDataset.value": "72757", "http://www.w3.org/2000/01/rdf-schema#comment": "Bezirksamt", "http://www.wikidata.org/prop/direct/P2547.value": "7.0", "http://www.wikidata.org/prop/direct/P2547.unit": "http://www.ontology-of-units-of-measure.org/resource/om-2/meter", "http://www.wikidata.org/prop/direct/P3018": "Neuwerk", "https://gdi-de.github.io/apworkshop2026/ont#stammdurchmesser.value": "32.0", "https://gdi-de.github.io/apworkshop2026/ont#stammdurchmesser.unit": "http://www.ontology-of-units-of-measure.org/resource/om-2/centimeter"}, "geometry": {"type": "MultiPoint", "coordinates": [[8.499940264343845, 53.9137758249998]]}}, {"type": "Feature", "id": "https://gdi-de.github.io/apworkshop2026/NEUW479", "name": "Baum NEUW479 (gdide:NEUW479)", "dateprops": [], "properties": {"http://www.w3.org/2000/01/rdf-schema#label": "Baum NEUW479", "http://rdfs.org/ns/void#inDataset.value": "72757", "http://www.w3.org/2000/01/rdf-schema#comment": "HPA", "http://www.wikidata.org/prop/direct/P2547.value": "4.0", "http://www.wikidata.org/prop/direct/P2547.unit": "http://www.ontology-of-units-of-measure.org/resource/om-2/meter", "http://www.wikidata.org/prop/direct/P3018": "Neuwerk", "https://gdi-de.github.io/apworkshop2026/ont#stammdurchmesser.value": "25.0", "https://gdi-de.github.io/apworkshop2026/ont#stammdurchmesser.unit": "http://www.ontology-of-units-of-measure.org/resource/om-2/centimeter"}, "geometry": {"type": "MultiPoint", "coordinates": [[8.498702861989429, 53.9222260189642]]}}, {"type": "Feature", "id": "https://gdi-de.github.io/apworkshop2026/NEUW84", "name": "Baum NEUW84 (gdide:NEUW84)", "dateprops": [], "properties": {"http://www.w3.org/2000/01/rdf-schema#label": "Baum NEUW84", "http://rdfs.org/ns/void#inDataset.value": "72757", "http://www.w3.org/2000/01/rdf-schema#comment": "Liegenschaftsamt", "http://www.wikidata.org/prop/direct/P2547.value": "8.0", "http://www.wikidata.org/prop/direct/P2547.unit": "http://www.ontology-of-units-of-measure.org/resource/om-2/meter", "http://www.wikidata.org/prop/direct/P3018": "Neuwerk", "https://gdi-de.github.io/apworkshop2026/ont#stammdurchmesser.value": "42.0", "https://gdi-de.github.io/apworkshop2026/ont#stammdurchmesser.unit": "http://www.ontology-of-units-of-measure.org/resource/om-2/centimeter"}, "geometry": {"type": "MultiPoint", "coordinates": [[8.496769813262144, 53.91420389360751]]}}, {"type": "Feature", "id": "https://gdi-de.github.io/apworkshop2026/WITB90", "name": "Baum WITB90 (gdide:WITB90)", "dateprops": [], "properties": {"http://www.w3.org/2000/01/rdf-schema#label": "Baum WITB90", "http://rdfs.org/ns/void#inDataset.value": "72757", "http://www.w3.org/2000/01/rdf-schema#comment": "Wasserwirtschaft", "http://www.wikidata.org/prop/direct/P2547.value": "8.0", "http://www.wikidata.org/prop/direct/P2547.unit": "http://www.ontology-of-units-of-measure.org/resource/om-2/meter", "http://www.wikidata.org/prop/direct/P3018": "Wittenbergen", "https://gdi-de.github.io/apworkshop2026/ont#stammdurchmesser.value": "57.0", "https://gdi-de.github.io/apworkshop2026/ont#stammdurchmesser.unit": "http://www.ontology-of-units-of-measure.org/resource/om-2/centimeter"}, "geometry": {"type": "MultiPoint", "coordinates": [[9.764783132350459, 53.5647779425913]]}}, {"type": "Feature", "id": "https://gdi-de.github.io/apworkshop2026/NEUW553", "name": "Baum NEUW553 (gdide:NEUW553)", "dateprops": [], "properties": {"http://www.w3.org/2000/01/rdf-schema#label": "Baum NEUW553", "http://rdfs.org/ns/void#inDataset.value": "72757", "http://www.w3.org/2000/01/rdf-schema#comment": "BUKEA", "http://www.wikidata.org/prop/direct/P2547.value": "4.0", "http://www.wikidata.org/prop/direct/P2547.unit": "http://www.ontology-of-units-of-measure.org/resource/om-2/meter", "http://www.wikidata.org/prop/direct/P3018": "Neuwerk", "https://gdi-de.github.io/apworkshop2026/ont#stammdurchmesser.value": "24.0", "https://gdi-de.github.io/apworkshop2026/ont#stammdurchmesser.unit": "http://www.ontology-of-units-of-measure.org/resource/om-2/centimeter"}, "geometry": {"type": "MultiPoint", "coordinates": [[8.500036375096093, 53.92193873788269]]}}, {"type": "Feature", "id": "https://gdi-de.github.io/apworkshop2026/BFASN391", "name": "Baum BFASN391 (gdide:BFASN391)", "dateprops": [], "properties": {"http://www.w3.org/2000/01/rdf-schema#label": "Baum BFASN391", "http://rdfs.org/ns/void#inDataset.value": "72757", "http://www.w3.org/2000/01/rdf-schema#comment": "sonst. \u00f6ff. Fl\u00e4chen", "http://www.wikidata.org/prop/direct/P2547.value": "5.0", "http://www.wikidata.org/prop/direct/P2547.unit": "http://www.ontology-of-units-of-measure.org/resource/om-2/meter", "http://www.wikidata.org/prop/direct/P3018": "Bahnhof Alte S\u00fcderelbe Nord", "https://gdi-de.github.io/apworkshop2026/ont#stammdurchmesser.value": "22.0", "https://gdi-de.github.io/apworkshop2026/ont#stammdurchmesser.unit": "http://www.ontology-of-units-of-measure.org/resource/om-2/centimeter"}, "geometry": {"type": "MultiPoint", "coordinates": [[9.911573356448281, 53.50677443583456]]}}, {"type": "Feature", "id": "https://gdi-de.github.io/apworkshop2026/NEUW478", "name": "Baum NEUW478 (gdide:NEUW478)", "dateprops": [], "properties": {"http://www.w3.org/2000/01/rdf-schema#label": "Baum NEUW478", "http://rdfs.org/ns/void#inDataset.value": "72757", "http://www.w3.org/2000/01/rdf-schema#comment": "BUKEA", "http://www.wikidata.org/prop/direct/P2547.value": "6.0", "http://www.wikidata.org/prop/direct/P2547.unit": "http://www.ontology-of-units-of-measure.org/resource/om-2/meter", "http://www.wikidata.org/prop/direct/P3018": "Neuwerk", "https://gdi-de.github.io/apworkshop2026/ont#stammdurchmesser.value": "33.0", "https://gdi-de.github.io/apworkshop2026/ont#stammdurchmesser.unit": "http://www.ontology-of-units-of-measure.org/resource/om-2/centimeter"}, "geometry": {"type": "MultiPoint", "coordinates": [[8.498774152290377, 53.922226680217314]]}}, {"type": "Feature", "id": "https://gdi-de.github.io/apworkshop2026/BFHS343", "name": "Baum BFHS343 (gdide:BFHS343)", "dateprops": [], "properties": {"http://www.w3.org/2000/01/rdf-schema#label": "Baum BFHS343", "http://rdfs.org/ns/void#inDataset.value": "72757", "http://www.w3.org/2000/01/rdf-schema#comment": "sonst. \u00f6ff. Fl\u00e4chen", "http://www.wikidata.org/prop/direct/P2547.value": "5.0", "http://www.wikidata.org/prop/direct/P2547.unit": "http://www.ontology-of-units-of-measure.org/resource/om-2/meter", "http://www.wikidata.org/prop/direct/P3018": "Bahnhof Hohe Schaar", "https://gdi-de.github.io/apworkshop2026/ont#stammdurchmesser.value": "29.0", "https://gdi-de.github.io/apworkshop2026/ont#stammdurchmesser.unit": "http://www.ontology-of-units-of-measure.org/resource/om-2/centimeter"}, "geometry": {"type": "MultiPoint", "coordinates": [[9.96219229981431, 53.49772447392234]]}}, {"type": "Feature", "id": "https://gdi-de.github.io/apworkshop2026/BFHS325", "name": "Baum BFHS325 (gdide:BFHS325)", "dateprops": [], "properties": {"http://www.w3.org/2000/01/rdf-schema#label": "Baum BFHS325", "http://rdfs.org/ns/void#inDataset.value": "72757", "http://www.w3.org/2000/01/rdf-schema#comment": "sonst. \u00f6ff. Fl\u00e4chen", "http://www.wikidata.org/prop/direct/P2547.value": "3.0", "http://www.wikidata.org/prop/direct/P2547.unit": "http://www.ontology-of-units-of-measure.org/resource/om-2/meter", "http://www.wikidata.org/prop/direct/P3018": "Bahnhof Hohe Schaar", "https://gdi-de.github.io/apworkshop2026/ont#stammdurchmesser.value": "24.0", "https://gdi-de.github.io/apworkshop2026/ont#stammdurchmesser.unit": "http://www.ontology-of-units-of-measure.org/resource/om-2/centimeter"}, "geometry": {"type": "MultiPoint", "coordinates": [[9.962749390037757, 53.49783577709524]]}}, {"type": "Feature", "id": "https://gdi-de.github.io/apworkshop2026/VHWN601", "name": "Baum VHWN601 (gdide:VHWN601)", "dateprops": [], "properties": {"http://www.w3.org/2000/01/rdf-schema#label": "Baum VHWN601", "http://rdfs.org/ns/void#inDataset.value": "72757", "http://www.w3.org/2000/01/rdf-schema#comment": "sonst. \u00f6ff. Fl\u00e4chen", "http://www.wikidata.org/prop/direct/P2547.value": "8.0", "http://www.wikidata.org/prop/direct/P2547.unit": "http://www.ontology-of-units-of-measure.org/resource/om-2/meter", "http://www.wikidata.org/prop/direct/P3018": "Vollh\u00f6fner Weiden", "https://gdi-de.github.io/apworkshop2026/ont#stammdurchmesser.value": "38.0", "https://gdi-de.github.io/apworkshop2026/ont#stammdurchmesser.unit": "http://www.ontology-of-units-of-measure.org/resource/om-2/centimeter"}, "geometry": {"type": "MultiPoint", "coordinates": [[9.899717867435571, 53.5123415743017]]}}, {"type": "Feature", "id": "https://gdi-de.github.io/apworkshop2026/NEUW116", "name": "Baum NEUW116 (gdide:NEUW116)", "dateprops": [], "properties": {"http://www.w3.org/2000/01/rdf-schema#label": "Baum NEUW116", "http://rdfs.org/ns/void#inDataset.value": "72757", "http://www.w3.org/2000/01/rdf-schema#comment": "\u00f6ffentliche Gr\u00fcnfl\u00e4che", "http://www.wikidata.org/prop/direct/P2547.value": "1.0", "http://www.wikidata.org/prop/direct/P2547.unit": "http://www.ontology-of-units-of-measure.org/resource/om-2/meter", "http://www.wikidata.org/prop/direct/P3018": "Neuwerk", "https://gdi-de.github.io/apworkshop2026/ont#stammdurchmesser.value": "24.0", "https://gdi-de.github.io/apworkshop2026/ont#stammdurchmesser.unit": "http://www.ontology-of-units-of-measure.org/resource/om-2/centimeter"}, "geometry": {"type": "MultiPoint", "coordinates": [[8.496557155084934, 53.91380995255274]]}}, {"type": "Feature", "id": "https://gdi-de.github.io/apworkshop2026/NEUW394", "name": "Baum NEUW394 (gdide:NEUW394)", "dateprops": [], "properties": {"http://www.w3.org/2000/01/rdf-schema#label": "Baum NEUW394", "http://rdfs.org/ns/void#inDataset.value": "72757", "http://www.w3.org/2000/01/rdf-schema#comment": "BUKEA", "http://www.wikidata.org/prop/direct/P2547.value": "6.0", "http://www.wikidata.org/prop/direct/P2547.unit": "http://www.ontology-of-units-of-measure.org/resource/om-2/meter", "http://www.wikidata.org/prop/direct/P3018": "Neuwerk", "https://gdi-de.github.io/apworkshop2026/ont#stammdurchmesser.value": "25.0", "https://gdi-de.github.io/apworkshop2026/ont#stammdurchmesser.unit": "http://www.ontology-of-units-of-measure.org/resource/om-2/centimeter"}, "geometry": {"type": "MultiPoint", "coordinates": [[8.499880894686717, 53.91339057854919]]}}, {"type": "Feature", "id": "https://gdi-de.github.io/apworkshop2026/NEUW639", "name": "Baum NEUW639 (gdide:NEUW639)", "dateprops": [], "properties": {"http://www.w3.org/2000/01/rdf-schema#label": "Baum NEUW639", "http://rdfs.org/ns/void#inDataset.value": "72757", "http://www.w3.org/2000/01/rdf-schema#comment": "Liegenschaftsamt", "http://www.wikidata.org/prop/direct/P2547.value": "3.0", "http://www.wikidata.org/prop/direct/P2547.unit": "http://www.ontology-of-units-of-measure.org/resource/om-2/meter", "http://www.wikidata.org/prop/direct/P3018": "Neuwerk", "https://gdi-de.github.io/apworkshop2026/ont#stammdurchmesser.value": "23.0", "https://gdi-de.github.io/apworkshop2026/ont#stammdurchmesser.unit": "http://www.ontology-of-units-of-measure.org/resource/om-2/centimeter"}, "geometry": {"type": "MultiPoint", "coordinates": [[8.495458731088123, 53.91528211455965]]}}, {"type": "Feature", "id": "https://gdi-de.github.io/apworkshop2026/GZAW459", "name": "Baum GZAW459 (gdide:GZAW459)", "dateprops": [], "properties": {"http://www.w3.org/2000/01/rdf-schema#label": "Baum GZAW459", "http://rdfs.org/ns/void#inDataset.value": "72757", "http://www.w3.org/2000/01/rdf-schema#comment": "sonst. \u00f6ff. Fl\u00e4chen", "http://www.wikidata.org/prop/direct/P2547.value": "6.0", "http://www.wikidata.org/prop/direct/P2547.unit": "http://www.ontology-of-units-of-measure.org/resource/om-2/meter", "http://www.wikidata.org/prop/direct/P3018": "Gr\u00fcnzug Altenwerder", "https://gdi-de.github.io/apworkshop2026/ont#stammdurchmesser.value": "24.0", "https://gdi-de.github.io/apworkshop2026/ont#stammdurchmesser.unit": "http://www.ontology-of-units-of-measure.org/resource/om-2/centimeter"}, "geometry": {"type": "MultiPoint", "coordinates": [[9.917306889681786, 53.504828326464]]}}, {"type": "Feature", "id": "https://gdi-de.github.io/apworkshop2026/NEUW148", "name": "Baum NEUW148 (gdide:NEUW148)", "dateprops": [], "properties": {"http://www.w3.org/2000/01/rdf-schema#label": "Baum NEUW148", "http://rdfs.org/ns/void#inDataset.value": "72757", "http://www.w3.org/2000/01/rdf-schema#comment": "Bezirksamt", "http://www.wikidata.org/prop/direct/P2547.value": "8.0", "http://www.wikidata.org/prop/direct/P2547.unit": "http://www.ontology-of-units-of-measure.org/resource/om-2/meter", "http://www.wikidata.org/prop/direct/P3018": "Neuwerk", "https://gdi-de.github.io/apworkshop2026/ont#stammdurchmesser.value": "44.0", "https://gdi-de.github.io/apworkshop2026/ont#stammdurchmesser.unit": "http://www.ontology-of-units-of-measure.org/resource/om-2/centimeter"}, "geometry": {"type": "MultiPoint", "coordinates": [[8.500139196263513, 53.913926874924975]]}}, {"type": "Feature", "id": "https://gdi-de.github.io/apworkshop2026/BFHS392", "name": "Baum BFHS392 (gdide:BFHS392)", "dateprops": [], "properties": {"http://www.w3.org/2000/01/rdf-schema#label": "Baum BFHS392", "http://rdfs.org/ns/void#inDataset.value": "72757", "http://www.w3.org/2000/01/rdf-schema#comment": "sonst. \u00f6ff. Fl\u00e4chen", "http://www.wikidata.org/prop/direct/P2547.value": "6.0", "http://www.wikidata.org/prop/direct/P2547.unit": "http://www.ontology-of-units-of-measure.org/resource/om-2/meter", "http://www.wikidata.org/prop/direct/P3018": "Bahnhof Hohe Schaar", "https://gdi-de.github.io/apworkshop2026/ont#stammdurchmesser.value": "27.0", "https://gdi-de.github.io/apworkshop2026/ont#stammdurchmesser.unit": "http://www.ontology-of-units-of-measure.org/resource/om-2/centimeter"}, "geometry": {"type": "MultiPoint", "coordinates": [[9.965508125258442, 53.497289315201854]]}}, {"type": "Feature", "id": "https://gdi-de.github.io/apworkshop2026/NEUW375", "name": "Baum NEUW375 (gdide:NEUW375)", "dateprops": [], "properties": {"http://www.w3.org/2000/01/rdf-schema#label": "Baum NEUW375", "http://rdfs.org/ns/void#inDataset.value": "72757", "http://www.w3.org/2000/01/rdf-schema#comment": "nan", "http://www.wikidata.org/prop/direct/P2547.value": "6.0", "http://www.wikidata.org/prop/direct/P2547.unit": "http://www.ontology-of-units-of-measure.org/resource/om-2/meter", "http://www.wikidata.org/prop/direct/P3018": "Neuwerk", "https://gdi-de.github.io/apworkshop2026/ont#stammdurchmesser.value": "25.0", "https://gdi-de.github.io/apworkshop2026/ont#stammdurchmesser.unit": "http://www.ontology-of-units-of-measure.org/resource/om-2/centimeter"}, "geometry": {"type": "MultiPoint", "coordinates": [[8.499081960022481, 53.91334902717113]]}}, {"type": "Feature", "id": "https://gdi-de.github.io/apworkshop2026/FINW43", "name": "Baum FINW43 (gdide:FINW43)", "dateprops": [], "properties": {"http://www.w3.org/2000/01/rdf-schema#label": "Baum FINW43", "http://rdfs.org/ns/void#inDataset.value": "72757", "http://www.w3.org/2000/01/rdf-schema#comment": "Wasserwirtschaft", "http://www.wikidata.org/prop/direct/P2547.value": "5.0", "http://www.wikidata.org/prop/direct/P2547.unit": "http://www.ontology-of-units-of-measure.org/resource/om-2/meter", "http://www.wikidata.org/prop/direct/P3018": "Finkenwerder", "https://gdi-de.github.io/apworkshop2026/ont#stammdurchmesser.value": "25.0", "https://gdi-de.github.io/apworkshop2026/ont#stammdurchmesser.unit": "http://www.ontology-of-units-of-measure.org/resource/om-2/centimeter"}, "geometry": {"type": "MultiPoint", "coordinates": [[9.85430847898097, 53.539997126913434]]}}, {"type": "Feature", "id": "https://gdi-de.github.io/apworkshop2026/FINW77", "name": "Baum FINW77 (gdide:FINW77)", "dateprops": [], "properties": {"http://www.w3.org/2000/01/rdf-schema#label": "Baum FINW77", "http://rdfs.org/ns/void#inDataset.value": "72757", "http://www.w3.org/2000/01/rdf-schema#comment": "Wasserwirtschaft", "http://www.wikidata.org/prop/direct/P2547.value": "6.0", "http://www.wikidata.org/prop/direct/P2547.unit": "http://www.ontology-of-units-of-measure.org/resource/om-2/meter", "http://www.wikidata.org/prop/direct/P3018": "Finkenwerder", "https://gdi-de.github.io/apworkshop2026/ont#stammdurchmesser.value": "35.0", "https://gdi-de.github.io/apworkshop2026/ont#stammdurchmesser.unit": "http://www.ontology-of-units-of-measure.org/resource/om-2/centimeter"}, "geometry": {"type": "MultiPoint", "coordinates": [[9.869896962072604, 53.53820601131122]]}}, {"type": "Feature", "id": "https://gdi-de.github.io/apworkshop2026/VHWN319", "name": "Baum VHWN319 (gdide:VHWN319)", "dateprops": [], "properties": {"http://www.w3.org/2000/01/rdf-schema#label": "Baum VHWN319", "http://rdfs.org/ns/void#inDataset.value": "72757", "http://www.w3.org/2000/01/rdf-schema#comment": "sonst. \u00f6ff. Fl\u00e4chen", "http://www.wikidata.org/prop/direct/P2547.value": "3.0", "http://www.wikidata.org/prop/direct/P2547.unit": "http://www.ontology-of-units-of-measure.org/resource/om-2/meter", "http://www.wikidata.org/prop/direct/P3018": "Vollh\u00f6fner Weiden", "https://gdi-de.github.io/apworkshop2026/ont#stammdurchmesser.value": "18.0", "https://gdi-de.github.io/apworkshop2026/ont#stammdurchmesser.unit": "http://www.ontology-of-units-of-measure.org/resource/om-2/centimeter"}, "geometry": {"type": "MultiPoint", "coordinates": [[9.899512144252355, 53.51405099970795]]}}, {"type": "Feature", "id": "https://gdi-de.github.io/apworkshop2026/WITB50", "name": "Baum WITB50 (gdide:WITB50)", "dateprops": [], "properties": {"http://www.w3.org/2000/01/rdf-schema#label": "Baum WITB50", "http://rdfs.org/ns/void#inDataset.value": "72757", "http://www.w3.org/2000/01/rdf-schema#comment": "Wasserwirtschaft", "http://www.wikidata.org/prop/direct/P2547.value": "8.0", "http://www.wikidata.org/prop/direct/P2547.unit": "http://www.ontology-of-units-of-measure.org/resource/om-2/meter", "http://www.wikidata.org/prop/direct/P3018": "Wittenbergen", "https://gdi-de.github.io/apworkshop2026/ont#stammdurchmesser.value": "38.0", "https://gdi-de.github.io/apworkshop2026/ont#stammdurchmesser.unit": "http://www.ontology-of-units-of-measure.org/resource/om-2/centimeter"}, "geometry": {"type": "MultiPoint", "coordinates": [[9.762307716787234, 53.56517226126388]]}}, {"type": "Feature", "id": "https://gdi-de.github.io/apworkshop2026/NEUW663", "name": "Baum NEUW663 (gdide:NEUW663)", "dateprops": [], "properties": {"http://www.w3.org/2000/01/rdf-schema#label": "Baum NEUW663", "http://rdfs.org/ns/void#inDataset.value": "72757", "http://www.w3.org/2000/01/rdf-schema#comment": "Liegenschaftsamt", "http://www.wikidata.org/prop/direct/P2547.value": "5.0", "http://www.wikidata.org/prop/direct/P2547.unit": "http://www.ontology-of-units-of-measure.org/resource/om-2/meter", "http://www.wikidata.org/prop/direct/P3018": "Neuwerk", "https://gdi-de.github.io/apworkshop2026/ont#stammdurchmesser.value": "16.0", "https://gdi-de.github.io/apworkshop2026/ont#stammdurchmesser.unit": "http://www.ontology-of-units-of-measure.org/resource/om-2/centimeter"}, "geometry": {"type": "MultiPoint", "coordinates": [[8.495140619679711, 53.914938019149105]]}}, {"type": "Feature", "id": "https://gdi-de.github.io/apworkshop2026/BFHS347", "name": "Baum BFHS347 (gdide:BFHS347)", "dateprops": [], "properties": {"http://www.w3.org/2000/01/rdf-schema#label": "Baum BFHS347", "http://rdfs.org/ns/void#inDataset.value": "72757", "http://www.w3.org/2000/01/rdf-schema#comment": "sonst. \u00f6ff. Fl\u00e4chen", "http://www.wikidata.org/prop/direct/P2547.value": "4.0", "http://www.wikidata.org/prop/direct/P2547.unit": "http://www.ontology-of-units-of-measure.org/resource/om-2/meter", "http://www.wikidata.org/prop/direct/P3018": "Bahnhof Hohe Schaar", "https://gdi-de.github.io/apworkshop2026/ont#stammdurchmesser.value": "29.0", "https://gdi-de.github.io/apworkshop2026/ont#stammdurchmesser.unit": "http://www.ontology-of-units-of-measure.org/resource/om-2/centimeter"}, "geometry": {"type": "MultiPoint", "coordinates": [[9.962089972720296, 53.49775265643275]]}}, {"type": "Feature", "id": "https://gdi-de.github.io/apworkshop2026/NEUW667", "name": "Baum NEUW667 (gdide:NEUW667)", "dateprops": [], "properties": {"http://www.w3.org/2000/01/rdf-schema#label": "Baum NEUW667", "http://rdfs.org/ns/void#inDataset.value": "72757", "http://www.w3.org/2000/01/rdf-schema#comment": "Liegenschaftsamt", "http://www.wikidata.org/prop/direct/P2547.value": "7.0", "http://www.wikidata.org/prop/direct/P2547.unit": "http://www.ontology-of-units-of-measure.org/resource/om-2/meter", "http://www.wikidata.org/prop/direct/P3018": "Neuwerk", "https://gdi-de.github.io/apworkshop2026/ont#stammdurchmesser.value": "25.0", "https://gdi-de.github.io/apworkshop2026/ont#stammdurchmesser.unit": "http://www.ontology-of-units-of-measure.org/resource/om-2/centimeter"}, "geometry": {"type": "MultiPoint", "coordinates": [[8.489849596555164, 53.91931513417689]]}}, {"type": "Feature", "id": "https://gdi-de.github.io/apworkshop2026/NEUW630", "name": "Baum NEUW630 (gdide:NEUW630)", "dateprops": [], "properties": {"http://www.w3.org/2000/01/rdf-schema#label": "Baum NEUW630", "http://rdfs.org/ns/void#inDataset.value": "72757", "http://www.w3.org/2000/01/rdf-schema#comment": "Liegenschaftsamt", "http://www.wikidata.org/prop/direct/P2547.value": "nan", "http://www.wikidata.org/prop/direct/P2547.unit": "http://www.ontology-of-units-of-measure.org/resource/om-2/meter", "http://www.wikidata.org/prop/direct/P3018": "Neuwerk", "https://gdi-de.github.io/apworkshop2026/ont#stammdurchmesser.value": "22.0", "https://gdi-de.github.io/apworkshop2026/ont#stammdurchmesser.unit": "http://www.ontology-of-units-of-measure.org/resource/om-2/centimeter"}, "geometry": {"type": "MultiPoint", "coordinates": [[8.49569508682253, 53.91554547380584]]}}, {"type": "Feature", "id": "https://gdi-de.github.io/apworkshop2026/NEUW158", "name": "Baum NEUW158 (gdide:NEUW158)", "dateprops": [], "properties": {"http://www.w3.org/2000/01/rdf-schema#label": "Baum NEUW158", "http://rdfs.org/ns/void#inDataset.value": "72757", "http://www.w3.org/2000/01/rdf-schema#comment": "Bezirksamt", "http://www.wikidata.org/prop/direct/P2547.value": "12.0", "http://www.wikidata.org/prop/direct/P2547.unit": "http://www.ontology-of-units-of-measure.org/resource/om-2/meter", "http://www.wikidata.org/prop/direct/P3018": "Neuwerk", "https://gdi-de.github.io/apworkshop2026/ont#stammdurchmesser.value": "42.0", "https://gdi-de.github.io/apworkshop2026/ont#stammdurchmesser.unit": "http://www.ontology-of-units-of-measure.org/resource/om-2/centimeter"}, "geometry": {"type": "MultiPoint", "coordinates": [[8.500015031124942, 53.913699246902375]]}}, {"type": "Feature", "id": "https://gdi-de.github.io/apworkshop2026/WITB149", "name": "Baum WITB149 (gdide:WITB149)", "dateprops": [], "properties": {"http://www.w3.org/2000/01/rdf-schema#label": "Baum WITB149", "http://rdfs.org/ns/void#inDataset.value": "72757", "http://www.w3.org/2000/01/rdf-schema#comment": "Wasserwirtschaft", "http://www.wikidata.org/prop/direct/P2547.value": "10.0", "http://www.wikidata.org/prop/direct/P2547.unit": "http://www.ontology-of-units-of-measure.org/resource/om-2/meter", "http://www.wikidata.org/prop/direct/P3018": "Wittenbergen", "https://gdi-de.github.io/apworkshop2026/ont#stammdurchmesser.value": "63.0", "https://gdi-de.github.io/apworkshop2026/ont#stammdurchmesser.unit": "http://www.ontology-of-units-of-measure.org/resource/om-2/centimeter"}, "geometry": {"type": "MultiPoint", "coordinates": [[9.764803353427503, 53.56481643616028]]}}, {"type": "Feature", "id": "https://gdi-de.github.io/apworkshop2026/BFASN377", "name": "Baum BFASN377 (gdide:BFASN377)", "dateprops": [], "properties": {"http://www.w3.org/2000/01/rdf-schema#label": "Baum BFASN377", "http://rdfs.org/ns/void#inDataset.value": "72757", "http://www.w3.org/2000/01/rdf-schema#comment": "sonst. \u00f6ff. Fl\u00e4chen", "http://www.wikidata.org/prop/direct/P2547.value": "8.0", "http://www.wikidata.org/prop/direct/P2547.unit": "http://www.ontology-of-units-of-measure.org/resource/om-2/meter", "http://www.wikidata.org/prop/direct/P3018": "Bahnhof Alte S\u00fcderelbe Nord", "https://gdi-de.github.io/apworkshop2026/ont#stammdurchmesser.value": "27.0", "https://gdi-de.github.io/apworkshop2026/ont#stammdurchmesser.unit": "http://www.ontology-of-units-of-measure.org/resource/om-2/centimeter"}, "geometry": {"type": "MultiPoint", "coordinates": [[9.911559450527681, 53.5072400080689]]}}, {"type": "Feature", "id": "https://gdi-de.github.io/apworkshop2026/NEUW538", "name": "Baum NEUW538 (gdide:NEUW538)", "dateprops": [], "properties": {"http://www.w3.org/2000/01/rdf-schema#label": "Baum NEUW538", "http://rdfs.org/ns/void#inDataset.value": "72757", "http://www.w3.org/2000/01/rdf-schema#comment": "BUKEA", "http://www.wikidata.org/prop/direct/P2547.value": "10.0", "http://www.wikidata.org/prop/direct/P2547.unit": "http://www.ontology-of-units-of-measure.org/resource/om-2/meter", "http://www.wikidata.org/prop/direct/P3018": "Neuwerk", "https://gdi-de.github.io/apworkshop2026/ont#stammdurchmesser.value": "52.0", "https://gdi-de.github.io/apworkshop2026/ont#stammdurchmesser.unit": "http://www.ontology-of-units-of-measure.org/resource/om-2/centimeter"}, "geometry": {"type": "MultiPoint", "coordinates": [[8.500372578574327, 53.92202701304258]]}}, {"type": "Feature", "id": "https://gdi-de.github.io/apworkshop2026/NEUW42", "name": "Baum NEUW42 (gdide:NEUW42)", "dateprops": [], "properties": {"http://www.w3.org/2000/01/rdf-schema#label": "Baum NEUW42", "http://rdfs.org/ns/void#inDataset.value": "72757", "http://www.w3.org/2000/01/rdf-schema#comment": "Liegenschaftsamt", "http://www.wikidata.org/prop/direct/P2547.value": "2.0", "http://www.wikidata.org/prop/direct/P2547.unit": "http://www.ontology-of-units-of-measure.org/resource/om-2/meter", "http://www.wikidata.org/prop/direct/P3018": "Neuwerk", "https://gdi-de.github.io/apworkshop2026/ont#stammdurchmesser.value": "24.0", "https://gdi-de.github.io/apworkshop2026/ont#stammdurchmesser.unit": "http://www.ontology-of-units-of-measure.org/resource/om-2/centimeter"}, "geometry": {"type": "MultiPoint", "coordinates": [[8.496559850030785, 53.914165835129346]]}}, {"type": "Feature", "id": "https://gdi-de.github.io/apworkshop2026/NEUW526", "name": "Baum NEUW526 (gdide:NEUW526)", "dateprops": [], "properties": {"http://www.w3.org/2000/01/rdf-schema#label": "Baum NEUW526", "http://rdfs.org/ns/void#inDataset.value": "72757", "http://www.w3.org/2000/01/rdf-schema#comment": "BUKEA", "http://www.wikidata.org/prop/direct/P2547.value": "6.0", "http://www.wikidata.org/prop/direct/P2547.unit": "http://www.ontology-of-units-of-measure.org/resource/om-2/meter", "http://www.wikidata.org/prop/direct/P3018": "Neuwerk", "https://gdi-de.github.io/apworkshop2026/ont#stammdurchmesser.value": "32.0", "https://gdi-de.github.io/apworkshop2026/ont#stammdurchmesser.unit": "http://www.ontology-of-units-of-measure.org/resource/om-2/centimeter"}, "geometry": {"type": "MultiPoint", "coordinates": [[8.500218966660743, 53.92216850048367]]}}, {"type": "Feature", "id": "https://gdi-de.github.io/apworkshop2026/TATB80", "name": "Baum TATB80 (gdide:TATB80)", "dateprops": [], "properties": {"http://www.w3.org/2000/01/rdf-schema#label": "Baum TATB80", "http://rdfs.org/ns/void#inDataset.value": "72757", "http://www.w3.org/2000/01/rdf-schema#comment": "Bezirksamt", "http://www.wikidata.org/prop/direct/P2547.value": "8.0", "http://www.wikidata.org/prop/direct/P2547.unit": "http://www.ontology-of-units-of-measure.org/resource/om-2/meter", "http://www.wikidata.org/prop/direct/P3018": "Tatenberger Schleuse", "https://gdi-de.github.io/apworkshop2026/ont#stammdurchmesser.value": "52.0", "https://gdi-de.github.io/apworkshop2026/ont#stammdurchmesser.unit": "http://www.ontology-of-units-of-measure.org/resource/om-2/centimeter"}, "geometry": {"type": "MultiPoint", "coordinates": [[10.076745689424053, 53.49966406449505]]}}, {"type": "Feature", "id": "https://gdi-de.github.io/apworkshop2026/BFAS1088", "name": "Baum BFAS1088 (gdide:BFAS1088)", "dateprops": [], "properties": {"http://www.w3.org/2000/01/rdf-schema#label": "Baum BFAS1088", "http://rdfs.org/ns/void#inDataset.value": "72757", "http://www.w3.org/2000/01/rdf-schema#comment": "Bahn", "http://www.wikidata.org/prop/direct/P2547.value": "9.0", "http://www.wikidata.org/prop/direct/P2547.unit": "http://www.ontology-of-units-of-measure.org/resource/om-2/meter", "http://www.wikidata.org/prop/direct/P3018": "Bahnhof Alte S\u00fcderelbe S\u00fcd", "https://gdi-de.github.io/apworkshop2026/ont#stammdurchmesser.value": "46.0", "https://gdi-de.github.io/apworkshop2026/ont#stammdurchmesser.unit": "http://www.ontology-of-units-of-measure.org/resource/om-2/centimeter"}, "geometry": {"type": "MultiPoint", "coordinates": [[9.902361465586289, 53.4877306533636]]}}, {"type": "Feature", "id": "https://gdi-de.github.io/apworkshop2026/GZAW158", "name": "Baum GZAW158 (gdide:GZAW158)", "dateprops": [], "properties": {"http://www.w3.org/2000/01/rdf-schema#label": "Baum GZAW158", "http://rdfs.org/ns/void#inDataset.value": "72757", "http://www.w3.org/2000/01/rdf-schema#comment": "sonst. \u00f6ff. Fl\u00e4chen", "http://www.wikidata.org/prop/direct/P2547.value": "5.0", "http://www.wikidata.org/prop/direct/P2547.unit": "http://www.ontology-of-units-of-measure.org/resource/om-2/meter", "http://www.wikidata.org/prop/direct/P3018": "Gr\u00fcnzug Altenwerder", "https://gdi-de.github.io/apworkshop2026/ont#stammdurchmesser.value": "30.0", "https://gdi-de.github.io/apworkshop2026/ont#stammdurchmesser.unit": "http://www.ontology-of-units-of-measure.org/resource/om-2/centimeter"}, "geometry": {"type": "MultiPoint", "coordinates": [[9.917370086162022, 53.502676191193224]]}}, {"type": "Feature", "id": "https://gdi-de.github.io/apworkshop2026/GZAW121", "name": "Baum GZAW121 (gdide:GZAW121)", "dateprops": [], "properties": {"http://www.w3.org/2000/01/rdf-schema#label": "Baum GZAW121", "http://rdfs.org/ns/void#inDataset.value": "72757", "http://www.w3.org/2000/01/rdf-schema#comment": "sonst. \u00f6ff. Fl\u00e4chen", "http://www.wikidata.org/prop/direct/P2547.value": "8.0", "http://www.wikidata.org/prop/direct/P2547.unit": "http://www.ontology-of-units-of-measure.org/resource/om-2/meter", "http://www.wikidata.org/prop/direct/P3018": "Gr\u00fcnzug Altenwerder", "https://gdi-de.github.io/apworkshop2026/ont#stammdurchmesser.value": "27.0", "https://gdi-de.github.io/apworkshop2026/ont#stammdurchmesser.unit": "http://www.ontology-of-units-of-measure.org/resource/om-2/centimeter"}, "geometry": {"type": "MultiPoint", "coordinates": [[9.917411453580856, 53.503822953798114]]}}, {"type": "Feature", "id": "https://gdi-de.github.io/apworkshop2026/NEUW661", "name": "Baum NEUW661 (gdide:NEUW661)", "dateprops": [], "properties": {"http://www.w3.org/2000/01/rdf-schema#label": "Baum NEUW661", "http://rdfs.org/ns/void#inDataset.value": "72757", "http://www.w3.org/2000/01/rdf-schema#comment": "Liegenschaftsamt", "http://www.wikidata.org/prop/direct/P2547.value": "2.0", "http://www.wikidata.org/prop/direct/P2547.unit": "http://www.ontology-of-units-of-measure.org/resource/om-2/meter", "http://www.wikidata.org/prop/direct/P3018": "Neuwerk", "https://gdi-de.github.io/apworkshop2026/ont#stammdurchmesser.value": "25.0", "https://gdi-de.github.io/apworkshop2026/ont#stammdurchmesser.unit": "http://www.ontology-of-units-of-measure.org/resource/om-2/centimeter"}, "geometry": {"type": "MultiPoint", "coordinates": [[8.495189353283875, 53.914974764769475]]}}, {"type": "Feature", "id": "https://gdi-de.github.io/apworkshop2026/NEUW111", "name": "Baum NEUW111 (gdide:NEUW111)", "dateprops": [], "properties": {"http://www.w3.org/2000/01/rdf-schema#label": "Baum NEUW111", "http://rdfs.org/ns/void#inDataset.value": "72757", "http://www.w3.org/2000/01/rdf-schema#comment": "BUKEA", "http://www.wikidata.org/prop/direct/P2547.value": "4.0", "http://www.wikidata.org/prop/direct/P2547.unit": "http://www.ontology-of-units-of-measure.org/resource/om-2/meter", "http://www.wikidata.org/prop/direct/P3018": "Neuwerk", "https://gdi-de.github.io/apworkshop2026/ont#stammdurchmesser.value": "29.0", "https://gdi-de.github.io/apworkshop2026/ont#stammdurchmesser.unit": "http://www.ontology-of-units-of-measure.org/resource/om-2/centimeter"}, "geometry": {"type": "MultiPoint", "coordinates": [[8.497103735019556, 53.914516524200614]]}}, {"type": "Feature", "id": "https://gdi-de.github.io/apworkshop2026/PIOI401", "name": "Baum PIOI401 (gdide:PIOI401)", "dateprops": [], "properties": {"http://www.w3.org/2000/01/rdf-schema#label": "Baum PIOI401", "http://rdfs.org/ns/void#inDataset.value": "72757", "http://www.w3.org/2000/01/rdf-schema#comment": "Wasserwirtschaft", "http://www.wikidata.org/prop/direct/P2547.value": "0.5", "http://www.wikidata.org/prop/direct/P2547.unit": "http://www.ontology-of-units-of-measure.org/resource/om-2/meter", "http://www.wikidata.org/prop/direct/P3018": "Pionierinsel", "https://gdi-de.github.io/apworkshop2026/ont#stammdurchmesser.value": "6.0", "https://gdi-de.github.io/apworkshop2026/ont#stammdurchmesser.unit": "http://www.ontology-of-units-of-measure.org/resource/om-2/centimeter"}, "geometry": {"type": "MultiPoint", "coordinates": [[10.004087389045907, 53.47104625198344]]}}, {"type": "Feature", "id": "https://gdi-de.github.io/apworkshop2026/NEUW37", "name": "Baum NEUW37 (gdide:NEUW37)", "dateprops": [], "properties": {"http://www.w3.org/2000/01/rdf-schema#label": "Baum NEUW37", "http://rdfs.org/ns/void#inDataset.value": "72757", "http://www.w3.org/2000/01/rdf-schema#comment": "Liegenschaftsamt", "http://www.wikidata.org/prop/direct/P2547.value": "3.0", "http://www.wikidata.org/prop/direct/P2547.unit": "http://www.ontology-of-units-of-measure.org/resource/om-2/meter", "http://www.wikidata.org/prop/direct/P3018": "Neuwerk", "https://gdi-de.github.io/apworkshop2026/ont#stammdurchmesser.value": "25.0", "https://gdi-de.github.io/apworkshop2026/ont#stammdurchmesser.unit": "http://www.ontology-of-units-of-measure.org/resource/om-2/centimeter"}, "geometry": {"type": "MultiPoint", "coordinates": [[8.496461322810424, 53.91437509548323]]}}, {"type": "Feature", "id": "https://gdi-de.github.io/apworkshop2026/NEUW662", "name": "Baum NEUW662 (gdide:NEUW662)", "dateprops": [], "properties": {"http://www.w3.org/2000/01/rdf-schema#label": "Baum NEUW662", "http://rdfs.org/ns/void#inDataset.value": "72757", "http://www.w3.org/2000/01/rdf-schema#comment": "Liegenschaftsamt", "http://www.wikidata.org/prop/direct/P2547.value": "4.0", "http://www.wikidata.org/prop/direct/P2547.unit": "http://www.ontology-of-units-of-measure.org/resource/om-2/meter", "http://www.wikidata.org/prop/direct/P3018": "Neuwerk", "https://gdi-de.github.io/apworkshop2026/ont#stammdurchmesser.value": "29.0", "https://gdi-de.github.io/apworkshop2026/ont#stammdurchmesser.unit": "http://www.ontology-of-units-of-measure.org/resource/om-2/centimeter"}, "geometry": {"type": "MultiPoint", "coordinates": [[8.495173560901181, 53.91494814073214]]}}, {"type": "Feature", "id": "https://gdi-de.github.io/apworkshop2026/GZAW361", "name": "Baum GZAW361 (gdide:GZAW361)", "dateprops": [], "properties": {"http://www.w3.org/2000/01/rdf-schema#label": "Baum GZAW361", "http://rdfs.org/ns/void#inDataset.value": "72757", "http://www.w3.org/2000/01/rdf-schema#comment": "sonst. \u00f6ff. Fl\u00e4chen", "http://www.wikidata.org/prop/direct/P2547.value": "8.0", "http://www.wikidata.org/prop/direct/P2547.unit": "http://www.ontology-of-units-of-measure.org/resource/om-2/meter", "http://www.wikidata.org/prop/direct/P3018": "Gr\u00fcnzug Altenwerder", "https://gdi-de.github.io/apworkshop2026/ont#stammdurchmesser.value": "16.0", "https://gdi-de.github.io/apworkshop2026/ont#stammdurchmesser.unit": "http://www.ontology-of-units-of-measure.org/resource/om-2/centimeter"}, "geometry": {"type": "MultiPoint", "coordinates": [[9.916769661209269, 53.50594961594715]]}}, {"type": "Feature", "id": "https://gdi-de.github.io/apworkshop2026/NEUW150", "name": "Baum NEUW150 (gdide:NEUW150)", "dateprops": [], "properties": {"http://www.w3.org/2000/01/rdf-schema#label": "Baum NEUW150", "http://rdfs.org/ns/void#inDataset.value": "72757", "http://www.w3.org/2000/01/rdf-schema#comment": "Bezirksamt", "http://www.wikidata.org/prop/direct/P2547.value": "5.0", "http://www.wikidata.org/prop/direct/P2547.unit": "http://www.ontology-of-units-of-measure.org/resource/om-2/meter", "http://www.wikidata.org/prop/direct/P3018": "Neuwerk", "https://gdi-de.github.io/apworkshop2026/ont#stammdurchmesser.value": "32.0", "https://gdi-de.github.io/apworkshop2026/ont#stammdurchmesser.unit": "http://www.ontology-of-units-of-measure.org/resource/om-2/centimeter"}, "geometry": {"type": "MultiPoint", "coordinates": [[8.499969827899845, 53.91388613890712]]}}, {"type": "Feature", "id": "https://gdi-de.github.io/apworkshop2026/BFASN306", "name": "Baum BFASN306 (gdide:BFASN306)", "dateprops": [], "properties": {"http://www.w3.org/2000/01/rdf-schema#label": "Baum BFASN306", "http://rdfs.org/ns/void#inDataset.value": "72757", "http://www.w3.org/2000/01/rdf-schema#comment": "sonst. \u00f6ff. Fl\u00e4chen", "http://www.wikidata.org/prop/direct/P2547.value": "4.0", "http://www.wikidata.org/prop/direct/P2547.unit": "http://www.ontology-of-units-of-measure.org/resource/om-2/meter", "http://www.wikidata.org/prop/direct/P3018": "Bahnhof Alte S\u00fcderelbe Nord", "https://gdi-de.github.io/apworkshop2026/ont#stammdurchmesser.value": "32.0", "https://gdi-de.github.io/apworkshop2026/ont#stammdurchmesser.unit": "http://www.ontology-of-units-of-measure.org/resource/om-2/centimeter"}, "geometry": {"type": "MultiPoint", "coordinates": [[9.9077151282356, 53.505721110869544]]}}, {"type": "Feature", "id": "https://gdi-de.github.io/apworkshop2026/NEUW461", "name": "Baum NEUW461 (gdide:NEUW461)", "dateprops": [], "properties": {"http://www.w3.org/2000/01/rdf-schema#label": "Baum NEUW461", "http://rdfs.org/ns/void#inDataset.value": "72757", "http://www.w3.org/2000/01/rdf-schema#comment": "Liegenschaftsamt", "http://www.wikidata.org/prop/direct/P2547.value": "4.5", "http://www.wikidata.org/prop/direct/P2547.unit": "http://www.ontology-of-units-of-measure.org/resource/om-2/meter", "http://www.wikidata.org/prop/direct/P3018": "Neuwerk", "https://gdi-de.github.io/apworkshop2026/ont#stammdurchmesser.value": "23.0", "https://gdi-de.github.io/apworkshop2026/ont#stammdurchmesser.unit": "http://www.ontology-of-units-of-measure.org/resource/om-2/centimeter"}, "geometry": {"type": "MultiPoint", "coordinates": [[8.498488335316427, 53.92173099136775]]}}, {"type": "Feature", "id": "https://gdi-de.github.io/apworkshop2026/GZAW724", "name": "Baum GZAW724 (gdide:GZAW724)", "dateprops": [], "properties": {"http://www.w3.org/2000/01/rdf-schema#label": "Baum GZAW724", "http://rdfs.org/ns/void#inDataset.value": "72757", "http://www.w3.org/2000/01/rdf-schema#comment": "sonst. \u00f6ff. Fl\u00e4chen", "http://www.wikidata.org/prop/direct/P2547.value": "4.0", "http://www.wikidata.org/prop/direct/P2547.unit": "http://www.ontology-of-units-of-measure.org/resource/om-2/meter", "http://www.wikidata.org/prop/direct/P3018": "Gr\u00fcnzug Altenwerder", "https://gdi-de.github.io/apworkshop2026/ont#stammdurchmesser.value": "14.0", "https://gdi-de.github.io/apworkshop2026/ont#stammdurchmesser.unit": "http://www.ontology-of-units-of-measure.org/resource/om-2/centimeter"}, "geometry": {"type": "MultiPoint", "coordinates": [[9.918823066218323, 53.50527864524431]]}}, {"type": "Feature", "id": "https://gdi-de.github.io/apworkshop2026/NEUW698", "name": "Baum NEUW698 (gdide:NEUW698)", "dateprops": [], "properties": {"http://www.w3.org/2000/01/rdf-schema#label": "Baum NEUW698", "http://rdfs.org/ns/void#inDataset.value": "72757", "http://www.w3.org/2000/01/rdf-schema#comment": "Liegenschaftsamt", "http://www.wikidata.org/prop/direct/P2547.value": "1.5", "http://www.wikidata.org/prop/direct/P2547.unit": "http://www.ontology-of-units-of-measure.org/resource/om-2/meter", "http://www.wikidata.org/prop/direct/P3018": "Neuwerk", "https://gdi-de.github.io/apworkshop2026/ont#stammdurchmesser.value": "19.0", "https://gdi-de.github.io/apworkshop2026/ont#stammdurchmesser.unit": "http://www.ontology-of-units-of-measure.org/resource/om-2/centimeter"}, "geometry": {"type": "MultiPoint", "coordinates": [[8.50583049969551, 53.91674955296267]]}}, {"type": "Feature", "id": "https://gdi-de.github.io/apworkshop2026/HOHS207", "name": "Baum HOHS207 (gdide:HOHS207)", "dateprops": [], "properties": {"http://www.w3.org/2000/01/rdf-schema#label": "Baum HOHS207", "http://rdfs.org/ns/void#inDataset.value": "72757", "http://www.w3.org/2000/01/rdf-schema#comment": "Stra\u00dfe", "http://www.wikidata.org/prop/direct/P2547.value": "6.0", "http://www.wikidata.org/prop/direct/P2547.unit": "http://www.ontology-of-units-of-measure.org/resource/om-2/meter", "http://www.wikidata.org/prop/direct/P3018": "Hohe Schaar", "https://gdi-de.github.io/apworkshop2026/ont#stammdurchmesser.value": "31.0", "https://gdi-de.github.io/apworkshop2026/ont#stammdurchmesser.unit": "http://www.ontology-of-units-of-measure.org/resource/om-2/centimeter"}, "geometry": {"type": "MultiPoint", "coordinates": [[9.97287228937883, 53.491698501201654]]}}, {"type": "Feature", "id": "https://gdi-de.github.io/apworkshop2026/KTWK349", "name": "Baum KTWK349 (gdide:KTWK349)", "dateprops": [], "properties": {"http://www.w3.org/2000/01/rdf-schema#label": "Baum KTWK349", "http://rdfs.org/ns/void#inDataset.value": "72757", "http://www.w3.org/2000/01/rdf-schema#comment": "Wasserwirtschaft", "http://www.wikidata.org/prop/direct/P2547.value": "7.0", "http://www.wikidata.org/prop/direct/P2547.unit": "http://www.ontology-of-units-of-measure.org/resource/om-2/meter", "http://www.wikidata.org/prop/direct/P3018": "Kattwyk", "https://gdi-de.github.io/apworkshop2026/ont#stammdurchmesser.value": "32.0", "https://gdi-de.github.io/apworkshop2026/ont#stammdurchmesser.unit": "http://www.ontology-of-units-of-measure.org/resource/om-2/centimeter"}, "geometry": {"type": "MultiPoint", "coordinates": [[9.948518414054028, 53.509084311974874]]}}, {"type": "Feature", "id": "https://gdi-de.github.io/apworkshop2026/NEUW27", "name": "Baum NEUW27 (gdide:NEUW27)", "dateprops": [], "properties": {"http://www.w3.org/2000/01/rdf-schema#label": "Baum NEUW27", "http://rdfs.org/ns/void#inDataset.value": "72757", "http://www.w3.org/2000/01/rdf-schema#comment": "Liegenschaftsamt", "http://www.wikidata.org/prop/direct/P2547.value": "8.0", "http://www.wikidata.org/prop/direct/P2547.unit": "http://www.ontology-of-units-of-measure.org/resource/om-2/meter", "http://www.wikidata.org/prop/direct/P3018": "Neuwerk", "https://gdi-de.github.io/apworkshop2026/ont#stammdurchmesser.value": "53.0", "https://gdi-de.github.io/apworkshop2026/ont#stammdurchmesser.unit": "http://www.ontology-of-units-of-measure.org/resource/om-2/centimeter"}, "geometry": {"type": "MultiPoint", "coordinates": [[8.496299446396225, 53.91454880988107]]}}, {"type": "Feature", "id": "https://gdi-de.github.io/apworkshop2026/NEUW348", "name": "Baum NEUW348 (gdide:NEUW348)", "dateprops": [], "properties": {"http://www.w3.org/2000/01/rdf-schema#label": "Baum NEUW348", "http://rdfs.org/ns/void#inDataset.value": "72757", "http://www.w3.org/2000/01/rdf-schema#comment": "BUKEA", "http://www.wikidata.org/prop/direct/P2547.value": "9.0", "http://www.wikidata.org/prop/direct/P2547.unit": "http://www.ontology-of-units-of-measure.org/resource/om-2/meter", "http://www.wikidata.org/prop/direct/P3018": "Neuwerk", "https://gdi-de.github.io/apworkshop2026/ont#stammdurchmesser.value": "38.0", "https://gdi-de.github.io/apworkshop2026/ont#stammdurchmesser.unit": "http://www.ontology-of-units-of-measure.org/resource/om-2/centimeter"}, "geometry": {"type": "MultiPoint", "coordinates": [[8.497761786897785, 53.91344465930162]]}}, {"type": "Feature", "id": "https://gdi-de.github.io/apworkshop2026/NEUW620", "name": "Baum NEUW620 (gdide:NEUW620)", "dateprops": [], "properties": {"http://www.w3.org/2000/01/rdf-schema#label": "Baum NEUW620", "http://rdfs.org/ns/void#inDataset.value": "72757", "http://www.w3.org/2000/01/rdf-schema#comment": "Liegenschaftsamt", "http://www.wikidata.org/prop/direct/P2547.value": "3.0", "http://www.wikidata.org/prop/direct/P2547.unit": "http://www.ontology-of-units-of-measure.org/resource/om-2/meter", "http://www.wikidata.org/prop/direct/P3018": "Neuwerk", "https://gdi-de.github.io/apworkshop2026/ont#stammdurchmesser.value": "25.0", "https://gdi-de.github.io/apworkshop2026/ont#stammdurchmesser.unit": "http://www.ontology-of-units-of-measure.org/resource/om-2/centimeter"}, "geometry": {"type": "MultiPoint", "coordinates": [[8.495931137129737, 53.915791408657725]]}}, {"type": "Feature", "id": "https://gdi-de.github.io/apworkshop2026/NEUW682", "name": "Baum NEUW682 (gdide:NEUW682)", "dateprops": [], "properties": {"http://www.w3.org/2000/01/rdf-schema#label": "Baum NEUW682", "http://rdfs.org/ns/void#inDataset.value": "72757", "http://www.w3.org/2000/01/rdf-schema#comment": "Liegenschaftsamt", "http://www.wikidata.org/prop/direct/P2547.value": "6.0", "http://www.wikidata.org/prop/direct/P2547.unit": "http://www.ontology-of-units-of-measure.org/resource/om-2/meter", "http://www.wikidata.org/prop/direct/P3018": "Neuwerk", "https://gdi-de.github.io/apworkshop2026/ont#stammdurchmesser.value": "33.0", "https://gdi-de.github.io/apworkshop2026/ont#stammdurchmesser.unit": "http://www.ontology-of-units-of-measure.org/resource/om-2/centimeter"}, "geometry": {"type": "MultiPoint", "coordinates": [[8.49008437125467, 53.91911399292136]]}}, {"type": "Feature", "id": "https://gdi-de.github.io/apworkshop2026/WITB545", "name": "Baum WITB545 (gdide:WITB545)", "dateprops": [], "properties": {"http://www.w3.org/2000/01/rdf-schema#label": "Baum WITB545", "http://rdfs.org/ns/void#inDataset.value": "72757", "http://www.w3.org/2000/01/rdf-schema#comment": "Wasserwirtschaft", "http://www.wikidata.org/prop/direct/P2547.value": "12.0", "http://www.wikidata.org/prop/direct/P2547.unit": "http://www.ontology-of-units-of-measure.org/resource/om-2/meter", "http://www.wikidata.org/prop/direct/P3018": "Wittenbergen", "https://gdi-de.github.io/apworkshop2026/ont#stammdurchmesser.value": "46.0", "https://gdi-de.github.io/apworkshop2026/ont#stammdurchmesser.unit": "http://www.ontology-of-units-of-measure.org/resource/om-2/centimeter"}, "geometry": {"type": "MultiPoint", "coordinates": [[9.746176839910202, 53.56453612855087]]}}, {"type": "Feature", "id": "https://gdi-de.github.io/apworkshop2026/WITB108", "name": "Baum WITB108 (gdide:WITB108)", "dateprops": [], "properties": {"http://www.w3.org/2000/01/rdf-schema#label": "Baum WITB108", "http://rdfs.org/ns/void#inDataset.value": "72757", "http://www.w3.org/2000/01/rdf-schema#comment": "Wasserwirtschaft", "http://www.wikidata.org/prop/direct/P2547.value": "8.0", "http://www.wikidata.org/prop/direct/P2547.unit": "http://www.ontology-of-units-of-measure.org/resource/om-2/meter", "http://www.wikidata.org/prop/direct/P3018": "Wittenbergen", "https://gdi-de.github.io/apworkshop2026/ont#stammdurchmesser.value": "59.0", "https://gdi-de.github.io/apworkshop2026/ont#stammdurchmesser.unit": "http://www.ontology-of-units-of-measure.org/resource/om-2/centimeter"}, "geometry": {"type": "MultiPoint", "coordinates": [[9.767295989694725, 53.564599143105376]]}}, {"type": "Feature", "id": "https://gdi-de.github.io/apworkshop2026/NEUW89", "name": "Baum NEUW89 (gdide:NEUW89)", "dateprops": [], "properties": {"http://www.w3.org/2000/01/rdf-schema#label": "Baum NEUW89", "http://rdfs.org/ns/void#inDataset.value": "72757", "http://www.w3.org/2000/01/rdf-schema#comment": "Liegenschaftsamt", "http://www.wikidata.org/prop/direct/P2547.value": "5.0", "http://www.wikidata.org/prop/direct/P2547.unit": "http://www.ontology-of-units-of-measure.org/resource/om-2/meter", "http://www.wikidata.org/prop/direct/P3018": "Neuwerk", "https://gdi-de.github.io/apworkshop2026/ont#stammdurchmesser.value": "50.0", "https://gdi-de.github.io/apworkshop2026/ont#stammdurchmesser.unit": "http://www.ontology-of-units-of-measure.org/resource/om-2/centimeter"}, "geometry": {"type": "MultiPoint", "coordinates": [[8.496672148424453, 53.91400768545821]]}}, {"type": "Feature", "id": "https://gdi-de.github.io/apworkshop2026/GZAW490", "name": "Baum GZAW490 (gdide:GZAW490)", "dateprops": [], "properties": {"http://www.w3.org/2000/01/rdf-schema#label": "Baum GZAW490", "http://rdfs.org/ns/void#inDataset.value": "72757", "http://www.w3.org/2000/01/rdf-schema#comment": "sonst. \u00f6ff. Fl\u00e4chen", "http://www.wikidata.org/prop/direct/P2547.value": "10.0", "http://www.wikidata.org/prop/direct/P2547.unit": "http://www.ontology-of-units-of-measure.org/resource/om-2/meter", "http://www.wikidata.org/prop/direct/P3018": "Gr\u00fcnzug Altenwerder", "https://gdi-de.github.io/apworkshop2026/ont#stammdurchmesser.value": "30.0", "https://gdi-de.github.io/apworkshop2026/ont#stammdurchmesser.unit": "http://www.ontology-of-units-of-measure.org/resource/om-2/centimeter"}, "geometry": {"type": "MultiPoint", "coordinates": [[9.91728603978404, 53.508709381297955]]}}, {"type": "Feature", "id": "https://gdi-de.github.io/apworkshop2026/NEUW41", "name": "Baum NEUW41 (gdide:NEUW41)", "dateprops": [], "properties": {"http://www.w3.org/2000/01/rdf-schema#label": "Baum NEUW41", "http://rdfs.org/ns/void#inDataset.value": "72757", "http://www.w3.org/2000/01/rdf-schema#comment": "Liegenschaftsamt", "http://www.wikidata.org/prop/direct/P2547.value": "6.0", "http://www.wikidata.org/prop/direct/P2547.unit": "http://www.ontology-of-units-of-measure.org/resource/om-2/meter", "http://www.wikidata.org/prop/direct/P3018": "Neuwerk", "https://gdi-de.github.io/apworkshop2026/ont#stammdurchmesser.value": "30.0", "https://gdi-de.github.io/apworkshop2026/ont#stammdurchmesser.unit": "http://www.ontology-of-units-of-measure.org/resource/om-2/centimeter"}, "geometry": {"type": "MultiPoint", "coordinates": [[8.496602843400284, 53.91421912651292]]}}, {"type": "Feature", "id": "https://gdi-de.github.io/apworkshop2026/NEUW501", "name": "Baum NEUW501 (gdide:NEUW501)", "dateprops": [], "properties": {"http://www.w3.org/2000/01/rdf-schema#label": "Baum NEUW501", "http://rdfs.org/ns/void#inDataset.value": "72757", "http://www.w3.org/2000/01/rdf-schema#comment": "Liegenschaftsamt", "http://www.wikidata.org/prop/direct/P2547.value": "8.0", "http://www.wikidata.org/prop/direct/P2547.unit": "http://www.ontology-of-units-of-measure.org/resource/om-2/meter", "http://www.wikidata.org/prop/direct/P3018": "Neuwerk", "https://gdi-de.github.io/apworkshop2026/ont#stammdurchmesser.value": "54.0", "https://gdi-de.github.io/apworkshop2026/ont#stammdurchmesser.unit": "http://www.ontology-of-units-of-measure.org/resource/om-2/centimeter"}, "geometry": {"type": "MultiPoint", "coordinates": [[8.495918614614675, 53.91600911558506]]}}, {"type": "Feature", "id": "https://gdi-de.github.io/apworkshop2026/NEUW582", "name": "Baum NEUW582 (gdide:NEUW582)", "dateprops": [], "properties": {"http://www.w3.org/2000/01/rdf-schema#label": "Baum NEUW582", "http://rdfs.org/ns/void#inDataset.value": "72757", "http://www.w3.org/2000/01/rdf-schema#comment": "Liegenschaftsamt", "http://www.wikidata.org/prop/direct/P2547.value": "6.0", "http://www.wikidata.org/prop/direct/P2547.unit": "http://www.ontology-of-units-of-measure.org/resource/om-2/meter", "http://www.wikidata.org/prop/direct/P3018": "Neuwerk", "https://gdi-de.github.io/apworkshop2026/ont#stammdurchmesser.value": "38.0", "https://gdi-de.github.io/apworkshop2026/ont#stammdurchmesser.unit": "http://www.ontology-of-units-of-measure.org/resource/om-2/centimeter"}, "geometry": {"type": "MultiPoint", "coordinates": [[8.49526866554031, 53.9158598191662]]}}, {"type": "Feature", "id": "https://gdi-de.github.io/apworkshop2026/GZAW338", "name": "Baum GZAW338 (gdide:GZAW338)", "dateprops": [], "properties": {"http://www.w3.org/2000/01/rdf-schema#label": "Baum GZAW338", "http://rdfs.org/ns/void#inDataset.value": "72757", "http://www.w3.org/2000/01/rdf-schema#comment": "sonst. \u00f6ff. Fl\u00e4chen", "http://www.wikidata.org/prop/direct/P2547.value": "10.0", "http://www.wikidata.org/prop/direct/P2547.unit": "http://www.ontology-of-units-of-measure.org/resource/om-2/meter", "http://www.wikidata.org/prop/direct/P3018": "Gr\u00fcnzug Altenwerder", "https://gdi-de.github.io/apworkshop2026/ont#stammdurchmesser.value": "24.0", "https://gdi-de.github.io/apworkshop2026/ont#stammdurchmesser.unit": "http://www.ontology-of-units-of-measure.org/resource/om-2/centimeter"}, "geometry": {"type": "MultiPoint", "coordinates": [[9.916797419151548, 53.50326088210581]]}}, {"type": "Feature", "id": "https://gdi-de.github.io/apworkshop2026/NEUW153", "name": "Baum NEUW153 (gdide:NEUW153)", "dateprops": [], "properties": {"http://www.w3.org/2000/01/rdf-schema#label": "Baum NEUW153", "http://rdfs.org/ns/void#inDataset.value": "72757", "http://www.w3.org/2000/01/rdf-schema#comment": "Bezirksamt", "http://www.wikidata.org/prop/direct/P2547.value": "6.0", "http://www.wikidata.org/prop/direct/P2547.unit": "http://www.ontology-of-units-of-measure.org/resource/om-2/meter", "http://www.wikidata.org/prop/direct/P3018": "Neuwerk", "https://gdi-de.github.io/apworkshop2026/ont#stammdurchmesser.value": "25.0", "https://gdi-de.github.io/apworkshop2026/ont#stammdurchmesser.unit": "http://www.ontology-of-units-of-measure.org/resource/om-2/centimeter"}, "geometry": {"type": "MultiPoint", "coordinates": [[8.499926313507483, 53.91381937069422]]}}, {"type": "Feature", "id": "https://gdi-de.github.io/apworkshop2026/NEUW327", "name": "Baum NEUW327 (gdide:NEUW327)", "dateprops": [], "properties": {"http://www.w3.org/2000/01/rdf-schema#label": "Baum NEUW327", "http://rdfs.org/ns/void#inDataset.value": "72757", "http://www.w3.org/2000/01/rdf-schema#comment": "BUKEA", "http://www.wikidata.org/prop/direct/P2547.value": "2.0", "http://www.wikidata.org/prop/direct/P2547.unit": "http://www.ontology-of-units-of-measure.org/resource/om-2/meter", "http://www.wikidata.org/prop/direct/P3018": "Neuwerk", "https://gdi-de.github.io/apworkshop2026/ont#stammdurchmesser.value": "16.0", "https://gdi-de.github.io/apworkshop2026/ont#stammdurchmesser.unit": "http://www.ontology-of-units-of-measure.org/resource/om-2/centimeter"}, "geometry": {"type": "MultiPoint", "coordinates": [[8.496785488863852, 53.91375099388057]]}}, {"type": "Feature", "id": "https://gdi-de.github.io/apworkshop2026/NEUW77", "name": "Baum NEUW77 (gdide:NEUW77)", "dateprops": [], "properties": {"http://www.w3.org/2000/01/rdf-schema#label": "Baum NEUW77", "http://rdfs.org/ns/void#inDataset.value": "72757", "http://www.w3.org/2000/01/rdf-schema#comment": "\u00f6ffentliche Gr\u00fcnfl\u00e4che", "http://www.wikidata.org/prop/direct/P2547.value": "7.0", "http://www.wikidata.org/prop/direct/P2547.unit": "http://www.ontology-of-units-of-measure.org/resource/om-2/meter", "http://www.wikidata.org/prop/direct/P3018": "Neuwerk", "https://gdi-de.github.io/apworkshop2026/ont#stammdurchmesser.value": "41.0", "https://gdi-de.github.io/apworkshop2026/ont#stammdurchmesser.unit": "http://www.ontology-of-units-of-measure.org/resource/om-2/centimeter"}, "geometry": {"type": "MultiPoint", "coordinates": [[8.496974566264853, 53.914652232885054]]}}, {"type": "Feature", "id": "https://gdi-de.github.io/apworkshop2026/HOHS210", "name": "Baum HOHS210 (gdide:HOHS210)", "dateprops": [], "properties": {"http://www.w3.org/2000/01/rdf-schema#label": "Baum HOHS210", "http://rdfs.org/ns/void#inDataset.value": "72757", "http://www.w3.org/2000/01/rdf-schema#comment": "Stra\u00dfe", "http://www.wikidata.org/prop/direct/P2547.value": "8.0", "http://www.wikidata.org/prop/direct/P2547.unit": "http://www.ontology-of-units-of-measure.org/resource/om-2/meter", "http://www.wikidata.org/prop/direct/P3018": "Hohe Schaar", "https://gdi-de.github.io/apworkshop2026/ont#stammdurchmesser.value": "42.0", "https://gdi-de.github.io/apworkshop2026/ont#stammdurchmesser.unit": "http://www.ontology-of-units-of-measure.org/resource/om-2/centimeter"}, "geometry": {"type": "MultiPoint", "coordinates": [[9.972290387687236, 53.491784690740154]]}}, {"type": "Feature", "id": "https://gdi-de.github.io/apworkshop2026/BFHS359", "name": "Baum BFHS359 (gdide:BFHS359)", "dateprops": [], "properties": {"http://www.w3.org/2000/01/rdf-schema#label": "Baum BFHS359", "http://rdfs.org/ns/void#inDataset.value": "72757", "http://www.w3.org/2000/01/rdf-schema#comment": "sonst. \u00f6ff. Fl\u00e4chen", "http://www.wikidata.org/prop/direct/P2547.value": "6.0", "http://www.wikidata.org/prop/direct/P2547.unit": "http://www.ontology-of-units-of-measure.org/resource/om-2/meter", "http://www.wikidata.org/prop/direct/P3018": "Bahnhof Hohe Schaar", "https://gdi-de.github.io/apworkshop2026/ont#stammdurchmesser.value": "29.0", "https://gdi-de.github.io/apworkshop2026/ont#stammdurchmesser.unit": "http://www.ontology-of-units-of-measure.org/resource/om-2/centimeter"}, "geometry": {"type": "MultiPoint", "coordinates": [[9.96286410489954, 53.49779686991246]]}}, {"type": "Feature", "id": "https://gdi-de.github.io/apworkshop2026/PIOI378", "name": "Baum PIOI378 (gdide:PIOI378)", "dateprops": [], "properties": {"http://www.w3.org/2000/01/rdf-schema#label": "Baum PIOI378", "http://rdfs.org/ns/void#inDataset.value": "72757", "http://www.w3.org/2000/01/rdf-schema#comment": "Wasserwirtschaft", "http://www.wikidata.org/prop/direct/P2547.value": "1.5", "http://www.wikidata.org/prop/direct/P2547.unit": "http://www.ontology-of-units-of-measure.org/resource/om-2/meter", "http://www.wikidata.org/prop/direct/P3018": "Pionierinsel", "https://gdi-de.github.io/apworkshop2026/ont#stammdurchmesser.value": "6.0", "https://gdi-de.github.io/apworkshop2026/ont#stammdurchmesser.unit": "http://www.ontology-of-units-of-measure.org/resource/om-2/centimeter"}, "geometry": {"type": "MultiPoint", "coordinates": [[10.003094454212912, 53.47108007729729]]}}, {"type": "Feature", "id": "https://gdi-de.github.io/apworkshop2026/BFHS699", "name": "Baum BFHS699 (gdide:BFHS699)", "dateprops": [], "properties": {"http://www.w3.org/2000/01/rdf-schema#label": "Baum BFHS699", "http://rdfs.org/ns/void#inDataset.value": "72757", "http://www.w3.org/2000/01/rdf-schema#comment": "sonst. \u00f6ff. Fl\u00e4chen", "http://www.wikidata.org/prop/direct/P2547.value": "0.5", "http://www.wikidata.org/prop/direct/P2547.unit": "http://www.ontology-of-units-of-measure.org/resource/om-2/meter", "http://www.wikidata.org/prop/direct/P3018": "Bahnhof Hohe Schaar", "https://gdi-de.github.io/apworkshop2026/ont#stammdurchmesser.value": "24.0", "https://gdi-de.github.io/apworkshop2026/ont#stammdurchmesser.unit": "http://www.ontology-of-units-of-measure.org/resource/om-2/centimeter"}, "geometry": {"type": "MultiPoint", "coordinates": [[9.971233214328274, 53.49235135039396]]}}, {"type": "Feature", "id": "https://gdi-de.github.io/apworkshop2026/FRHD87", "name": "Baum FRHD87 (gdide:FRHD87)", "dateprops": [], "properties": {"http://www.w3.org/2000/01/rdf-schema#label": "Baum FRHD87", "http://rdfs.org/ns/void#inDataset.value": "72757", "http://www.w3.org/2000/01/rdf-schema#comment": "Wasserwirtschaft", "http://www.wikidata.org/prop/direct/P2547.value": "6.0", "http://www.wikidata.org/prop/direct/P2547.unit": "http://www.ontology-of-units-of-measure.org/resource/om-2/meter", "http://www.wikidata.org/prop/direct/P3018": "Finkenrieker Hauptdeich", "https://gdi-de.github.io/apworkshop2026/ont#stammdurchmesser.value": "29.0", "https://gdi-de.github.io/apworkshop2026/ont#stammdurchmesser.unit": "http://www.ontology-of-units-of-measure.org/resource/om-2/centimeter"}, "geometry": {"type": "MultiPoint", "coordinates": [[10.006109757261891, 53.473589727023295]]}}, {"type": "Feature", "id": "https://gdi-de.github.io/apworkshop2026/GEOW88", "name": "Baum GEOW88 (gdide:GEOW88)", "dateprops": [], "properties": {"http://www.w3.org/2000/01/rdf-schema#label": "Baum GEOW88", "http://rdfs.org/ns/void#inDataset.value": "72757", "http://www.w3.org/2000/01/rdf-schema#comment": "Privatgrund", "http://www.wikidata.org/prop/direct/P2547.value": "6.0", "http://www.wikidata.org/prop/direct/P2547.unit": "http://www.ontology-of-units-of-measure.org/resource/om-2/meter", "http://www.wikidata.org/prop/direct/P3018": "Georgswerder", "https://gdi-de.github.io/apworkshop2026/ont#stammdurchmesser.value": "40.0", "https://gdi-de.github.io/apworkshop2026/ont#stammdurchmesser.unit": "http://www.ontology-of-units-of-measure.org/resource/om-2/centimeter"}, "geometry": {"type": "MultiPoint", "coordinates": [[10.025092964829058, 53.52039372238735]]}}, {"type": "Feature", "id": "https://gdi-de.github.io/apworkshop2026/NEUW336", "name": "Baum NEUW336 (gdide:NEUW336)", "dateprops": [], "properties": {"http://www.w3.org/2000/01/rdf-schema#label": "Baum NEUW336", "http://rdfs.org/ns/void#inDataset.value": "72757", "http://www.w3.org/2000/01/rdf-schema#comment": "BUKEA", "http://www.wikidata.org/prop/direct/P2547.value": "3.0", "http://www.wikidata.org/prop/direct/P2547.unit": "http://www.ontology-of-units-of-measure.org/resource/om-2/meter", "http://www.wikidata.org/prop/direct/P3018": "Neuwerk", "https://gdi-de.github.io/apworkshop2026/ont#stammdurchmesser.value": "19.0", "https://gdi-de.github.io/apworkshop2026/ont#stammdurchmesser.unit": "http://www.ontology-of-units-of-measure.org/resource/om-2/centimeter"}, "geometry": {"type": "MultiPoint", "coordinates": [[8.49690244053069, 53.91355798473299]]}}, {"type": "Feature", "id": "https://gdi-de.github.io/apworkshop2026/NEUW330", "name": "Baum NEUW330 (gdide:NEUW330)", "dateprops": [], "properties": {"http://www.w3.org/2000/01/rdf-schema#label": "Baum NEUW330", "http://rdfs.org/ns/void#inDataset.value": "72757", "http://www.w3.org/2000/01/rdf-schema#comment": "BUKEA", "http://www.wikidata.org/prop/direct/P2547.value": "3.0", "http://www.wikidata.org/prop/direct/P2547.unit": "http://www.ontology-of-units-of-measure.org/resource/om-2/meter", "http://www.wikidata.org/prop/direct/P3018": "Neuwerk", "https://gdi-de.github.io/apworkshop2026/ont#stammdurchmesser.value": "20.0", "https://gdi-de.github.io/apworkshop2026/ont#stammdurchmesser.unit": "http://www.ontology-of-units-of-measure.org/resource/om-2/centimeter"}, "geometry": {"type": "MultiPoint", "coordinates": [[8.496835704688232, 53.91363618746128]]}}, {"type": "Feature", "id": "https://gdi-de.github.io/apworkshop2026/NEUW78", "name": "Baum NEUW78 (gdide:NEUW78)", "dateprops": [], "properties": {"http://www.w3.org/2000/01/rdf-schema#label": "Baum NEUW78", "http://rdfs.org/ns/void#inDataset.value": "72757", "http://www.w3.org/2000/01/rdf-schema#comment": "\u00f6ffentliche Gr\u00fcnfl\u00e4che", "http://www.wikidata.org/prop/direct/P2547.value": "8.0", "http://www.wikidata.org/prop/direct/P2547.unit": "http://www.ontology-of-units-of-measure.org/resource/om-2/meter", "http://www.wikidata.org/prop/direct/P3018": "Neuwerk", "https://gdi-de.github.io/apworkshop2026/ont#stammdurchmesser.value": "40.0", "https://gdi-de.github.io/apworkshop2026/ont#stammdurchmesser.unit": "http://www.ontology-of-units-of-measure.org/resource/om-2/centimeter"}, "geometry": {"type": "MultiPoint", "coordinates": [[8.496939154676351, 53.91458232833805]]}}, {"type": "Feature", "id": "https://gdi-de.github.io/apworkshop2026/GZAW163", "name": "Baum GZAW163 (gdide:GZAW163)", "dateprops": [], "properties": {"http://www.w3.org/2000/01/rdf-schema#label": "Baum GZAW163", "http://rdfs.org/ns/void#inDataset.value": "72757", "http://www.w3.org/2000/01/rdf-schema#comment": "sonst. \u00f6ff. Fl\u00e4chen", "http://www.wikidata.org/prop/direct/P2547.value": "15.0", "http://www.wikidata.org/prop/direct/P2547.unit": "http://www.ontology-of-units-of-measure.org/resource/om-2/meter", "http://www.wikidata.org/prop/direct/P3018": "Gr\u00fcnzug Altenwerder", "https://gdi-de.github.io/apworkshop2026/ont#stammdurchmesser.value": "34.0", "https://gdi-de.github.io/apworkshop2026/ont#stammdurchmesser.unit": "http://www.ontology-of-units-of-measure.org/resource/om-2/centimeter"}, "geometry": {"type": "MultiPoint", "coordinates": [[9.91746211856288, 53.50257637762008]]}}, {"type": "Feature", "id": "https://gdi-de.github.io/apworkshop2026/BFAS1290", "name": "Baum BFAS1290 (gdide:BFAS1290)", "dateprops": [], "properties": {"http://www.w3.org/2000/01/rdf-schema#label": "Baum BFAS1290", "http://rdfs.org/ns/void#inDataset.value": "72757", "http://www.w3.org/2000/01/rdf-schema#comment": "Bahn", "http://www.wikidata.org/prop/direct/P2547.value": "4.0", "http://www.wikidata.org/prop/direct/P2547.unit": "http://www.ontology-of-units-of-measure.org/resource/om-2/meter", "http://www.wikidata.org/prop/direct/P3018": "Bahnhof Alte S\u00fcderelbe S\u00fcd", "https://gdi-de.github.io/apworkshop2026/ont#stammdurchmesser.value": "38.0", "https://gdi-de.github.io/apworkshop2026/ont#stammdurchmesser.unit": "http://www.ontology-of-units-of-measure.org/resource/om-2/centimeter"}, "geometry": {"type": "MultiPoint", "coordinates": [[9.903462108421852, 53.488748967936594]]}}, {"type": "Feature", "id": "https://gdi-de.github.io/apworkshop2026/NEUW436", "name": "Baum NEUW436 (gdide:NEUW436)", "dateprops": [], "properties": {"http://www.w3.org/2000/01/rdf-schema#label": "Baum NEUW436", "http://rdfs.org/ns/void#inDataset.value": "72757", "http://www.w3.org/2000/01/rdf-schema#comment": "BUKEA", "http://www.wikidata.org/prop/direct/P2547.value": "2.0", "http://www.wikidata.org/prop/direct/P2547.unit": "http://www.ontology-of-units-of-measure.org/resource/om-2/meter", "http://www.wikidata.org/prop/direct/P3018": "Neuwerk", "https://gdi-de.github.io/apworkshop2026/ont#stammdurchmesser.value": "18.0", "https://gdi-de.github.io/apworkshop2026/ont#stammdurchmesser.unit": "http://www.ontology-of-units-of-measure.org/resource/om-2/centimeter"}, "geometry": {"type": "MultiPoint", "coordinates": [[8.499834595516973, 53.9223742663592]]}}, {"type": "Feature", "id": "https://gdi-de.github.io/apworkshop2026/NEUW166", "name": "Baum NEUW166 (gdide:NEUW166)", "dateprops": [], "properties": {"http://www.w3.org/2000/01/rdf-schema#label": "Baum NEUW166", "http://rdfs.org/ns/void#inDataset.value": "72757", "http://www.w3.org/2000/01/rdf-schema#comment": "BUKEA", "http://www.wikidata.org/prop/direct/P2547.value": "6.0", "http://www.wikidata.org/prop/direct/P2547.unit": "http://www.ontology-of-units-of-measure.org/resource/om-2/meter", "http://www.wikidata.org/prop/direct/P3018": "Neuwerk", "https://gdi-de.github.io/apworkshop2026/ont#stammdurchmesser.value": "25.0", "https://gdi-de.github.io/apworkshop2026/ont#stammdurchmesser.unit": "http://www.ontology-of-units-of-measure.org/resource/om-2/centimeter"}, "geometry": {"type": "MultiPoint", "coordinates": [[8.500203012581297, 53.913586276359375]]}}, {"type": "Feature", "id": "https://gdi-de.github.io/apworkshop2026/MOBG1113", "name": "Baum MOBG1113 (gdide:MOBG1113)", "dateprops": [], "properties": {"http://www.w3.org/2000/01/rdf-schema#label": "Baum MOBG1113", "http://rdfs.org/ns/void#inDataset.value": "72757", "http://www.w3.org/2000/01/rdf-schema#comment": "sonst. \u00f6ff. Fl\u00e4chen", "http://www.wikidata.org/prop/direct/P2547.value": "9.0", "http://www.wikidata.org/prop/direct/P2547.unit": "http://www.ontology-of-units-of-measure.org/resource/om-2/meter", "http://www.wikidata.org/prop/direct/P3018": "Moorburg", "https://gdi-de.github.io/apworkshop2026/ont#stammdurchmesser.value": "41.0", "https://gdi-de.github.io/apworkshop2026/ont#stammdurchmesser.unit": "http://www.ontology-of-units-of-measure.org/resource/om-2/centimeter"}, "geometry": {"type": "MultiPoint", "coordinates": [[9.940955021569925, 53.48803851488259]]}}, {"type": "Feature", "id": "https://gdi-de.github.io/apworkshop2026/NEUW67", "name": "Baum NEUW67 (gdide:NEUW67)", "dateprops": [], "properties": {"http://www.w3.org/2000/01/rdf-schema#label": "Baum NEUW67", "http://rdfs.org/ns/void#inDataset.value": "72757", "http://www.w3.org/2000/01/rdf-schema#comment": "Liegenschaftsamt", "http://www.wikidata.org/prop/direct/P2547.value": "6.0", "http://www.wikidata.org/prop/direct/P2547.unit": "http://www.ontology-of-units-of-measure.org/resource/om-2/meter", "http://www.wikidata.org/prop/direct/P3018": "Neuwerk", "https://gdi-de.github.io/apworkshop2026/ont#stammdurchmesser.value": "27.0", "https://gdi-de.github.io/apworkshop2026/ont#stammdurchmesser.unit": "http://www.ontology-of-units-of-measure.org/resource/om-2/centimeter"}, "geometry": {"type": "MultiPoint", "coordinates": [[8.496314583008763, 53.91398478571714]]}}, {"type": "Feature", "id": "https://gdi-de.github.io/apworkshop2026/NEUW482", "name": "Baum NEUW482 (gdide:NEUW482)", "dateprops": [], "properties": {"http://www.w3.org/2000/01/rdf-schema#label": "Baum NEUW482", "http://rdfs.org/ns/void#inDataset.value": "72757", "http://www.w3.org/2000/01/rdf-schema#comment": "HPA", "http://www.wikidata.org/prop/direct/P2547.value": "5.0", "http://www.wikidata.org/prop/direct/P2547.unit": "http://www.ontology-of-units-of-measure.org/resource/om-2/meter", "http://www.wikidata.org/prop/direct/P3018": "Neuwerk", "https://gdi-de.github.io/apworkshop2026/ont#stammdurchmesser.value": "37.0", "https://gdi-de.github.io/apworkshop2026/ont#stammdurchmesser.unit": "http://www.ontology-of-units-of-measure.org/resource/om-2/centimeter"}, "geometry": {"type": "MultiPoint", "coordinates": [[8.498507478415133, 53.92222441079659]]}}, {"type": "Feature", "id": "https://gdi-de.github.io/apworkshop2026/NEUW614", "name": "Baum NEUW614 (gdide:NEUW614)", "dateprops": [], "properties": {"http://www.w3.org/2000/01/rdf-schema#label": "Baum NEUW614", "http://rdfs.org/ns/void#inDataset.value": "72757", "http://www.w3.org/2000/01/rdf-schema#comment": "Liegenschaftsamt", "http://www.wikidata.org/prop/direct/P2547.value": "4.0", "http://www.wikidata.org/prop/direct/P2547.unit": "http://www.ontology-of-units-of-measure.org/resource/om-2/meter", "http://www.wikidata.org/prop/direct/P3018": "Neuwerk", "https://gdi-de.github.io/apworkshop2026/ont#stammdurchmesser.value": "25.0", "https://gdi-de.github.io/apworkshop2026/ont#stammdurchmesser.unit": "http://www.ontology-of-units-of-measure.org/resource/om-2/centimeter"}, "geometry": {"type": "MultiPoint", "coordinates": [[8.495882313694045, 53.91571986056364]]}}, {"type": "Feature", "id": "https://gdi-de.github.io/apworkshop2026/BFAS516", "name": "Baum BFAS516 (gdide:BFAS516)", "dateprops": [], "properties": {"http://www.w3.org/2000/01/rdf-schema#label": "Baum BFAS516", "http://rdfs.org/ns/void#inDataset.value": "72757", "http://www.w3.org/2000/01/rdf-schema#comment": "sonst. \u00f6ff. Fl\u00e4chen", "http://www.wikidata.org/prop/direct/P2547.value": "9.0", "http://www.wikidata.org/prop/direct/P2547.unit": "http://www.ontology-of-units-of-measure.org/resource/om-2/meter", "http://www.wikidata.org/prop/direct/P3018": "Bahnhof Alte S\u00fcderelbe S\u00fcd", "https://gdi-de.github.io/apworkshop2026/ont#stammdurchmesser.value": "48.0", "https://gdi-de.github.io/apworkshop2026/ont#stammdurchmesser.unit": "http://www.ontology-of-units-of-measure.org/resource/om-2/centimeter"}, "geometry": {"type": "MultiPoint", "coordinates": [[9.911644332338877, 53.5047480992718]]}}, {"type": "Feature", "id": "https://gdi-de.github.io/apworkshop2026/BFAS34", "name": "Baum BFAS34 (gdide:BFAS34)", "dateprops": [], "properties": {"http://www.w3.org/2000/01/rdf-schema#label": "Baum BFAS34", "http://rdfs.org/ns/void#inDataset.value": "72757", "http://www.w3.org/2000/01/rdf-schema#comment": "Bahn", "http://www.wikidata.org/prop/direct/P2547.value": "8.0", "http://www.wikidata.org/prop/direct/P2547.unit": "http://www.ontology-of-units-of-measure.org/resource/om-2/meter", "http://www.wikidata.org/prop/direct/P3018": "Bahnhof Alte S\u00fcderelbe S\u00fcd", "https://gdi-de.github.io/apworkshop2026/ont#stammdurchmesser.value": "38.0", "https://gdi-de.github.io/apworkshop2026/ont#stammdurchmesser.unit": "http://www.ontology-of-units-of-measure.org/resource/om-2/centimeter"}, "geometry": {"type": "MultiPoint", "coordinates": [[9.907592184805814, 53.503757027676905]]}}, {"type": "Feature", "id": "https://gdi-de.github.io/apworkshop2026/NEUW83", "name": "Baum NEUW83 (gdide:NEUW83)", "dateprops": [], "properties": {"http://www.w3.org/2000/01/rdf-schema#label": "Baum NEUW83", "http://rdfs.org/ns/void#inDataset.value": "72757", "http://www.w3.org/2000/01/rdf-schema#comment": "Liegenschaftsamt", "http://www.wikidata.org/prop/direct/P2547.value": "10.0", "http://www.wikidata.org/prop/direct/P2547.unit": "http://www.ontology-of-units-of-measure.org/resource/om-2/meter", "http://www.wikidata.org/prop/direct/P3018": "Neuwerk", "https://gdi-de.github.io/apworkshop2026/ont#stammdurchmesser.value": "42.0", "https://gdi-de.github.io/apworkshop2026/ont#stammdurchmesser.unit": "http://www.ontology-of-units-of-measure.org/resource/om-2/centimeter"}, "geometry": {"type": "MultiPoint", "coordinates": [[8.496795280500448, 53.914263851645636]]}}, {"type": "Feature", "id": "https://gdi-de.github.io/apworkshop2026/NEUW39", "name": "Baum NEUW39 (gdide:NEUW39)", "dateprops": [], "properties": {"http://www.w3.org/2000/01/rdf-schema#label": "Baum NEUW39", "http://rdfs.org/ns/void#inDataset.value": "72757", "http://www.w3.org/2000/01/rdf-schema#comment": "Liegenschaftsamt", "http://www.wikidata.org/prop/direct/P2547.value": "5.0", "http://www.wikidata.org/prop/direct/P2547.unit": "http://www.ontology-of-units-of-measure.org/resource/om-2/meter", "http://www.wikidata.org/prop/direct/P3018": "Neuwerk", "https://gdi-de.github.io/apworkshop2026/ont#stammdurchmesser.value": "37.0", "https://gdi-de.github.io/apworkshop2026/ont#stammdurchmesser.unit": "http://www.ontology-of-units-of-measure.org/resource/om-2/centimeter"}, "geometry": {"type": "MultiPoint", "coordinates": [[8.496645648123573, 53.91428866658681]]}}, {"type": "Feature", "id": "https://gdi-de.github.io/apworkshop2026/NEUW87", "name": "Baum NEUW87 (gdide:NEUW87)", "dateprops": [], "properties": {"http://www.w3.org/2000/01/rdf-schema#label": "Baum NEUW87", "http://rdfs.org/ns/void#inDataset.value": "72757", "http://www.w3.org/2000/01/rdf-schema#comment": "Liegenschaftsamt", "http://www.wikidata.org/prop/direct/P2547.value": "3.0", "http://www.wikidata.org/prop/direct/P2547.unit": "http://www.ontology-of-units-of-measure.org/resource/om-2/meter", "http://www.wikidata.org/prop/direct/P3018": "Neuwerk", "https://gdi-de.github.io/apworkshop2026/ont#stammdurchmesser.value": "33.0", "https://gdi-de.github.io/apworkshop2026/ont#stammdurchmesser.unit": "http://www.ontology-of-units-of-measure.org/resource/om-2/centimeter"}, "geometry": {"type": "MultiPoint", "coordinates": [[8.496718231998528, 53.91408318890553]]}}, {"type": "Feature", "id": "https://gdi-de.github.io/apworkshop2026/GZAW472", "name": "Baum GZAW472 (gdide:GZAW472)", "dateprops": [], "properties": {"http://www.w3.org/2000/01/rdf-schema#label": "Baum GZAW472", "http://rdfs.org/ns/void#inDataset.value": "72757", "http://www.w3.org/2000/01/rdf-schema#comment": "sonst. \u00f6ff. Fl\u00e4chen", "http://www.wikidata.org/prop/direct/P2547.value": "8.0", "http://www.wikidata.org/prop/direct/P2547.unit": "http://www.ontology-of-units-of-measure.org/resource/om-2/meter", "http://www.wikidata.org/prop/direct/P3018": "Gr\u00fcnzug Altenwerder", "https://gdi-de.github.io/apworkshop2026/ont#stammdurchmesser.value": "45.0", "https://gdi-de.github.io/apworkshop2026/ont#stammdurchmesser.unit": "http://www.ontology-of-units-of-measure.org/resource/om-2/centimeter"}, "geometry": {"type": "MultiPoint", "coordinates": [[9.91755466300345, 53.504033463621155]]}}, {"type": "Feature", "id": "https://gdi-de.github.io/apworkshop2026/BFASN350", "name": "Baum BFASN350 (gdide:BFASN350)", "dateprops": [], "properties": {"http://www.w3.org/2000/01/rdf-schema#label": "Baum BFASN350", "http://rdfs.org/ns/void#inDataset.value": "72757", "http://www.w3.org/2000/01/rdf-schema#comment": "nan", "http://www.wikidata.org/prop/direct/P2547.value": "4.0", "http://www.wikidata.org/prop/direct/P2547.unit": "http://www.ontology-of-units-of-measure.org/resource/om-2/meter", "http://www.wikidata.org/prop/direct/P3018": "Bahnhof Alte S\u00fcderelbe Nord", "https://gdi-de.github.io/apworkshop2026/ont#stammdurchmesser.value": "31.0", "https://gdi-de.github.io/apworkshop2026/ont#stammdurchmesser.unit": "http://www.ontology-of-units-of-measure.org/resource/om-2/centimeter"}, "geometry": {"type": "MultiPoint", "coordinates": [[9.907710537844496, 53.50574166943151]]}}, {"type": "Feature", "id": "https://gdi-de.github.io/apworkshop2026/NEUW69", "name": "Baum NEUW69 (gdide:NEUW69)", "dateprops": [], "properties": {"http://www.w3.org/2000/01/rdf-schema#label": "Baum NEUW69", "http://rdfs.org/ns/void#inDataset.value": "72757", "http://www.w3.org/2000/01/rdf-schema#comment": "Liegenschaftsamt", "http://www.wikidata.org/prop/direct/P2547.value": "6.0", "http://www.wikidata.org/prop/direct/P2547.unit": "http://www.ontology-of-units-of-measure.org/resource/om-2/meter", "http://www.wikidata.org/prop/direct/P3018": "Neuwerk", "https://gdi-de.github.io/apworkshop2026/ont#stammdurchmesser.value": "37.0", "https://gdi-de.github.io/apworkshop2026/ont#stammdurchmesser.unit": "http://www.ontology-of-units-of-measure.org/resource/om-2/centimeter"}, "geometry": {"type": "MultiPoint", "coordinates": [[8.496168076769077, 53.91405353252221]]}}, {"type": "Feature", "id": "https://gdi-de.github.io/apworkshop2026/BFASN362", "name": "Baum BFASN362 (gdide:BFASN362)", "dateprops": [], "properties": {"http://www.w3.org/2000/01/rdf-schema#label": "Baum BFASN362", "http://rdfs.org/ns/void#inDataset.value": "72757", "http://www.w3.org/2000/01/rdf-schema#comment": "sonst. \u00f6ff. Fl\u00e4chen", "http://www.wikidata.org/prop/direct/P2547.value": "6.0", "http://www.wikidata.org/prop/direct/P2547.unit": "http://www.ontology-of-units-of-measure.org/resource/om-2/meter", "http://www.wikidata.org/prop/direct/P3018": "Bahnhof Alte S\u00fcderelbe Nord", "https://gdi-de.github.io/apworkshop2026/ont#stammdurchmesser.value": "38.0", "https://gdi-de.github.io/apworkshop2026/ont#stammdurchmesser.unit": "http://www.ontology-of-units-of-measure.org/resource/om-2/centimeter"}, "geometry": {"type": "MultiPoint", "coordinates": [[9.911544951718996, 53.50757107973368]]}}, {"type": "Feature", "id": "https://gdi-de.github.io/apworkshop2026/NEUW558", "name": "Baum NEUW558 (gdide:NEUW558)", "dateprops": [], "properties": {"http://www.w3.org/2000/01/rdf-schema#label": "Baum NEUW558", "http://rdfs.org/ns/void#inDataset.value": "72757", "http://www.w3.org/2000/01/rdf-schema#comment": "BUKEA", "http://www.wikidata.org/prop/direct/P2547.value": "6.0", "http://www.wikidata.org/prop/direct/P2547.unit": "http://www.ontology-of-units-of-measure.org/resource/om-2/meter", "http://www.wikidata.org/prop/direct/P3018": "Neuwerk", "https://gdi-de.github.io/apworkshop2026/ont#stammdurchmesser.value": "27.0", "https://gdi-de.github.io/apworkshop2026/ont#stammdurchmesser.unit": "http://www.ontology-of-units-of-measure.org/resource/om-2/centimeter"}, "geometry": {"type": "MultiPoint", "coordinates": [[8.49984125203323, 53.921972007065065]]}}, {"type": "Feature", "id": "https://gdi-de.github.io/apworkshop2026/NEUW463", "name": "Baum NEUW463 (gdide:NEUW463)", "dateprops": [], "properties": {"http://www.w3.org/2000/01/rdf-schema#label": "Baum NEUW463", "http://rdfs.org/ns/void#inDataset.value": "72757", "http://www.w3.org/2000/01/rdf-schema#comment": "Liegenschaftsamt", "http://www.wikidata.org/prop/direct/P2547.value": "4.0", "http://www.wikidata.org/prop/direct/P2547.unit": "http://www.ontology-of-units-of-measure.org/resource/om-2/meter", "http://www.wikidata.org/prop/direct/P3018": "Neuwerk", "https://gdi-de.github.io/apworkshop2026/ont#stammdurchmesser.value": "25.0", "https://gdi-de.github.io/apworkshop2026/ont#stammdurchmesser.unit": "http://www.ontology-of-units-of-measure.org/resource/om-2/centimeter"}, "geometry": {"type": "MultiPoint", "coordinates": [[8.498502591579987, 53.92174596231309]]}}, {"type": "Feature", "id": "https://gdi-de.github.io/apworkshop2026/HOHS242", "name": "Baum HOHS242 (gdide:HOHS242)", "dateprops": [], "properties": {"http://www.w3.org/2000/01/rdf-schema#label": "Baum HOHS242", "http://rdfs.org/ns/void#inDataset.value": "72757", "http://www.w3.org/2000/01/rdf-schema#comment": "Stra\u00dfe", "http://www.wikidata.org/prop/direct/P2547.value": "4.0", "http://www.wikidata.org/prop/direct/P2547.unit": "http://www.ontology-of-units-of-measure.org/resource/om-2/meter", "http://www.wikidata.org/prop/direct/P3018": "Hohe Schaar", "https://gdi-de.github.io/apworkshop2026/ont#stammdurchmesser.value": "17.0", "https://gdi-de.github.io/apworkshop2026/ont#stammdurchmesser.unit": "http://www.ontology-of-units-of-measure.org/resource/om-2/centimeter"}, "geometry": {"type": "MultiPoint", "coordinates": [[9.972398463999069, 53.49175901079738]]}}, {"type": "Feature", "id": "https://gdi-de.github.io/apworkshop2026/NEUW363", "name": "Baum NEUW363 (gdide:NEUW363)", "dateprops": [], "properties": {"http://www.w3.org/2000/01/rdf-schema#label": "Baum NEUW363", "http://rdfs.org/ns/void#inDataset.value": "72757", "http://www.w3.org/2000/01/rdf-schema#comment": "BUKEA", "http://www.wikidata.org/prop/direct/P2547.value": "8.0", "http://www.wikidata.org/prop/direct/P2547.unit": "http://www.ontology-of-units-of-measure.org/resource/om-2/meter", "http://www.wikidata.org/prop/direct/P3018": "Neuwerk", "https://gdi-de.github.io/apworkshop2026/ont#stammdurchmesser.value": "41.0", "https://gdi-de.github.io/apworkshop2026/ont#stammdurchmesser.unit": "http://www.ontology-of-units-of-measure.org/resource/om-2/centimeter"}, "geometry": {"type": "MultiPoint", "coordinates": [[8.498504208547498, 53.91343817236642]]}}, {"type": "Feature", "id": "https://gdi-de.github.io/apworkshop2026/NEUW633", "name": "Baum NEUW633 (gdide:NEUW633)", "dateprops": [], "properties": {"http://www.w3.org/2000/01/rdf-schema#label": "Baum NEUW633", "http://rdfs.org/ns/void#inDataset.value": "72757", "http://www.w3.org/2000/01/rdf-schema#comment": "BUKEA", "http://www.wikidata.org/prop/direct/P2547.value": "5.0", "http://www.wikidata.org/prop/direct/P2547.unit": "http://www.ontology-of-units-of-measure.org/resource/om-2/meter", "http://www.wikidata.org/prop/direct/P3018": "Neuwerk", "https://gdi-de.github.io/apworkshop2026/ont#stammdurchmesser.value": "25.0", "https://gdi-de.github.io/apworkshop2026/ont#stammdurchmesser.unit": "http://www.ontology-of-units-of-measure.org/resource/om-2/centimeter"}, "geometry": {"type": "MultiPoint", "coordinates": [[8.495714319752762, 53.915621260179265]]}}, {"type": "Feature", "id": "https://gdi-de.github.io/apworkshop2026/SCHG98", "name": "Baum SCHG98 (gdide:SCHG98)", "dateprops": [], "properties": {"http://www.w3.org/2000/01/rdf-schema#label": "Baum SCHG98", "http://rdfs.org/ns/void#inDataset.value": "72757", "http://www.w3.org/2000/01/rdf-schema#comment": "Stra\u00dfe", "http://www.wikidata.org/prop/direct/P2547.value": "9.0", "http://www.wikidata.org/prop/direct/P2547.unit": "http://www.ontology-of-units-of-measure.org/resource/om-2/meter", "http://www.wikidata.org/prop/direct/P3018": "Schluisgrove", "https://gdi-de.github.io/apworkshop2026/ont#stammdurchmesser.value": "39.0", "https://gdi-de.github.io/apworkshop2026/ont#stammdurchmesser.unit": "http://www.ontology-of-units-of-measure.org/resource/om-2/centimeter"}, "geometry": {"type": "MultiPoint", "coordinates": [[9.984950794143977, 53.50175933049186]]}}, {"type": "Feature", "id": "https://gdi-de.github.io/apworkshop2026/NEUW128", "name": "Baum NEUW128 (gdide:NEUW128)", "dateprops": [], "properties": {"http://www.w3.org/2000/01/rdf-schema#label": "Baum NEUW128", "http://rdfs.org/ns/void#inDataset.value": "72757", "http://www.w3.org/2000/01/rdf-schema#comment": "\u00f6ffentliche Gr\u00fcnfl\u00e4che", "http://www.wikidata.org/prop/direct/P2547.value": "7.0", "http://www.wikidata.org/prop/direct/P2547.unit": "http://www.ontology-of-units-of-measure.org/resource/om-2/meter", "http://www.wikidata.org/prop/direct/P3018": "Neuwerk", "https://gdi-de.github.io/apworkshop2026/ont#stammdurchmesser.value": "27.0", "https://gdi-de.github.io/apworkshop2026/ont#stammdurchmesser.unit": "http://www.ontology-of-units-of-measure.org/resource/om-2/centimeter"}, "geometry": {"type": "MultiPoint", "coordinates": [[8.496004017448739, 53.91360138779439]]}}, {"type": "Feature", "id": "https://gdi-de.github.io/apworkshop2026/GZAW458", "name": "Baum GZAW458 (gdide:GZAW458)", "dateprops": [], "properties": {"http://www.w3.org/2000/01/rdf-schema#label": "Baum GZAW458", "http://rdfs.org/ns/void#inDataset.value": "72757", "http://www.w3.org/2000/01/rdf-schema#comment": "sonst. \u00f6ff. Fl\u00e4chen", "http://www.wikidata.org/prop/direct/P2547.value": "10.0", "http://www.wikidata.org/prop/direct/P2547.unit": "http://www.ontology-of-units-of-measure.org/resource/om-2/meter", "http://www.wikidata.org/prop/direct/P3018": "Gr\u00fcnzug Altenwerder", "https://gdi-de.github.io/apworkshop2026/ont#stammdurchmesser.value": "37.0", "https://gdi-de.github.io/apworkshop2026/ont#stammdurchmesser.unit": "http://www.ontology-of-units-of-measure.org/resource/om-2/centimeter"}, "geometry": {"type": "MultiPoint", "coordinates": [[9.917310087684196, 53.504801885060004]]}}, {"type": "Feature", "id": "https://gdi-de.github.io/apworkshop2026/NEUW533", "name": "Baum NEUW533 (gdide:NEUW533)", "dateprops": [], "properties": {"http://www.w3.org/2000/01/rdf-schema#label": "Baum NEUW533", "http://rdfs.org/ns/void#inDataset.value": "72757", "http://www.w3.org/2000/01/rdf-schema#comment": "BUKEA", "http://www.wikidata.org/prop/direct/P2547.value": "3.0", "http://www.wikidata.org/prop/direct/P2547.unit": "http://www.ontology-of-units-of-measure.org/resource/om-2/meter", "http://www.wikidata.org/prop/direct/P3018": "Neuwerk", "https://gdi-de.github.io/apworkshop2026/ont#stammdurchmesser.value": "28.0", "https://gdi-de.github.io/apworkshop2026/ont#stammdurchmesser.unit": "http://www.ontology-of-units-of-measure.org/resource/om-2/centimeter"}, "geometry": {"type": "MultiPoint", "coordinates": [[8.50018404914565, 53.922069825396356]]}}, {"type": "Feature", "id": "https://gdi-de.github.io/apworkshop2026/NEUW63", "name": "Baum NEUW63 (gdide:NEUW63)", "dateprops": [], "properties": {"http://www.w3.org/2000/01/rdf-schema#label": "Baum NEUW63", "http://rdfs.org/ns/void#inDataset.value": "72757", "http://www.w3.org/2000/01/rdf-schema#comment": "Liegenschaftsamt", "http://www.wikidata.org/prop/direct/P2547.value": "7.0", "http://www.wikidata.org/prop/direct/P2547.unit": "http://www.ontology-of-units-of-measure.org/resource/om-2/meter", "http://www.wikidata.org/prop/direct/P3018": "Neuwerk", "https://gdi-de.github.io/apworkshop2026/ont#stammdurchmesser.value": "30.0", "https://gdi-de.github.io/apworkshop2026/ont#stammdurchmesser.unit": "http://www.ontology-of-units-of-measure.org/resource/om-2/centimeter"}, "geometry": {"type": "MultiPoint", "coordinates": [[8.496335558670648, 53.9140831677413]]}}, {"type": "Feature", "id": "https://gdi-de.github.io/apworkshop2026/MOBG771", "name": "Baum MOBG771 (gdide:MOBG771)", "dateprops": [], "properties": {"http://www.w3.org/2000/01/rdf-schema#label": "Baum MOBG771", "http://rdfs.org/ns/void#inDataset.value": "72757", "http://www.w3.org/2000/01/rdf-schema#comment": "sonst. \u00f6ff. Fl\u00e4chen", "http://www.wikidata.org/prop/direct/P2547.value": "5.0", "http://www.wikidata.org/prop/direct/P2547.unit": "http://www.ontology-of-units-of-measure.org/resource/om-2/meter", "http://www.wikidata.org/prop/direct/P3018": "Moorburg", "https://gdi-de.github.io/apworkshop2026/ont#stammdurchmesser.value": "29.0", "https://gdi-de.github.io/apworkshop2026/ont#stammdurchmesser.unit": "http://www.ontology-of-units-of-measure.org/resource/om-2/centimeter"}, "geometry": {"type": "MultiPoint", "coordinates": [[9.93857419860612, 53.485754575938735]]}}, {"type": "Feature", "id": "https://gdi-de.github.io/apworkshop2026/NEUW398", "name": "Baum NEUW398 (gdide:NEUW398)", "dateprops": [], "properties": {"http://www.w3.org/2000/01/rdf-schema#label": "Baum NEUW398", "http://rdfs.org/ns/void#inDataset.value": "72757", "http://www.w3.org/2000/01/rdf-schema#comment": "BUKEA", "http://www.wikidata.org/prop/direct/P2547.value": "3.0", "http://www.wikidata.org/prop/direct/P2547.unit": "http://www.ontology-of-units-of-measure.org/resource/om-2/meter", "http://www.wikidata.org/prop/direct/P3018": "Neuwerk", "https://gdi-de.github.io/apworkshop2026/ont#stammdurchmesser.value": "19.0", "https://gdi-de.github.io/apworkshop2026/ont#stammdurchmesser.unit": "http://www.ontology-of-units-of-measure.org/resource/om-2/centimeter"}, "geometry": {"type": "MultiPoint", "coordinates": [[8.49875866533488, 53.92184469635671]]}}, {"type": "Feature", "id": "https://gdi-de.github.io/apworkshop2026/NEUW328", "name": "Baum NEUW328 (gdide:NEUW328)", "dateprops": [], "properties": {"http://www.w3.org/2000/01/rdf-schema#label": "Baum NEUW328", "http://rdfs.org/ns/void#inDataset.value": "72757", "http://www.w3.org/2000/01/rdf-schema#comment": "BUKEA", "http://www.wikidata.org/prop/direct/P2547.value": "6.0", "http://www.wikidata.org/prop/direct/P2547.unit": "http://www.ontology-of-units-of-measure.org/resource/om-2/meter", "http://www.wikidata.org/prop/direct/P3018": "Neuwerk", "https://gdi-de.github.io/apworkshop2026/ont#stammdurchmesser.value": "21.0", "https://gdi-de.github.io/apworkshop2026/ont#stammdurchmesser.unit": "http://www.ontology-of-units-of-measure.org/resource/om-2/centimeter"}, "geometry": {"type": "MultiPoint", "coordinates": [[8.49681328273874, 53.913673029467176]]}}, {"type": "Feature", "id": "https://gdi-de.github.io/apworkshop2026/WITB144", "name": "Baum WITB144 (gdide:WITB144)", "dateprops": [], "properties": {"http://www.w3.org/2000/01/rdf-schema#label": "Baum WITB144", "http://rdfs.org/ns/void#inDataset.value": "72757", "http://www.w3.org/2000/01/rdf-schema#comment": "Privatgrund", "http://www.wikidata.org/prop/direct/P2547.value": "4.0", "http://www.wikidata.org/prop/direct/P2547.unit": "http://www.ontology-of-units-of-measure.org/resource/om-2/meter", "http://www.wikidata.org/prop/direct/P3018": "Wittenbergen", "https://gdi-de.github.io/apworkshop2026/ont#stammdurchmesser.value": "18.0", "https://gdi-de.github.io/apworkshop2026/ont#stammdurchmesser.unit": "http://www.ontology-of-units-of-measure.org/resource/om-2/centimeter"}, "geometry": {"type": "MultiPoint", "coordinates": [[9.766832512907037, 53.56471922849381]]}}, {"type": "Feature", "id": "https://gdi-de.github.io/apworkshop2026/GZAW461", "name": "Baum GZAW461 (gdide:GZAW461)", "dateprops": [], "properties": {"http://www.w3.org/2000/01/rdf-schema#label": "Baum GZAW461", "http://rdfs.org/ns/void#inDataset.value": "72757", "http://www.w3.org/2000/01/rdf-schema#comment": "sonst. \u00f6ff. Fl\u00e4chen", "http://www.wikidata.org/prop/direct/P2547.value": "15.0", "http://www.wikidata.org/prop/direct/P2547.unit": "http://www.ontology-of-units-of-measure.org/resource/om-2/meter", "http://www.wikidata.org/prop/direct/P3018": "Gr\u00fcnzug Altenwerder", "https://gdi-de.github.io/apworkshop2026/ont#stammdurchmesser.value": "43.0", "https://gdi-de.github.io/apworkshop2026/ont#stammdurchmesser.unit": "http://www.ontology-of-units-of-measure.org/resource/om-2/centimeter"}, "geometry": {"type": "MultiPoint", "coordinates": [[9.917320696787701, 53.50475588905245]]}}, {"type": "Feature", "id": "https://gdi-de.github.io/apworkshop2026/NEUW444", "name": "Baum NEUW444 (gdide:NEUW444)", "dateprops": [], "properties": {"http://www.w3.org/2000/01/rdf-schema#label": "Baum NEUW444", "http://rdfs.org/ns/void#inDataset.value": "72757", "http://www.w3.org/2000/01/rdf-schema#comment": "BUKEA", "http://www.wikidata.org/prop/direct/P2547.value": "5.0", "http://www.wikidata.org/prop/direct/P2547.unit": "http://www.ontology-of-units-of-measure.org/resource/om-2/meter", "http://www.wikidata.org/prop/direct/P3018": "Neuwerk", "https://gdi-de.github.io/apworkshop2026/ont#stammdurchmesser.value": "38.0", "https://gdi-de.github.io/apworkshop2026/ont#stammdurchmesser.unit": "http://www.ontology-of-units-of-measure.org/resource/om-2/centimeter"}, "geometry": {"type": "MultiPoint", "coordinates": [[8.500036411028702, 53.92238533834056]]}}, {"type": "Feature", "id": "https://gdi-de.github.io/apworkshop2026/NEUW380", "name": "Baum NEUW380 (gdide:NEUW380)", "dateprops": [], "properties": {"http://www.w3.org/2000/01/rdf-schema#label": "Baum NEUW380", "http://rdfs.org/ns/void#inDataset.value": "72757", "http://www.w3.org/2000/01/rdf-schema#comment": "BUKEA", "http://www.wikidata.org/prop/direct/P2547.value": "1.5", "http://www.wikidata.org/prop/direct/P2547.unit": "http://www.ontology-of-units-of-measure.org/resource/om-2/meter", "http://www.wikidata.org/prop/direct/P3018": "Neuwerk", "https://gdi-de.github.io/apworkshop2026/ont#stammdurchmesser.value": "13.0", "https://gdi-de.github.io/apworkshop2026/ont#stammdurchmesser.unit": "http://www.ontology-of-units-of-measure.org/resource/om-2/centimeter"}, "geometry": {"type": "MultiPoint", "coordinates": [[8.499284287573921, 53.913328068921835]]}}, {"type": "Feature", "id": "https://gdi-de.github.io/apworkshop2026/BFHS420", "name": "Baum BFHS420 (gdide:BFHS420)", "dateprops": [], "properties": {"http://www.w3.org/2000/01/rdf-schema#label": "Baum BFHS420", "http://rdfs.org/ns/void#inDataset.value": "72757", "http://www.w3.org/2000/01/rdf-schema#comment": "sonst. \u00f6ff. Fl\u00e4chen", "http://www.wikidata.org/prop/direct/P2547.value": "4.0", "http://www.wikidata.org/prop/direct/P2547.unit": "http://www.ontology-of-units-of-measure.org/resource/om-2/meter", "http://www.wikidata.org/prop/direct/P3018": "Bahnhof Hohe Schaar", "https://gdi-de.github.io/apworkshop2026/ont#stammdurchmesser.value": "19.0", "https://gdi-de.github.io/apworkshop2026/ont#stammdurchmesser.unit": "http://www.ontology-of-units-of-measure.org/resource/om-2/centimeter"}, "geometry": {"type": "MultiPoint", "coordinates": [[9.964040358932564, 53.49755603574067]]}}, {"type": "Feature", "id": "https://gdi-de.github.io/apworkshop2026/PIOI379", "name": "Baum PIOI379 (gdide:PIOI379)", "dateprops": [], "properties": {"http://www.w3.org/2000/01/rdf-schema#label": "Baum PIOI379", "http://rdfs.org/ns/void#inDataset.value": "72757", "http://www.w3.org/2000/01/rdf-schema#comment": "Wasserwirtschaft", "http://www.wikidata.org/prop/direct/P2547.value": "1.5", "http://www.wikidata.org/prop/direct/P2547.unit": "http://www.ontology-of-units-of-measure.org/resource/om-2/meter", "http://www.wikidata.org/prop/direct/P3018": "Pionierinsel", "https://gdi-de.github.io/apworkshop2026/ont#stammdurchmesser.value": "5.0", "https://gdi-de.github.io/apworkshop2026/ont#stammdurchmesser.unit": "http://www.ontology-of-units-of-measure.org/resource/om-2/centimeter"}, "geometry": {"type": "MultiPoint", "coordinates": [[10.003534511921142, 53.47109064837072]]}}, {"type": "Feature", "id": "https://gdi-de.github.io/apworkshop2026/NEUW140", "name": "Baum NEUW140 (gdide:NEUW140)", "dateprops": [], "properties": {"http://www.w3.org/2000/01/rdf-schema#label": "Baum NEUW140", "http://rdfs.org/ns/void#inDataset.value": "72757", "http://www.w3.org/2000/01/rdf-schema#comment": "Bezirksamt", "http://www.wikidata.org/prop/direct/P2547.value": "10.0", "http://www.wikidata.org/prop/direct/P2547.unit": "http://www.ontology-of-units-of-measure.org/resource/om-2/meter", "http://www.wikidata.org/prop/direct/P3018": "Neuwerk", "https://gdi-de.github.io/apworkshop2026/ont#stammdurchmesser.value": "47.0", "https://gdi-de.github.io/apworkshop2026/ont#stammdurchmesser.unit": "http://www.ontology-of-units-of-measure.org/resource/om-2/centimeter"}, "geometry": {"type": "MultiPoint", "coordinates": [[8.500415931269938, 53.91380317466422]]}}, {"type": "Feature", "id": "https://gdi-de.github.io/apworkshop2026/NEUW529", "name": "Baum NEUW529 (gdide:NEUW529)", "dateprops": [], "properties": {"http://www.w3.org/2000/01/rdf-schema#label": "Baum NEUW529", "http://rdfs.org/ns/void#inDataset.value": "72757", "http://www.w3.org/2000/01/rdf-schema#comment": "BUKEA", "http://www.wikidata.org/prop/direct/P2547.value": "8.0", "http://www.wikidata.org/prop/direct/P2547.unit": "http://www.ontology-of-units-of-measure.org/resource/om-2/meter", "http://www.wikidata.org/prop/direct/P3018": "Neuwerk", "https://gdi-de.github.io/apworkshop2026/ont#stammdurchmesser.value": "44.0", "https://gdi-de.github.io/apworkshop2026/ont#stammdurchmesser.unit": "http://www.ontology-of-units-of-measure.org/resource/om-2/centimeter"}, "geometry": {"type": "MultiPoint", "coordinates": [[8.500358097731947, 53.922143240572254]]}}, {"type": "Feature", "id": "https://gdi-de.github.io/apworkshop2026/NEUW560", "name": "Baum NEUW560 (gdide:NEUW560)", "dateprops": [], "properties": {"http://www.w3.org/2000/01/rdf-schema#label": "Baum NEUW560", "http://rdfs.org/ns/void#inDataset.value": "72757", "http://www.w3.org/2000/01/rdf-schema#comment": "BUKEA", "http://www.wikidata.org/prop/direct/P2547.value": "8.0", "http://www.wikidata.org/prop/direct/P2547.unit": "http://www.ontology-of-units-of-measure.org/resource/om-2/meter", "http://www.wikidata.org/prop/direct/P3018": "Neuwerk", "https://gdi-de.github.io/apworkshop2026/ont#stammdurchmesser.value": "32.0", "https://gdi-de.github.io/apworkshop2026/ont#stammdurchmesser.unit": "http://www.ontology-of-units-of-measure.org/resource/om-2/centimeter"}, "geometry": {"type": "MultiPoint", "coordinates": [[8.499714589578168, 53.92195087328159]]}}, {"type": "Feature", "id": "https://gdi-de.github.io/apworkshop2026/NEUW497", "name": "Baum NEUW497 (gdide:NEUW497)", "dateprops": [], "properties": {"http://www.w3.org/2000/01/rdf-schema#label": "Baum NEUW497", "http://rdfs.org/ns/void#inDataset.value": "72757", "http://www.w3.org/2000/01/rdf-schema#comment": "Liegenschaftsamt", "http://www.wikidata.org/prop/direct/P2547.value": "6.0", "http://www.wikidata.org/prop/direct/P2547.unit": "http://www.ontology-of-units-of-measure.org/resource/om-2/meter", "http://www.wikidata.org/prop/direct/P3018": "Neuwerk", "https://gdi-de.github.io/apworkshop2026/ont#stammdurchmesser.value": "42.0", "https://gdi-de.github.io/apworkshop2026/ont#stammdurchmesser.unit": "http://www.ontology-of-units-of-measure.org/resource/om-2/centimeter"}, "geometry": {"type": "MultiPoint", "coordinates": [[8.496113135806299, 53.91596910644048]]}}, {"type": "Feature", "id": "https://gdi-de.github.io/apworkshop2026/NEUW596", "name": "Baum NEUW596 (gdide:NEUW596)", "dateprops": [], "properties": {"http://www.w3.org/2000/01/rdf-schema#label": "Baum NEUW596", "http://rdfs.org/ns/void#inDataset.value": "72757", "http://www.w3.org/2000/01/rdf-schema#comment": "Liegenschaftsamt", "http://www.wikidata.org/prop/direct/P2547.value": "5.0", "http://www.wikidata.org/prop/direct/P2547.unit": "http://www.ontology-of-units-of-measure.org/resource/om-2/meter", "http://www.wikidata.org/prop/direct/P3018": "Neuwerk", "https://gdi-de.github.io/apworkshop2026/ont#stammdurchmesser.value": "22.0", "https://gdi-de.github.io/apworkshop2026/ont#stammdurchmesser.unit": "http://www.ontology-of-units-of-measure.org/resource/om-2/centimeter"}, "geometry": {"type": "MultiPoint", "coordinates": [[8.495701671473562, 53.91591871137108]]}}, {"type": "Feature", "id": "https://gdi-de.github.io/apworkshop2026/NEUW510", "name": "Baum NEUW510 (gdide:NEUW510)", "dateprops": [], "properties": {"http://www.w3.org/2000/01/rdf-schema#label": "Baum NEUW510", "http://rdfs.org/ns/void#inDataset.value": "72757", "http://www.w3.org/2000/01/rdf-schema#comment": "BUKEA", "http://www.wikidata.org/prop/direct/P2547.value": "3.0", "http://www.wikidata.org/prop/direct/P2547.unit": "http://www.ontology-of-units-of-measure.org/resource/om-2/meter", "http://www.wikidata.org/prop/direct/P3018": "Neuwerk", "https://gdi-de.github.io/apworkshop2026/ont#stammdurchmesser.value": "21.0", "https://gdi-de.github.io/apworkshop2026/ont#stammdurchmesser.unit": "http://www.ontology-of-units-of-measure.org/resource/om-2/centimeter"}, "geometry": {"type": "MultiPoint", "coordinates": [[8.500019837111711, 53.92236782842124]]}}, {"type": "Feature", "id": "https://gdi-de.github.io/apworkshop2026/BFASN392", "name": "Baum BFASN392 (gdide:BFASN392)", "dateprops": [], "properties": {"http://www.w3.org/2000/01/rdf-schema#label": "Baum BFASN392", "http://rdfs.org/ns/void#inDataset.value": "72757", "http://www.w3.org/2000/01/rdf-schema#comment": "sonst. \u00f6ff. Fl\u00e4chen", "http://www.wikidata.org/prop/direct/P2547.value": "4.0", "http://www.wikidata.org/prop/direct/P2547.unit": "http://www.ontology-of-units-of-measure.org/resource/om-2/meter", "http://www.wikidata.org/prop/direct/P3018": "Bahnhof Alte S\u00fcderelbe Nord", "https://gdi-de.github.io/apworkshop2026/ont#stammdurchmesser.value": "16.0", "https://gdi-de.github.io/apworkshop2026/ont#stammdurchmesser.unit": "http://www.ontology-of-units-of-measure.org/resource/om-2/centimeter"}, "geometry": {"type": "MultiPoint", "coordinates": [[9.911568191135395, 53.50675069362385]]}}, {"type": "Feature", "id": "https://gdi-de.github.io/apworkshop2026/NEUW240", "name": "Baum NEUW240 (gdide:NEUW240)", "dateprops": [], "properties": {"http://www.w3.org/2000/01/rdf-schema#label": "Baum NEUW240", "http://rdfs.org/ns/void#inDataset.value": "72757", "http://www.w3.org/2000/01/rdf-schema#comment": "BUKEA", "http://www.wikidata.org/prop/direct/P2547.value": "5.0", "http://www.wikidata.org/prop/direct/P2547.unit": "http://www.ontology-of-units-of-measure.org/resource/om-2/meter", "http://www.wikidata.org/prop/direct/P3018": "Neuwerk", "https://gdi-de.github.io/apworkshop2026/ont#stammdurchmesser.value": "29.0", "https://gdi-de.github.io/apworkshop2026/ont#stammdurchmesser.unit": "http://www.ontology-of-units-of-measure.org/resource/om-2/centimeter"}, "geometry": {"type": "MultiPoint", "coordinates": [[8.497281646361577, 53.9153757423058]]}}, {"type": "Feature", "id": "https://gdi-de.github.io/apworkshop2026/BFASN88", "name": "Baum BFASN88 (gdide:BFASN88)", "dateprops": [], "properties": {"http://www.w3.org/2000/01/rdf-schema#label": "Baum BFASN88", "http://rdfs.org/ns/void#inDataset.value": "72757", "http://www.w3.org/2000/01/rdf-schema#comment": "sonst. \u00f6ff. Fl\u00e4chen", "http://www.wikidata.org/prop/direct/P2547.value": "5.0", "http://www.wikidata.org/prop/direct/P2547.unit": "http://www.ontology-of-units-of-measure.org/resource/om-2/meter", "http://www.wikidata.org/prop/direct/P3018": "Bahnhof Alte S\u00fcderelbe Nord", "https://gdi-de.github.io/apworkshop2026/ont#stammdurchmesser.value": "33.0", "https://gdi-de.github.io/apworkshop2026/ont#stammdurchmesser.unit": "http://www.ontology-of-units-of-measure.org/resource/om-2/centimeter"}, "geometry": {"type": "MultiPoint", "coordinates": [[9.911106196567927, 53.51350387612746]]}}, {"type": "Feature", "id": "https://gdi-de.github.io/apworkshop2026/NEUW494", "name": "Baum NEUW494 (gdide:NEUW494)", "dateprops": [], "properties": {"http://www.w3.org/2000/01/rdf-schema#label": "Baum NEUW494", "http://rdfs.org/ns/void#inDataset.value": "72757", "http://www.w3.org/2000/01/rdf-schema#comment": "HPA", "http://www.wikidata.org/prop/direct/P2547.value": "5.0", "http://www.wikidata.org/prop/direct/P2547.unit": "http://www.ontology-of-units-of-measure.org/resource/om-2/meter", "http://www.wikidata.org/prop/direct/P3018": "Neuwerk", "https://gdi-de.github.io/apworkshop2026/ont#stammdurchmesser.value": "31.0", "https://gdi-de.github.io/apworkshop2026/ont#stammdurchmesser.unit": "http://www.ontology-of-units-of-measure.org/resource/om-2/centimeter"}, "geometry": {"type": "MultiPoint", "coordinates": [[8.49715423830483, 53.92217031496468]]}}, {"type": "Feature", "id": "https://gdi-de.github.io/apworkshop2026/GZAW474", "name": "Baum GZAW474 (gdide:GZAW474)", "dateprops": [], "properties": {"http://www.w3.org/2000/01/rdf-schema#label": "Baum GZAW474", "http://rdfs.org/ns/void#inDataset.value": "72757", "http://www.w3.org/2000/01/rdf-schema#comment": "sonst. \u00f6ff. Fl\u00e4chen", "http://www.wikidata.org/prop/direct/P2547.value": "8.0", "http://www.wikidata.org/prop/direct/P2547.unit": "http://www.ontology-of-units-of-measure.org/resource/om-2/meter", "http://www.wikidata.org/prop/direct/P3018": "Gr\u00fcnzug Altenwerder", "https://gdi-de.github.io/apworkshop2026/ont#stammdurchmesser.value": "29.0", "https://gdi-de.github.io/apworkshop2026/ont#stammdurchmesser.unit": "http://www.ontology-of-units-of-measure.org/resource/om-2/centimeter"}, "geometry": {"type": "MultiPoint", "coordinates": [[9.91738212358683, 53.504132279991]]}}, {"type": "Feature", "id": "https://gdi-de.github.io/apworkshop2026/NEUW575", "name": "Baum NEUW575 (gdide:NEUW575)", "dateprops": [], "properties": {"http://www.w3.org/2000/01/rdf-schema#label": "Baum NEUW575", "http://rdfs.org/ns/void#inDataset.value": "72757", "http://www.w3.org/2000/01/rdf-schema#comment": "Liegenschaftsamt", "http://www.wikidata.org/prop/direct/P2547.value": "5.0", "http://www.wikidata.org/prop/direct/P2547.unit": "http://www.ontology-of-units-of-measure.org/resource/om-2/meter", "http://www.wikidata.org/prop/direct/P3018": "Neuwerk", "https://gdi-de.github.io/apworkshop2026/ont#stammdurchmesser.value": "38.0", "https://gdi-de.github.io/apworkshop2026/ont#stammdurchmesser.unit": "http://www.ontology-of-units-of-measure.org/resource/om-2/centimeter"}, "geometry": {"type": "MultiPoint", "coordinates": [[8.495055495323388, 53.91577647790385]]}}, {"type": "Feature", "id": "https://gdi-de.github.io/apworkshop2026/NEUW604", "name": "Baum NEUW604 (gdide:NEUW604)", "dateprops": [], "properties": {"http://www.w3.org/2000/01/rdf-schema#label": "Baum NEUW604", "http://rdfs.org/ns/void#inDataset.value": "72757", "http://www.w3.org/2000/01/rdf-schema#comment": "Liegenschaftsamt", "http://www.wikidata.org/prop/direct/P2547.value": "4.0", "http://www.wikidata.org/prop/direct/P2547.unit": "http://www.ontology-of-units-of-measure.org/resource/om-2/meter", "http://www.wikidata.org/prop/direct/P3018": "Neuwerk", "https://gdi-de.github.io/apworkshop2026/ont#stammdurchmesser.value": "29.0", "https://gdi-de.github.io/apworkshop2026/ont#stammdurchmesser.unit": "http://www.ontology-of-units-of-measure.org/resource/om-2/centimeter"}, "geometry": {"type": "MultiPoint", "coordinates": [[8.496018902532995, 53.91589031550834]]}}, {"type": "Feature", "id": "https://gdi-de.github.io/apworkshop2026/PIOI311", "name": "Baum PIOI311 (gdide:PIOI311)", "dateprops": [], "properties": {"http://www.w3.org/2000/01/rdf-schema#label": "Baum PIOI311", "http://rdfs.org/ns/void#inDataset.value": "72757", "http://www.w3.org/2000/01/rdf-schema#comment": "Wasserwirtschaft", "http://www.wikidata.org/prop/direct/P2547.value": "5.0", "http://www.wikidata.org/prop/direct/P2547.unit": "http://www.ontology-of-units-of-measure.org/resource/om-2/meter", "http://www.wikidata.org/prop/direct/P3018": "Pionierinsel", "https://gdi-de.github.io/apworkshop2026/ont#stammdurchmesser.value": "27.0", "https://gdi-de.github.io/apworkshop2026/ont#stammdurchmesser.unit": "http://www.ontology-of-units-of-measure.org/resource/om-2/centimeter"}, "geometry": {"type": "MultiPoint", "coordinates": [[10.00334448230594, 53.47107892233919]]}}, {"type": "Feature", "id": "https://gdi-de.github.io/apworkshop2026/NEUW357", "name": "Baum NEUW357 (gdide:NEUW357)", "dateprops": [], "properties": {"http://www.w3.org/2000/01/rdf-schema#label": "Baum NEUW357", "http://rdfs.org/ns/void#inDataset.value": "72757", "http://www.w3.org/2000/01/rdf-schema#comment": "BUKEA", "http://www.wikidata.org/prop/direct/P2547.value": "5.0", "http://www.wikidata.org/prop/direct/P2547.unit": "http://www.ontology-of-units-of-measure.org/resource/om-2/meter", "http://www.wikidata.org/prop/direct/P3018": "Neuwerk", "https://gdi-de.github.io/apworkshop2026/ont#stammdurchmesser.value": "22.0", "https://gdi-de.github.io/apworkshop2026/ont#stammdurchmesser.unit": "http://www.ontology-of-units-of-measure.org/resource/om-2/centimeter"}, "geometry": {"type": "MultiPoint", "coordinates": [[8.498178191964586, 53.91341619826277]]}}, {"type": "Feature", "id": "https://gdi-de.github.io/apworkshop2026/GZAW721", "name": "Baum GZAW721 (gdide:GZAW721)", "dateprops": [], "properties": {"http://www.w3.org/2000/01/rdf-schema#label": "Baum GZAW721", "http://rdfs.org/ns/void#inDataset.value": "72757", "http://www.w3.org/2000/01/rdf-schema#comment": "sonst. \u00f6ff. Fl\u00e4chen", "http://www.wikidata.org/prop/direct/P2547.value": "4.0", "http://www.wikidata.org/prop/direct/P2547.unit": "http://www.ontology-of-units-of-measure.org/resource/om-2/meter", "http://www.wikidata.org/prop/direct/P3018": "Gr\u00fcnzug Altenwerder", "https://gdi-de.github.io/apworkshop2026/ont#stammdurchmesser.value": "21.0", "https://gdi-de.github.io/apworkshop2026/ont#stammdurchmesser.unit": "http://www.ontology-of-units-of-measure.org/resource/om-2/centimeter"}, "geometry": {"type": "MultiPoint", "coordinates": [[9.91880472262022, 53.50665232144665]]}}, {"type": "Feature", "id": "https://gdi-de.github.io/apworkshop2026/NEUW370", "name": "Baum NEUW370 (gdide:NEUW370)", "dateprops": [], "properties": {"http://www.w3.org/2000/01/rdf-schema#label": "Baum NEUW370", "http://rdfs.org/ns/void#inDataset.value": "72757", "http://www.w3.org/2000/01/rdf-schema#comment": "BUKEA", "http://www.wikidata.org/prop/direct/P2547.value": "3.0", "http://www.wikidata.org/prop/direct/P2547.unit": "http://www.ontology-of-units-of-measure.org/resource/om-2/meter", "http://www.wikidata.org/prop/direct/P3018": "Neuwerk", "https://gdi-de.github.io/apworkshop2026/ont#stammdurchmesser.value": "21.0", "https://gdi-de.github.io/apworkshop2026/ont#stammdurchmesser.unit": "http://www.ontology-of-units-of-measure.org/resource/om-2/centimeter"}, "geometry": {"type": "MultiPoint", "coordinates": [[8.49884884720625, 53.91336232382825]]}}, {"type": "Feature", "id": "https://gdi-de.github.io/apworkshop2026/NEUW613", "name": "Baum NEUW613 (gdide:NEUW613)", "dateprops": [], "properties": {"http://www.w3.org/2000/01/rdf-schema#label": "Baum NEUW613", "http://rdfs.org/ns/void#inDataset.value": "72757", "http://www.w3.org/2000/01/rdf-schema#comment": "Liegenschaftsamt", "http://www.wikidata.org/prop/direct/P2547.value": "4.0", "http://www.wikidata.org/prop/direct/P2547.unit": "http://www.ontology-of-units-of-measure.org/resource/om-2/meter", "http://www.wikidata.org/prop/direct/P3018": "Neuwerk", "https://gdi-de.github.io/apworkshop2026/ont#stammdurchmesser.value": "25.0", "https://gdi-de.github.io/apworkshop2026/ont#stammdurchmesser.unit": "http://www.ontology-of-units-of-measure.org/resource/om-2/centimeter"}, "geometry": {"type": "MultiPoint", "coordinates": [[8.495855436100744, 53.91572173352425]]}}, {"type": "Feature", "id": "https://gdi-de.github.io/apworkshop2026/NEUW113", "name": "Baum NEUW113 (gdide:NEUW113)", "dateprops": [], "properties": {"http://www.w3.org/2000/01/rdf-schema#label": "Baum NEUW113", "http://rdfs.org/ns/void#inDataset.value": "72757", "http://www.w3.org/2000/01/rdf-schema#comment": "BUKEA", "http://www.wikidata.org/prop/direct/P2547.value": "7.0", "http://www.wikidata.org/prop/direct/P2547.unit": "http://www.ontology-of-units-of-measure.org/resource/om-2/meter", "http://www.wikidata.org/prop/direct/P3018": "Neuwerk", "https://gdi-de.github.io/apworkshop2026/ont#stammdurchmesser.value": "29.0", "https://gdi-de.github.io/apworkshop2026/ont#stammdurchmesser.unit": "http://www.ontology-of-units-of-measure.org/resource/om-2/centimeter"}, "geometry": {"type": "MultiPoint", "coordinates": [[8.49721014046496, 53.914712311971925]]}}, {"type": "Feature", "id": "https://gdi-de.github.io/apworkshop2026/NEUW600", "name": "Baum NEUW600 (gdide:NEUW600)", "dateprops": [], "properties": {"http://www.w3.org/2000/01/rdf-schema#label": "Baum NEUW600", "http://rdfs.org/ns/void#inDataset.value": "72757", "http://www.w3.org/2000/01/rdf-schema#comment": "Liegenschaftsamt", "http://www.wikidata.org/prop/direct/P2547.value": "10.0", "http://www.wikidata.org/prop/direct/P2547.unit": "http://www.ontology-of-units-of-measure.org/resource/om-2/meter", "http://www.wikidata.org/prop/direct/P3018": "Neuwerk", "https://gdi-de.github.io/apworkshop2026/ont#stammdurchmesser.value": "29.0", "https://gdi-de.github.io/apworkshop2026/ont#stammdurchmesser.unit": "http://www.ontology-of-units-of-measure.org/resource/om-2/centimeter"}, "geometry": {"type": "MultiPoint", "coordinates": [[8.495830579716833, 53.91594635591798]]}}, {"type": "Feature", "id": "https://gdi-de.github.io/apworkshop2026/BFAS1090", "name": "Baum BFAS1090 (gdide:BFAS1090)", "dateprops": [], "properties": {"http://www.w3.org/2000/01/rdf-schema#label": "Baum BFAS1090", "http://rdfs.org/ns/void#inDataset.value": "72757", "http://www.w3.org/2000/01/rdf-schema#comment": "Bahn", "http://www.wikidata.org/prop/direct/P2547.value": "6.0", "http://www.wikidata.org/prop/direct/P2547.unit": "http://www.ontology-of-units-of-measure.org/resource/om-2/meter", "http://www.wikidata.org/prop/direct/P3018": "Bahnhof Alte S\u00fcderelbe S\u00fcd", "https://gdi-de.github.io/apworkshop2026/ont#stammdurchmesser.value": "35.0", "https://gdi-de.github.io/apworkshop2026/ont#stammdurchmesser.unit": "http://www.ontology-of-units-of-measure.org/resource/om-2/centimeter"}, "geometry": {"type": "MultiPoint", "coordinates": [[9.902268346223938, 53.487583897360416]]}}, {"type": "Feature", "id": "https://gdi-de.github.io/apworkshop2026/BFASN447", "name": "Baum BFASN447 (gdide:BFASN447)", "dateprops": [], "properties": {"http://www.w3.org/2000/01/rdf-schema#label": "Baum BFASN447", "http://rdfs.org/ns/void#inDataset.value": "72757", "http://www.w3.org/2000/01/rdf-schema#comment": "sonst. \u00f6ff. Fl\u00e4chen", "http://www.wikidata.org/prop/direct/P2547.value": "4.0", "http://www.wikidata.org/prop/direct/P2547.unit": "http://www.ontology-of-units-of-measure.org/resource/om-2/meter", "http://www.wikidata.org/prop/direct/P3018": "Bahnhof Alte S\u00fcderelbe Nord", "https://gdi-de.github.io/apworkshop2026/ont#stammdurchmesser.value": "25.0", "https://gdi-de.github.io/apworkshop2026/ont#stammdurchmesser.unit": "http://www.ontology-of-units-of-measure.org/resource/om-2/centimeter"}, "geometry": {"type": "MultiPoint", "coordinates": [[9.911549263632361, 53.50633113707593]]}}, {"type": "Feature", "id": "https://gdi-de.github.io/apworkshop2026/MEFC415", "name": "Baum MEFC415 (gdide:MEFC415)", "dateprops": [], "properties": {"http://www.w3.org/2000/01/rdf-schema#label": "Baum MEFC415", "http://rdfs.org/ns/void#inDataset.value": "72757", "http://www.w3.org/2000/01/rdf-schema#comment": "Francop", "http://www.wikidata.org/prop/direct/P2547.value": "1.5", "http://www.wikidata.org/prop/direct/P2547.unit": "http://www.ontology-of-units-of-measure.org/resource/om-2/meter", "http://www.wikidata.org/prop/direct/P3018": "METHA-Francop", "https://gdi-de.github.io/apworkshop2026/ont#stammdurchmesser.value": "11.0", "https://gdi-de.github.io/apworkshop2026/ont#stammdurchmesser.unit": "http://www.ontology-of-units-of-measure.org/resource/om-2/centimeter"}, "geometry": {"type": "MultiPoint", "coordinates": [[9.886576215514824, 53.517439145492524]]}}, {"type": "Feature", "id": "https://gdi-de.github.io/apworkshop2026/NEUW170", "name": "Baum NEUW170 (gdide:NEUW170)", "dateprops": [], "properties": {"http://www.w3.org/2000/01/rdf-schema#label": "Baum NEUW170", "http://rdfs.org/ns/void#inDataset.value": "72757", "http://www.w3.org/2000/01/rdf-schema#comment": "BUKEA", "http://www.wikidata.org/prop/direct/P2547.value": "8.0", "http://www.wikidata.org/prop/direct/P2547.unit": "http://www.ontology-of-units-of-measure.org/resource/om-2/meter", "http://www.wikidata.org/prop/direct/P3018": "Neuwerk", "https://gdi-de.github.io/apworkshop2026/ont#stammdurchmesser.value": "32.0", "https://gdi-de.github.io/apworkshop2026/ont#stammdurchmesser.unit": "http://www.ontology-of-units-of-measure.org/resource/om-2/centimeter"}, "geometry": {"type": "MultiPoint", "coordinates": [[8.501362863377235, 53.91355196343431]]}}, {"type": "Feature", "id": "https://gdi-de.github.io/apworkshop2026/NEUW57", "name": "Baum NEUW57 (gdide:NEUW57)", "dateprops": [], "properties": {"http://www.w3.org/2000/01/rdf-schema#label": "Baum NEUW57", "http://rdfs.org/ns/void#inDataset.value": "72757", "http://www.w3.org/2000/01/rdf-schema#comment": "Liegenschaftsamt", "http://www.wikidata.org/prop/direct/P2547.value": "3.0", "http://www.wikidata.org/prop/direct/P2547.unit": "http://www.ontology-of-units-of-measure.org/resource/om-2/meter", "http://www.wikidata.org/prop/direct/P3018": "Neuwerk", "https://gdi-de.github.io/apworkshop2026/ont#stammdurchmesser.value": "19.0", "https://gdi-de.github.io/apworkshop2026/ont#stammdurchmesser.unit": "http://www.ontology-of-units-of-measure.org/resource/om-2/centimeter"}, "geometry": {"type": "MultiPoint", "coordinates": [[8.496453714079967, 53.914190539016865]]}}, {"type": "Feature", "id": "https://gdi-de.github.io/apworkshop2026/MEFC927", "name": "Baum MEFC927 (gdide:MEFC927)", "dateprops": [], "properties": {"http://www.w3.org/2000/01/rdf-schema#label": "Baum MEFC927", "http://rdfs.org/ns/void#inDataset.value": "72757", "http://www.w3.org/2000/01/rdf-schema#comment": "Francop", "http://www.wikidata.org/prop/direct/P2547.value": "1.0", "http://www.wikidata.org/prop/direct/P2547.unit": "http://www.ontology-of-units-of-measure.org/resource/om-2/meter", "http://www.wikidata.org/prop/direct/P3018": "METHA-Francop", "https://gdi-de.github.io/apworkshop2026/ont#stammdurchmesser.value": "9.0", "https://gdi-de.github.io/apworkshop2026/ont#stammdurchmesser.unit": "http://www.ontology-of-units-of-measure.org/resource/om-2/centimeter"}, "geometry": {"type": "MultiPoint", "coordinates": [[9.87846567715747, 53.51387890327232]]}}, {"type": "Feature", "id": "https://gdi-de.github.io/apworkshop2026/HOHS216", "name": "Baum HOHS216 (gdide:HOHS216)", "dateprops": [], "properties": {"http://www.w3.org/2000/01/rdf-schema#label": "Baum HOHS216", "http://rdfs.org/ns/void#inDataset.value": "72757", "http://www.w3.org/2000/01/rdf-schema#comment": "Stra\u00dfe", "http://www.wikidata.org/prop/direct/P2547.value": "6.0", "http://www.wikidata.org/prop/direct/P2547.unit": "http://www.ontology-of-units-of-measure.org/resource/om-2/meter", "http://www.wikidata.org/prop/direct/P3018": "Hohe Schaar", "https://gdi-de.github.io/apworkshop2026/ont#stammdurchmesser.value": "30.0", "https://gdi-de.github.io/apworkshop2026/ont#stammdurchmesser.unit": "http://www.ontology-of-units-of-measure.org/resource/om-2/centimeter"}, "geometry": {"type": "MultiPoint", "coordinates": [[9.971621573991904, 53.49190597147512]]}}, {"type": "Feature", "id": "https://gdi-de.github.io/apworkshop2026/NEUW386", "name": "Baum NEUW386 (gdide:NEUW386)", "dateprops": [], "properties": {"http://www.w3.org/2000/01/rdf-schema#label": "Baum NEUW386", "http://rdfs.org/ns/void#inDataset.value": "72757", "http://www.w3.org/2000/01/rdf-schema#comment": "BUKEA", "http://www.wikidata.org/prop/direct/P2547.value": "5.0", "http://www.wikidata.org/prop/direct/P2547.unit": "http://www.ontology-of-units-of-measure.org/resource/om-2/meter", "http://www.wikidata.org/prop/direct/P3018": "Neuwerk", "https://gdi-de.github.io/apworkshop2026/ont#stammdurchmesser.value": "22.0", "https://gdi-de.github.io/apworkshop2026/ont#stammdurchmesser.unit": "http://www.ontology-of-units-of-measure.org/resource/om-2/centimeter"}, "geometry": {"type": "MultiPoint", "coordinates": [[8.49949422385582, 53.91334400586974]]}}, {"type": "Feature", "id": "https://gdi-de.github.io/apworkshop2026/NEUW561", "name": "Baum NEUW561 (gdide:NEUW561)", "dateprops": [], "properties": {"http://www.w3.org/2000/01/rdf-schema#label": "Baum NEUW561", "http://rdfs.org/ns/void#inDataset.value": "72757", "http://www.w3.org/2000/01/rdf-schema#comment": "BUKEA", "http://www.wikidata.org/prop/direct/P2547.value": "5.0", "http://www.wikidata.org/prop/direct/P2547.unit": "http://www.ontology-of-units-of-measure.org/resource/om-2/meter", "http://www.wikidata.org/prop/direct/P3018": "Neuwerk", "https://gdi-de.github.io/apworkshop2026/ont#stammdurchmesser.value": "36.0", "https://gdi-de.github.io/apworkshop2026/ont#stammdurchmesser.unit": "http://www.ontology-of-units-of-measure.org/resource/om-2/centimeter"}, "geometry": {"type": "MultiPoint", "coordinates": [[8.49966625123273, 53.921950275504834]]}}, {"type": "Feature", "id": "https://gdi-de.github.io/apworkshop2026/NEUW622", "name": "Baum NEUW622 (gdide:NEUW622)", "dateprops": [], "properties": {"http://www.w3.org/2000/01/rdf-schema#label": "Baum NEUW622", "http://rdfs.org/ns/void#inDataset.value": "72757", "http://www.w3.org/2000/01/rdf-schema#comment": "Liegenschaftsamt", "http://www.wikidata.org/prop/direct/P2547.value": "3.0", "http://www.wikidata.org/prop/direct/P2547.unit": "http://www.ontology-of-units-of-measure.org/resource/om-2/meter", "http://www.wikidata.org/prop/direct/P3018": "Neuwerk", "https://gdi-de.github.io/apworkshop2026/ont#stammdurchmesser.value": "32.0", "https://gdi-de.github.io/apworkshop2026/ont#stammdurchmesser.unit": "http://www.ontology-of-units-of-measure.org/resource/om-2/centimeter"}, "geometry": {"type": "MultiPoint", "coordinates": [[8.4958440724124, 53.91566183577881]]}}, {"type": "Feature", "id": "https://gdi-de.github.io/apworkshop2026/NEUW499", "name": "Baum NEUW499 (gdide:NEUW499)", "dateprops": [], "properties": {"http://www.w3.org/2000/01/rdf-schema#label": "Baum NEUW499", "http://rdfs.org/ns/void#inDataset.value": "72757", "http://www.w3.org/2000/01/rdf-schema#comment": "Liegenschaftsamt", "http://www.wikidata.org/prop/direct/P2547.value": "3.0", "http://www.wikidata.org/prop/direct/P2547.unit": "http://www.ontology-of-units-of-measure.org/resource/om-2/meter", "http://www.wikidata.org/prop/direct/P3018": "Neuwerk", "https://gdi-de.github.io/apworkshop2026/ont#stammdurchmesser.value": "24.0", "https://gdi-de.github.io/apworkshop2026/ont#stammdurchmesser.unit": "http://www.ontology-of-units-of-measure.org/resource/om-2/centimeter"}, "geometry": {"type": "MultiPoint", "coordinates": [[8.496022316131075, 53.91598378845711]]}}, {"type": "Feature", "id": "https://gdi-de.github.io/apworkshop2026/NEUW597", "name": "Baum NEUW597 (gdide:NEUW597)", "dateprops": [], "properties": {"http://www.w3.org/2000/01/rdf-schema#label": "Baum NEUW597", "http://rdfs.org/ns/void#inDataset.value": "72757", "http://www.w3.org/2000/01/rdf-schema#comment": "Liegenschaftsamt", "http://www.wikidata.org/prop/direct/P2547.value": "5.0", "http://www.wikidata.org/prop/direct/P2547.unit": "http://www.ontology-of-units-of-measure.org/resource/om-2/meter", "http://www.wikidata.org/prop/direct/P3018": "Neuwerk", "https://gdi-de.github.io/apworkshop2026/ont#stammdurchmesser.value": "29.0", "https://gdi-de.github.io/apworkshop2026/ont#stammdurchmesser.unit": "http://www.ontology-of-units-of-measure.org/resource/om-2/centimeter"}, "geometry": {"type": "MultiPoint", "coordinates": [[8.495728782628836, 53.91598080972767]]}}, {"type": "Feature", "id": "https://gdi-de.github.io/apworkshop2026/NEUW493", "name": "Baum NEUW493 (gdide:NEUW493)", "dateprops": [], "properties": {"http://www.w3.org/2000/01/rdf-schema#label": "Baum NEUW493", "http://rdfs.org/ns/void#inDataset.value": "72757", "http://www.w3.org/2000/01/rdf-schema#comment": "HPA", "http://www.wikidata.org/prop/direct/P2547.value": "4.0", "http://www.wikidata.org/prop/direct/P2547.unit": "http://www.ontology-of-units-of-measure.org/resource/om-2/meter", "http://www.wikidata.org/prop/direct/P3018": "Neuwerk", "https://gdi-de.github.io/apworkshop2026/ont#stammdurchmesser.value": "22.0", "https://gdi-de.github.io/apworkshop2026/ont#stammdurchmesser.unit": "http://www.ontology-of-units-of-measure.org/resource/om-2/centimeter"}, "geometry": {"type": "MultiPoint", "coordinates": [[8.497862083799257, 53.92221846480793]]}}, {"type": "Feature", "id": "https://gdi-de.github.io/apworkshop2026/PIOI398", "name": "Baum PIOI398 (gdide:PIOI398)", "dateprops": [], "properties": {"http://www.w3.org/2000/01/rdf-schema#label": "Baum PIOI398", "http://rdfs.org/ns/void#inDataset.value": "72757", "http://www.w3.org/2000/01/rdf-schema#comment": "Wasserwirtschaft", "http://www.wikidata.org/prop/direct/P2547.value": "0.5", "http://www.wikidata.org/prop/direct/P2547.unit": "http://www.ontology-of-units-of-measure.org/resource/om-2/meter", "http://www.wikidata.org/prop/direct/P3018": "Pionierinsel", "https://gdi-de.github.io/apworkshop2026/ont#stammdurchmesser.value": "6.0", "https://gdi-de.github.io/apworkshop2026/ont#stammdurchmesser.unit": "http://www.ontology-of-units-of-measure.org/resource/om-2/centimeter"}, "geometry": {"type": "MultiPoint", "coordinates": [[10.004234290544318, 53.471021233211204]]}}, {"type": "Feature", "id": "https://gdi-de.github.io/apworkshop2026/NEUW31", "name": "Baum NEUW31 (gdide:NEUW31)", "dateprops": [], "properties": {"http://www.w3.org/2000/01/rdf-schema#label": "Baum NEUW31", "http://rdfs.org/ns/void#inDataset.value": "72757", "http://www.w3.org/2000/01/rdf-schema#comment": "Liegenschaftsamt", "http://www.wikidata.org/prop/direct/P2547.value": "12.0", "http://www.wikidata.org/prop/direct/P2547.unit": "http://www.ontology-of-units-of-measure.org/resource/om-2/meter", "http://www.wikidata.org/prop/direct/P3018": "Neuwerk", "https://gdi-de.github.io/apworkshop2026/ont#stammdurchmesser.value": "30.0", "https://gdi-de.github.io/apworkshop2026/ont#stammdurchmesser.unit": "http://www.ontology-of-units-of-measure.org/resource/om-2/centimeter"}, "geometry": {"type": "MultiPoint", "coordinates": [[8.496382908869272, 53.914475836377015]]}}, {"type": "Feature", "id": "https://gdi-de.github.io/apworkshop2026/NEUW576", "name": "Baum NEUW576 (gdide:NEUW576)", "dateprops": [], "properties": {"http://www.w3.org/2000/01/rdf-schema#label": "Baum NEUW576", "http://rdfs.org/ns/void#inDataset.value": "72757", "http://www.w3.org/2000/01/rdf-schema#comment": "Liegenschaftsamt", "http://www.wikidata.org/prop/direct/P2547.value": "3.0", "http://www.wikidata.org/prop/direct/P2547.unit": "http://www.ontology-of-units-of-measure.org/resource/om-2/meter", "http://www.wikidata.org/prop/direct/P3018": "Neuwerk", "https://gdi-de.github.io/apworkshop2026/ont#stammdurchmesser.value": "22.0", "https://gdi-de.github.io/apworkshop2026/ont#stammdurchmesser.unit": "http://www.ontology-of-units-of-measure.org/resource/om-2/centimeter"}, "geometry": {"type": "MultiPoint", "coordinates": [[8.49525443622621, 53.915814571949944]]}}, {"type": "Feature", "id": "https://gdi-de.github.io/apworkshop2026/BFHS338", "name": "Baum BFHS338 (gdide:BFHS338)", "dateprops": [], "properties": {"http://www.w3.org/2000/01/rdf-schema#label": "Baum BFHS338", "http://rdfs.org/ns/void#inDataset.value": "72757", "http://www.w3.org/2000/01/rdf-schema#comment": "sonst. \u00f6ff. Fl\u00e4chen", "http://www.wikidata.org/prop/direct/P2547.value": "6.0", "http://www.wikidata.org/prop/direct/P2547.unit": "http://www.ontology-of-units-of-measure.org/resource/om-2/meter", "http://www.wikidata.org/prop/direct/P3018": "Bahnhof Hohe Schaar", "https://gdi-de.github.io/apworkshop2026/ont#stammdurchmesser.value": "29.0", "https://gdi-de.github.io/apworkshop2026/ont#stammdurchmesser.unit": "http://www.ontology-of-units-of-measure.org/resource/om-2/centimeter"}, "geometry": {"type": "MultiPoint", "coordinates": [[9.962094338532577, 53.497810597777075]]}}, {"type": "Feature", "id": "https://gdi-de.github.io/apworkshop2026/NEUW609", "name": "Baum NEUW609 (gdide:NEUW609)", "dateprops": [], "properties": {"http://www.w3.org/2000/01/rdf-schema#label": "Baum NEUW609", "http://rdfs.org/ns/void#inDataset.value": "72757", "http://www.w3.org/2000/01/rdf-schema#comment": "Liegenschaftsamt", "http://www.wikidata.org/prop/direct/P2547.value": "2.0", "http://www.wikidata.org/prop/direct/P2547.unit": "http://www.ontology-of-units-of-measure.org/resource/om-2/meter", "http://www.wikidata.org/prop/direct/P3018": "Neuwerk", "https://gdi-de.github.io/apworkshop2026/ont#stammdurchmesser.value": "16.0", "https://gdi-de.github.io/apworkshop2026/ont#stammdurchmesser.unit": "http://www.ontology-of-units-of-measure.org/resource/om-2/centimeter"}, "geometry": {"type": "MultiPoint", "coordinates": [[8.496029215192456, 53.915842555179154]]}}, {"type": "Feature", "id": "https://gdi-de.github.io/apworkshop2026/NEUW516", "name": "Baum NEUW516 (gdide:NEUW516)", "dateprops": [], "properties": {"http://www.w3.org/2000/01/rdf-schema#label": "Baum NEUW516", "http://rdfs.org/ns/void#inDataset.value": "72757", "http://www.w3.org/2000/01/rdf-schema#comment": "BUKEA", "http://www.wikidata.org/prop/direct/P2547.value": "5.0", "http://www.wikidata.org/prop/direct/P2547.unit": "http://www.ontology-of-units-of-measure.org/resource/om-2/meter", "http://www.wikidata.org/prop/direct/P3018": "Neuwerk", "https://gdi-de.github.io/apworkshop2026/ont#stammdurchmesser.value": "28.0", "https://gdi-de.github.io/apworkshop2026/ont#stammdurchmesser.unit": "http://www.ontology-of-units-of-measure.org/resource/om-2/centimeter"}, "geometry": {"type": "MultiPoint", "coordinates": [[8.50009520576405, 53.92229798969113]]}}, {"type": "Feature", "id": "https://gdi-de.github.io/apworkshop2026/BFASN359", "name": "Baum BFASN359 (gdide:BFASN359)", "dateprops": [], "properties": {"http://www.w3.org/2000/01/rdf-schema#label": "Baum BFASN359", "http://rdfs.org/ns/void#inDataset.value": "72757", "http://www.w3.org/2000/01/rdf-schema#comment": "sonst. \u00f6ff. Fl\u00e4chen", "http://www.wikidata.org/prop/direct/P2547.value": "6.0", "http://www.wikidata.org/prop/direct/P2547.unit": "http://www.ontology-of-units-of-measure.org/resource/om-2/meter", "http://www.wikidata.org/prop/direct/P3018": "Bahnhof Alte S\u00fcderelbe Nord", "https://gdi-de.github.io/apworkshop2026/ont#stammdurchmesser.value": "38.0", "https://gdi-de.github.io/apworkshop2026/ont#stammdurchmesser.unit": "http://www.ontology-of-units-of-measure.org/resource/om-2/centimeter"}, "geometry": {"type": "MultiPoint", "coordinates": [[9.911602057621607, 53.506833935551256]]}}, {"type": "Feature", "id": "https://gdi-de.github.io/apworkshop2026/REIS502", "name": "Baum REIS502 (gdide:REIS502)", "dateprops": [], "properties": {"http://www.w3.org/2000/01/rdf-schema#label": "Baum REIS502", "http://rdfs.org/ns/void#inDataset.value": "72757", "http://www.w3.org/2000/01/rdf-schema#comment": "Privatgrund", "http://www.wikidata.org/prop/direct/P2547.value": "7.0", "http://www.wikidata.org/prop/direct/P2547.unit": "http://www.ontology-of-units-of-measure.org/resource/om-2/meter", "http://www.wikidata.org/prop/direct/P3018": "Reiherstieg S\u00fcd", "https://gdi-de.github.io/apworkshop2026/ont#stammdurchmesser.value": "36.0", "https://gdi-de.github.io/apworkshop2026/ont#stammdurchmesser.unit": "http://www.ontology-of-units-of-measure.org/resource/om-2/centimeter"}, "geometry": {"type": "MultiPoint", "coordinates": [[9.98084795467943, 53.50288474047951]]}}, {"type": "Feature", "id": "https://gdi-de.github.io/apworkshop2026/HOHS704", "name": "Baum HOHS704 (gdide:HOHS704)", "dateprops": [], "properties": {"http://www.w3.org/2000/01/rdf-schema#label": "Baum HOHS704", "http://rdfs.org/ns/void#inDataset.value": "72757", "http://www.w3.org/2000/01/rdf-schema#comment": "Bahn", "http://www.wikidata.org/prop/direct/P2547.value": "5.0", "http://www.wikidata.org/prop/direct/P2547.unit": "http://www.ontology-of-units-of-measure.org/resource/om-2/meter", "http://www.wikidata.org/prop/direct/P3018": "Hohe Schaar", "https://gdi-de.github.io/apworkshop2026/ont#stammdurchmesser.value": "26.0", "https://gdi-de.github.io/apworkshop2026/ont#stammdurchmesser.unit": "http://www.ontology-of-units-of-measure.org/resource/om-2/centimeter"}, "geometry": {"type": "MultiPoint", "coordinates": [[9.99332708111183, 53.482068070135234]]}}, {"type": "Feature", "id": "https://gdi-de.github.io/apworkshop2026/NEUW137", "name": "Baum NEUW137 (gdide:NEUW137)", "dateprops": [], "properties": {"http://www.w3.org/2000/01/rdf-schema#label": "Baum NEUW137", "http://rdfs.org/ns/void#inDataset.value": "72757", "http://www.w3.org/2000/01/rdf-schema#comment": "Bezirksamt", "http://www.wikidata.org/prop/direct/P2547.value": "5.0", "http://www.wikidata.org/prop/direct/P2547.unit": "http://www.ontology-of-units-of-measure.org/resource/om-2/meter", "http://www.wikidata.org/prop/direct/P3018": "Neuwerk", "https://gdi-de.github.io/apworkshop2026/ont#stammdurchmesser.value": "33.0", "https://gdi-de.github.io/apworkshop2026/ont#stammdurchmesser.unit": "http://www.ontology-of-units-of-measure.org/resource/om-2/centimeter"}, "geometry": {"type": "MultiPoint", "coordinates": [[8.50020191663665, 53.91365008192258]]}}, {"type": "Feature", "id": "https://gdi-de.github.io/apworkshop2026/BFASN308", "name": "Baum BFASN308 (gdide:BFASN308)", "dateprops": [], "properties": {"http://www.w3.org/2000/01/rdf-schema#label": "Baum BFASN308", "http://rdfs.org/ns/void#inDataset.value": "72757", "http://www.w3.org/2000/01/rdf-schema#comment": "sonst. \u00f6ff. Fl\u00e4chen", "http://www.wikidata.org/prop/direct/P2547.value": "4.0", "http://www.wikidata.org/prop/direct/P2547.unit": "http://www.ontology-of-units-of-measure.org/resource/om-2/meter", "http://www.wikidata.org/prop/direct/P3018": "Bahnhof Alte S\u00fcderelbe Nord", "https://gdi-de.github.io/apworkshop2026/ont#stammdurchmesser.value": "31.0", "https://gdi-de.github.io/apworkshop2026/ont#stammdurchmesser.unit": "http://www.ontology-of-units-of-measure.org/resource/om-2/centimeter"}, "geometry": {"type": "MultiPoint", "coordinates": [[9.907699362802362, 53.50577316974516]]}}, {"type": "Feature", "id": "https://gdi-de.github.io/apworkshop2026/NEUW627", "name": "Baum NEUW627 (gdide:NEUW627)", "dateprops": [], "properties": {"http://www.w3.org/2000/01/rdf-schema#label": "Baum NEUW627", "http://rdfs.org/ns/void#inDataset.value": "72757", "http://www.w3.org/2000/01/rdf-schema#comment": "Liegenschaftsamt", "http://www.wikidata.org/prop/direct/P2547.value": "4.0", "http://www.wikidata.org/prop/direct/P2547.unit": "http://www.ontology-of-units-of-measure.org/resource/om-2/meter", "http://www.wikidata.org/prop/direct/P3018": "Neuwerk", "https://gdi-de.github.io/apworkshop2026/ont#stammdurchmesser.value": "24.0", "https://gdi-de.github.io/apworkshop2026/ont#stammdurchmesser.unit": "http://www.ontology-of-units-of-measure.org/resource/om-2/centimeter"}, "geometry": {"type": "MultiPoint", "coordinates": [[8.495788008555518, 53.91563464605751]]}}, {"type": "Feature", "id": "https://gdi-de.github.io/apworkshop2026/HOHS241", "name": "Baum HOHS241 (gdide:HOHS241)", "dateprops": [], "properties": {"http://www.w3.org/2000/01/rdf-schema#label": "Baum HOHS241", "http://rdfs.org/ns/void#inDataset.value": "72757", "http://www.w3.org/2000/01/rdf-schema#comment": "Stra\u00dfe", "http://www.wikidata.org/prop/direct/P2547.value": "4.0", "http://www.wikidata.org/prop/direct/P2547.unit": "http://www.ontology-of-units-of-measure.org/resource/om-2/meter", "http://www.wikidata.org/prop/direct/P3018": "Hohe Schaar", "https://gdi-de.github.io/apworkshop2026/ont#stammdurchmesser.value": "18.0", "https://gdi-de.github.io/apworkshop2026/ont#stammdurchmesser.unit": "http://www.ontology-of-units-of-measure.org/resource/om-2/centimeter"}, "geometry": {"type": "MultiPoint", "coordinates": [[9.972421065611616, 53.49176332374619]]}}, {"type": "Feature", "id": "https://gdi-de.github.io/apworkshop2026/NEUW715", "name": "Baum NEUW715 (gdide:NEUW715)", "dateprops": [], "properties": {"http://www.w3.org/2000/01/rdf-schema#label": "Baum NEUW715", "http://rdfs.org/ns/void#inDataset.value": "72757", "http://www.w3.org/2000/01/rdf-schema#comment": "BUKEA", "http://www.wikidata.org/prop/direct/P2547.value": "4.5", "http://www.wikidata.org/prop/direct/P2547.unit": "http://www.ontology-of-units-of-measure.org/resource/om-2/meter", "http://www.wikidata.org/prop/direct/P3018": "Neuwerk", "https://gdi-de.github.io/apworkshop2026/ont#stammdurchmesser.value": "33.0", "https://gdi-de.github.io/apworkshop2026/ont#stammdurchmesser.unit": "http://www.ontology-of-units-of-measure.org/resource/om-2/centimeter"}, "geometry": {"type": "MultiPoint", "coordinates": [[8.50130346677065, 53.913868307958104]]}}, {"type": "Feature", "id": "https://gdi-de.github.io/apworkshop2026/MEFC890", "name": "Baum MEFC890 (gdide:MEFC890)", "dateprops": [], "properties": {"http://www.w3.org/2000/01/rdf-schema#label": "Baum MEFC890", "http://rdfs.org/ns/void#inDataset.value": "72757", "http://www.w3.org/2000/01/rdf-schema#comment": "Francop", "http://www.wikidata.org/prop/direct/P2547.value": "3.5", "http://www.wikidata.org/prop/direct/P2547.unit": "http://www.ontology-of-units-of-measure.org/resource/om-2/meter", "http://www.wikidata.org/prop/direct/P3018": "METHA-Francop", "https://gdi-de.github.io/apworkshop2026/ont#stammdurchmesser.value": "14.0", "https://gdi-de.github.io/apworkshop2026/ont#stammdurchmesser.unit": "http://www.ontology-of-units-of-measure.org/resource/om-2/centimeter"}, "geometry": {"type": "MultiPoint", "coordinates": [[9.88601060027933, 53.51766806809955]]}}, {"type": "Feature", "id": "https://gdi-de.github.io/apworkshop2026/NEUW654", "name": "Baum NEUW654 (gdide:NEUW654)", "dateprops": [], "properties": {"http://www.w3.org/2000/01/rdf-schema#label": "Baum NEUW654", "http://rdfs.org/ns/void#inDataset.value": "72757", "http://www.w3.org/2000/01/rdf-schema#comment": "Liegenschaftsamt", "http://www.wikidata.org/prop/direct/P2547.value": "6.0", "http://www.wikidata.org/prop/direct/P2547.unit": "http://www.ontology-of-units-of-measure.org/resource/om-2/meter", "http://www.wikidata.org/prop/direct/P3018": "Neuwerk", "https://gdi-de.github.io/apworkshop2026/ont#stammdurchmesser.value": "19.0", "https://gdi-de.github.io/apworkshop2026/ont#stammdurchmesser.unit": "http://www.ontology-of-units-of-measure.org/resource/om-2/centimeter"}, "geometry": {"type": "MultiPoint", "coordinates": [[8.495255702850761, 53.915109879380914]]}}, {"type": "Feature", "id": "https://gdi-de.github.io/apworkshop2026/NEUW102", "name": "Baum NEUW102 (gdide:NEUW102)", "dateprops": [], "properties": {"http://www.w3.org/2000/01/rdf-schema#label": "Baum NEUW102", "http://rdfs.org/ns/void#inDataset.value": "72757", "http://www.w3.org/2000/01/rdf-schema#comment": "\u00f6ffentliche Gr\u00fcnfl\u00e4che", "http://www.wikidata.org/prop/direct/P2547.value": "4.0", "http://www.wikidata.org/prop/direct/P2547.unit": "http://www.ontology-of-units-of-measure.org/resource/om-2/meter", "http://www.wikidata.org/prop/direct/P3018": "Neuwerk", "https://gdi-de.github.io/apworkshop2026/ont#stammdurchmesser.value": "27.0", "https://gdi-de.github.io/apworkshop2026/ont#stammdurchmesser.unit": "http://www.ontology-of-units-of-measure.org/resource/om-2/centimeter"}, "geometry": {"type": "MultiPoint", "coordinates": [[8.496607361926163, 53.913750009736184]]}}, {"type": "Feature", "id": "https://gdi-de.github.io/apworkshop2026/VHWN309", "name": "Baum VHWN309 (gdide:VHWN309)", "dateprops": [], "properties": {"http://www.w3.org/2000/01/rdf-schema#label": "Baum VHWN309", "http://rdfs.org/ns/void#inDataset.value": "72757", "http://www.w3.org/2000/01/rdf-schema#comment": "sonst. \u00f6ff. Fl\u00e4chen", "http://www.wikidata.org/prop/direct/P2547.value": "1.0", "http://www.wikidata.org/prop/direct/P2547.unit": "http://www.ontology-of-units-of-measure.org/resource/om-2/meter", "http://www.wikidata.org/prop/direct/P3018": "Vollh\u00f6fner Weiden", "https://gdi-de.github.io/apworkshop2026/ont#stammdurchmesser.value": "13.0", "https://gdi-de.github.io/apworkshop2026/ont#stammdurchmesser.unit": "http://www.ontology-of-units-of-measure.org/resource/om-2/centimeter"}, "geometry": {"type": "MultiPoint", "coordinates": [[9.900750480854668, 53.51201462643112]]}}, {"type": "Feature", "id": "https://gdi-de.github.io/apworkshop2026/NEUW172", "name": "Baum NEUW172 (gdide:NEUW172)", "dateprops": [], "properties": {"http://www.w3.org/2000/01/rdf-schema#label": "Baum NEUW172", "http://rdfs.org/ns/void#inDataset.value": "72757", "http://www.w3.org/2000/01/rdf-schema#comment": "BUKEA", "http://www.wikidata.org/prop/direct/P2547.value": "5.0", "http://www.wikidata.org/prop/direct/P2547.unit": "http://www.ontology-of-units-of-measure.org/resource/om-2/meter", "http://www.wikidata.org/prop/direct/P3018": "Neuwerk", "https://gdi-de.github.io/apworkshop2026/ont#stammdurchmesser.value": "25.0", "https://gdi-de.github.io/apworkshop2026/ont#stammdurchmesser.unit": "http://www.ontology-of-units-of-measure.org/resource/om-2/centimeter"}, "geometry": {"type": "MultiPoint", "coordinates": [[8.5013559553327, 53.91356818601735]]}}, {"type": "Feature", "id": "https://gdi-de.github.io/apworkshop2026/NEUW110", "name": "Baum NEUW110 (gdide:NEUW110)", "dateprops": [], "properties": {"http://www.w3.org/2000/01/rdf-schema#label": "Baum NEUW110", "http://rdfs.org/ns/void#inDataset.value": "72757", "http://www.w3.org/2000/01/rdf-schema#comment": "BUKEA", "http://www.wikidata.org/prop/direct/P2547.value": "3.0", "http://www.wikidata.org/prop/direct/P2547.unit": "http://www.ontology-of-units-of-measure.org/resource/om-2/meter", "http://www.wikidata.org/prop/direct/P3018": "Neuwerk", "https://gdi-de.github.io/apworkshop2026/ont#stammdurchmesser.value": "23.0", "https://gdi-de.github.io/apworkshop2026/ont#stammdurchmesser.unit": "http://www.ontology-of-units-of-measure.org/resource/om-2/centimeter"}, "geometry": {"type": "MultiPoint", "coordinates": [[8.49701816150559, 53.91435852929724]]}}, {"type": "Feature", "id": "https://gdi-de.github.io/apworkshop2026/BFHS358", "name": "Baum BFHS358 (gdide:BFHS358)", "dateprops": [], "properties": {"http://www.w3.org/2000/01/rdf-schema#label": "Baum BFHS358", "http://rdfs.org/ns/void#inDataset.value": "72757", "http://www.w3.org/2000/01/rdf-schema#comment": "sonst. \u00f6ff. Fl\u00e4chen", "http://www.wikidata.org/prop/direct/P2547.value": "6.0", "http://www.wikidata.org/prop/direct/P2547.unit": "http://www.ontology-of-units-of-measure.org/resource/om-2/meter", "http://www.wikidata.org/prop/direct/P3018": "Bahnhof Hohe Schaar", "https://gdi-de.github.io/apworkshop2026/ont#stammdurchmesser.value": "32.0", "https://gdi-de.github.io/apworkshop2026/ont#stammdurchmesser.unit": "http://www.ontology-of-units-of-measure.org/resource/om-2/centimeter"}, "geometry": {"type": "MultiPoint", "coordinates": [[9.962903864334013, 53.49775300911478]]}}, {"type": "Feature", "id": "https://gdi-de.github.io/apworkshop2026/NEUW372", "name": "Baum NEUW372 (gdide:NEUW372)", "dateprops": [], "properties": {"http://www.w3.org/2000/01/rdf-schema#label": "Baum NEUW372", "http://rdfs.org/ns/void#inDataset.value": "72757", "http://www.w3.org/2000/01/rdf-schema#comment": "BUKEA", "http://www.wikidata.org/prop/direct/P2547.value": "4.0", "http://www.wikidata.org/prop/direct/P2547.unit": "http://www.ontology-of-units-of-measure.org/resource/om-2/meter", "http://www.wikidata.org/prop/direct/P3018": "Neuwerk", "https://gdi-de.github.io/apworkshop2026/ont#stammdurchmesser.value": "22.0", "https://gdi-de.github.io/apworkshop2026/ont#stammdurchmesser.unit": "http://www.ontology-of-units-of-measure.org/resource/om-2/centimeter"}, "geometry": {"type": "MultiPoint", "coordinates": [[8.498925446550528, 53.913356302501356]]}}, {"type": "Feature", "id": "https://gdi-de.github.io/apworkshop2026/NEUW598", "name": "Baum NEUW598 (gdide:NEUW598)", "dateprops": [], "properties": {"http://www.w3.org/2000/01/rdf-schema#label": "Baum NEUW598", "http://rdfs.org/ns/void#inDataset.value": "72757", "http://www.w3.org/2000/01/rdf-schema#comment": "Liegenschaftsamt", "http://www.wikidata.org/prop/direct/P2547.value": "4.0", "http://www.wikidata.org/prop/direct/P2547.unit": "http://www.ontology-of-units-of-measure.org/resource/om-2/meter", "http://www.wikidata.org/prop/direct/P3018": "Neuwerk", "https://gdi-de.github.io/apworkshop2026/ont#stammdurchmesser.value": "35.0", "https://gdi-de.github.io/apworkshop2026/ont#stammdurchmesser.unit": "http://www.ontology-of-units-of-measure.org/resource/om-2/centimeter"}, "geometry": {"type": "MultiPoint", "coordinates": [[8.495776555035645, 53.915972291512624]]}}, {"type": "Feature", "id": "https://gdi-de.github.io/apworkshop2026/FRHD221", "name": "Baum FRHD221 (gdide:FRHD221)", "dateprops": [], "properties": {"http://www.w3.org/2000/01/rdf-schema#label": "Baum FRHD221", "http://rdfs.org/ns/void#inDataset.value": "72757", "http://www.w3.org/2000/01/rdf-schema#comment": "Wasserwirtschaft", "http://www.wikidata.org/prop/direct/P2547.value": "4.0", "http://www.wikidata.org/prop/direct/P2547.unit": "http://www.ontology-of-units-of-measure.org/resource/om-2/meter", "http://www.wikidata.org/prop/direct/P3018": "Finkenrieker Hauptdeich", "https://gdi-de.github.io/apworkshop2026/ont#stammdurchmesser.value": "25.0", "https://gdi-de.github.io/apworkshop2026/ont#stammdurchmesser.unit": "http://www.ontology-of-units-of-measure.org/resource/om-2/centimeter"}, "geometry": {"type": "MultiPoint", "coordinates": [[9.997394625768866, 53.47478055674745]]}}, {"type": "Feature", "id": "https://gdi-de.github.io/apworkshop2026/NEUW90", "name": "Baum NEUW90 (gdide:NEUW90)", "dateprops": [], "properties": {"http://www.w3.org/2000/01/rdf-schema#label": "Baum NEUW90", "http://rdfs.org/ns/void#inDataset.value": "72757", "http://www.w3.org/2000/01/rdf-schema#comment": "\u00f6ffentliche Gr\u00fcnfl\u00e4che", "http://www.wikidata.org/prop/direct/P2547.value": "9.0", "http://www.wikidata.org/prop/direct/P2547.unit": "http://www.ontology-of-units-of-measure.org/resource/om-2/meter", "http://www.wikidata.org/prop/direct/P3018": "Neuwerk", "https://gdi-de.github.io/apworkshop2026/ont#stammdurchmesser.value": "52.0", "https://gdi-de.github.io/apworkshop2026/ont#stammdurchmesser.unit": "http://www.ontology-of-units-of-measure.org/resource/om-2/centimeter"}, "geometry": {"type": "MultiPoint", "coordinates": [[8.496930458984401, 53.9144345876665]]}}, {"type": "Feature", "id": "https://gdi-de.github.io/apworkshop2026/NEUW368", "name": "Baum NEUW368 (gdide:NEUW368)", "dateprops": [], "properties": {"http://www.w3.org/2000/01/rdf-schema#label": "Baum NEUW368", "http://rdfs.org/ns/void#inDataset.value": "72757", "http://www.w3.org/2000/01/rdf-schema#comment": "BUKEA", "http://www.wikidata.org/prop/direct/P2547.value": "3.0", "http://www.wikidata.org/prop/direct/P2547.unit": "http://www.ontology-of-units-of-measure.org/resource/om-2/meter", "http://www.wikidata.org/prop/direct/P3018": "Neuwerk", "https://gdi-de.github.io/apworkshop2026/ont#stammdurchmesser.value": "16.0", "https://gdi-de.github.io/apworkshop2026/ont#stammdurchmesser.unit": "http://www.ontology-of-units-of-measure.org/resource/om-2/centimeter"}, "geometry": {"type": "MultiPoint", "coordinates": [[8.498748640136307, 53.91337696443229]]}}, {"type": "Feature", "id": "https://gdi-de.github.io/apworkshop2026/NEUW515", "name": "Baum NEUW515 (gdide:NEUW515)", "dateprops": [], "properties": {"http://www.w3.org/2000/01/rdf-schema#label": "Baum NEUW515", "http://rdfs.org/ns/void#inDataset.value": "72757", "http://www.w3.org/2000/01/rdf-schema#comment": "BUKEA", "http://www.wikidata.org/prop/direct/P2547.value": "7.0", "http://www.wikidata.org/prop/direct/P2547.unit": "http://www.ontology-of-units-of-measure.org/resource/om-2/meter", "http://www.wikidata.org/prop/direct/P3018": "Neuwerk", "https://gdi-de.github.io/apworkshop2026/ont#stammdurchmesser.value": "39.0", "https://gdi-de.github.io/apworkshop2026/ont#stammdurchmesser.unit": "http://www.ontology-of-units-of-measure.org/resource/om-2/centimeter"}, "geometry": {"type": "MultiPoint", "coordinates": [[8.500096265776085, 53.92232137684441]]}}, {"type": "Feature", "id": "https://gdi-de.github.io/apworkshop2026/NEUW452", "name": "Baum NEUW452 (gdide:NEUW452)", "dateprops": [], "properties": {"http://www.w3.org/2000/01/rdf-schema#label": "Baum NEUW452", "http://rdfs.org/ns/void#inDataset.value": "72757", "http://www.w3.org/2000/01/rdf-schema#comment": "Liegenschaftsamt", "http://www.wikidata.org/prop/direct/P2547.value": "4.0", "http://www.wikidata.org/prop/direct/P2547.unit": "http://www.ontology-of-units-of-measure.org/resource/om-2/meter", "http://www.wikidata.org/prop/direct/P3018": "Neuwerk", "https://gdi-de.github.io/apworkshop2026/ont#stammdurchmesser.value": "22.0", "https://gdi-de.github.io/apworkshop2026/ont#stammdurchmesser.unit": "http://www.ontology-of-units-of-measure.org/resource/om-2/centimeter"}, "geometry": {"type": "MultiPoint", "coordinates": [[8.498315032331815, 53.921512277411296]]}}, {"type": "Feature", "id": "https://gdi-de.github.io/apworkshop2026/GZAW470", "name": "Baum GZAW470 (gdide:GZAW470)", "dateprops": [], "properties": {"http://www.w3.org/2000/01/rdf-schema#label": "Baum GZAW470", "http://rdfs.org/ns/void#inDataset.value": "72757", "http://www.w3.org/2000/01/rdf-schema#comment": "sonst. \u00f6ff. Fl\u00e4chen", "http://www.wikidata.org/prop/direct/P2547.value": "15.0", "http://www.wikidata.org/prop/direct/P2547.unit": "http://www.ontology-of-units-of-measure.org/resource/om-2/meter", "http://www.wikidata.org/prop/direct/P3018": "Gr\u00fcnzug Altenwerder", "https://gdi-de.github.io/apworkshop2026/ont#stammdurchmesser.value": "32.0", "https://gdi-de.github.io/apworkshop2026/ont#stammdurchmesser.unit": "http://www.ontology-of-units-of-measure.org/resource/om-2/centimeter"}, "geometry": {"type": "MultiPoint", "coordinates": [[9.917597898918075, 53.504750434069024]]}}, {"type": "Feature", "id": "https://gdi-de.github.io/apworkshop2026/NEUW388", "name": "Baum NEUW388 (gdide:NEUW388)", "dateprops": [], "properties": {"http://www.w3.org/2000/01/rdf-schema#label": "Baum NEUW388", "http://rdfs.org/ns/void#inDataset.value": "72757", "http://www.w3.org/2000/01/rdf-schema#comment": "BUKEA", "http://www.wikidata.org/prop/direct/P2547.value": "3.0", "http://www.wikidata.org/prop/direct/P2547.unit": "http://www.ontology-of-units-of-measure.org/resource/om-2/meter", "http://www.wikidata.org/prop/direct/P3018": "Neuwerk", "https://gdi-de.github.io/apworkshop2026/ont#stammdurchmesser.value": "19.0", "https://gdi-de.github.io/apworkshop2026/ont#stammdurchmesser.unit": "http://www.ontology-of-units-of-measure.org/resource/om-2/centimeter"}, "geometry": {"type": "MultiPoint", "coordinates": [[8.499701321461421, 53.913373408781915]]}}, {"type": "Feature", "id": "https://gdi-de.github.io/apworkshop2026/NEUW725", "name": "Baum NEUW725 (gdide:NEUW725)", "dateprops": [], "properties": {"http://www.w3.org/2000/01/rdf-schema#label": "Baum NEUW725", "http://rdfs.org/ns/void#inDataset.value": "72757", "http://www.w3.org/2000/01/rdf-schema#comment": "Liegenschaftsamt", "http://www.wikidata.org/prop/direct/P2547.value": "7.0", "http://www.wikidata.org/prop/direct/P2547.unit": "http://www.ontology-of-units-of-measure.org/resource/om-2/meter", "http://www.wikidata.org/prop/direct/P3018": "Neuwerk", "https://gdi-de.github.io/apworkshop2026/ont#stammdurchmesser.value": "45.0", "https://gdi-de.github.io/apworkshop2026/ont#stammdurchmesser.unit": "http://www.ontology-of-units-of-measure.org/resource/om-2/centimeter"}, "geometry": {"type": "MultiPoint", "coordinates": [[8.506015247216842, 53.91765865786768]]}}, {"type": "Feature", "id": "https://gdi-de.github.io/apworkshop2026/TEUB167", "name": "Baum TEUB167 (gdide:TEUB167)", "dateprops": [], "properties": {"http://www.w3.org/2000/01/rdf-schema#label": "Baum TEUB167", "http://rdfs.org/ns/void#inDataset.value": "72757", "http://www.w3.org/2000/01/rdf-schema#comment": "Wasserwirtschaft", "http://www.wikidata.org/prop/direct/P2547.value": "10.0", "http://www.wikidata.org/prop/direct/P2547.unit": "http://www.ontology-of-units-of-measure.org/resource/om-2/meter", "http://www.wikidata.org/prop/direct/P3018": "Teufelsbr\u00fcck-Blankenese", "https://gdi-de.github.io/apworkshop2026/ont#stammdurchmesser.value": "45.0", "https://gdi-de.github.io/apworkshop2026/ont#stammdurchmesser.unit": "http://www.ontology-of-units-of-measure.org/resource/om-2/centimeter"}, "geometry": {"type": "MultiPoint", "coordinates": [[9.81887146815844, 53.55395007967314]]}}, {"type": "Feature", "id": "https://gdi-de.github.io/apworkshop2026/BFASN157", "name": "Baum BFASN157 (gdide:BFASN157)", "dateprops": [], "properties": {"http://www.w3.org/2000/01/rdf-schema#label": "Baum BFASN157", "http://rdfs.org/ns/void#inDataset.value": "72757", "http://www.w3.org/2000/01/rdf-schema#comment": "sonst. \u00f6ff. Fl\u00e4chen", "http://www.wikidata.org/prop/direct/P2547.value": "7.0", "http://www.wikidata.org/prop/direct/P2547.unit": "http://www.ontology-of-units-of-measure.org/resource/om-2/meter", "http://www.wikidata.org/prop/direct/P3018": "Bahnhof Alte S\u00fcderelbe Nord", "https://gdi-de.github.io/apworkshop2026/ont#stammdurchmesser.value": "70.0", "https://gdi-de.github.io/apworkshop2026/ont#stammdurchmesser.unit": "http://www.ontology-of-units-of-measure.org/resource/om-2/centimeter"}, "geometry": {"type": "MultiPoint", "coordinates": [[9.911649317988704, 53.50789840379831]]}}, {"type": "Feature", "id": "https://gdi-de.github.io/apworkshop2026/NEUW486", "name": "Baum NEUW486 (gdide:NEUW486)", "dateprops": [], "properties": {"http://www.w3.org/2000/01/rdf-schema#label": "Baum NEUW486", "http://rdfs.org/ns/void#inDataset.value": "72757", "http://www.w3.org/2000/01/rdf-schema#comment": "HPA", "http://www.wikidata.org/prop/direct/P2547.value": "5.0", "http://www.wikidata.org/prop/direct/P2547.unit": "http://www.ontology-of-units-of-measure.org/resource/om-2/meter", "http://www.wikidata.org/prop/direct/P3018": "Neuwerk", "https://gdi-de.github.io/apworkshop2026/ont#stammdurchmesser.value": "25.0", "https://gdi-de.github.io/apworkshop2026/ont#stammdurchmesser.unit": "http://www.ontology-of-units-of-measure.org/resource/om-2/centimeter"}, "geometry": {"type": "MultiPoint", "coordinates": [[8.498244918823891, 53.92221055092847]]}}, {"type": "Feature", "id": "https://gdi-de.github.io/apworkshop2026/NEUW85", "name": "Baum NEUW85 (gdide:NEUW85)", "dateprops": [], "properties": {"http://www.w3.org/2000/01/rdf-schema#label": "Baum NEUW85", "http://rdfs.org/ns/void#inDataset.value": "72757", "http://www.w3.org/2000/01/rdf-schema#comment": "Liegenschaftsamt", "http://www.wikidata.org/prop/direct/P2547.value": "4.0", "http://www.wikidata.org/prop/direct/P2547.unit": "http://www.ontology-of-units-of-measure.org/resource/om-2/meter", "http://www.wikidata.org/prop/direct/P3018": "Neuwerk", "https://gdi-de.github.io/apworkshop2026/ont#stammdurchmesser.value": "34.0", "https://gdi-de.github.io/apworkshop2026/ont#stammdurchmesser.unit": "http://www.ontology-of-units-of-measure.org/resource/om-2/centimeter"}, "geometry": {"type": "MultiPoint", "coordinates": [[8.496755018009415, 53.914150723898594]]}}, {"type": "Feature", "id": "https://gdi-de.github.io/apworkshop2026/WITB89", "name": "Baum WITB89 (gdide:WITB89)", "dateprops": [], "properties": {"http://www.w3.org/2000/01/rdf-schema#label": "Baum WITB89", "http://rdfs.org/ns/void#inDataset.value": "72757", "http://www.w3.org/2000/01/rdf-schema#comment": "Wasserwirtschaft", "http://www.wikidata.org/prop/direct/P2547.value": "10.0", "http://www.wikidata.org/prop/direct/P2547.unit": "http://www.ontology-of-units-of-measure.org/resource/om-2/meter", "http://www.wikidata.org/prop/direct/P3018": "Wittenbergen", "https://gdi-de.github.io/apworkshop2026/ont#stammdurchmesser.value": "57.0", "https://gdi-de.github.io/apworkshop2026/ont#stammdurchmesser.unit": "http://www.ontology-of-units-of-measure.org/resource/om-2/centimeter"}, "geometry": {"type": "MultiPoint", "coordinates": [[9.764857503872832, 53.5647811970732]]}}, {"type": "Feature", "id": "https://gdi-de.github.io/apworkshop2026/NEUW472", "name": "Baum NEUW472 (gdide:NEUW472)", "dateprops": [], "properties": {"http://www.w3.org/2000/01/rdf-schema#label": "Baum NEUW472", "http://rdfs.org/ns/void#inDataset.value": "72757", "http://www.w3.org/2000/01/rdf-schema#comment": "Bezirksamt", "http://www.wikidata.org/prop/direct/P2547.value": "4.0", "http://www.wikidata.org/prop/direct/P2547.unit": "http://www.ontology-of-units-of-measure.org/resource/om-2/meter", "http://www.wikidata.org/prop/direct/P3018": "Neuwerk", "https://gdi-de.github.io/apworkshop2026/ont#stammdurchmesser.value": "38.0", "https://gdi-de.github.io/apworkshop2026/ont#stammdurchmesser.unit": "http://www.ontology-of-units-of-measure.org/resource/om-2/centimeter"}, "geometry": {"type": "MultiPoint", "coordinates": [[8.498756168018389, 53.92204666028416]]}}, {"type": "Feature", "id": "https://gdi-de.github.io/apworkshop2026/NEUW65", "name": "Baum NEUW65 (gdide:NEUW65)", "dateprops": [], "properties": {"http://www.w3.org/2000/01/rdf-schema#label": "Baum NEUW65", "http://rdfs.org/ns/void#inDataset.value": "72757", "http://www.w3.org/2000/01/rdf-schema#comment": "Liegenschaftsamt", "http://www.wikidata.org/prop/direct/P2547.value": "6.0", "http://www.wikidata.org/prop/direct/P2547.unit": "http://www.ontology-of-units-of-measure.org/resource/om-2/meter", "http://www.wikidata.org/prop/direct/P3018": "Neuwerk", "https://gdi-de.github.io/apworkshop2026/ont#stammdurchmesser.value": "47.0", "https://gdi-de.github.io/apworkshop2026/ont#stammdurchmesser.unit": "http://www.ontology-of-units-of-measure.org/resource/om-2/centimeter"}, "geometry": {"type": "MultiPoint", "coordinates": [[8.496318212202512, 53.91412946975281]]}}, {"type": "Feature", "id": "https://gdi-de.github.io/apworkshop2026/VHWN223", "name": "Baum VHWN223 (gdide:VHWN223)", "dateprops": [], "properties": {"http://www.w3.org/2000/01/rdf-schema#label": "Baum VHWN223", "http://rdfs.org/ns/void#inDataset.value": "72757", "http://www.w3.org/2000/01/rdf-schema#comment": "sonst. \u00f6ff. Fl\u00e4chen", "http://www.wikidata.org/prop/direct/P2547.value": "5.0", "http://www.wikidata.org/prop/direct/P2547.unit": "http://www.ontology-of-units-of-measure.org/resource/om-2/meter", "http://www.wikidata.org/prop/direct/P3018": "Vollh\u00f6fner Weiden", "https://gdi-de.github.io/apworkshop2026/ont#stammdurchmesser.value": "23.0", "https://gdi-de.github.io/apworkshop2026/ont#stammdurchmesser.unit": "http://www.ontology-of-units-of-measure.org/resource/om-2/centimeter"}, "geometry": {"type": "MultiPoint", "coordinates": [[9.895253716580598, 53.51365390234035]]}}, {"type": "Feature", "id": "https://gdi-de.github.io/apworkshop2026/PIOI404", "name": "Baum PIOI404 (gdide:PIOI404)", "dateprops": [], "properties": {"http://www.w3.org/2000/01/rdf-schema#label": "Baum PIOI404", "http://rdfs.org/ns/void#inDataset.value": "72757", "http://www.w3.org/2000/01/rdf-schema#comment": "Wasserwirtschaft", "http://www.wikidata.org/prop/direct/P2547.value": "0.5", "http://www.wikidata.org/prop/direct/P2547.unit": "http://www.ontology-of-units-of-measure.org/resource/om-2/meter", "http://www.wikidata.org/prop/direct/P3018": "Pionierinsel", "https://gdi-de.github.io/apworkshop2026/ont#stammdurchmesser.value": "6.0", "https://gdi-de.github.io/apworkshop2026/ont#stammdurchmesser.unit": "http://www.ontology-of-units-of-measure.org/resource/om-2/centimeter"}, "geometry": {"type": "MultiPoint", "coordinates": [[10.003876033425858, 53.47109877050375]]}}, {"type": "Feature", "id": "https://gdi-de.github.io/apworkshop2026/GZAW122", "name": "Baum GZAW122 (gdide:GZAW122)", "dateprops": [], "properties": {"http://www.w3.org/2000/01/rdf-schema#label": "Baum GZAW122", "http://rdfs.org/ns/void#inDataset.value": "72757", "http://www.w3.org/2000/01/rdf-schema#comment": "sonst. \u00f6ff. Fl\u00e4chen", "http://www.wikidata.org/prop/direct/P2547.value": "8.0", "http://www.wikidata.org/prop/direct/P2547.unit": "http://www.ontology-of-units-of-measure.org/resource/om-2/meter", "http://www.wikidata.org/prop/direct/P3018": "Gr\u00fcnzug Altenwerder", "https://gdi-de.github.io/apworkshop2026/ont#stammdurchmesser.value": "39.0", "https://gdi-de.github.io/apworkshop2026/ont#stammdurchmesser.unit": "http://www.ontology-of-units-of-measure.org/resource/om-2/centimeter"}, "geometry": {"type": "MultiPoint", "coordinates": [[9.917427820885331, 53.50381294654115]]}}, {"type": "Feature", "id": "https://gdi-de.github.io/apworkshop2026/NEUW171", "name": "Baum NEUW171 (gdide:NEUW171)", "dateprops": [], "properties": {"http://www.w3.org/2000/01/rdf-schema#label": "Baum NEUW171", "http://rdfs.org/ns/void#inDataset.value": "72757", "http://www.w3.org/2000/01/rdf-schema#comment": "BUKEA", "http://www.wikidata.org/prop/direct/P2547.value": "8.0", "http://www.wikidata.org/prop/direct/P2547.unit": "http://www.ontology-of-units-of-measure.org/resource/om-2/meter", "http://www.wikidata.org/prop/direct/P3018": "Neuwerk", "https://gdi-de.github.io/apworkshop2026/ont#stammdurchmesser.value": "33.0", "https://gdi-de.github.io/apworkshop2026/ont#stammdurchmesser.unit": "http://www.ontology-of-units-of-measure.org/resource/om-2/centimeter"}, "geometry": {"type": "MultiPoint", "coordinates": [[8.501379554075214, 53.91355996361303]]}}, {"type": "Feature", "id": "https://gdi-de.github.io/apworkshop2026/GZAW473", "name": "Baum GZAW473 (gdide:GZAW473)", "dateprops": [], "properties": {"http://www.w3.org/2000/01/rdf-schema#label": "Baum GZAW473", "http://rdfs.org/ns/void#inDataset.value": "72757", "http://www.w3.org/2000/01/rdf-schema#comment": "sonst. \u00f6ff. Fl\u00e4chen", "http://www.wikidata.org/prop/direct/P2547.value": "15.0", "http://www.wikidata.org/prop/direct/P2547.unit": "http://www.ontology-of-units-of-measure.org/resource/om-2/meter", "http://www.wikidata.org/prop/direct/P3018": "Gr\u00fcnzug Altenwerder", "https://gdi-de.github.io/apworkshop2026/ont#stammdurchmesser.value": "41.0", "https://gdi-de.github.io/apworkshop2026/ont#stammdurchmesser.unit": "http://www.ontology-of-units-of-measure.org/resource/om-2/centimeter"}, "geometry": {"type": "MultiPoint", "coordinates": [[9.917382446980332, 53.504147191919536]]}}, {"type": "Feature", "id": "https://gdi-de.github.io/apworkshop2026/MEFC505", "name": "Baum MEFC505 (gdide:MEFC505)", "dateprops": [], "properties": {"http://www.w3.org/2000/01/rdf-schema#label": "Baum MEFC505", "http://rdfs.org/ns/void#inDataset.value": "72757", "http://www.w3.org/2000/01/rdf-schema#comment": "Francop", "http://www.wikidata.org/prop/direct/P2547.value": "2.0", "http://www.wikidata.org/prop/direct/P2547.unit": "http://www.ontology-of-units-of-measure.org/resource/om-2/meter", "http://www.wikidata.org/prop/direct/P3018": "METHA-Francop", "https://gdi-de.github.io/apworkshop2026/ont#stammdurchmesser.value": "10.0", "https://gdi-de.github.io/apworkshop2026/ont#stammdurchmesser.unit": "http://www.ontology-of-units-of-measure.org/resource/om-2/centimeter"}, "geometry": {"type": "MultiPoint", "coordinates": [[9.88113691646948, 53.51667140716544]]}}, {"type": "Feature", "id": "https://gdi-de.github.io/apworkshop2026/NEUW80", "name": "Baum NEUW80 (gdide:NEUW80)", "dateprops": [], "properties": {"http://www.w3.org/2000/01/rdf-schema#label": "Baum NEUW80", "http://rdfs.org/ns/void#inDataset.value": "72757", "http://www.w3.org/2000/01/rdf-schema#comment": "Liegenschaftsamt", "http://www.wikidata.org/prop/direct/P2547.value": "6.0", "http://www.wikidata.org/prop/direct/P2547.unit": "http://www.ontology-of-units-of-measure.org/resource/om-2/meter", "http://www.wikidata.org/prop/direct/P3018": "Neuwerk", "https://gdi-de.github.io/apworkshop2026/ont#stammdurchmesser.value": "51.0", "https://gdi-de.github.io/apworkshop2026/ont#stammdurchmesser.unit": "http://www.ontology-of-units-of-measure.org/resource/om-2/centimeter"}, "geometry": {"type": "MultiPoint", "coordinates": [[8.496844220717126, 53.91438137592317]]}}, {"type": "Feature", "id": "https://gdi-de.github.io/apworkshop2026/REIS501", "name": "Baum REIS501 (gdide:REIS501)", "dateprops": [], "properties": {"http://www.w3.org/2000/01/rdf-schema#label": "Baum REIS501", "http://rdfs.org/ns/void#inDataset.value": "72757", "http://www.w3.org/2000/01/rdf-schema#comment": "Privatgrund", "http://www.wikidata.org/prop/direct/P2547.value": "9.0", "http://www.wikidata.org/prop/direct/P2547.unit": "http://www.ontology-of-units-of-measure.org/resource/om-2/meter", "http://www.wikidata.org/prop/direct/P3018": "Reiherstieg S\u00fcd", "https://gdi-de.github.io/apworkshop2026/ont#stammdurchmesser.value": "38.0", "https://gdi-de.github.io/apworkshop2026/ont#stammdurchmesser.unit": "http://www.ontology-of-units-of-measure.org/resource/om-2/centimeter"}, "geometry": {"type": "MultiPoint", "coordinates": [[9.980888298018838, 53.50289401061894]]}}, {"type": "Feature", "id": "https://gdi-de.github.io/apworkshop2026/BFHS417", "name": "Baum BFHS417 (gdide:BFHS417)", "dateprops": [], "properties": {"http://www.w3.org/2000/01/rdf-schema#label": "Baum BFHS417", "http://rdfs.org/ns/void#inDataset.value": "72757", "http://www.w3.org/2000/01/rdf-schema#comment": "sonst. \u00f6ff. Fl\u00e4chen", "http://www.wikidata.org/prop/direct/P2547.value": "5.0", "http://www.wikidata.org/prop/direct/P2547.unit": "http://www.ontology-of-units-of-measure.org/resource/om-2/meter", "http://www.wikidata.org/prop/direct/P3018": "Bahnhof Hohe Schaar", "https://gdi-de.github.io/apworkshop2026/ont#stammdurchmesser.value": "19.0", "https://gdi-de.github.io/apworkshop2026/ont#stammdurchmesser.unit": "http://www.ontology-of-units-of-measure.org/resource/om-2/centimeter"}, "geometry": {"type": "MultiPoint", "coordinates": [[9.964593245040481, 53.49748818682878]]}}, {"type": "Feature", "id": "https://gdi-de.github.io/apworkshop2026/GZAW460", "name": "Baum GZAW460 (gdide:GZAW460)", "dateprops": [], "properties": {"http://www.w3.org/2000/01/rdf-schema#label": "Baum GZAW460", "http://rdfs.org/ns/void#inDataset.value": "72757", "http://www.w3.org/2000/01/rdf-schema#comment": "sonst. \u00f6ff. Fl\u00e4chen", "http://www.wikidata.org/prop/direct/P2547.value": "5.0", "http://www.wikidata.org/prop/direct/P2547.unit": "http://www.ontology-of-units-of-measure.org/resource/om-2/meter", "http://www.wikidata.org/prop/direct/P3018": "Gr\u00fcnzug Altenwerder", "https://gdi-de.github.io/apworkshop2026/ont#stammdurchmesser.value": "24.0", "https://gdi-de.github.io/apworkshop2026/ont#stammdurchmesser.unit": "http://www.ontology-of-units-of-measure.org/resource/om-2/centimeter"}, "geometry": {"type": "MultiPoint", "coordinates": [[9.917306629170351, 53.50481619836197]]}}, {"type": "Feature", "id": "https://gdi-de.github.io/apworkshop2026/NEUW578", "name": "Baum NEUW578 (gdide:NEUW578)", "dateprops": [], "properties": {"http://www.w3.org/2000/01/rdf-schema#label": "Baum NEUW578", "http://rdfs.org/ns/void#inDataset.value": "72757", "http://www.w3.org/2000/01/rdf-schema#comment": "Liegenschaftsamt", "http://www.wikidata.org/prop/direct/P2547.value": "3.0", "http://www.wikidata.org/prop/direct/P2547.unit": "http://www.ontology-of-units-of-measure.org/resource/om-2/meter", "http://www.wikidata.org/prop/direct/P3018": "Neuwerk", "https://gdi-de.github.io/apworkshop2026/ont#stammdurchmesser.value": "22.0", "https://gdi-de.github.io/apworkshop2026/ont#stammdurchmesser.unit": "http://www.ontology-of-units-of-measure.org/resource/om-2/centimeter"}, "geometry": {"type": "MultiPoint", "coordinates": [[8.495088023319827, 53.91583543371629]]}}, {"type": "Feature", "id": "https://gdi-de.github.io/apworkshop2026/MEFC413", "name": "Baum MEFC413 (gdide:MEFC413)", "dateprops": [], "properties": {"http://www.w3.org/2000/01/rdf-schema#label": "Baum MEFC413", "http://rdfs.org/ns/void#inDataset.value": "72757", "http://www.w3.org/2000/01/rdf-schema#comment": "Francop", "http://www.wikidata.org/prop/direct/P2547.value": "1.5", "http://www.wikidata.org/prop/direct/P2547.unit": "http://www.ontology-of-units-of-measure.org/resource/om-2/meter", "http://www.wikidata.org/prop/direct/P3018": "METHA-Francop", "https://gdi-de.github.io/apworkshop2026/ont#stammdurchmesser.value": "13.0", "https://gdi-de.github.io/apworkshop2026/ont#stammdurchmesser.unit": "http://www.ontology-of-units-of-measure.org/resource/om-2/centimeter"}, "geometry": {"type": "MultiPoint", "coordinates": [[9.885566257607195, 53.517443039216836]]}}, {"type": "Feature", "id": "https://gdi-de.github.io/apworkshop2026/NEUW474", "name": "Baum NEUW474 (gdide:NEUW474)", "dateprops": [], "properties": {"http://www.w3.org/2000/01/rdf-schema#label": "Baum NEUW474", "http://rdfs.org/ns/void#inDataset.value": "72757", "http://www.w3.org/2000/01/rdf-schema#comment": "BUKEA", "http://www.wikidata.org/prop/direct/P2547.value": "5.5", "http://www.wikidata.org/prop/direct/P2547.unit": "http://www.ontology-of-units-of-measure.org/resource/om-2/meter", "http://www.wikidata.org/prop/direct/P3018": "Neuwerk", "https://gdi-de.github.io/apworkshop2026/ont#stammdurchmesser.value": "24.0", "https://gdi-de.github.io/apworkshop2026/ont#stammdurchmesser.unit": "http://www.ontology-of-units-of-measure.org/resource/om-2/centimeter"}, "geometry": {"type": "MultiPoint", "coordinates": [[8.498800221399922, 53.92212452971283]]}}, {"type": "Feature", "id": "https://gdi-de.github.io/apworkshop2026/PIOI380", "name": "Baum PIOI380 (gdide:PIOI380)", "dateprops": [], "properties": {"http://www.w3.org/2000/01/rdf-schema#label": "Baum PIOI380", "http://rdfs.org/ns/void#inDataset.value": "72757", "http://www.w3.org/2000/01/rdf-schema#comment": "Wasserwirtschaft", "http://www.wikidata.org/prop/direct/P2547.value": "1.0", "http://www.wikidata.org/prop/direct/P2547.unit": "http://www.ontology-of-units-of-measure.org/resource/om-2/meter", "http://www.wikidata.org/prop/direct/P3018": "Pionierinsel", "https://gdi-de.github.io/apworkshop2026/ont#stammdurchmesser.value": "5.0", "https://gdi-de.github.io/apworkshop2026/ont#stammdurchmesser.unit": "http://www.ontology-of-units-of-measure.org/resource/om-2/centimeter"}, "geometry": {"type": "MultiPoint", "coordinates": [[10.003675376740846, 53.471063303666526]]}}, {"type": "Feature", "id": "https://gdi-de.github.io/apworkshop2026/NEUW616", "name": "Baum NEUW616 (gdide:NEUW616)", "dateprops": [], "properties": {"http://www.w3.org/2000/01/rdf-schema#label": "Baum NEUW616", "http://rdfs.org/ns/void#inDataset.value": "72757", "http://www.w3.org/2000/01/rdf-schema#comment": "Liegenschaftsamt", "http://www.wikidata.org/prop/direct/P2547.value": "3.0", "http://www.wikidata.org/prop/direct/P2547.unit": "http://www.ontology-of-units-of-measure.org/resource/om-2/meter", "http://www.wikidata.org/prop/direct/P3018": "Neuwerk", "https://gdi-de.github.io/apworkshop2026/ont#stammdurchmesser.value": "22.0", "https://gdi-de.github.io/apworkshop2026/ont#stammdurchmesser.unit": "http://www.ontology-of-units-of-measure.org/resource/om-2/centimeter"}, "geometry": {"type": "MultiPoint", "coordinates": [[8.49594108147993, 53.9157466639977]]}}, {"type": "Feature", "id": "https://gdi-de.github.io/apworkshop2026/NEUW631", "name": "Baum NEUW631 (gdide:NEUW631)", "dateprops": [], "properties": {"http://www.w3.org/2000/01/rdf-schema#label": "Baum NEUW631", "http://rdfs.org/ns/void#inDataset.value": "72757", "http://www.w3.org/2000/01/rdf-schema#comment": "Liegenschaftsamt", "http://www.wikidata.org/prop/direct/P2547.value": "3.0", "http://www.wikidata.org/prop/direct/P2547.unit": "http://www.ontology-of-units-of-measure.org/resource/om-2/meter", "http://www.wikidata.org/prop/direct/P3018": "Neuwerk", "https://gdi-de.github.io/apworkshop2026/ont#stammdurchmesser.value": "19.0", "https://gdi-de.github.io/apworkshop2026/ont#stammdurchmesser.unit": "http://www.ontology-of-units-of-measure.org/resource/om-2/centimeter"}, "geometry": {"type": "MultiPoint", "coordinates": [[8.495693469855016, 53.91556845734496]]}}, {"type": "Feature", "id": "https://gdi-de.github.io/apworkshop2026/NEUW76", "name": "Baum NEUW76 (gdide:NEUW76)", "dateprops": [], "properties": {"http://www.w3.org/2000/01/rdf-schema#label": "Baum NEUW76", "http://rdfs.org/ns/void#inDataset.value": "72757", "http://www.w3.org/2000/01/rdf-schema#comment": "\u00f6ffentliche Gr\u00fcnfl\u00e4che", "http://www.wikidata.org/prop/direct/P2547.value": "6.0", "http://www.wikidata.org/prop/direct/P2547.unit": "http://www.ontology-of-units-of-measure.org/resource/om-2/meter", "http://www.wikidata.org/prop/direct/P3018": "Neuwerk", "https://gdi-de.github.io/apworkshop2026/ont#stammdurchmesser.value": "51.0", "https://gdi-de.github.io/apworkshop2026/ont#stammdurchmesser.unit": "http://www.ontology-of-units-of-measure.org/resource/om-2/centimeter"}, "geometry": {"type": "MultiPoint", "coordinates": [[8.497001327077166, 53.91470201043846]]}}, {"type": "Feature", "id": "https://gdi-de.github.io/apworkshop2026/GZAW469", "name": "Baum GZAW469 (gdide:GZAW469)", "dateprops": [], "properties": {"http://www.w3.org/2000/01/rdf-schema#label": "Baum GZAW469", "http://rdfs.org/ns/void#inDataset.value": "72757", "http://www.w3.org/2000/01/rdf-schema#comment": "sonst. \u00f6ff. Fl\u00e4chen", "http://www.wikidata.org/prop/direct/P2547.value": "10.0", "http://www.wikidata.org/prop/direct/P2547.unit": "http://www.ontology-of-units-of-measure.org/resource/om-2/meter", "http://www.wikidata.org/prop/direct/P3018": "Gr\u00fcnzug Altenwerder", "https://gdi-de.github.io/apworkshop2026/ont#stammdurchmesser.value": "25.0", "https://gdi-de.github.io/apworkshop2026/ont#stammdurchmesser.unit": "http://www.ontology-of-units-of-measure.org/resource/om-2/centimeter"}, "geometry": {"type": "MultiPoint", "coordinates": [[9.9173651184785, 53.50424481656896]]}}, {"type": "Feature", "id": "https://gdi-de.github.io/apworkshop2026/NEUW127", "name": "Baum NEUW127 (gdide:NEUW127)", "dateprops": [], "properties": {"http://www.w3.org/2000/01/rdf-schema#label": "Baum NEUW127", "http://rdfs.org/ns/void#inDataset.value": "72757", "http://www.w3.org/2000/01/rdf-schema#comment": "\u00f6ffentliche Gr\u00fcnfl\u00e4che", "http://www.wikidata.org/prop/direct/P2547.value": "8.0", "http://www.wikidata.org/prop/direct/P2547.unit": "http://www.ontology-of-units-of-measure.org/resource/om-2/meter", "http://www.wikidata.org/prop/direct/P3018": "Neuwerk", "https://gdi-de.github.io/apworkshop2026/ont#stammdurchmesser.value": "30.0", "https://gdi-de.github.io/apworkshop2026/ont#stammdurchmesser.unit": "http://www.ontology-of-units-of-measure.org/resource/om-2/centimeter"}, "geometry": {"type": "MultiPoint", "coordinates": [[8.496067546305628, 53.913629848707025]]}}, {"type": "Feature", "id": "https://gdi-de.github.io/apworkshop2026/NEUW418", "name": "Baum NEUW418 (gdide:NEUW418)", "dateprops": [], "properties": {"http://www.w3.org/2000/01/rdf-schema#label": "Baum NEUW418", "http://rdfs.org/ns/void#inDataset.value": "72757", "http://www.w3.org/2000/01/rdf-schema#comment": "BUKEA", "http://www.wikidata.org/prop/direct/P2547.value": "5.0", "http://www.wikidata.org/prop/direct/P2547.unit": "http://www.ontology-of-units-of-measure.org/resource/om-2/meter", "http://www.wikidata.org/prop/direct/P3018": "Neuwerk", "https://gdi-de.github.io/apworkshop2026/ont#stammdurchmesser.value": "30.0", "https://gdi-de.github.io/apworkshop2026/ont#stammdurchmesser.unit": "http://www.ontology-of-units-of-measure.org/resource/om-2/centimeter"}, "geometry": {"type": "MultiPoint", "coordinates": [[8.499266177537795, 53.92229025039731]]}}, {"type": "Feature", "id": "https://gdi-de.github.io/apworkshop2026/GZAW175", "name": "Baum GZAW175 (gdide:GZAW175)", "dateprops": [], "properties": {"http://www.w3.org/2000/01/rdf-schema#label": "Baum GZAW175", "http://rdfs.org/ns/void#inDataset.value": "72757", "http://www.w3.org/2000/01/rdf-schema#comment": "sonst. \u00f6ff. Fl\u00e4chen", "http://www.wikidata.org/prop/direct/P2547.value": "8.0", "http://www.wikidata.org/prop/direct/P2547.unit": "http://www.ontology-of-units-of-measure.org/resource/om-2/meter", "http://www.wikidata.org/prop/direct/P3018": "Gr\u00fcnzug Altenwerder", "https://gdi-de.github.io/apworkshop2026/ont#stammdurchmesser.value": "38.0", "https://gdi-de.github.io/apworkshop2026/ont#stammdurchmesser.unit": "http://www.ontology-of-units-of-measure.org/resource/om-2/centimeter"}, "geometry": {"type": "MultiPoint", "coordinates": [[9.9177371018545, 53.50483104059385]]}}, {"type": "Feature", "id": "https://gdi-de.github.io/apworkshop2026/TATB78", "name": "Baum TATB78 (gdide:TATB78)", "dateprops": [], "properties": {"http://www.w3.org/2000/01/rdf-schema#label": "Baum TATB78", "http://rdfs.org/ns/void#inDataset.value": "72757", "http://www.w3.org/2000/01/rdf-schema#comment": "Bezirksamt", "http://www.wikidata.org/prop/direct/P2547.value": "10.0", "http://www.wikidata.org/prop/direct/P2547.unit": "http://www.ontology-of-units-of-measure.org/resource/om-2/meter", "http://www.wikidata.org/prop/direct/P3018": "Tatenberger Schleuse", "https://gdi-de.github.io/apworkshop2026/ont#stammdurchmesser.value": "63.0", "https://gdi-de.github.io/apworkshop2026/ont#stammdurchmesser.unit": "http://www.ontology-of-units-of-measure.org/resource/om-2/centimeter"}, "geometry": {"type": "MultiPoint", "coordinates": [[10.076836482149819, 53.49982910123995]]}}, {"type": "Feature", "id": "https://gdi-de.github.io/apworkshop2026/WITB150", "name": "Baum WITB150 (gdide:WITB150)", "dateprops": [], "properties": {"http://www.w3.org/2000/01/rdf-schema#label": "Baum WITB150", "http://rdfs.org/ns/void#inDataset.value": "72757", "http://www.w3.org/2000/01/rdf-schema#comment": "Wasserwirtschaft", "http://www.wikidata.org/prop/direct/P2547.value": "14.0", "http://www.wikidata.org/prop/direct/P2547.unit": "http://www.ontology-of-units-of-measure.org/resource/om-2/meter", "http://www.wikidata.org/prop/direct/P3018": "Wittenbergen", "https://gdi-de.github.io/apworkshop2026/ont#stammdurchmesser.value": "41.0", "https://gdi-de.github.io/apworkshop2026/ont#stammdurchmesser.unit": "http://www.ontology-of-units-of-measure.org/resource/om-2/centimeter"}, "geometry": {"type": "MultiPoint", "coordinates": [[9.76489572718817, 53.56481464886436]]}}, {"type": "Feature", "id": "https://gdi-de.github.io/apworkshop2026/NEUW592", "name": "Baum NEUW592 (gdide:NEUW592)", "dateprops": [], "properties": {"http://www.w3.org/2000/01/rdf-schema#label": "Baum NEUW592", "http://rdfs.org/ns/void#inDataset.value": "72757", "http://www.w3.org/2000/01/rdf-schema#comment": "Liegenschaftsamt", "http://www.wikidata.org/prop/direct/P2547.value": "2.0", "http://www.wikidata.org/prop/direct/P2547.unit": "http://www.ontology-of-units-of-measure.org/resource/om-2/meter", "http://www.wikidata.org/prop/direct/P3018": "Neuwerk", "https://gdi-de.github.io/apworkshop2026/ont#stammdurchmesser.value": "22.0", "https://gdi-de.github.io/apworkshop2026/ont#stammdurchmesser.unit": "http://www.ontology-of-units-of-measure.org/resource/om-2/centimeter"}, "geometry": {"type": "MultiPoint", "coordinates": [[8.495603997652719, 53.91594525013647]]}}, {"type": "Feature", "id": "https://gdi-de.github.io/apworkshop2026/BFASN411", "name": "Baum BFASN411 (gdide:BFASN411)", "dateprops": [], "properties": {"http://www.w3.org/2000/01/rdf-schema#label": "Baum BFASN411", "http://rdfs.org/ns/void#inDataset.value": "72757", "http://www.w3.org/2000/01/rdf-schema#comment": "Stra\u00dfe", "http://www.wikidata.org/prop/direct/P2547.value": "6.0", "http://www.wikidata.org/prop/direct/P2547.unit": "http://www.ontology-of-units-of-measure.org/resource/om-2/meter", "http://www.wikidata.org/prop/direct/P3018": "Bahnhof Alte S\u00fcderelbe Nord", "https://gdi-de.github.io/apworkshop2026/ont#stammdurchmesser.value": "38.0", "https://gdi-de.github.io/apworkshop2026/ont#stammdurchmesser.unit": "http://www.ontology-of-units-of-measure.org/resource/om-2/centimeter"}, "geometry": {"type": "MultiPoint", "coordinates": [[9.911559746971726, 53.50657762190883]]}}, {"type": "Feature", "id": "https://gdi-de.github.io/apworkshop2026/NEUW105", "name": "Baum NEUW105 (gdide:NEUW105)", "dateprops": [], "properties": {"http://www.w3.org/2000/01/rdf-schema#label": "Baum NEUW105", "http://rdfs.org/ns/void#inDataset.value": "72757", "http://www.w3.org/2000/01/rdf-schema#comment": "BUKEA", "http://www.wikidata.org/prop/direct/P2547.value": "9.0", "http://www.wikidata.org/prop/direct/P2547.unit": "http://www.ontology-of-units-of-measure.org/resource/om-2/meter", "http://www.wikidata.org/prop/direct/P3018": "Neuwerk", "https://gdi-de.github.io/apworkshop2026/ont#stammdurchmesser.value": "32.0", "https://gdi-de.github.io/apworkshop2026/ont#stammdurchmesser.unit": "http://www.ontology-of-units-of-measure.org/resource/om-2/centimeter"}, "geometry": {"type": "MultiPoint", "coordinates": [[8.496859159700302, 53.91394237248517]]}}, {"type": "Feature", "id": "https://gdi-de.github.io/apworkshop2026/GZAW343", "name": "Baum GZAW343 (gdide:GZAW343)", "dateprops": [], "properties": {"http://www.w3.org/2000/01/rdf-schema#label": "Baum GZAW343", "http://rdfs.org/ns/void#inDataset.value": "72757", "http://www.w3.org/2000/01/rdf-schema#comment": "sonst. \u00f6ff. Fl\u00e4chen", "http://www.wikidata.org/prop/direct/P2547.value": "18.0", "http://www.wikidata.org/prop/direct/P2547.unit": "http://www.ontology-of-units-of-measure.org/resource/om-2/meter", "http://www.wikidata.org/prop/direct/P3018": "Gr\u00fcnzug Altenwerder", "https://gdi-de.github.io/apworkshop2026/ont#stammdurchmesser.value": "32.0", "https://gdi-de.github.io/apworkshop2026/ont#stammdurchmesser.unit": "http://www.ontology-of-units-of-measure.org/resource/om-2/centimeter"}, "geometry": {"type": "MultiPoint", "coordinates": [[9.91680355464494, 53.50288523203739]]}}, {"type": "Feature", "id": "https://gdi-de.github.io/apworkshop2026/WITB57", "name": "Baum WITB57 (gdide:WITB57)", "dateprops": [], "properties": {"http://www.w3.org/2000/01/rdf-schema#label": "Baum WITB57", "http://rdfs.org/ns/void#inDataset.value": "72757", "http://www.w3.org/2000/01/rdf-schema#comment": "Wasserwirtschaft", "http://www.wikidata.org/prop/direct/P2547.value": "8.0", "http://www.wikidata.org/prop/direct/P2547.unit": "http://www.ontology-of-units-of-measure.org/resource/om-2/meter", "http://www.wikidata.org/prop/direct/P3018": "Wittenbergen", "https://gdi-de.github.io/apworkshop2026/ont#stammdurchmesser.value": "59.0", "https://gdi-de.github.io/apworkshop2026/ont#stammdurchmesser.unit": "http://www.ontology-of-units-of-measure.org/resource/om-2/centimeter"}, "geometry": {"type": "MultiPoint", "coordinates": [[9.762021136245293, 53.56520005747317]]}}, {"type": "Feature", "id": "https://gdi-de.github.io/apworkshop2026/SAHF228", "name": "Baum SAHF228 (gdide:SAHF228)", "dateprops": [], "properties": {"http://www.w3.org/2000/01/rdf-schema#label": "Baum SAHF228", "http://rdfs.org/ns/void#inDataset.value": "72757", "http://www.w3.org/2000/01/rdf-schema#comment": "Wasserwirtschaft", "http://www.wikidata.org/prop/direct/P2547.value": "3.0", "http://www.wikidata.org/prop/direct/P2547.unit": "http://www.ontology-of-units-of-measure.org/resource/om-2/meter", "http://www.wikidata.org/prop/direct/P3018": "Saalehafen", "https://gdi-de.github.io/apworkshop2026/ont#stammdurchmesser.value": "13.0", "https://gdi-de.github.io/apworkshop2026/ont#stammdurchmesser.unit": "http://www.ontology-of-units-of-measure.org/resource/om-2/centimeter"}, "geometry": {"type": "MultiPoint", "coordinates": [[10.015680390332594, 53.53355430455279]]}}, {"type": "Feature", "id": "https://gdi-de.github.io/apworkshop2026/GEOW143", "name": "Baum GEOW143 (gdide:GEOW143)", "dateprops": [], "properties": {"http://www.w3.org/2000/01/rdf-schema#label": "Baum GEOW143", "http://rdfs.org/ns/void#inDataset.value": "72757", "http://www.w3.org/2000/01/rdf-schema#comment": "sonst. \u00f6ff. Fl\u00e4chen", "http://www.wikidata.org/prop/direct/P2547.value": "4.0", "http://www.wikidata.org/prop/direct/P2547.unit": "http://www.ontology-of-units-of-measure.org/resource/om-2/meter", "http://www.wikidata.org/prop/direct/P3018": "Georgswerder", "https://gdi-de.github.io/apworkshop2026/ont#stammdurchmesser.value": "29.0", "https://gdi-de.github.io/apworkshop2026/ont#stammdurchmesser.unit": "http://www.ontology-of-units-of-measure.org/resource/om-2/centimeter"}, "geometry": {"type": "MultiPoint", "coordinates": [[10.020275847932647, 53.52035861186562]]}}, {"type": "Feature", "id": "https://gdi-de.github.io/apworkshop2026/NEUW141", "name": "Baum NEUW141 (gdide:NEUW141)", "dateprops": [], "properties": {"http://www.w3.org/2000/01/rdf-schema#label": "Baum NEUW141", "http://rdfs.org/ns/void#inDataset.value": "72757", "http://www.w3.org/2000/01/rdf-schema#comment": "Bezirksamt", "http://www.wikidata.org/prop/direct/P2547.value": "7.0", "http://www.wikidata.org/prop/direct/P2547.unit": "http://www.ontology-of-units-of-measure.org/resource/om-2/meter", "http://www.wikidata.org/prop/direct/P3018": "Neuwerk", "https://gdi-de.github.io/apworkshop2026/ont#stammdurchmesser.value": "26.0", "https://gdi-de.github.io/apworkshop2026/ont#stammdurchmesser.unit": "http://www.ontology-of-units-of-measure.org/resource/om-2/centimeter"}, "geometry": {"type": "MultiPoint", "coordinates": [[8.500404783177263, 53.91383721224631]]}}, {"type": "Feature", "id": "https://gdi-de.github.io/apworkshop2026/NEUW356", "name": "Baum NEUW356 (gdide:NEUW356)", "dateprops": [], "properties": {"http://www.w3.org/2000/01/rdf-schema#label": "Baum NEUW356", "http://rdfs.org/ns/void#inDataset.value": "72757", "http://www.w3.org/2000/01/rdf-schema#comment": "BUKEA", "http://www.wikidata.org/prop/direct/P2547.value": "5.0", "http://www.wikidata.org/prop/direct/P2547.unit": "http://www.ontology-of-units-of-measure.org/resource/om-2/meter", "http://www.wikidata.org/prop/direct/P3018": "Neuwerk", "https://gdi-de.github.io/apworkshop2026/ont#stammdurchmesser.value": "24.0", "https://gdi-de.github.io/apworkshop2026/ont#stammdurchmesser.unit": "http://www.ontology-of-units-of-measure.org/resource/om-2/centimeter"}, "geometry": {"type": "MultiPoint", "coordinates": [[8.498166711495255, 53.913421701049266]]}}, {"type": "Feature", "id": "https://gdi-de.github.io/apworkshop2026/NEUW40", "name": "Baum NEUW40 (gdide:NEUW40)", "dateprops": [], "properties": {"http://www.w3.org/2000/01/rdf-schema#label": "Baum NEUW40", "http://rdfs.org/ns/void#inDataset.value": "72757", "http://www.w3.org/2000/01/rdf-schema#comment": "Liegenschaftsamt", "http://www.wikidata.org/prop/direct/P2547.value": "3.0", "http://www.wikidata.org/prop/direct/P2547.unit": "http://www.ontology-of-units-of-measure.org/resource/om-2/meter", "http://www.wikidata.org/prop/direct/P3018": "Neuwerk", "https://gdi-de.github.io/apworkshop2026/ont#stammdurchmesser.value": "26.0", "https://gdi-de.github.io/apworkshop2026/ont#stammdurchmesser.unit": "http://www.ontology-of-units-of-measure.org/resource/om-2/centimeter"}, "geometry": {"type": "MultiPoint", "coordinates": [[8.49666704599364, 53.91429549730684]]}}, {"type": "Feature", "id": "https://gdi-de.github.io/apworkshop2026/NEUW605", "name": "Baum NEUW605 (gdide:NEUW605)", "dateprops": [], "properties": {"http://www.w3.org/2000/01/rdf-schema#label": "Baum NEUW605", "http://rdfs.org/ns/void#inDataset.value": "72757", "http://www.w3.org/2000/01/rdf-schema#comment": "Liegenschaftsamt", "http://www.wikidata.org/prop/direct/P2547.value": "8.0", "http://www.wikidata.org/prop/direct/P2547.unit": "http://www.ontology-of-units-of-measure.org/resource/om-2/meter", "http://www.wikidata.org/prop/direct/P3018": "Neuwerk", "https://gdi-de.github.io/apworkshop2026/ont#stammdurchmesser.value": "32.0", "https://gdi-de.github.io/apworkshop2026/ont#stammdurchmesser.unit": "http://www.ontology-of-units-of-measure.org/resource/om-2/centimeter"}, "geometry": {"type": "MultiPoint", "coordinates": [[8.495805885029672, 53.91587035850139]]}}, {"type": "Feature", "id": "https://gdi-de.github.io/apworkshop2026/ROSD432", "name": "Baum ROSD432 (gdide:ROSD432)", "dateprops": [], "properties": {"http://www.w3.org/2000/01/rdf-schema#label": "Baum ROSD432", "http://rdfs.org/ns/void#inDataset.value": "72757", "http://www.w3.org/2000/01/rdf-schema#comment": "Wasserwirtschaft", "http://www.wikidata.org/prop/direct/P2547.value": "3.0", "http://www.wikidata.org/prop/direct/P2547.unit": "http://www.ontology-of-units-of-measure.org/resource/om-2/meter", "http://www.wikidata.org/prop/direct/P3018": "Ro\u00dfdamm", "https://gdi-de.github.io/apworkshop2026/ont#stammdurchmesser.value": "12.0", "https://gdi-de.github.io/apworkshop2026/ont#stammdurchmesser.unit": "http://www.ontology-of-units-of-measure.org/resource/om-2/centimeter"}, "geometry": {"type": "MultiPoint", "coordinates": [[9.970504698599159, 53.519784603583]]}}, {"type": "Feature", "id": "https://gdi-de.github.io/apworkshop2026/ALTW651", "name": "Baum ALTW651 (gdide:ALTW651)", "dateprops": [], "properties": {"http://www.w3.org/2000/01/rdf-schema#label": "Baum ALTW651", "http://rdfs.org/ns/void#inDataset.value": "72757", "http://www.w3.org/2000/01/rdf-schema#comment": "sonst. \u00f6ff. Fl\u00e4chen", "http://www.wikidata.org/prop/direct/P2547.value": "4.0", "http://www.wikidata.org/prop/direct/P2547.unit": "http://www.ontology-of-units-of-measure.org/resource/om-2/meter", "http://www.wikidata.org/prop/direct/P3018": "Altenwerder Logistik", "https://gdi-de.github.io/apworkshop2026/ont#stammdurchmesser.value": "22.0", "https://gdi-de.github.io/apworkshop2026/ont#stammdurchmesser.unit": "http://www.ontology-of-units-of-measure.org/resource/om-2/centimeter"}, "geometry": {"type": "MultiPoint", "coordinates": [[9.917881029929324, 53.51219493551562]]}}, {"type": "Feature", "id": "https://gdi-de.github.io/apworkshop2026/BFAS32", "name": "Baum BFAS32 (gdide:BFAS32)", "dateprops": [], "properties": {"http://www.w3.org/2000/01/rdf-schema#label": "Baum BFAS32", "http://rdfs.org/ns/void#inDataset.value": "72757", "http://www.w3.org/2000/01/rdf-schema#comment": "Bahn", "http://www.wikidata.org/prop/direct/P2547.value": "5.0", "http://www.wikidata.org/prop/direct/P2547.unit": "http://www.ontology-of-units-of-measure.org/resource/om-2/meter", "http://www.wikidata.org/prop/direct/P3018": "Bahnhof Alte S\u00fcderelbe S\u00fcd", "https://gdi-de.github.io/apworkshop2026/ont#stammdurchmesser.value": "18.0", "https://gdi-de.github.io/apworkshop2026/ont#stammdurchmesser.unit": "http://www.ontology-of-units-of-measure.org/resource/om-2/centimeter"}, "geometry": {"type": "MultiPoint", "coordinates": [[9.90759447550979, 53.50377594691871]]}}, {"type": "Feature", "id": "https://gdi-de.github.io/apworkshop2026/BFHS410", "name": "Baum BFHS410 (gdide:BFHS410)", "dateprops": [], "properties": {"http://www.w3.org/2000/01/rdf-schema#label": "Baum BFHS410", "http://rdfs.org/ns/void#inDataset.value": "72757", "http://www.w3.org/2000/01/rdf-schema#comment": "sonst. \u00f6ff. Fl\u00e4chen", "http://www.wikidata.org/prop/direct/P2547.value": "5.0", "http://www.wikidata.org/prop/direct/P2547.unit": "http://www.ontology-of-units-of-measure.org/resource/om-2/meter", "http://www.wikidata.org/prop/direct/P3018": "Bahnhof Hohe Schaar", "https://gdi-de.github.io/apworkshop2026/ont#stammdurchmesser.value": "13.0", "https://gdi-de.github.io/apworkshop2026/ont#stammdurchmesser.unit": "http://www.ontology-of-units-of-measure.org/resource/om-2/centimeter"}, "geometry": {"type": "MultiPoint", "coordinates": [[9.964719997327071, 53.497436518556455]]}}, {"type": "Feature", "id": "https://gdi-de.github.io/apworkshop2026/HOHS711", "name": "Baum HOHS711 (gdide:HOHS711)", "dateprops": [], "properties": {"http://www.w3.org/2000/01/rdf-schema#label": "Baum HOHS711", "http://rdfs.org/ns/void#inDataset.value": "72757", "http://www.w3.org/2000/01/rdf-schema#comment": "Bahn", "http://www.wikidata.org/prop/direct/P2547.value": "9.0", "http://www.wikidata.org/prop/direct/P2547.unit": "http://www.ontology-of-units-of-measure.org/resource/om-2/meter", "http://www.wikidata.org/prop/direct/P3018": "Hohe Schaar", "https://gdi-de.github.io/apworkshop2026/ont#stammdurchmesser.value": "74.0", "https://gdi-de.github.io/apworkshop2026/ont#stammdurchmesser.unit": "http://www.ontology-of-units-of-measure.org/resource/om-2/centimeter"}, "geometry": {"type": "MultiPoint", "coordinates": [[9.996336949353344, 53.48222723103408]]}}, {"type": "Feature", "id": "https://gdi-de.github.io/apworkshop2026/NEUW455", "name": "Baum NEUW455 (gdide:NEUW455)", "dateprops": [], "properties": {"http://www.w3.org/2000/01/rdf-schema#label": "Baum NEUW455", "http://rdfs.org/ns/void#inDataset.value": "72757", "http://www.w3.org/2000/01/rdf-schema#comment": "Liegenschaftsamt", "http://www.wikidata.org/prop/direct/P2547.value": "3.0", "http://www.wikidata.org/prop/direct/P2547.unit": "http://www.ontology-of-units-of-measure.org/resource/om-2/meter", "http://www.wikidata.org/prop/direct/P3018": "Neuwerk", "https://gdi-de.github.io/apworkshop2026/ont#stammdurchmesser.value": "22.0", "https://gdi-de.github.io/apworkshop2026/ont#stammdurchmesser.unit": "http://www.ontology-of-units-of-measure.org/resource/om-2/centimeter"}, "geometry": {"type": "MultiPoint", "coordinates": [[8.498379001363197, 53.921609255693404]]}}, {"type": "Feature", "id": "https://gdi-de.github.io/apworkshop2026/BFASN191", "name": "Baum BFASN191 (gdide:BFASN191)", "dateprops": [], "properties": {"http://www.w3.org/2000/01/rdf-schema#label": "Baum BFASN191", "http://rdfs.org/ns/void#inDataset.value": "72757", "http://www.w3.org/2000/01/rdf-schema#comment": "sonst. \u00f6ff. Fl\u00e4chen", "http://www.wikidata.org/prop/direct/P2547.value": "4.0", "http://www.wikidata.org/prop/direct/P2547.unit": "http://www.ontology-of-units-of-measure.org/resource/om-2/meter", "http://www.wikidata.org/prop/direct/P3018": "Bahnhof Alte S\u00fcderelbe Nord", "https://gdi-de.github.io/apworkshop2026/ont#stammdurchmesser.value": "25.0", "https://gdi-de.github.io/apworkshop2026/ont#stammdurchmesser.unit": "http://www.ontology-of-units-of-measure.org/resource/om-2/centimeter"}, "geometry": {"type": "MultiPoint", "coordinates": [[9.911690999817889, 53.50863857457653]]}}, {"type": "Feature", "id": "https://gdi-de.github.io/apworkshop2026/NHKL526", "name": "Baum NHKL526 (gdide:NHKL526)", "dateprops": [], "properties": {"http://www.w3.org/2000/01/rdf-schema#label": "Baum NHKL526", "http://rdfs.org/ns/void#inDataset.value": "72757", "http://www.w3.org/2000/01/rdf-schema#comment": "Stra\u00dfe", "http://www.wikidata.org/prop/direct/P2547.value": "2.0", "http://www.wikidata.org/prop/direct/P2547.unit": "http://www.ontology-of-units-of-measure.org/resource/om-2/meter", "http://www.wikidata.org/prop/direct/P3018": "Neuh\u00f6fer Kanal", "https://gdi-de.github.io/apworkshop2026/ont#stammdurchmesser.value": "20.0", "https://gdi-de.github.io/apworkshop2026/ont#stammdurchmesser.unit": "http://www.ontology-of-units-of-measure.org/resource/om-2/centimeter"}, "geometry": {"type": "MultiPoint", "coordinates": [[9.971907067572351, 53.515377269399096]]}}, {"type": "Feature", "id": "https://gdi-de.github.io/apworkshop2026/NEUW315", "name": "Baum NEUW315 (gdide:NEUW315)", "dateprops": [], "properties": {"http://www.w3.org/2000/01/rdf-schema#label": "Baum NEUW315", "http://rdfs.org/ns/void#inDataset.value": "72757", "http://www.w3.org/2000/01/rdf-schema#comment": "BUKEA", "http://www.wikidata.org/prop/direct/P2547.value": "5.0", "http://www.wikidata.org/prop/direct/P2547.unit": "http://www.ontology-of-units-of-measure.org/resource/om-2/meter", "http://www.wikidata.org/prop/direct/P3018": "Neuwerk", "https://gdi-de.github.io/apworkshop2026/ont#stammdurchmesser.value": "21.0", "https://gdi-de.github.io/apworkshop2026/ont#stammdurchmesser.unit": "http://www.ontology-of-units-of-measure.org/resource/om-2/centimeter"}, "geometry": {"type": "MultiPoint", "coordinates": [[8.49715579239027, 53.913774343493]]}}, {"type": "Feature", "id": "https://gdi-de.github.io/apworkshop2026/NEUW34", "name": "Baum NEUW34 (gdide:NEUW34)", "dateprops": [], "properties": {"http://www.w3.org/2000/01/rdf-schema#label": "Baum NEUW34", "http://rdfs.org/ns/void#inDataset.value": "72757", "http://www.w3.org/2000/01/rdf-schema#comment": "Liegenschaftsamt", "http://www.wikidata.org/prop/direct/P2547.value": "8.0", "http://www.wikidata.org/prop/direct/P2547.unit": "http://www.ontology-of-units-of-measure.org/resource/om-2/meter", "http://www.wikidata.org/prop/direct/P3018": "Neuwerk", "https://gdi-de.github.io/apworkshop2026/ont#stammdurchmesser.value": "42.0", "https://gdi-de.github.io/apworkshop2026/ont#stammdurchmesser.unit": "http://www.ontology-of-units-of-measure.org/resource/om-2/centimeter"}, "geometry": {"type": "MultiPoint", "coordinates": [[8.496583960813012, 53.91433755568152]]}}, {"type": "Feature", "id": "https://gdi-de.github.io/apworkshop2026/BFASN51", "name": "Baum BFASN51 (gdide:BFASN51)", "dateprops": [], "properties": {"http://www.w3.org/2000/01/rdf-schema#label": "Baum BFASN51", "http://rdfs.org/ns/void#inDataset.value": "72757", "http://www.w3.org/2000/01/rdf-schema#comment": "sonst. \u00f6ff. Fl\u00e4chen", "http://www.wikidata.org/prop/direct/P2547.value": "5.0", "http://www.wikidata.org/prop/direct/P2547.unit": "http://www.ontology-of-units-of-measure.org/resource/om-2/meter", "http://www.wikidata.org/prop/direct/P3018": "Bahnhof Alte S\u00fcderelbe Nord", "https://gdi-de.github.io/apworkshop2026/ont#stammdurchmesser.value": "29.0", "https://gdi-de.github.io/apworkshop2026/ont#stammdurchmesser.unit": "http://www.ontology-of-units-of-measure.org/resource/om-2/centimeter"}, "geometry": {"type": "MultiPoint", "coordinates": [[9.91088168961212, 53.51341966976997]]}}, {"type": "Feature", "id": "https://gdi-de.github.io/apworkshop2026/GZAW382", "name": "Baum GZAW382 (gdide:GZAW382)", "dateprops": [], "properties": {"http://www.w3.org/2000/01/rdf-schema#label": "Baum GZAW382", "http://rdfs.org/ns/void#inDataset.value": "72757", "http://www.w3.org/2000/01/rdf-schema#comment": "sonst. \u00f6ff. Fl\u00e4chen", "http://www.wikidata.org/prop/direct/P2547.value": "3.0", "http://www.wikidata.org/prop/direct/P2547.unit": "http://www.ontology-of-units-of-measure.org/resource/om-2/meter", "http://www.wikidata.org/prop/direct/P3018": "Gr\u00fcnzug Altenwerder", "https://gdi-de.github.io/apworkshop2026/ont#stammdurchmesser.value": "23.0", "https://gdi-de.github.io/apworkshop2026/ont#stammdurchmesser.unit": "http://www.ontology-of-units-of-measure.org/resource/om-2/centimeter"}, "geometry": {"type": "MultiPoint", "coordinates": [[9.91757367135486, 53.50388784329537]]}}, {"type": "Feature", "id": "https://gdi-de.github.io/apworkshop2026/WITB133", "name": "Baum WITB133 (gdide:WITB133)", "dateprops": [], "properties": {"http://www.w3.org/2000/01/rdf-schema#label": "Baum WITB133", "http://rdfs.org/ns/void#inDataset.value": "72757", "http://www.w3.org/2000/01/rdf-schema#comment": "Wasserwirtschaft", "http://www.wikidata.org/prop/direct/P2547.value": "4.0", "http://www.wikidata.org/prop/direct/P2547.unit": "http://www.ontology-of-units-of-measure.org/resource/om-2/meter", "http://www.wikidata.org/prop/direct/P3018": "Wittenbergen", "https://gdi-de.github.io/apworkshop2026/ont#stammdurchmesser.value": "29.0", "https://gdi-de.github.io/apworkshop2026/ont#stammdurchmesser.unit": "http://www.ontology-of-units-of-measure.org/resource/om-2/centimeter"}, "geometry": {"type": "MultiPoint", "coordinates": [[9.766553684826, 53.56476829118369]]}}, {"type": "Feature", "id": "https://gdi-de.github.io/apworkshop2026/WITB68", "name": "Baum WITB68 (gdide:WITB68)", "dateprops": [], "properties": {"http://www.w3.org/2000/01/rdf-schema#label": "Baum WITB68", "http://rdfs.org/ns/void#inDataset.value": "72757", "http://www.w3.org/2000/01/rdf-schema#comment": "Wasserwirtschaft", "http://www.wikidata.org/prop/direct/P2547.value": "5.0", "http://www.wikidata.org/prop/direct/P2547.unit": "http://www.ontology-of-units-of-measure.org/resource/om-2/meter", "http://www.wikidata.org/prop/direct/P3018": "Wittenbergen", "https://gdi-de.github.io/apworkshop2026/ont#stammdurchmesser.value": "25.0", "https://gdi-de.github.io/apworkshop2026/ont#stammdurchmesser.unit": "http://www.ontology-of-units-of-measure.org/resource/om-2/centimeter"}, "geometry": {"type": "MultiPoint", "coordinates": [[9.767239153286699, 53.564670469855116]]}}, {"type": "Feature", "id": "https://gdi-de.github.io/apworkshop2026/VHWN591", "name": "Baum VHWN591 (gdide:VHWN591)", "dateprops": [], "properties": {"http://www.w3.org/2000/01/rdf-schema#label": "Baum VHWN591", "http://rdfs.org/ns/void#inDataset.value": "72757", "http://www.w3.org/2000/01/rdf-schema#comment": "sonst. \u00f6ff. Fl\u00e4chen", "http://www.wikidata.org/prop/direct/P2547.value": "4.0", "http://www.wikidata.org/prop/direct/P2547.unit": "http://www.ontology-of-units-of-measure.org/resource/om-2/meter", "http://www.wikidata.org/prop/direct/P3018": "Vollh\u00f6fner Weiden", "https://gdi-de.github.io/apworkshop2026/ont#stammdurchmesser.value": "19.0", "https://gdi-de.github.io/apworkshop2026/ont#stammdurchmesser.unit": "http://www.ontology-of-units-of-measure.org/resource/om-2/centimeter"}, "geometry": {"type": "MultiPoint", "coordinates": [[9.89722349741985, 53.51466460771171]]}}, {"type": "Feature", "id": "https://gdi-de.github.io/apworkshop2026/NEUW640", "name": "Baum NEUW640 (gdide:NEUW640)", "dateprops": [], "properties": {"http://www.w3.org/2000/01/rdf-schema#label": "Baum NEUW640", "http://rdfs.org/ns/void#inDataset.value": "72757", "http://www.w3.org/2000/01/rdf-schema#comment": "Liegenschaftsamt", "http://www.wikidata.org/prop/direct/P2547.value": "4.0", "http://www.wikidata.org/prop/direct/P2547.unit": "http://www.ontology-of-units-of-measure.org/resource/om-2/meter", "http://www.wikidata.org/prop/direct/P3018": "Neuwerk", "https://gdi-de.github.io/apworkshop2026/ont#stammdurchmesser.value": "16.0", "https://gdi-de.github.io/apworkshop2026/ont#stammdurchmesser.unit": "http://www.ontology-of-units-of-measure.org/resource/om-2/centimeter"}, "geometry": {"type": "MultiPoint", "coordinates": [[8.495474406689832, 53.915262358316504]]}}, {"type": "Feature", "id": "https://gdi-de.github.io/apworkshop2026/KTWK961", "name": "Baum KTWK961 (gdide:KTWK961)", "dateprops": [], "properties": {"http://www.w3.org/2000/01/rdf-schema#label": "Baum KTWK961", "http://rdfs.org/ns/void#inDataset.value": "72757", "http://www.w3.org/2000/01/rdf-schema#comment": "sonst. \u00f6ff. Fl\u00e4chen", "http://www.wikidata.org/prop/direct/P2547.value": "4.0", "http://www.wikidata.org/prop/direct/P2547.unit": "http://www.ontology-of-units-of-measure.org/resource/om-2/meter", "http://www.wikidata.org/prop/direct/P3018": "Kattwyk", "https://gdi-de.github.io/apworkshop2026/ont#stammdurchmesser.value": "25.0", "https://gdi-de.github.io/apworkshop2026/ont#stammdurchmesser.unit": "http://www.ontology-of-units-of-measure.org/resource/om-2/centimeter"}, "geometry": {"type": "MultiPoint", "coordinates": [[9.94346559719337, 53.51408994004849]]}}, {"type": "Feature", "id": "https://gdi-de.github.io/apworkshop2026/NEUW334", "name": "Baum NEUW334 (gdide:NEUW334)", "dateprops": [], "properties": {"http://www.w3.org/2000/01/rdf-schema#label": "Baum NEUW334", "http://rdfs.org/ns/void#inDataset.value": "72757", "http://www.w3.org/2000/01/rdf-schema#comment": "BUKEA", "http://www.wikidata.org/prop/direct/P2547.value": "2.0", "http://www.wikidata.org/prop/direct/P2547.unit": "http://www.ontology-of-units-of-measure.org/resource/om-2/meter", "http://www.wikidata.org/prop/direct/P3018": "Neuwerk", "https://gdi-de.github.io/apworkshop2026/ont#stammdurchmesser.value": "16.0", "https://gdi-de.github.io/apworkshop2026/ont#stammdurchmesser.unit": "http://www.ontology-of-units-of-measure.org/resource/om-2/centimeter"}, "geometry": {"type": "MultiPoint", "coordinates": [[8.496881428936195, 53.91357454594545]]}}, {"type": "Feature", "id": "https://gdi-de.github.io/apworkshop2026/BFHS321", "name": "Baum BFHS321 (gdide:BFHS321)", "dateprops": [], "properties": {"http://www.w3.org/2000/01/rdf-schema#label": "Baum BFHS321", "http://rdfs.org/ns/void#inDataset.value": "72757", "http://www.w3.org/2000/01/rdf-schema#comment": "sonst. \u00f6ff. Fl\u00e4chen", "http://www.wikidata.org/prop/direct/P2547.value": "6.0", "http://www.wikidata.org/prop/direct/P2547.unit": "http://www.ontology-of-units-of-measure.org/resource/om-2/meter", "http://www.wikidata.org/prop/direct/P3018": "Bahnhof Hohe Schaar", "https://gdi-de.github.io/apworkshop2026/ont#stammdurchmesser.value": "29.0", "https://gdi-de.github.io/apworkshop2026/ont#stammdurchmesser.unit": "http://www.ontology-of-units-of-measure.org/resource/om-2/centimeter"}, "geometry": {"type": "MultiPoint", "coordinates": [[9.96284061395486, 53.49778751315985]]}}, {"type": "Feature", "id": "https://gdi-de.github.io/apworkshop2026/NEUW477", "name": "Baum NEUW477 (gdide:NEUW477)", "dateprops": [], "properties": {"http://www.w3.org/2000/01/rdf-schema#label": "Baum NEUW477", "http://rdfs.org/ns/void#inDataset.value": "72757", "http://www.w3.org/2000/01/rdf-schema#comment": "BUKEA", "http://www.wikidata.org/prop/direct/P2547.value": "4.0", "http://www.wikidata.org/prop/direct/P2547.unit": "http://www.ontology-of-units-of-measure.org/resource/om-2/meter", "http://www.wikidata.org/prop/direct/P3018": "Neuwerk", "https://gdi-de.github.io/apworkshop2026/ont#stammdurchmesser.value": "26.0", "https://gdi-de.github.io/apworkshop2026/ont#stammdurchmesser.unit": "http://www.ontology-of-units-of-measure.org/resource/om-2/centimeter"}, "geometry": {"type": "MultiPoint", "coordinates": [[8.49883202176098, 53.92221661858886]]}}, {"type": "Feature", "id": "https://gdi-de.github.io/apworkshop2026/BFASN307", "name": "Baum BFASN307 (gdide:BFASN307)", "dateprops": [], "properties": {"http://www.w3.org/2000/01/rdf-schema#label": "Baum BFASN307", "http://rdfs.org/ns/void#inDataset.value": "72757", "http://www.w3.org/2000/01/rdf-schema#comment": "sonst. \u00f6ff. Fl\u00e4chen", "http://www.wikidata.org/prop/direct/P2547.value": "4.0", "http://www.wikidata.org/prop/direct/P2547.unit": "http://www.ontology-of-units-of-measure.org/resource/om-2/meter", "http://www.wikidata.org/prop/direct/P3018": "Bahnhof Alte S\u00fcderelbe Nord", "https://gdi-de.github.io/apworkshop2026/ont#stammdurchmesser.value": "30.0", "https://gdi-de.github.io/apworkshop2026/ont#stammdurchmesser.unit": "http://www.ontology-of-units-of-measure.org/resource/om-2/centimeter"}, "geometry": {"type": "MultiPoint", "coordinates": [[9.907715846887825, 53.505754625380845]]}}, {"type": "Feature", "id": "https://gdi-de.github.io/apworkshop2026/ALTW653", "name": "Baum ALTW653 (gdide:ALTW653)", "dateprops": [], "properties": {"http://www.w3.org/2000/01/rdf-schema#label": "Baum ALTW653", "http://rdfs.org/ns/void#inDataset.value": "72757", "http://www.w3.org/2000/01/rdf-schema#comment": "sonst. \u00f6ff. Fl\u00e4chen", "http://www.wikidata.org/prop/direct/P2547.value": "2.0", "http://www.wikidata.org/prop/direct/P2547.unit": "http://www.ontology-of-units-of-measure.org/resource/om-2/meter", "http://www.wikidata.org/prop/direct/P3018": "Altenwerder Logistik", "https://gdi-de.github.io/apworkshop2026/ont#stammdurchmesser.value": "18.0", "https://gdi-de.github.io/apworkshop2026/ont#stammdurchmesser.unit": "http://www.ontology-of-units-of-measure.org/resource/om-2/centimeter"}, "geometry": {"type": "MultiPoint", "coordinates": [[9.91788977952019, 53.512230544252226]]}}, {"type": "Feature", "id": "https://gdi-de.github.io/apworkshop2026/ALTW658", "name": "Baum ALTW658 (gdide:ALTW658)", "dateprops": [], "properties": {"http://www.w3.org/2000/01/rdf-schema#label": "Baum ALTW658", "http://rdfs.org/ns/void#inDataset.value": "72757", "http://www.w3.org/2000/01/rdf-schema#comment": "sonst. \u00f6ff. Fl\u00e4chen", "http://www.wikidata.org/prop/direct/P2547.value": "4.0", "http://www.wikidata.org/prop/direct/P2547.unit": "http://www.ontology-of-units-of-measure.org/resource/om-2/meter", "http://www.wikidata.org/prop/direct/P3018": "Altenwerder Logistik", "https://gdi-de.github.io/apworkshop2026/ont#stammdurchmesser.value": "8.0", "https://gdi-de.github.io/apworkshop2026/ont#stammdurchmesser.unit": "http://www.ontology-of-units-of-measure.org/resource/om-2/centimeter"}, "geometry": {"type": "MultiPoint", "coordinates": [[9.917889662739203, 53.512348272954036]]}}, {"type": "Feature", "id": "https://gdi-de.github.io/apworkshop2026/HOHS215", "name": "Baum HOHS215 (gdide:HOHS215)", "dateprops": [], "properties": {"http://www.w3.org/2000/01/rdf-schema#label": "Baum HOHS215", "http://rdfs.org/ns/void#inDataset.value": "72757", "http://www.w3.org/2000/01/rdf-schema#comment": "Stra\u00dfe", "http://www.wikidata.org/prop/direct/P2547.value": "4.0", "http://www.wikidata.org/prop/direct/P2547.unit": "http://www.ontology-of-units-of-measure.org/resource/om-2/meter", "http://www.wikidata.org/prop/direct/P3018": "Hohe Schaar", "https://gdi-de.github.io/apworkshop2026/ont#stammdurchmesser.value": "29.0", "https://gdi-de.github.io/apworkshop2026/ont#stammdurchmesser.unit": "http://www.ontology-of-units-of-measure.org/resource/om-2/centimeter"}, "geometry": {"type": "MultiPoint", "coordinates": [[9.971713013504674, 53.491888484581395]]}}, {"type": "Feature", "id": "https://gdi-de.github.io/apworkshop2026/NEUW49", "name": "Baum NEUW49 (gdide:NEUW49)", "dateprops": [], "properties": {"http://www.w3.org/2000/01/rdf-schema#label": "Baum NEUW49", "http://rdfs.org/ns/void#inDataset.value": "72757", "http://www.w3.org/2000/01/rdf-schema#comment": "Liegenschaftsamt", "http://www.wikidata.org/prop/direct/P2547.value": "4.0", "http://www.wikidata.org/prop/direct/P2547.unit": "http://www.ontology-of-units-of-measure.org/resource/om-2/meter", "http://www.wikidata.org/prop/direct/P3018": "Neuwerk", "https://gdi-de.github.io/apworkshop2026/ont#stammdurchmesser.value": "26.0", "https://gdi-de.github.io/apworkshop2026/ont#stammdurchmesser.unit": "http://www.ontology-of-units-of-measure.org/resource/om-2/centimeter"}, "geometry": {"type": "MultiPoint", "coordinates": [[8.496490607888687, 53.91429060839503]]}}, {"type": "Feature", "id": "https://gdi-de.github.io/apworkshop2026/NEUW716", "name": "Baum NEUW716 (gdide:NEUW716)", "dateprops": [], "properties": {"http://www.w3.org/2000/01/rdf-schema#label": "Baum NEUW716", "http://rdfs.org/ns/void#inDataset.value": "72757", "http://www.w3.org/2000/01/rdf-schema#comment": "HPA", "http://www.wikidata.org/prop/direct/P2547.value": "4.0", "http://www.wikidata.org/prop/direct/P2547.unit": "http://www.ontology-of-units-of-measure.org/resource/om-2/meter", "http://www.wikidata.org/prop/direct/P3018": "Neuwerk", "https://gdi-de.github.io/apworkshop2026/ont#stammdurchmesser.value": "22.0", "https://gdi-de.github.io/apworkshop2026/ont#stammdurchmesser.unit": "http://www.ontology-of-units-of-measure.org/resource/om-2/centimeter"}, "geometry": {"type": "MultiPoint", "coordinates": [[8.501404787751545, 53.91386532907774]]}}, {"type": "Feature", "id": "https://gdi-de.github.io/apworkshop2026/BFHS341", "name": "Baum BFHS341 (gdide:BFHS341)", "dateprops": [], "properties": {"http://www.w3.org/2000/01/rdf-schema#label": "Baum BFHS341", "http://rdfs.org/ns/void#inDataset.value": "72757", "http://www.w3.org/2000/01/rdf-schema#comment": "sonst. \u00f6ff. Fl\u00e4chen", "http://www.wikidata.org/prop/direct/P2547.value": "3.0", "http://www.wikidata.org/prop/direct/P2547.unit": "http://www.ontology-of-units-of-measure.org/resource/om-2/meter", "http://www.wikidata.org/prop/direct/P3018": "Bahnhof Hohe Schaar", "https://gdi-de.github.io/apworkshop2026/ont#stammdurchmesser.value": "25.0", "https://gdi-de.github.io/apworkshop2026/ont#stammdurchmesser.unit": "http://www.ontology-of-units-of-measure.org/resource/om-2/centimeter"}, "geometry": {"type": "MultiPoint", "coordinates": [[9.962231502293308, 53.4976972479109]]}}, {"type": "Feature", "id": "https://gdi-de.github.io/apworkshop2026/NEUW579", "name": "Baum NEUW579 (gdide:NEUW579)", "dateprops": [], "properties": {"http://www.w3.org/2000/01/rdf-schema#label": "Baum NEUW579", "http://rdfs.org/ns/void#inDataset.value": "72757", "http://www.w3.org/2000/01/rdf-schema#comment": "Liegenschaftsamt", "http://www.wikidata.org/prop/direct/P2547.value": "5.0", "http://www.wikidata.org/prop/direct/P2547.unit": "http://www.ontology-of-units-of-measure.org/resource/om-2/meter", "http://www.wikidata.org/prop/direct/P3018": "Neuwerk", "https://gdi-de.github.io/apworkshop2026/ont#stammdurchmesser.value": "32.0", "https://gdi-de.github.io/apworkshop2026/ont#stammdurchmesser.unit": "http://www.ontology-of-units-of-measure.org/resource/om-2/centimeter"}, "geometry": {"type": "MultiPoint", "coordinates": [[8.495095865612257, 53.91571362794267]]}}, {"type": "Feature", "id": "https://gdi-de.github.io/apworkshop2026/NEUW475", "name": "Baum NEUW475 (gdide:NEUW475)", "dateprops": [], "properties": {"http://www.w3.org/2000/01/rdf-schema#label": "Baum NEUW475", "http://rdfs.org/ns/void#inDataset.value": "72757", "http://www.w3.org/2000/01/rdf-schema#comment": "BUKEA", "http://www.wikidata.org/prop/direct/P2547.value": "4.0", "http://www.wikidata.org/prop/direct/P2547.unit": "http://www.ontology-of-units-of-measure.org/resource/om-2/meter", "http://www.wikidata.org/prop/direct/P3018": "Neuwerk", "https://gdi-de.github.io/apworkshop2026/ont#stammdurchmesser.value": "28.0", "https://gdi-de.github.io/apworkshop2026/ont#stammdurchmesser.unit": "http://www.ontology-of-units-of-measure.org/resource/om-2/centimeter"}, "geometry": {"type": "MultiPoint", "coordinates": [[8.498773801947415, 53.92208755762245]]}}, {"type": "Feature", "id": "https://gdi-de.github.io/apworkshop2026/BFASN446", "name": "Baum BFASN446 (gdide:BFASN446)", "dateprops": [], "properties": {"http://www.w3.org/2000/01/rdf-schema#label": "Baum BFASN446", "http://rdfs.org/ns/void#inDataset.value": "72757", "http://www.w3.org/2000/01/rdf-schema#comment": "sonst. \u00f6ff. Fl\u00e4chen", "http://www.wikidata.org/prop/direct/P2547.value": "4.0", "http://www.wikidata.org/prop/direct/P2547.unit": "http://www.ontology-of-units-of-measure.org/resource/om-2/meter", "http://www.wikidata.org/prop/direct/P3018": "Bahnhof Alte S\u00fcderelbe Nord", "https://gdi-de.github.io/apworkshop2026/ont#stammdurchmesser.value": "25.0", "https://gdi-de.github.io/apworkshop2026/ont#stammdurchmesser.unit": "http://www.ontology-of-units-of-measure.org/resource/om-2/centimeter"}, "geometry": {"type": "MultiPoint", "coordinates": [[9.91155419538327, 53.50632107164264]]}}, {"type": "Feature", "id": "https://gdi-de.github.io/apworkshop2026/NEUW179", "name": "Baum NEUW179 (gdide:NEUW179)", "dateprops": [], "properties": {"http://www.w3.org/2000/01/rdf-schema#label": "Baum NEUW179", "http://rdfs.org/ns/void#inDataset.value": "72757", "http://www.w3.org/2000/01/rdf-schema#comment": "BUKEA", "http://www.wikidata.org/prop/direct/P2547.value": "7.5", "http://www.wikidata.org/prop/direct/P2547.unit": "http://www.ontology-of-units-of-measure.org/resource/om-2/meter", "http://www.wikidata.org/prop/direct/P3018": "Neuwerk", "https://gdi-de.github.io/apworkshop2026/ont#stammdurchmesser.value": "25.0", "https://gdi-de.github.io/apworkshop2026/ont#stammdurchmesser.unit": "http://www.ontology-of-units-of-measure.org/resource/om-2/centimeter"}, "geometry": {"type": "MultiPoint", "coordinates": [[8.501335267131706, 53.91348771855722]]}}, {"type": "Feature", "id": "https://gdi-de.github.io/apworkshop2026/BFASN195", "name": "Baum BFASN195 (gdide:BFASN195)", "dateprops": [], "properties": {"http://www.w3.org/2000/01/rdf-schema#label": "Baum BFASN195", "http://rdfs.org/ns/void#inDataset.value": "72757", "http://www.w3.org/2000/01/rdf-schema#comment": "sonst. \u00f6ff. Fl\u00e4chen", "http://www.wikidata.org/prop/direct/P2547.value": "7.0", "http://www.wikidata.org/prop/direct/P2547.unit": "http://www.ontology-of-units-of-measure.org/resource/om-2/meter", "http://www.wikidata.org/prop/direct/P3018": "Bahnhof Alte S\u00fcderelbe Nord", "https://gdi-de.github.io/apworkshop2026/ont#stammdurchmesser.value": "32.0", "https://gdi-de.github.io/apworkshop2026/ont#stammdurchmesser.unit": "http://www.ontology-of-units-of-measure.org/resource/om-2/centimeter"}, "geometry": {"type": "MultiPoint", "coordinates": [[9.911685556027267, 53.50856753801773]]}}, {"type": "Feature", "id": "https://gdi-de.github.io/apworkshop2026/HOHS243", "name": "Baum HOHS243 (gdide:HOHS243)", "dateprops": [], "properties": {"http://www.w3.org/2000/01/rdf-schema#label": "Baum HOHS243", "http://rdfs.org/ns/void#inDataset.value": "72757", "http://www.w3.org/2000/01/rdf-schema#comment": "Stra\u00dfe", "http://www.wikidata.org/prop/direct/P2547.value": "4.0", "http://www.wikidata.org/prop/direct/P2547.unit": "http://www.ontology-of-units-of-measure.org/resource/om-2/meter", "http://www.wikidata.org/prop/direct/P3018": "Hohe Schaar", "https://gdi-de.github.io/apworkshop2026/ont#stammdurchmesser.value": "21.0", "https://gdi-de.github.io/apworkshop2026/ont#stammdurchmesser.unit": "http://www.ontology-of-units-of-measure.org/resource/om-2/centimeter"}, "geometry": {"type": "MultiPoint", "coordinates": [[9.972360510178316, 53.491793102855375]]}}, {"type": "Feature", "id": "https://gdi-de.github.io/apworkshop2026/WITB228", "name": "Baum WITB228 (gdide:WITB228)", "dateprops": [], "properties": {"http://www.w3.org/2000/01/rdf-schema#label": "Baum WITB228", "http://rdfs.org/ns/void#inDataset.value": "72757", "http://www.w3.org/2000/01/rdf-schema#comment": "Wasserwirtschaft", "http://www.wikidata.org/prop/direct/P2547.value": "8.0", "http://www.wikidata.org/prop/direct/P2547.unit": "http://www.ontology-of-units-of-measure.org/resource/om-2/meter", "http://www.wikidata.org/prop/direct/P3018": "Wittenbergen", "https://gdi-de.github.io/apworkshop2026/ont#stammdurchmesser.value": "45.0", "https://gdi-de.github.io/apworkshop2026/ont#stammdurchmesser.unit": "http://www.ontology-of-units-of-measure.org/resource/om-2/centimeter"}, "geometry": {"type": "MultiPoint", "coordinates": [[9.75287329526306, 53.56436145754111]]}}, {"type": "Feature", "id": "https://gdi-de.github.io/apworkshop2026/FINW114", "name": "Baum FINW114 (gdide:FINW114)", "dateprops": [], "properties": {"http://www.w3.org/2000/01/rdf-schema#label": "Baum FINW114", "http://rdfs.org/ns/void#inDataset.value": "72757", "http://www.w3.org/2000/01/rdf-schema#comment": "Wasserwirtschaft", "http://www.wikidata.org/prop/direct/P2547.value": "3.0", "http://www.wikidata.org/prop/direct/P2547.unit": "http://www.ontology-of-units-of-measure.org/resource/om-2/meter", "http://www.wikidata.org/prop/direct/P3018": "Finkenwerder", "https://gdi-de.github.io/apworkshop2026/ont#stammdurchmesser.value": "21.0", "https://gdi-de.github.io/apworkshop2026/ont#stammdurchmesser.unit": "http://www.ontology-of-units-of-measure.org/resource/om-2/centimeter"}, "geometry": {"type": "MultiPoint", "coordinates": [[9.869203588437404, 53.53895612146023]]}}, {"type": "Feature", "id": "https://gdi-de.github.io/apworkshop2026/REIS500", "name": "Baum REIS500 (gdide:REIS500)", "dateprops": [], "properties": {"http://www.w3.org/2000/01/rdf-schema#label": "Baum REIS500", "http://rdfs.org/ns/void#inDataset.value": "72757", "http://www.w3.org/2000/01/rdf-schema#comment": "Privatgrund", "http://www.wikidata.org/prop/direct/P2547.value": "7.0", "http://www.wikidata.org/prop/direct/P2547.unit": "http://www.ontology-of-units-of-measure.org/resource/om-2/meter", "http://www.wikidata.org/prop/direct/P3018": "Reiherstieg S\u00fcd", "https://gdi-de.github.io/apworkshop2026/ont#stammdurchmesser.value": "33.0", "https://gdi-de.github.io/apworkshop2026/ont#stammdurchmesser.unit": "http://www.ontology-of-units-of-measure.org/resource/om-2/centimeter"}, "geometry": {"type": "MultiPoint", "coordinates": [[9.980919990582063, 53.50290018180573]]}}, {"type": "Feature", "id": "https://gdi-de.github.io/apworkshop2026/NEUW325", "name": "Baum NEUW325 (gdide:NEUW325)", "dateprops": [], "properties": {"http://www.w3.org/2000/01/rdf-schema#label": "Baum NEUW325", "http://rdfs.org/ns/void#inDataset.value": "72757", "http://www.w3.org/2000/01/rdf-schema#comment": "BUKEA", "http://www.wikidata.org/prop/direct/P2547.value": "4.0", "http://www.wikidata.org/prop/direct/P2547.unit": "http://www.ontology-of-units-of-measure.org/resource/om-2/meter", "http://www.wikidata.org/prop/direct/P3018": "Neuwerk", "https://gdi-de.github.io/apworkshop2026/ont#stammdurchmesser.value": "22.0", "https://gdi-de.github.io/apworkshop2026/ont#stammdurchmesser.unit": "http://www.ontology-of-units-of-measure.org/resource/om-2/centimeter"}, "geometry": {"type": "MultiPoint", "coordinates": [[8.496867540981903, 53.91379453960089]]}}, {"type": "Feature", "id": "https://gdi-de.github.io/apworkshop2026/BFHS700", "name": "Baum BFHS700 (gdide:BFHS700)", "dateprops": [], "properties": {"http://www.w3.org/2000/01/rdf-schema#label": "Baum BFHS700", "http://rdfs.org/ns/void#inDataset.value": "72757", "http://www.w3.org/2000/01/rdf-schema#comment": "sonst. \u00f6ff. Fl\u00e4chen", "http://www.wikidata.org/prop/direct/P2547.value": "1.0", "http://www.wikidata.org/prop/direct/P2547.unit": "http://www.ontology-of-units-of-measure.org/resource/om-2/meter", "http://www.wikidata.org/prop/direct/P3018": "Bahnhof Hohe Schaar", "https://gdi-de.github.io/apworkshop2026/ont#stammdurchmesser.value": "25.0", "https://gdi-de.github.io/apworkshop2026/ont#stammdurchmesser.unit": "http://www.ontology-of-units-of-measure.org/resource/om-2/centimeter"}, "geometry": {"type": "MultiPoint", "coordinates": [[9.971350237860337, 53.492350420477415]]}}, {"type": "Feature", "id": "https://gdi-de.github.io/apworkshop2026/GZAW542", "name": "Baum GZAW542 (gdide:GZAW542)", "dateprops": [], "properties": {"http://www.w3.org/2000/01/rdf-schema#label": "Baum GZAW542", "http://rdfs.org/ns/void#inDataset.value": "72757", "http://www.w3.org/2000/01/rdf-schema#comment": "sonst. \u00f6ff. Fl\u00e4chen", "http://www.wikidata.org/prop/direct/P2547.value": "16.0", "http://www.wikidata.org/prop/direct/P2547.unit": "http://www.ontology-of-units-of-measure.org/resource/om-2/meter", "http://www.wikidata.org/prop/direct/P3018": "Gr\u00fcnzug Altenwerder", "https://gdi-de.github.io/apworkshop2026/ont#stammdurchmesser.value": "43.0", "https://gdi-de.github.io/apworkshop2026/ont#stammdurchmesser.unit": "http://www.ontology-of-units-of-measure.org/resource/om-2/centimeter"}, "geometry": {"type": "MultiPoint", "coordinates": [[9.917491035331874, 53.5088485155733]]}}, {"type": "Feature", "id": "https://gdi-de.github.io/apworkshop2026/WITB155", "name": "Baum WITB155 (gdide:WITB155)", "dateprops": [], "properties": {"http://www.w3.org/2000/01/rdf-schema#label": "Baum WITB155", "http://rdfs.org/ns/void#inDataset.value": "72757", "http://www.w3.org/2000/01/rdf-schema#comment": "Wasserwirtschaft", "http://www.wikidata.org/prop/direct/P2547.value": "12.0", "http://www.wikidata.org/prop/direct/P2547.unit": "http://www.ontology-of-units-of-measure.org/resource/om-2/meter", "http://www.wikidata.org/prop/direct/P3018": "Wittenbergen", "https://gdi-de.github.io/apworkshop2026/ont#stammdurchmesser.value": "43.0", "https://gdi-de.github.io/apworkshop2026/ont#stammdurchmesser.unit": "http://www.ontology-of-units-of-measure.org/resource/om-2/centimeter"}, "geometry": {"type": "MultiPoint", "coordinates": [[9.76237641095701, 53.56505551698537]]}}, {"type": "Feature", "id": "https://gdi-de.github.io/apworkshop2026/NEUW466", "name": "Baum NEUW466 (gdide:NEUW466)", "dateprops": [], "properties": {"http://www.w3.org/2000/01/rdf-schema#label": "Baum NEUW466", "http://rdfs.org/ns/void#inDataset.value": "72757", "http://www.w3.org/2000/01/rdf-schema#comment": "BUKEA", "http://www.wikidata.org/prop/direct/P2547.value": "9.0", "http://www.wikidata.org/prop/direct/P2547.unit": "http://www.ontology-of-units-of-measure.org/resource/om-2/meter", "http://www.wikidata.org/prop/direct/P3018": "Neuwerk", "https://gdi-de.github.io/apworkshop2026/ont#stammdurchmesser.value": "27.0", "https://gdi-de.github.io/apworkshop2026/ont#stammdurchmesser.unit": "http://www.ontology-of-units-of-measure.org/resource/om-2/centimeter"}, "geometry": {"type": "MultiPoint", "coordinates": [[8.498626154847319, 53.92185705925603]]}}, {"type": "Feature", "id": "https://gdi-de.github.io/apworkshop2026/GZAW234", "name": "Baum GZAW234 (gdide:GZAW234)", "dateprops": [], "properties": {"http://www.w3.org/2000/01/rdf-schema#label": "Baum GZAW234", "http://rdfs.org/ns/void#inDataset.value": "72757", "http://www.w3.org/2000/01/rdf-schema#comment": "sonst. \u00f6ff. Fl\u00e4chen", "http://www.wikidata.org/prop/direct/P2547.value": "12.0", "http://www.wikidata.org/prop/direct/P2547.unit": "http://www.ontology-of-units-of-measure.org/resource/om-2/meter", "http://www.wikidata.org/prop/direct/P3018": "Gr\u00fcnzug Altenwerder", "https://gdi-de.github.io/apworkshop2026/ont#stammdurchmesser.value": "37.0", "https://gdi-de.github.io/apworkshop2026/ont#stammdurchmesser.unit": "http://www.ontology-of-units-of-measure.org/resource/om-2/centimeter"}, "geometry": {"type": "MultiPoint", "coordinates": [[9.916772113609996, 53.50322952418557]]}}, {"type": "Feature", "id": "https://gdi-de.github.io/apworkshop2026/NEUW165", "name": "Baum NEUW165 (gdide:NEUW165)", "dateprops": [], "properties": {"http://www.w3.org/2000/01/rdf-schema#label": "Baum NEUW165", "http://rdfs.org/ns/void#inDataset.value": "72757", "http://www.w3.org/2000/01/rdf-schema#comment": "BUKEA", "http://www.wikidata.org/prop/direct/P2547.value": "2.5", "http://www.wikidata.org/prop/direct/P2547.unit": "http://www.ontology-of-units-of-measure.org/resource/om-2/meter", "http://www.wikidata.org/prop/direct/P3018": "Neuwerk", "https://gdi-de.github.io/apworkshop2026/ont#stammdurchmesser.value": "17.0", "https://gdi-de.github.io/apworkshop2026/ont#stammdurchmesser.unit": "http://www.ontology-of-units-of-measure.org/resource/om-2/centimeter"}, "geometry": {"type": "MultiPoint", "coordinates": [[8.500179431805087, 53.91359331354792]]}}, {"type": "Feature", "id": "https://gdi-de.github.io/apworkshop2026/NEUW528", "name": "Baum NEUW528 (gdide:NEUW528)", "dateprops": [], "properties": {"http://www.w3.org/2000/01/rdf-schema#label": "Baum NEUW528", "http://rdfs.org/ns/void#inDataset.value": "72757", "http://www.w3.org/2000/01/rdf-schema#comment": "BUKEA", "http://www.wikidata.org/prop/direct/P2547.value": "3.0", "http://www.wikidata.org/prop/direct/P2547.unit": "http://www.ontology-of-units-of-measure.org/resource/om-2/meter", "http://www.wikidata.org/prop/direct/P3018": "Neuwerk", "https://gdi-de.github.io/apworkshop2026/ont#stammdurchmesser.value": "25.0", "https://gdi-de.github.io/apworkshop2026/ont#stammdurchmesser.unit": "http://www.ontology-of-units-of-measure.org/resource/om-2/centimeter"}, "geometry": {"type": "MultiPoint", "coordinates": [[8.500347479645288, 53.922132094466164]]}}, {"type": "Feature", "id": "https://gdi-de.github.io/apworkshop2026/NEUW601", "name": "Baum NEUW601 (gdide:NEUW601)", "dateprops": [], "properties": {"http://www.w3.org/2000/01/rdf-schema#label": "Baum NEUW601", "http://rdfs.org/ns/void#inDataset.value": "72757", "http://www.w3.org/2000/01/rdf-schema#comment": "Liegenschaftsamt", "http://www.wikidata.org/prop/direct/P2547.value": "4.0", "http://www.wikidata.org/prop/direct/P2547.unit": "http://www.ontology-of-units-of-measure.org/resource/om-2/meter", "http://www.wikidata.org/prop/direct/P3018": "Neuwerk", "https://gdi-de.github.io/apworkshop2026/ont#stammdurchmesser.value": "32.0", "https://gdi-de.github.io/apworkshop2026/ont#stammdurchmesser.unit": "http://www.ontology-of-units-of-measure.org/resource/om-2/centimeter"}, "geometry": {"type": "MultiPoint", "coordinates": [[8.495771030396648, 53.9159290655126]]}}, {"type": "Feature", "id": "https://gdi-de.github.io/apworkshop2026/GZAW477", "name": "Baum GZAW477 (gdide:GZAW477)", "dateprops": [], "properties": {"http://www.w3.org/2000/01/rdf-schema#label": "Baum GZAW477", "http://rdfs.org/ns/void#inDataset.value": "72757", "http://www.w3.org/2000/01/rdf-schema#comment": "sonst. \u00f6ff. Fl\u00e4chen", "http://www.wikidata.org/prop/direct/P2547.value": "4.0", "http://www.wikidata.org/prop/direct/P2547.unit": "http://www.ontology-of-units-of-measure.org/resource/om-2/meter", "http://www.wikidata.org/prop/direct/P3018": "Gr\u00fcnzug Altenwerder", "https://gdi-de.github.io/apworkshop2026/ont#stammdurchmesser.value": "25.0", "https://gdi-de.github.io/apworkshop2026/ont#stammdurchmesser.unit": "http://www.ontology-of-units-of-measure.org/resource/om-2/centimeter"}, "geometry": {"type": "MultiPoint", "coordinates": [[9.91738734279863, 53.50411570642615]]}}, {"type": "Feature", "id": "https://gdi-de.github.io/apworkshop2026/BFASN366", "name": "Baum BFASN366 (gdide:BFASN366)", "dateprops": [], "properties": {"http://www.w3.org/2000/01/rdf-schema#label": "Baum BFASN366", "http://rdfs.org/ns/void#inDataset.value": "72757", "http://www.w3.org/2000/01/rdf-schema#comment": "sonst. \u00f6ff. Fl\u00e4chen", "http://www.wikidata.org/prop/direct/P2547.value": "6.0", "http://www.wikidata.org/prop/direct/P2547.unit": "http://www.ontology-of-units-of-measure.org/resource/om-2/meter", "http://www.wikidata.org/prop/direct/P3018": "Bahnhof Alte S\u00fcderelbe Nord", "https://gdi-de.github.io/apworkshop2026/ont#stammdurchmesser.value": "45.0", "https://gdi-de.github.io/apworkshop2026/ont#stammdurchmesser.unit": "http://www.ontology-of-units-of-measure.org/resource/om-2/centimeter"}, "geometry": {"type": "MultiPoint", "coordinates": [[9.91152242197167, 53.50715154733377]]}}, {"type": "Feature", "id": "https://gdi-de.github.io/apworkshop2026/NEUW321", "name": "Baum NEUW321 (gdide:NEUW321)", "dateprops": [], "properties": {"http://www.w3.org/2000/01/rdf-schema#label": "Baum NEUW321", "http://rdfs.org/ns/void#inDataset.value": "72757", "http://www.w3.org/2000/01/rdf-schema#comment": "BUKEA", "http://www.wikidata.org/prop/direct/P2547.value": "3.0", "http://www.wikidata.org/prop/direct/P2547.unit": "http://www.ontology-of-units-of-measure.org/resource/om-2/meter", "http://www.wikidata.org/prop/direct/P3018": "Neuwerk", "https://gdi-de.github.io/apworkshop2026/ont#stammdurchmesser.value": "24.0", "https://gdi-de.github.io/apworkshop2026/ont#stammdurchmesser.unit": "http://www.ontology-of-units-of-measure.org/resource/om-2/centimeter"}, "geometry": {"type": "MultiPoint", "coordinates": [[8.497041472787213, 53.91379011624667]]}}, {"type": "Feature", "id": "https://gdi-de.github.io/apworkshop2026/NEUW665", "name": "Baum NEUW665 (gdide:NEUW665)", "dateprops": [], "properties": {"http://www.w3.org/2000/01/rdf-schema#label": "Baum NEUW665", "http://rdfs.org/ns/void#inDataset.value": "72757", "http://www.w3.org/2000/01/rdf-schema#comment": "Liegenschaftsamt", "http://www.wikidata.org/prop/direct/P2547.value": "3.0", "http://www.wikidata.org/prop/direct/P2547.unit": "http://www.ontology-of-units-of-measure.org/resource/om-2/meter", "http://www.wikidata.org/prop/direct/P3018": "Neuwerk", "https://gdi-de.github.io/apworkshop2026/ont#stammdurchmesser.value": "11.0", "https://gdi-de.github.io/apworkshop2026/ont#stammdurchmesser.unit": "http://www.ontology-of-units-of-measure.org/resource/om-2/centimeter"}, "geometry": {"type": "MultiPoint", "coordinates": [[8.49507649793473, 53.91495233645298]]}}, {"type": "Feature", "id": "https://gdi-de.github.io/apworkshop2026/VHWN603", "name": "Baum VHWN603 (gdide:VHWN603)", "dateprops": [], "properties": {"http://www.w3.org/2000/01/rdf-schema#label": "Baum VHWN603", "http://rdfs.org/ns/void#inDataset.value": "72757", "http://www.w3.org/2000/01/rdf-schema#comment": "sonst. \u00f6ff. Fl\u00e4chen", "http://www.wikidata.org/prop/direct/P2547.value": "4.0", "http://www.wikidata.org/prop/direct/P2547.unit": "http://www.ontology-of-units-of-measure.org/resource/om-2/meter", "http://www.wikidata.org/prop/direct/P3018": "Vollh\u00f6fner Weiden", "https://gdi-de.github.io/apworkshop2026/ont#stammdurchmesser.value": "25.0", "https://gdi-de.github.io/apworkshop2026/ont#stammdurchmesser.unit": "http://www.ontology-of-units-of-measure.org/resource/om-2/centimeter"}, "geometry": {"type": "MultiPoint", "coordinates": [[9.899619708524474, 53.51238552150144]]}}, {"type": "Feature", "id": "https://gdi-de.github.io/apworkshop2026/GZAW534", "name": "Baum GZAW534 (gdide:GZAW534)", "dateprops": [], "properties": {"http://www.w3.org/2000/01/rdf-schema#label": "Baum GZAW534", "http://rdfs.org/ns/void#inDataset.value": "72757", "http://www.w3.org/2000/01/rdf-schema#comment": "sonst. \u00f6ff. Fl\u00e4chen", "http://www.wikidata.org/prop/direct/P2547.value": "8.0", "http://www.wikidata.org/prop/direct/P2547.unit": "http://www.ontology-of-units-of-measure.org/resource/om-2/meter", "http://www.wikidata.org/prop/direct/P3018": "Gr\u00fcnzug Altenwerder", "https://gdi-de.github.io/apworkshop2026/ont#stammdurchmesser.value": "40.0", "https://gdi-de.github.io/apworkshop2026/ont#stammdurchmesser.unit": "http://www.ontology-of-units-of-measure.org/resource/om-2/centimeter"}, "geometry": {"type": "MultiPoint", "coordinates": [[9.917015781630814, 53.50766373339162]]}}, {"type": "Feature", "id": "https://gdi-de.github.io/apworkshop2026/PEUB75", "name": "Baum PEUB75 (gdide:PEUB75)", "dateprops": [], "properties": {"http://www.w3.org/2000/01/rdf-schema#label": "Baum PEUB75", "http://rdfs.org/ns/void#inDataset.value": "72757", "http://www.w3.org/2000/01/rdf-schema#comment": "sonst. \u00f6ff. Fl\u00e4chen", "http://www.wikidata.org/prop/direct/P2547.value": "3.0", "http://www.wikidata.org/prop/direct/P2547.unit": "http://www.ontology-of-units-of-measure.org/resource/om-2/meter", "http://www.wikidata.org/prop/direct/P3018": "Peutebahnhof", "https://gdi-de.github.io/apworkshop2026/ont#stammdurchmesser.value": "11.0", "https://gdi-de.github.io/apworkshop2026/ont#stammdurchmesser.unit": "http://www.ontology-of-units-of-measure.org/resource/om-2/centimeter"}, "geometry": {"type": "MultiPoint", "coordinates": [[10.048660490886755, 53.513002940919364]]}}, {"type": "Feature", "id": "https://gdi-de.github.io/apworkshop2026/GZAW118", "name": "Baum GZAW118 (gdide:GZAW118)", "dateprops": [], "properties": {"http://www.w3.org/2000/01/rdf-schema#label": "Baum GZAW118", "http://rdfs.org/ns/void#inDataset.value": "72757", "http://www.w3.org/2000/01/rdf-schema#comment": "sonst. \u00f6ff. Fl\u00e4chen", "http://www.wikidata.org/prop/direct/P2547.value": "8.0", "http://www.wikidata.org/prop/direct/P2547.unit": "http://www.ontology-of-units-of-measure.org/resource/om-2/meter", "http://www.wikidata.org/prop/direct/P3018": "Gr\u00fcnzug Altenwerder", "https://gdi-de.github.io/apworkshop2026/ont#stammdurchmesser.value": "24.0", "https://gdi-de.github.io/apworkshop2026/ont#stammdurchmesser.unit": "http://www.ontology-of-units-of-measure.org/resource/om-2/centimeter"}, "geometry": {"type": "MultiPoint", "coordinates": [[9.91753783755818, 53.50389638123912]]}}, {"type": "Feature", "id": "https://gdi-de.github.io/apworkshop2026/NEUW248", "name": "Baum NEUW248 (gdide:NEUW248)", "dateprops": [], "properties": {"http://www.w3.org/2000/01/rdf-schema#label": "Baum NEUW248", "http://rdfs.org/ns/void#inDataset.value": "72757", "http://www.w3.org/2000/01/rdf-schema#comment": "BUKEA", "http://www.wikidata.org/prop/direct/P2547.value": "7.0", "http://www.wikidata.org/prop/direct/P2547.unit": "http://www.ontology-of-units-of-measure.org/resource/om-2/meter", "http://www.wikidata.org/prop/direct/P3018": "Neuwerk", "https://gdi-de.github.io/apworkshop2026/ont#stammdurchmesser.value": "44.0", "https://gdi-de.github.io/apworkshop2026/ont#stammdurchmesser.unit": "http://www.ontology-of-units-of-measure.org/resource/om-2/centimeter"}, "geometry": {"type": "MultiPoint", "coordinates": [[8.49733364085022, 53.91557453126156]]}}, {"type": "Feature", "id": "https://gdi-de.github.io/apworkshop2026/NEUW657", "name": "Baum NEUW657 (gdide:NEUW657)", "dateprops": [], "properties": {"http://www.w3.org/2000/01/rdf-schema#label": "Baum NEUW657", "http://rdfs.org/ns/void#inDataset.value": "72757", "http://www.w3.org/2000/01/rdf-schema#comment": "Liegenschaftsamt", "http://www.wikidata.org/prop/direct/P2547.value": "4.0", "http://www.wikidata.org/prop/direct/P2547.unit": "http://www.ontology-of-units-of-measure.org/resource/om-2/meter", "http://www.wikidata.org/prop/direct/P3018": "Neuwerk", "https://gdi-de.github.io/apworkshop2026/ont#stammdurchmesser.value": "25.0", "https://gdi-de.github.io/apworkshop2026/ont#stammdurchmesser.unit": "http://www.ontology-of-units-of-measure.org/resource/om-2/centimeter"}, "geometry": {"type": "MultiPoint", "coordinates": [[8.495181394210457, 53.91502229328995]]}}, {"type": "Feature", "id": "https://gdi-de.github.io/apworkshop2026/WITB593", "name": "Baum WITB593 (gdide:WITB593)", "dateprops": [], "properties": {"http://www.w3.org/2000/01/rdf-schema#label": "Baum WITB593", "http://rdfs.org/ns/void#inDataset.value": "72757", "http://www.w3.org/2000/01/rdf-schema#comment": "Wasserwirtschaft", "http://www.wikidata.org/prop/direct/P2547.value": "nan", "http://www.wikidata.org/prop/direct/P2547.unit": "http://www.ontology-of-units-of-measure.org/resource/om-2/meter", "http://www.wikidata.org/prop/direct/P3018": "Wittenbergen", "https://gdi-de.github.io/apworkshop2026/ont#stammdurchmesser.value": "18.0", "https://gdi-de.github.io/apworkshop2026/ont#stammdurchmesser.unit": "http://www.ontology-of-units-of-measure.org/resource/om-2/centimeter"}, "geometry": {"type": "MultiPoint", "coordinates": [[9.753449600450434, 53.564663309975884]]}}, {"type": "Feature", "id": "https://gdi-de.github.io/apworkshop2026/NEUW43", "name": "Baum NEUW43 (gdide:NEUW43)", "dateprops": [], "properties": {"http://www.w3.org/2000/01/rdf-schema#label": "Baum NEUW43", "http://rdfs.org/ns/void#inDataset.value": "72757", "http://www.w3.org/2000/01/rdf-schema#comment": "Liegenschaftsamt", "http://www.wikidata.org/prop/direct/P2547.value": "2.0", "http://www.wikidata.org/prop/direct/P2547.unit": "http://www.ontology-of-units-of-measure.org/resource/om-2/meter", "http://www.wikidata.org/prop/direct/P3018": "Neuwerk", "https://gdi-de.github.io/apworkshop2026/ont#stammdurchmesser.value": "25.0", "https://gdi-de.github.io/apworkshop2026/ont#stammdurchmesser.unit": "http://www.ontology-of-units-of-measure.org/resource/om-2/centimeter"}, "geometry": {"type": "MultiPoint", "coordinates": [[8.496598756065742, 53.914168374831455]]}}, {"type": "Feature", "id": "https://gdi-de.github.io/apworkshop2026/NEUW710", "name": "Baum NEUW710 (gdide:NEUW710)", "dateprops": [], "properties": {"http://www.w3.org/2000/01/rdf-schema#label": "Baum NEUW710", "http://rdfs.org/ns/void#inDataset.value": "72757", "http://www.w3.org/2000/01/rdf-schema#comment": "nan", "http://www.wikidata.org/prop/direct/P2547.value": "3.0", "http://www.wikidata.org/prop/direct/P2547.unit": "http://www.ontology-of-units-of-measure.org/resource/om-2/meter", "http://www.wikidata.org/prop/direct/P3018": "Neuwerk", "https://gdi-de.github.io/apworkshop2026/ont#stammdurchmesser.value": "22.0", "https://gdi-de.github.io/apworkshop2026/ont#stammdurchmesser.unit": "http://www.ontology-of-units-of-measure.org/resource/om-2/centimeter"}, "geometry": {"type": "MultiPoint", "coordinates": [[8.49732896062759, 53.91354028063087]]}}, {"type": "Feature", "id": "https://gdi-de.github.io/apworkshop2026/WITB61", "name": "Baum WITB61 (gdide:WITB61)", "dateprops": [], "properties": {"http://www.w3.org/2000/01/rdf-schema#label": "Baum WITB61", "http://rdfs.org/ns/void#inDataset.value": "72757", "http://www.w3.org/2000/01/rdf-schema#comment": "Wasserwirtschaft", "http://www.wikidata.org/prop/direct/P2547.value": "12.0", "http://www.wikidata.org/prop/direct/P2547.unit": "http://www.ontology-of-units-of-measure.org/resource/om-2/meter", "http://www.wikidata.org/prop/direct/P3018": "Wittenbergen", "https://gdi-de.github.io/apworkshop2026/ont#stammdurchmesser.value": "51.0", "https://gdi-de.github.io/apworkshop2026/ont#stammdurchmesser.unit": "http://www.ontology-of-units-of-measure.org/resource/om-2/centimeter"}, "geometry": {"type": "MultiPoint", "coordinates": [[9.761816868332838, 53.56527116980341]]}}, {"type": "Feature", "id": "https://gdi-de.github.io/apworkshop2026/NEUW60", "name": "Baum NEUW60 (gdide:NEUW60)", "dateprops": [], "properties": {"http://www.w3.org/2000/01/rdf-schema#label": "Baum NEUW60", "http://rdfs.org/ns/void#inDataset.value": "72757", "http://www.w3.org/2000/01/rdf-schema#comment": "Liegenschaftsamt", "http://www.wikidata.org/prop/direct/P2547.value": "6.0", "http://www.wikidata.org/prop/direct/P2547.unit": "http://www.ontology-of-units-of-measure.org/resource/om-2/meter", "http://www.wikidata.org/prop/direct/P3018": "Neuwerk", "https://gdi-de.github.io/apworkshop2026/ont#stammdurchmesser.value": "33.0", "https://gdi-de.github.io/apworkshop2026/ont#stammdurchmesser.unit": "http://www.ontology-of-units-of-measure.org/resource/om-2/centimeter"}, "geometry": {"type": "MultiPoint", "coordinates": [[8.49640398334584, 53.91419429036626]]}}, {"type": "Feature", "id": "https://gdi-de.github.io/apworkshop2026/MEFC412", "name": "Baum MEFC412 (gdide:MEFC412)", "dateprops": [], "properties": {"http://www.w3.org/2000/01/rdf-schema#label": "Baum MEFC412", "http://rdfs.org/ns/void#inDataset.value": "72757", "http://www.w3.org/2000/01/rdf-schema#comment": "Francop", "http://www.wikidata.org/prop/direct/P2547.value": "1.0", "http://www.wikidata.org/prop/direct/P2547.unit": "http://www.ontology-of-units-of-measure.org/resource/om-2/meter", "http://www.wikidata.org/prop/direct/P3018": "METHA-Francop", "https://gdi-de.github.io/apworkshop2026/ont#stammdurchmesser.value": "11.0", "https://gdi-de.github.io/apworkshop2026/ont#stammdurchmesser.unit": "http://www.ontology-of-units-of-measure.org/resource/om-2/centimeter"}, "geometry": {"type": "MultiPoint", "coordinates": [[9.884829073135588, 53.517446115739475]]}}, {"type": "Feature", "id": "https://gdi-de.github.io/apworkshop2026/BFASN450", "name": "Baum BFASN450 (gdide:BFASN450)", "dateprops": [], "properties": {"http://www.w3.org/2000/01/rdf-schema#label": "Baum BFASN450", "http://rdfs.org/ns/void#inDataset.value": "72757", "http://www.w3.org/2000/01/rdf-schema#comment": "sonst. \u00f6ff. Fl\u00e4chen", "http://www.wikidata.org/prop/direct/P2547.value": "6.0", "http://www.wikidata.org/prop/direct/P2547.unit": "http://www.ontology-of-units-of-measure.org/resource/om-2/meter", "http://www.wikidata.org/prop/direct/P3018": "Bahnhof Alte S\u00fcderelbe Nord", "https://gdi-de.github.io/apworkshop2026/ont#stammdurchmesser.value": "16.0", "https://gdi-de.github.io/apworkshop2026/ont#stammdurchmesser.unit": "http://www.ontology-of-units-of-measure.org/resource/om-2/centimeter"}, "geometry": {"type": "MultiPoint", "coordinates": [[9.91161593659275, 53.50643845346588]]}}, {"type": "Feature", "id": "https://gdi-de.github.io/apworkshop2026/GZAW48", "name": "Baum GZAW48 (gdide:GZAW48)", "dateprops": [], "properties": {"http://www.w3.org/2000/01/rdf-schema#label": "Baum GZAW48", "http://rdfs.org/ns/void#inDataset.value": "72757", "http://www.w3.org/2000/01/rdf-schema#comment": "sonst. \u00f6ff. Fl\u00e4chen", "http://www.wikidata.org/prop/direct/P2547.value": "5.0", "http://www.wikidata.org/prop/direct/P2547.unit": "http://www.ontology-of-units-of-measure.org/resource/om-2/meter", "http://www.wikidata.org/prop/direct/P3018": "Gr\u00fcnzug Altenwerder", "https://gdi-de.github.io/apworkshop2026/ont#stammdurchmesser.value": "29.0", "https://gdi-de.github.io/apworkshop2026/ont#stammdurchmesser.unit": "http://www.ontology-of-units-of-measure.org/resource/om-2/centimeter"}, "geometry": {"type": "MultiPoint", "coordinates": [[9.917314507395394, 53.50230821931219]]}}, {"type": "Feature", "id": "https://gdi-de.github.io/apworkshop2026/GZAW539", "name": "Baum GZAW539 (gdide:GZAW539)", "dateprops": [], "properties": {"http://www.w3.org/2000/01/rdf-schema#label": "Baum GZAW539", "http://rdfs.org/ns/void#inDataset.value": "72757", "http://www.w3.org/2000/01/rdf-schema#comment": "sonst. \u00f6ff. Fl\u00e4chen", "http://www.wikidata.org/prop/direct/P2547.value": "7.0", "http://www.wikidata.org/prop/direct/P2547.unit": "http://www.ontology-of-units-of-measure.org/resource/om-2/meter", "http://www.wikidata.org/prop/direct/P3018": "Gr\u00fcnzug Altenwerder", "https://gdi-de.github.io/apworkshop2026/ont#stammdurchmesser.value": "24.0", "https://gdi-de.github.io/apworkshop2026/ont#stammdurchmesser.unit": "http://www.ontology-of-units-of-measure.org/resource/om-2/centimeter"}, "geometry": {"type": "MultiPoint", "coordinates": [[9.917819612113348, 53.50976735980893]]}}, {"type": "Feature", "id": "https://gdi-de.github.io/apworkshop2026/BFASN388", "name": "Baum BFASN388 (gdide:BFASN388)", "dateprops": [], "properties": {"http://www.w3.org/2000/01/rdf-schema#label": "Baum BFASN388", "http://rdfs.org/ns/void#inDataset.value": "72757", "http://www.w3.org/2000/01/rdf-schema#comment": "sonst. \u00f6ff. Fl\u00e4chen", "http://www.wikidata.org/prop/direct/P2547.value": "5.0", "http://www.wikidata.org/prop/direct/P2547.unit": "http://www.ontology-of-units-of-measure.org/resource/om-2/meter", "http://www.wikidata.org/prop/direct/P3018": "Bahnhof Alte S\u00fcderelbe Nord", "https://gdi-de.github.io/apworkshop2026/ont#stammdurchmesser.value": "19.0", "https://gdi-de.github.io/apworkshop2026/ont#stammdurchmesser.unit": "http://www.ontology-of-units-of-measure.org/resource/om-2/centimeter"}, "geometry": {"type": "MultiPoint", "coordinates": [[9.911584333861052, 53.50766464160268]]}}, {"type": "Feature", "id": "https://gdi-de.github.io/apworkshop2026/MEFC929", "name": "Baum MEFC929 (gdide:MEFC929)", "dateprops": [], "properties": {"http://www.w3.org/2000/01/rdf-schema#label": "Baum MEFC929", "http://rdfs.org/ns/void#inDataset.value": "72757", "http://www.w3.org/2000/01/rdf-schema#comment": "Francop", "http://www.wikidata.org/prop/direct/P2547.value": "1.0", "http://www.wikidata.org/prop/direct/P2547.unit": "http://www.ontology-of-units-of-measure.org/resource/om-2/meter", "http://www.wikidata.org/prop/direct/P3018": "METHA-Francop", "https://gdi-de.github.io/apworkshop2026/ont#stammdurchmesser.value": "8.0", "https://gdi-de.github.io/apworkshop2026/ont#stammdurchmesser.unit": "http://www.ontology-of-units-of-measure.org/resource/om-2/centimeter"}, "geometry": {"type": "MultiPoint", "coordinates": [[9.878712803692132, 53.51381117129086]]}}, {"type": "Feature", "id": "https://gdi-de.github.io/apworkshop2026/NEUW467", "name": "Baum NEUW467 (gdide:NEUW467)", "dateprops": [], "properties": {"http://www.w3.org/2000/01/rdf-schema#label": "Baum NEUW467", "http://rdfs.org/ns/void#inDataset.value": "72757", "http://www.w3.org/2000/01/rdf-schema#comment": "BUKEA", "http://www.wikidata.org/prop/direct/P2547.value": "7.0", "http://www.wikidata.org/prop/direct/P2547.unit": "http://www.ontology-of-units-of-measure.org/resource/om-2/meter", "http://www.wikidata.org/prop/direct/P3018": "Neuwerk", "https://gdi-de.github.io/apworkshop2026/ont#stammdurchmesser.value": "37.0", "https://gdi-de.github.io/apworkshop2026/ont#stammdurchmesser.unit": "http://www.ontology-of-units-of-measure.org/resource/om-2/centimeter"}, "geometry": {"type": "MultiPoint", "coordinates": [[8.498724035280675, 53.9219819206309]]}}, {"type": "Feature", "id": "https://gdi-de.github.io/apworkshop2026/NEUW589", "name": "Baum NEUW589 (gdide:NEUW589)", "dateprops": [], "properties": {"http://www.w3.org/2000/01/rdf-schema#label": "Baum NEUW589", "http://rdfs.org/ns/void#inDataset.value": "72757", "http://www.w3.org/2000/01/rdf-schema#comment": "Liegenschaftsamt", "http://www.wikidata.org/prop/direct/P2547.value": "2.0", "http://www.wikidata.org/prop/direct/P2547.unit": "http://www.ontology-of-units-of-measure.org/resource/om-2/meter", "http://www.wikidata.org/prop/direct/P3018": "Neuwerk", "https://gdi-de.github.io/apworkshop2026/ont#stammdurchmesser.value": "25.0", "https://gdi-de.github.io/apworkshop2026/ont#stammdurchmesser.unit": "http://www.ontology-of-units-of-measure.org/resource/om-2/centimeter"}, "geometry": {"type": "MultiPoint", "coordinates": [[8.495538645215797, 53.915992296088184]]}}, {"type": "Feature", "id": "https://gdi-de.github.io/apworkshop2026/NEUW545", "name": "Baum NEUW545 (gdide:NEUW545)", "dateprops": [], "properties": {"http://www.w3.org/2000/01/rdf-schema#label": "Baum NEUW545", "http://rdfs.org/ns/void#inDataset.value": "72757", "http://www.w3.org/2000/01/rdf-schema#comment": "BUKEA", "http://www.wikidata.org/prop/direct/P2547.value": "3.0", "http://www.wikidata.org/prop/direct/P2547.unit": "http://www.ontology-of-units-of-measure.org/resource/om-2/meter", "http://www.wikidata.org/prop/direct/P3018": "Neuwerk", "https://gdi-de.github.io/apworkshop2026/ont#stammdurchmesser.value": "24.0", "https://gdi-de.github.io/apworkshop2026/ont#stammdurchmesser.unit": "http://www.ontology-of-units-of-measure.org/resource/om-2/centimeter"}, "geometry": {"type": "MultiPoint", "coordinates": [[8.500266721101246, 53.92195047123705]]}}, {"type": "Feature", "id": "https://gdi-de.github.io/apworkshop2026/WITB292", "name": "Baum WITB292 (gdide:WITB292)", "dateprops": [], "properties": {"http://www.w3.org/2000/01/rdf-schema#label": "Baum WITB292", "http://rdfs.org/ns/void#inDataset.value": "72757", "http://www.w3.org/2000/01/rdf-schema#comment": "Wasserwirtschaft", "http://www.wikidata.org/prop/direct/P2547.value": "7.0", "http://www.wikidata.org/prop/direct/P2547.unit": "http://www.ontology-of-units-of-measure.org/resource/om-2/meter", "http://www.wikidata.org/prop/direct/P3018": "Wittenbergen", "https://gdi-de.github.io/apworkshop2026/ont#stammdurchmesser.value": "56.0", "https://gdi-de.github.io/apworkshop2026/ont#stammdurchmesser.unit": "http://www.ontology-of-units-of-measure.org/resource/om-2/centimeter"}, "geometry": {"type": "MultiPoint", "coordinates": [[9.753410622550255, 53.5644985844016]]}}, {"type": "Feature", "id": "https://gdi-de.github.io/apworkshop2026/MOBG728", "name": "Baum MOBG728 (gdide:MOBG728)", "dateprops": [], "properties": {"http://www.w3.org/2000/01/rdf-schema#label": "Baum MOBG728", "http://rdfs.org/ns/void#inDataset.value": "72757", "http://www.w3.org/2000/01/rdf-schema#comment": "sonst. \u00f6ff. Fl\u00e4chen", "http://www.wikidata.org/prop/direct/P2547.value": "8.0", "http://www.wikidata.org/prop/direct/P2547.unit": "http://www.ontology-of-units-of-measure.org/resource/om-2/meter", "http://www.wikidata.org/prop/direct/P3018": "Moorburg", "https://gdi-de.github.io/apworkshop2026/ont#stammdurchmesser.value": "38.0", "https://gdi-de.github.io/apworkshop2026/ont#stammdurchmesser.unit": "http://www.ontology-of-units-of-measure.org/resource/om-2/centimeter"}, "geometry": {"type": "MultiPoint", "coordinates": [[9.933481981637097, 53.481434900634845]]}}, {"type": "Feature", "id": "https://gdi-de.github.io/apworkshop2026/VHWN554", "name": "Baum VHWN554 (gdide:VHWN554)", "dateprops": [], "properties": {"http://www.w3.org/2000/01/rdf-schema#label": "Baum VHWN554", "http://rdfs.org/ns/void#inDataset.value": "72757", "http://www.w3.org/2000/01/rdf-schema#comment": "sonst. \u00f6ff. Fl\u00e4chen", "http://www.wikidata.org/prop/direct/P2547.value": "6.0", "http://www.wikidata.org/prop/direct/P2547.unit": "http://www.ontology-of-units-of-measure.org/resource/om-2/meter", "http://www.wikidata.org/prop/direct/P3018": "Vollh\u00f6fner Weiden", "https://gdi-de.github.io/apworkshop2026/ont#stammdurchmesser.value": "43.0", "https://gdi-de.github.io/apworkshop2026/ont#stammdurchmesser.unit": "http://www.ontology-of-units-of-measure.org/resource/om-2/centimeter"}, "geometry": {"type": "MultiPoint", "coordinates": [[9.894939773355103, 53.51376193199537]]}}, {"type": "Feature", "id": "https://gdi-de.github.io/apworkshop2026/BFHS340", "name": "Baum BFHS340 (gdide:BFHS340)", "dateprops": [], "properties": {"http://www.w3.org/2000/01/rdf-schema#label": "Baum BFHS340", "http://rdfs.org/ns/void#inDataset.value": "72757", "http://www.w3.org/2000/01/rdf-schema#comment": "sonst. \u00f6ff. Fl\u00e4chen", "http://www.wikidata.org/prop/direct/P2547.value": "5.0", "http://www.wikidata.org/prop/direct/P2547.unit": "http://www.ontology-of-units-of-measure.org/resource/om-2/meter", "http://www.wikidata.org/prop/direct/P3018": "Bahnhof Hohe Schaar", "https://gdi-de.github.io/apworkshop2026/ont#stammdurchmesser.value": "28.0", "https://gdi-de.github.io/apworkshop2026/ont#stammdurchmesser.unit": "http://www.ontology-of-units-of-measure.org/resource/om-2/centimeter"}, "geometry": {"type": "MultiPoint", "coordinates": [[9.962173309429204, 53.49775627943899]]}}, {"type": "Feature", "id": "https://gdi-de.github.io/apworkshop2026/NEUW306", "name": "Baum NEUW306 (gdide:NEUW306)", "dateprops": [], "properties": {"http://www.w3.org/2000/01/rdf-schema#label": "Baum NEUW306", "http://rdfs.org/ns/void#inDataset.value": "72757", "http://www.w3.org/2000/01/rdf-schema#comment": "BUKEA", "http://www.wikidata.org/prop/direct/P2547.value": "4.0", "http://www.wikidata.org/prop/direct/P2547.unit": "http://www.ontology-of-units-of-measure.org/resource/om-2/meter", "http://www.wikidata.org/prop/direct/P3018": "Neuwerk", "https://gdi-de.github.io/apworkshop2026/ont#stammdurchmesser.value": "24.0", "https://gdi-de.github.io/apworkshop2026/ont#stammdurchmesser.unit": "http://www.ontology-of-units-of-measure.org/resource/om-2/centimeter"}, "geometry": {"type": "MultiPoint", "coordinates": [[8.497631099990251, 53.913733607326336]]}}, {"type": "Feature", "id": "https://gdi-de.github.io/apworkshop2026/NEUW59", "name": "Baum NEUW59 (gdide:NEUW59)", "dateprops": [], "properties": {"http://www.w3.org/2000/01/rdf-schema#label": "Baum NEUW59", "http://rdfs.org/ns/void#inDataset.value": "72757", "http://www.w3.org/2000/01/rdf-schema#comment": "Liegenschaftsamt", "http://www.wikidata.org/prop/direct/P2547.value": "8.0", "http://www.wikidata.org/prop/direct/P2547.unit": "http://www.ontology-of-units-of-measure.org/resource/om-2/meter", "http://www.wikidata.org/prop/direct/P3018": "Neuwerk", "https://gdi-de.github.io/apworkshop2026/ont#stammdurchmesser.value": "39.0", "https://gdi-de.github.io/apworkshop2026/ont#stammdurchmesser.unit": "http://www.ontology-of-units-of-measure.org/resource/om-2/centimeter"}, "geometry": {"type": "MultiPoint", "coordinates": [[8.496423979844064, 53.914206269285025]]}}, {"type": "Feature", "id": "https://gdi-de.github.io/apworkshop2026/WAHF735", "name": "Baum WAHF735 (gdide:WAHF735)", "dateprops": [], "properties": {"http://www.w3.org/2000/01/rdf-schema#label": "Baum WAHF735", "http://rdfs.org/ns/void#inDataset.value": "72757", "http://www.w3.org/2000/01/rdf-schema#comment": "Wasserwirtschaft", "http://www.wikidata.org/prop/direct/P2547.value": "5.0", "http://www.wikidata.org/prop/direct/P2547.unit": "http://www.ontology-of-units-of-measure.org/resource/om-2/meter", "http://www.wikidata.org/prop/direct/P3018": "Waltershof", "https://gdi-de.github.io/apworkshop2026/ont#stammdurchmesser.value": "30.0", "https://gdi-de.github.io/apworkshop2026/ont#stammdurchmesser.unit": "http://www.ontology-of-units-of-measure.org/resource/om-2/centimeter"}, "geometry": {"type": "MultiPoint", "coordinates": [[9.92321811866164, 53.53865863400666]]}}, {"type": "Feature", "id": "https://gdi-de.github.io/apworkshop2026/HOHS240", "name": "Baum HOHS240 (gdide:HOHS240)", "dateprops": [], "properties": {"http://www.w3.org/2000/01/rdf-schema#label": "Baum HOHS240", "http://rdfs.org/ns/void#inDataset.value": "72757", "http://www.w3.org/2000/01/rdf-schema#comment": "Stra\u00dfe", "http://www.wikidata.org/prop/direct/P2547.value": "8.0", "http://www.wikidata.org/prop/direct/P2547.unit": "http://www.ontology-of-units-of-measure.org/resource/om-2/meter", "http://www.wikidata.org/prop/direct/P3018": "Hohe Schaar", "https://gdi-de.github.io/apworkshop2026/ont#stammdurchmesser.value": "24.0", "https://gdi-de.github.io/apworkshop2026/ont#stammdurchmesser.unit": "http://www.ontology-of-units-of-measure.org/resource/om-2/centimeter"}, "geometry": {"type": "MultiPoint", "coordinates": [[9.972441331604427, 53.49175320140963]]}}, {"type": "Feature", "id": "https://gdi-de.github.io/apworkshop2026/NHKL472", "name": "Baum NHKL472 (gdide:NHKL472)", "dateprops": [], "properties": {"http://www.w3.org/2000/01/rdf-schema#label": "Baum NHKL472", "http://rdfs.org/ns/void#inDataset.value": "72757", "http://www.w3.org/2000/01/rdf-schema#comment": "sonst. \u00f6ff. Fl\u00e4chen", "http://www.wikidata.org/prop/direct/P2547.value": "13.0", "http://www.wikidata.org/prop/direct/P2547.unit": "http://www.ontology-of-units-of-measure.org/resource/om-2/meter", "http://www.wikidata.org/prop/direct/P3018": "Neuh\u00f6fer Kanal", "https://gdi-de.github.io/apworkshop2026/ont#stammdurchmesser.value": "51.0", "https://gdi-de.github.io/apworkshop2026/ont#stammdurchmesser.unit": "http://www.ontology-of-units-of-measure.org/resource/om-2/centimeter"}, "geometry": {"type": "MultiPoint", "coordinates": [[9.96633071256411, 53.512316686715714]]}}, {"type": "Feature", "id": "https://gdi-de.github.io/apworkshop2026/NEUW508", "name": "Baum NEUW508 (gdide:NEUW508)", "dateprops": [], "properties": {"http://www.w3.org/2000/01/rdf-schema#label": "Baum NEUW508", "http://rdfs.org/ns/void#inDataset.value": "72757", "http://www.w3.org/2000/01/rdf-schema#comment": "Liegenschaftsamt", "http://www.wikidata.org/prop/direct/P2547.value": "8.0", "http://www.wikidata.org/prop/direct/P2547.unit": "http://www.ontology-of-units-of-measure.org/resource/om-2/meter", "http://www.wikidata.org/prop/direct/P3018": "Neuwerk", "https://gdi-de.github.io/apworkshop2026/ont#stammdurchmesser.value": "43.0", "https://gdi-de.github.io/apworkshop2026/ont#stammdurchmesser.unit": "http://www.ontology-of-units-of-measure.org/resource/om-2/centimeter"}, "geometry": {"type": "MultiPoint", "coordinates": [[8.495691763055978, 53.91605889681181]]}}, {"type": "Feature", "id": "https://gdi-de.github.io/apworkshop2026/WITB518", "name": "Baum WITB518 (gdide:WITB518)", "dateprops": [], "properties": {"http://www.w3.org/2000/01/rdf-schema#label": "Baum WITB518", "http://rdfs.org/ns/void#inDataset.value": "72757", "http://www.w3.org/2000/01/rdf-schema#comment": "Wasserwirtschaft", "http://www.wikidata.org/prop/direct/P2547.value": "7.0", "http://www.wikidata.org/prop/direct/P2547.unit": "http://www.ontology-of-units-of-measure.org/resource/om-2/meter", "http://www.wikidata.org/prop/direct/P3018": "Wittenbergen", "https://gdi-de.github.io/apworkshop2026/ont#stammdurchmesser.value": "30.0", "https://gdi-de.github.io/apworkshop2026/ont#stammdurchmesser.unit": "http://www.ontology-of-units-of-measure.org/resource/om-2/centimeter"}, "geometry": {"type": "MultiPoint", "coordinates": [[9.78586964634071, 53.560471120637196]]}}, {"type": "Feature", "id": "https://gdi-de.github.io/apworkshop2026/BFASN192", "name": "Baum BFASN192 (gdide:BFASN192)", "dateprops": [], "properties": {"http://www.w3.org/2000/01/rdf-schema#label": "Baum BFASN192", "http://rdfs.org/ns/void#inDataset.value": "72757", "http://www.w3.org/2000/01/rdf-schema#comment": "sonst. \u00f6ff. Fl\u00e4chen", "http://www.wikidata.org/prop/direct/P2547.value": "6.0", "http://www.wikidata.org/prop/direct/P2547.unit": "http://www.ontology-of-units-of-measure.org/resource/om-2/meter", "http://www.wikidata.org/prop/direct/P3018": "Bahnhof Alte S\u00fcderelbe Nord", "https://gdi-de.github.io/apworkshop2026/ont#stammdurchmesser.value": "32.0", "https://gdi-de.github.io/apworkshop2026/ont#stammdurchmesser.unit": "http://www.ontology-of-units-of-measure.org/resource/om-2/centimeter"}, "geometry": {"type": "MultiPoint", "coordinates": [[9.911683723464087, 53.50867178227048]]}}, {"type": "Feature", "id": "https://gdi-de.github.io/apworkshop2026/BFASN190", "name": "Baum BFASN190 (gdide:BFASN190)", "dateprops": [], "properties": {"http://www.w3.org/2000/01/rdf-schema#label": "Baum BFASN190", "http://rdfs.org/ns/void#inDataset.value": "72757", "http://www.w3.org/2000/01/rdf-schema#comment": "sonst. \u00f6ff. Fl\u00e4chen", "http://www.wikidata.org/prop/direct/P2547.value": "4.0", "http://www.wikidata.org/prop/direct/P2547.unit": "http://www.ontology-of-units-of-measure.org/resource/om-2/meter", "http://www.wikidata.org/prop/direct/P3018": "Bahnhof Alte S\u00fcderelbe Nord", "https://gdi-de.github.io/apworkshop2026/ont#stammdurchmesser.value": "19.0", "https://gdi-de.github.io/apworkshop2026/ont#stammdurchmesser.unit": "http://www.ontology-of-units-of-measure.org/resource/om-2/centimeter"}, "geometry": {"type": "MultiPoint", "coordinates": [[9.91168641840994, 53.50860778691812]]}}, {"type": "Feature", "id": "https://gdi-de.github.io/apworkshop2026/HOHS211", "name": "Baum HOHS211 (gdide:HOHS211)", "dateprops": [], "properties": {"http://www.w3.org/2000/01/rdf-schema#label": "Baum HOHS211", "http://rdfs.org/ns/void#inDataset.value": "72757", "http://www.w3.org/2000/01/rdf-schema#comment": "Stra\u00dfe", "http://www.wikidata.org/prop/direct/P2547.value": "7.0", "http://www.wikidata.org/prop/direct/P2547.unit": "http://www.ontology-of-units-of-measure.org/resource/om-2/meter", "http://www.wikidata.org/prop/direct/P3018": "Hohe Schaar", "https://gdi-de.github.io/apworkshop2026/ont#stammdurchmesser.value": "25.0", "https://gdi-de.github.io/apworkshop2026/ont#stammdurchmesser.unit": "http://www.ontology-of-units-of-measure.org/resource/om-2/centimeter"}, "geometry": {"type": "MultiPoint", "coordinates": [[9.972715488445989, 53.49171510099865]]}}, {"type": "Feature", "id": "https://gdi-de.github.io/apworkshop2026/BFASN373", "name": "Baum BFASN373 (gdide:BFASN373)", "dateprops": [], "properties": {"http://www.w3.org/2000/01/rdf-schema#label": "Baum BFASN373", "http://rdfs.org/ns/void#inDataset.value": "72757", "http://www.w3.org/2000/01/rdf-schema#comment": "sonst. \u00f6ff. Fl\u00e4chen", "http://www.wikidata.org/prop/direct/P2547.value": "8.0", "http://www.wikidata.org/prop/direct/P2547.unit": "http://www.ontology-of-units-of-measure.org/resource/om-2/meter", "http://www.wikidata.org/prop/direct/P3018": "Bahnhof Alte S\u00fcderelbe Nord", "https://gdi-de.github.io/apworkshop2026/ont#stammdurchmesser.value": "54.0", "https://gdi-de.github.io/apworkshop2026/ont#stammdurchmesser.unit": "http://www.ontology-of-units-of-measure.org/resource/om-2/centimeter"}, "geometry": {"type": "MultiPoint", "coordinates": [[9.911576823945277, 53.5075160206169]]}}, {"type": "Feature", "id": "https://gdi-de.github.io/apworkshop2026/NEUW88", "name": "Baum NEUW88 (gdide:NEUW88)", "dateprops": [], "properties": {"http://www.w3.org/2000/01/rdf-schema#label": "Baum NEUW88", "http://rdfs.org/ns/void#inDataset.value": "72757", "http://www.w3.org/2000/01/rdf-schema#comment": "Liegenschaftsamt", "http://www.wikidata.org/prop/direct/P2547.value": "7.0", "http://www.wikidata.org/prop/direct/P2547.unit": "http://www.ontology-of-units-of-measure.org/resource/om-2/meter", "http://www.wikidata.org/prop/direct/P3018": "Neuwerk", "https://gdi-de.github.io/apworkshop2026/ont#stammdurchmesser.value": "31.0", "https://gdi-de.github.io/apworkshop2026/ont#stammdurchmesser.unit": "http://www.ontology-of-units-of-measure.org/resource/om-2/centimeter"}, "geometry": {"type": "MultiPoint", "coordinates": [[8.496699834501511, 53.91405021502717]]}}, {"type": "Feature", "id": "https://gdi-de.github.io/apworkshop2026/GZAW339", "name": "Baum GZAW339 (gdide:GZAW339)", "dateprops": [], "properties": {"http://www.w3.org/2000/01/rdf-schema#label": "Baum GZAW339", "http://rdfs.org/ns/void#inDataset.value": "72757", "http://www.w3.org/2000/01/rdf-schema#comment": "sonst. \u00f6ff. Fl\u00e4chen", "http://www.wikidata.org/prop/direct/P2547.value": "8.0", "http://www.wikidata.org/prop/direct/P2547.unit": "http://www.ontology-of-units-of-measure.org/resource/om-2/meter", "http://www.wikidata.org/prop/direct/P3018": "Gr\u00fcnzug Altenwerder", "https://gdi-de.github.io/apworkshop2026/ont#stammdurchmesser.value": "24.0", "https://gdi-de.github.io/apworkshop2026/ont#stammdurchmesser.unit": "http://www.ontology-of-units-of-measure.org/resource/om-2/centimeter"}, "geometry": {"type": "MultiPoint", "coordinates": [[9.916754362899983, 53.50328924794008]]}}, {"type": "Feature", "id": "https://gdi-de.github.io/apworkshop2026/VHWN286", "name": "Baum VHWN286 (gdide:VHWN286)", "dateprops": [], "properties": {"http://www.w3.org/2000/01/rdf-schema#label": "Baum VHWN286", "http://rdfs.org/ns/void#inDataset.value": "72757", "http://www.w3.org/2000/01/rdf-schema#comment": "sonst. \u00f6ff. Fl\u00e4chen", "http://www.wikidata.org/prop/direct/P2547.value": "5.0", "http://www.wikidata.org/prop/direct/P2547.unit": "http://www.ontology-of-units-of-measure.org/resource/om-2/meter", "http://www.wikidata.org/prop/direct/P3018": "Vollh\u00f6fner Weiden", "https://gdi-de.github.io/apworkshop2026/ont#stammdurchmesser.value": "28.0", "https://gdi-de.github.io/apworkshop2026/ont#stammdurchmesser.unit": "http://www.ontology-of-units-of-measure.org/resource/om-2/centimeter"}, "geometry": {"type": "MultiPoint", "coordinates": [[9.897272240007169, 53.51465922344347]]}}, {"type": "Feature", "id": "https://gdi-de.github.io/apworkshop2026/NEUW359", "name": "Baum NEUW359 (gdide:NEUW359)", "dateprops": [], "properties": {"http://www.w3.org/2000/01/rdf-schema#label": "Baum NEUW359", "http://rdfs.org/ns/void#inDataset.value": "72757", "http://www.w3.org/2000/01/rdf-schema#comment": "BUKEA", "http://www.wikidata.org/prop/direct/P2547.value": "5.0", "http://www.wikidata.org/prop/direct/P2547.unit": "http://www.ontology-of-units-of-measure.org/resource/om-2/meter", "http://www.wikidata.org/prop/direct/P3018": "Neuwerk", "https://gdi-de.github.io/apworkshop2026/ont#stammdurchmesser.value": "29.0", "https://gdi-de.github.io/apworkshop2026/ont#stammdurchmesser.unit": "http://www.ontology-of-units-of-measure.org/resource/om-2/centimeter"}, "geometry": {"type": "MultiPoint", "coordinates": [[8.498266595171696, 53.91343400824027]]}}, {"type": "Feature", "id": "https://gdi-de.github.io/apworkshop2026/BFASN358", "name": "Baum BFASN358 (gdide:BFASN358)", "dateprops": [], "properties": {"http://www.w3.org/2000/01/rdf-schema#label": "Baum BFASN358", "http://rdfs.org/ns/void#inDataset.value": "72757", "http://www.w3.org/2000/01/rdf-schema#comment": "sonst. \u00f6ff. Fl\u00e4chen", "http://www.wikidata.org/prop/direct/P2547.value": "6.0", "http://www.wikidata.org/prop/direct/P2547.unit": "http://www.ontology-of-units-of-measure.org/resource/om-2/meter", "http://www.wikidata.org/prop/direct/P3018": "Bahnhof Alte S\u00fcderelbe Nord", "https://gdi-de.github.io/apworkshop2026/ont#stammdurchmesser.value": "48.0", "https://gdi-de.github.io/apworkshop2026/ont#stammdurchmesser.unit": "http://www.ontology-of-units-of-measure.org/resource/om-2/centimeter"}, "geometry": {"type": "MultiPoint", "coordinates": [[9.911519915672029, 53.50681573891514]]}}, {"type": "Feature", "id": "https://gdi-de.github.io/apworkshop2026/NEUW339", "name": "Baum NEUW339 (gdide:NEUW339)", "dateprops": [], "properties": {"http://www.w3.org/2000/01/rdf-schema#label": "Baum NEUW339", "http://rdfs.org/ns/void#inDataset.value": "72757", "http://www.w3.org/2000/01/rdf-schema#comment": "BUKEA", "http://www.wikidata.org/prop/direct/P2547.value": "4.0", "http://www.wikidata.org/prop/direct/P2547.unit": "http://www.ontology-of-units-of-measure.org/resource/om-2/meter", "http://www.wikidata.org/prop/direct/P3018": "Neuwerk", "https://gdi-de.github.io/apworkshop2026/ont#stammdurchmesser.value": "18.0", "https://gdi-de.github.io/apworkshop2026/ont#stammdurchmesser.unit": "http://www.ontology-of-units-of-measure.org/resource/om-2/centimeter"}, "geometry": {"type": "MultiPoint", "coordinates": [[8.49705110272706, 53.91353324343338]]}}, {"type": "Feature", "id": "https://gdi-de.github.io/apworkshop2026/NEUW406", "name": "Baum NEUW406 (gdide:NEUW406)", "dateprops": [], "properties": {"http://www.w3.org/2000/01/rdf-schema#label": "Baum NEUW406", "http://rdfs.org/ns/void#inDataset.value": "72757", "http://www.w3.org/2000/01/rdf-schema#comment": "BUKEA", "http://www.wikidata.org/prop/direct/P2547.value": "2.0", "http://www.wikidata.org/prop/direct/P2547.unit": "http://www.ontology-of-units-of-measure.org/resource/om-2/meter", "http://www.wikidata.org/prop/direct/P3018": "Neuwerk", "https://gdi-de.github.io/apworkshop2026/ont#stammdurchmesser.value": "29.0", "https://gdi-de.github.io/apworkshop2026/ont#stammdurchmesser.unit": "http://www.ontology-of-units-of-measure.org/resource/om-2/centimeter"}, "geometry": {"type": "MultiPoint", "coordinates": [[8.498890807513172, 53.92201044460228]]}}, {"type": "Feature", "id": "https://gdi-de.github.io/apworkshop2026/GZAW492", "name": "Baum GZAW492 (gdide:GZAW492)", "dateprops": [], "properties": {"http://www.w3.org/2000/01/rdf-schema#label": "Baum GZAW492", "http://rdfs.org/ns/void#inDataset.value": "72757", "http://www.w3.org/2000/01/rdf-schema#comment": "sonst. \u00f6ff. Fl\u00e4chen", "http://www.wikidata.org/prop/direct/P2547.value": "15.0", "http://www.wikidata.org/prop/direct/P2547.unit": "http://www.ontology-of-units-of-measure.org/resource/om-2/meter", "http://www.wikidata.org/prop/direct/P3018": "Gr\u00fcnzug Altenwerder", "https://gdi-de.github.io/apworkshop2026/ont#stammdurchmesser.value": "41.0", "https://gdi-de.github.io/apworkshop2026/ont#stammdurchmesser.unit": "http://www.ontology-of-units-of-measure.org/resource/om-2/centimeter"}, "geometry": {"type": "MultiPoint", "coordinates": [[9.917146046330164, 53.5084249890763]]}}, {"type": "Feature", "id": "https://gdi-de.github.io/apworkshop2026/PIOI177", "name": "Baum PIOI177 (gdide:PIOI177)", "dateprops": [], "properties": {"http://www.w3.org/2000/01/rdf-schema#label": "Baum PIOI177", "http://rdfs.org/ns/void#inDataset.value": "72757", "http://www.w3.org/2000/01/rdf-schema#comment": "Wasserwirtschaft", "http://www.wikidata.org/prop/direct/P2547.value": "6.0", "http://www.wikidata.org/prop/direct/P2547.unit": "http://www.ontology-of-units-of-measure.org/resource/om-2/meter", "http://www.wikidata.org/prop/direct/P3018": "Pionierinsel", "https://gdi-de.github.io/apworkshop2026/ont#stammdurchmesser.value": "53.0", "https://gdi-de.github.io/apworkshop2026/ont#stammdurchmesser.unit": "http://www.ontology-of-units-of-measure.org/resource/om-2/centimeter"}, "geometry": {"type": "MultiPoint", "coordinates": [[10.002559588309593, 53.471048406837475]]}}, {"type": "Feature", "id": "https://gdi-de.github.io/apworkshop2026/HOHS214", "name": "Baum HOHS214 (gdide:HOHS214)", "dateprops": [], "properties": {"http://www.w3.org/2000/01/rdf-schema#label": "Baum HOHS214", "http://rdfs.org/ns/void#inDataset.value": "72757", "http://www.w3.org/2000/01/rdf-schema#comment": "Stra\u00dfe", "http://www.wikidata.org/prop/direct/P2547.value": "8.0", "http://www.wikidata.org/prop/direct/P2547.unit": "http://www.ontology-of-units-of-measure.org/resource/om-2/meter", "http://www.wikidata.org/prop/direct/P3018": "Hohe Schaar", "https://gdi-de.github.io/apworkshop2026/ont#stammdurchmesser.value": "41.0", "https://gdi-de.github.io/apworkshop2026/ont#stammdurchmesser.unit": "http://www.ontology-of-units-of-measure.org/resource/om-2/centimeter"}, "geometry": {"type": "MultiPoint", "coordinates": [[9.971755027710513, 53.491877459069826]]}}, {"type": "Feature", "id": "https://gdi-de.github.io/apworkshop2026/HOHS221", "name": "Baum HOHS221 (gdide:HOHS221)", "dateprops": [], "properties": {"http://www.w3.org/2000/01/rdf-schema#label": "Baum HOHS221", "http://rdfs.org/ns/void#inDataset.value": "72757", "http://www.w3.org/2000/01/rdf-schema#comment": "Stra\u00dfe", "http://www.wikidata.org/prop/direct/P2547.value": "3.0", "http://www.wikidata.org/prop/direct/P2547.unit": "http://www.ontology-of-units-of-measure.org/resource/om-2/meter", "http://www.wikidata.org/prop/direct/P3018": "Hohe Schaar", "https://gdi-de.github.io/apworkshop2026/ont#stammdurchmesser.value": "18.0", "https://gdi-de.github.io/apworkshop2026/ont#stammdurchmesser.unit": "http://www.ontology-of-units-of-measure.org/resource/om-2/centimeter"}, "geometry": {"type": "MultiPoint", "coordinates": [[9.971973228493026, 53.491846979901965]]}}, {"type": "Feature", "id": "https://gdi-de.github.io/apworkshop2026/MOBG352", "name": "Baum MOBG352 (gdide:MOBG352)", "dateprops": [], "properties": {"http://www.w3.org/2000/01/rdf-schema#label": "Baum MOBG352", "http://rdfs.org/ns/void#inDataset.value": "72757", "http://www.w3.org/2000/01/rdf-schema#comment": "Francop", "http://www.wikidata.org/prop/direct/P2547.value": "6.0", "http://www.wikidata.org/prop/direct/P2547.unit": "http://www.ontology-of-units-of-measure.org/resource/om-2/meter", "http://www.wikidata.org/prop/direct/P3018": "Moorburg", "https://gdi-de.github.io/apworkshop2026/ont#stammdurchmesser.value": "30.0", "https://gdi-de.github.io/apworkshop2026/ont#stammdurchmesser.unit": "http://www.ontology-of-units-of-measure.org/resource/om-2/centimeter"}, "geometry": {"type": "MultiPoint", "coordinates": [[9.927911079402634, 53.49527794794839]]}}, {"type": "Feature", "id": "https://gdi-de.github.io/apworkshop2026/NEUW524", "name": "Baum NEUW524 (gdide:NEUW524)", "dateprops": [], "properties": {"http://www.w3.org/2000/01/rdf-schema#label": "Baum NEUW524", "http://rdfs.org/ns/void#inDataset.value": "72757", "http://www.w3.org/2000/01/rdf-schema#comment": "BUKEA", "http://www.wikidata.org/prop/direct/P2547.value": "4.0", "http://www.wikidata.org/prop/direct/P2547.unit": "http://www.ontology-of-units-of-measure.org/resource/om-2/meter", "http://www.wikidata.org/prop/direct/P3018": "Neuwerk", "https://gdi-de.github.io/apworkshop2026/ont#stammdurchmesser.value": "22.0", "https://gdi-de.github.io/apworkshop2026/ont#stammdurchmesser.unit": "http://www.ontology-of-units-of-measure.org/resource/om-2/centimeter"}, "geometry": {"type": "MultiPoint", "coordinates": [[8.500078712695434, 53.92216078232597]]}}, {"type": "Feature", "id": "https://gdi-de.github.io/apworkshop2026/NEUW454", "name": "Baum NEUW454 (gdide:NEUW454)", "dateprops": [], "properties": {"http://www.w3.org/2000/01/rdf-schema#label": "Baum NEUW454", "http://rdfs.org/ns/void#inDataset.value": "72757", "http://www.w3.org/2000/01/rdf-schema#comment": "Liegenschaftsamt", "http://www.wikidata.org/prop/direct/P2547.value": "6.0", "http://www.wikidata.org/prop/direct/P2547.unit": "http://www.ontology-of-units-of-measure.org/resource/om-2/meter", "http://www.wikidata.org/prop/direct/P3018": "Neuwerk", "https://gdi-de.github.io/apworkshop2026/ont#stammdurchmesser.value": "29.0", "https://gdi-de.github.io/apworkshop2026/ont#stammdurchmesser.unit": "http://www.ontology-of-units-of-measure.org/resource/om-2/centimeter"}, "geometry": {"type": "MultiPoint", "coordinates": [[8.4983565614474, 53.92157626130752]]}}, {"type": "Feature", "id": "https://gdi-de.github.io/apworkshop2026/NEUW728", "name": "Baum NEUW728 (gdide:NEUW728)", "dateprops": [], "properties": {"http://www.w3.org/2000/01/rdf-schema#label": "Baum NEUW728", "http://rdfs.org/ns/void#inDataset.value": "72757", "http://www.w3.org/2000/01/rdf-schema#comment": "Liegenschaftsamt", "http://www.wikidata.org/prop/direct/P2547.value": "10.0", "http://www.wikidata.org/prop/direct/P2547.unit": "http://www.ontology-of-units-of-measure.org/resource/om-2/meter", "http://www.wikidata.org/prop/direct/P3018": "Neuwerk", "https://gdi-de.github.io/apworkshop2026/ont#stammdurchmesser.value": "27.0", "https://gdi-de.github.io/apworkshop2026/ont#stammdurchmesser.unit": "http://www.ontology-of-units-of-measure.org/resource/om-2/centimeter"}, "geometry": {"type": "MultiPoint", "coordinates": [[8.50550742958673, 53.917266040324115]]}}, {"type": "Feature", "id": "https://gdi-de.github.io/apworkshop2026/NEUW303", "name": "Baum NEUW303 (gdide:NEUW303)", "dateprops": [], "properties": {"http://www.w3.org/2000/01/rdf-schema#label": "Baum NEUW303", "http://rdfs.org/ns/void#inDataset.value": "72757", "http://www.w3.org/2000/01/rdf-schema#comment": "BUKEA", "http://www.wikidata.org/prop/direct/P2547.value": "3.0", "http://www.wikidata.org/prop/direct/P2547.unit": "http://www.ontology-of-units-of-measure.org/resource/om-2/meter", "http://www.wikidata.org/prop/direct/P3018": "Neuwerk", "https://gdi-de.github.io/apworkshop2026/ont#stammdurchmesser.value": "16.0", "https://gdi-de.github.io/apworkshop2026/ont#stammdurchmesser.unit": "http://www.ontology-of-units-of-measure.org/resource/om-2/centimeter"}, "geometry": {"type": "MultiPoint", "coordinates": [[8.49790655040582, 53.913772809075176]]}}, {"type": "Feature", "id": "https://gdi-de.github.io/apworkshop2026/GZAW322", "name": "Baum GZAW322 (gdide:GZAW322)", "dateprops": [], "properties": {"http://www.w3.org/2000/01/rdf-schema#label": "Baum GZAW322", "http://rdfs.org/ns/void#inDataset.value": "72757", "http://www.w3.org/2000/01/rdf-schema#comment": "sonst. \u00f6ff. Fl\u00e4chen", "http://www.wikidata.org/prop/direct/P2547.value": "15.0", "http://www.wikidata.org/prop/direct/P2547.unit": "http://www.ontology-of-units-of-measure.org/resource/om-2/meter", "http://www.wikidata.org/prop/direct/P3018": "Gr\u00fcnzug Altenwerder", "https://gdi-de.github.io/apworkshop2026/ont#stammdurchmesser.value": "67.0", "https://gdi-de.github.io/apworkshop2026/ont#stammdurchmesser.unit": "http://www.ontology-of-units-of-measure.org/resource/om-2/centimeter"}, "geometry": {"type": "MultiPoint", "coordinates": [[9.916947365938773, 53.50441416851556]]}}, {"type": "Feature", "id": "https://gdi-de.github.io/apworkshop2026/PIOI310", "name": "Baum PIOI310 (gdide:PIOI310)", "dateprops": [], "properties": {"http://www.w3.org/2000/01/rdf-schema#label": "Baum PIOI310", "http://rdfs.org/ns/void#inDataset.value": "72757", "http://www.w3.org/2000/01/rdf-schema#comment": "Wasserwirtschaft", "http://www.wikidata.org/prop/direct/P2547.value": "8.0", "http://www.wikidata.org/prop/direct/P2547.unit": "http://www.ontology-of-units-of-measure.org/resource/om-2/meter", "http://www.wikidata.org/prop/direct/P3018": "Pionierinsel", "https://gdi-de.github.io/apworkshop2026/ont#stammdurchmesser.value": "30.0", "https://gdi-de.github.io/apworkshop2026/ont#stammdurchmesser.unit": "http://www.ontology-of-units-of-measure.org/resource/om-2/centimeter"}, "geometry": {"type": "MultiPoint", "coordinates": [[10.003281034297421, 53.471077120390596]]}}, {"type": "Feature", "id": "https://gdi-de.github.io/apworkshop2026/NEUW46", "name": "Baum NEUW46 (gdide:NEUW46)", "dateprops": [], "properties": {"http://www.w3.org/2000/01/rdf-schema#label": "Baum NEUW46", "http://rdfs.org/ns/void#inDataset.value": "72757", "http://www.w3.org/2000/01/rdf-schema#comment": "Liegenschaftsamt", "http://www.wikidata.org/prop/direct/P2547.value": "4.0", "http://www.wikidata.org/prop/direct/P2547.unit": "http://www.ontology-of-units-of-measure.org/resource/om-2/meter", "http://www.wikidata.org/prop/direct/P3018": "Neuwerk", "https://gdi-de.github.io/apworkshop2026/ont#stammdurchmesser.value": "26.0", "https://gdi-de.github.io/apworkshop2026/ont#stammdurchmesser.unit": "http://www.ontology-of-units-of-measure.org/resource/om-2/centimeter"}, "geometry": {"type": "MultiPoint", "coordinates": [[8.496474752623921, 53.914325021242675]]}}, {"type": "Feature", "id": "https://gdi-de.github.io/apworkshop2026/NEUW147", "name": "Baum NEUW147 (gdide:NEUW147)", "dateprops": [], "properties": {"http://www.w3.org/2000/01/rdf-schema#label": "Baum NEUW147", "http://rdfs.org/ns/void#inDataset.value": "72757", "http://www.w3.org/2000/01/rdf-schema#comment": "Bezirksamt", "http://www.wikidata.org/prop/direct/P2547.value": "10.0", "http://www.wikidata.org/prop/direct/P2547.unit": "http://www.ontology-of-units-of-measure.org/resource/om-2/meter", "http://www.wikidata.org/prop/direct/P3018": "Neuwerk", "https://gdi-de.github.io/apworkshop2026/ont#stammdurchmesser.value": "32.0", "https://gdi-de.github.io/apworkshop2026/ont#stammdurchmesser.unit": "http://www.ontology-of-units-of-measure.org/resource/om-2/centimeter"}, "geometry": {"type": "MultiPoint", "coordinates": [[8.500058114325968, 53.91391425041453]]}}, {"type": "Feature", "id": "https://gdi-de.github.io/apworkshop2026/BFASN374", "name": "Baum BFASN374 (gdide:BFASN374)", "dateprops": [], "properties": {"http://www.w3.org/2000/01/rdf-schema#label": "Baum BFASN374", "http://rdfs.org/ns/void#inDataset.value": "72757", "http://www.w3.org/2000/01/rdf-schema#comment": "sonst. \u00f6ff. Fl\u00e4chen", "http://www.wikidata.org/prop/direct/P2547.value": "10.0", "http://www.wikidata.org/prop/direct/P2547.unit": "http://www.ontology-of-units-of-measure.org/resource/om-2/meter", "http://www.wikidata.org/prop/direct/P3018": "Bahnhof Alte S\u00fcderelbe Nord", "https://gdi-de.github.io/apworkshop2026/ont#stammdurchmesser.value": "57.0", "https://gdi-de.github.io/apworkshop2026/ont#stammdurchmesser.unit": "http://www.ontology-of-units-of-measure.org/resource/om-2/centimeter"}, "geometry": {"type": "MultiPoint", "coordinates": [[9.911579114649252, 53.507369103353206]]}}, {"type": "Feature", "id": "https://gdi-de.github.io/apworkshop2026/NEUW476", "name": "Baum NEUW476 (gdide:NEUW476)", "dateprops": [], "properties": {"http://www.w3.org/2000/01/rdf-schema#label": "Baum NEUW476", "http://rdfs.org/ns/void#inDataset.value": "72757", "http://www.w3.org/2000/01/rdf-schema#comment": "BUKEA", "http://www.wikidata.org/prop/direct/P2547.value": "5.5", "http://www.wikidata.org/prop/direct/P2547.unit": "http://www.ontology-of-units-of-measure.org/resource/om-2/meter", "http://www.wikidata.org/prop/direct/P3018": "Neuwerk", "https://gdi-de.github.io/apworkshop2026/ont#stammdurchmesser.value": "25.0", "https://gdi-de.github.io/apworkshop2026/ont#stammdurchmesser.unit": "http://www.ontology-of-units-of-measure.org/resource/om-2/centimeter"}, "geometry": {"type": "MultiPoint", "coordinates": [[8.498827036111154, 53.922184492247965]]}}, {"type": "Feature", "id": "https://gdi-de.github.io/apworkshop2026/BFAS27", "name": "Baum BFAS27 (gdide:BFAS27)", "dateprops": [], "properties": {"http://www.w3.org/2000/01/rdf-schema#label": "Baum BFAS27", "http://rdfs.org/ns/void#inDataset.value": "72757", "http://www.w3.org/2000/01/rdf-schema#comment": "Bahn", "http://www.wikidata.org/prop/direct/P2547.value": "5.0", "http://www.wikidata.org/prop/direct/P2547.unit": "http://www.ontology-of-units-of-measure.org/resource/om-2/meter", "http://www.wikidata.org/prop/direct/P3018": "Bahnhof Alte S\u00fcderelbe S\u00fcd", "https://gdi-de.github.io/apworkshop2026/ont#stammdurchmesser.value": "27.0", "https://gdi-de.github.io/apworkshop2026/ont#stammdurchmesser.unit": "http://www.ontology-of-units-of-measure.org/resource/om-2/centimeter"}, "geometry": {"type": "MultiPoint", "coordinates": [[9.907649030196994, 53.50390629230433]]}}, {"type": "Feature", "id": "https://gdi-de.github.io/apworkshop2026/PIOI394", "name": "Baum PIOI394 (gdide:PIOI394)", "dateprops": [], "properties": {"http://www.w3.org/2000/01/rdf-schema#label": "Baum PIOI394", "http://rdfs.org/ns/void#inDataset.value": "72757", "http://www.w3.org/2000/01/rdf-schema#comment": "Wasserwirtschaft", "http://www.wikidata.org/prop/direct/P2547.value": "0.5", "http://www.wikidata.org/prop/direct/P2547.unit": "http://www.ontology-of-units-of-measure.org/resource/om-2/meter", "http://www.wikidata.org/prop/direct/P3018": "Pionierinsel", "https://gdi-de.github.io/apworkshop2026/ont#stammdurchmesser.value": "6.0", "https://gdi-de.github.io/apworkshop2026/ont#stammdurchmesser.unit": "http://www.ontology-of-units-of-measure.org/resource/om-2/centimeter"}, "geometry": {"type": "MultiPoint", "coordinates": [[10.00369651409948, 53.47090773688161]]}}, {"type": "Feature", "id": "https://gdi-de.github.io/apworkshop2026/GZAW484", "name": "Baum GZAW484 (gdide:GZAW484)", "dateprops": [], "properties": {"http://www.w3.org/2000/01/rdf-schema#label": "Baum GZAW484", "http://rdfs.org/ns/void#inDataset.value": "72757", "http://www.w3.org/2000/01/rdf-schema#comment": "sonst. \u00f6ff. Fl\u00e4chen", "http://www.wikidata.org/prop/direct/P2547.value": "15.0", "http://www.wikidata.org/prop/direct/P2547.unit": "http://www.ontology-of-units-of-measure.org/resource/om-2/meter", "http://www.wikidata.org/prop/direct/P3018": "Gr\u00fcnzug Altenwerder", "https://gdi-de.github.io/apworkshop2026/ont#stammdurchmesser.value": "37.0", "https://gdi-de.github.io/apworkshop2026/ont#stammdurchmesser.unit": "http://www.ontology-of-units-of-measure.org/resource/om-2/centimeter"}, "geometry": {"type": "MultiPoint", "coordinates": [[9.917249550217198, 53.504041050503886]]}}, {"type": "Feature", "id": "https://gdi-de.github.io/apworkshop2026/GZAW324", "name": "Baum GZAW324 (gdide:GZAW324)", "dateprops": [], "properties": {"http://www.w3.org/2000/01/rdf-schema#label": "Baum GZAW324", "http://rdfs.org/ns/void#inDataset.value": "72757", "http://www.w3.org/2000/01/rdf-schema#comment": "sonst. \u00f6ff. Fl\u00e4chen", "http://www.wikidata.org/prop/direct/P2547.value": "10.0", "http://www.wikidata.org/prop/direct/P2547.unit": "http://www.ontology-of-units-of-measure.org/resource/om-2/meter", "http://www.wikidata.org/prop/direct/P3018": "Gr\u00fcnzug Altenwerder", "https://gdi-de.github.io/apworkshop2026/ont#stammdurchmesser.value": "37.0", "https://gdi-de.github.io/apworkshop2026/ont#stammdurchmesser.unit": "http://www.ontology-of-units-of-measure.org/resource/om-2/centimeter"}, "geometry": {"type": "MultiPoint", "coordinates": [[9.916889155108363, 53.50432992272532]]}}, {"type": "Feature", "id": "https://gdi-de.github.io/apworkshop2026/FINW232", "name": "Baum FINW232 (gdide:FINW232)", "dateprops": [], "properties": {"http://www.w3.org/2000/01/rdf-schema#label": "Baum FINW232", "http://rdfs.org/ns/void#inDataset.value": "72757", "http://www.w3.org/2000/01/rdf-schema#comment": "Wasserwirtschaft", "http://www.wikidata.org/prop/direct/P2547.value": "10.0", "http://www.wikidata.org/prop/direct/P2547.unit": "http://www.ontology-of-units-of-measure.org/resource/om-2/meter", "http://www.wikidata.org/prop/direct/P3018": "Finkenwerder", "https://gdi-de.github.io/apworkshop2026/ont#stammdurchmesser.value": "38.0", "https://gdi-de.github.io/apworkshop2026/ont#stammdurchmesser.unit": "http://www.ontology-of-units-of-measure.org/resource/om-2/centimeter"}, "geometry": {"type": "MultiPoint", "coordinates": [[9.863044622068493, 53.541397649732296]]}}, {"type": "Feature", "id": "https://gdi-de.github.io/apworkshop2026/NEUW659", "name": "Baum NEUW659 (gdide:NEUW659)", "dateprops": [], "properties": {"http://www.w3.org/2000/01/rdf-schema#label": "Baum NEUW659", "http://rdfs.org/ns/void#inDataset.value": "72757", "http://www.w3.org/2000/01/rdf-schema#comment": "Liegenschaftsamt", "http://www.wikidata.org/prop/direct/P2547.value": "4.0", "http://www.wikidata.org/prop/direct/P2547.unit": "http://www.ontology-of-units-of-measure.org/resource/om-2/meter", "http://www.wikidata.org/prop/direct/P3018": "Neuwerk", "https://gdi-de.github.io/apworkshop2026/ont#stammdurchmesser.value": "22.0", "https://gdi-de.github.io/apworkshop2026/ont#stammdurchmesser.unit": "http://www.ontology-of-units-of-measure.org/resource/om-2/centimeter"}, "geometry": {"type": "MultiPoint", "coordinates": [[8.495200501376551, 53.91499700789099]]}}, {"type": "Feature", "id": "https://gdi-de.github.io/apworkshop2026/VHWN602", "name": "Baum VHWN602 (gdide:VHWN602)", "dateprops": [], "properties": {"http://www.w3.org/2000/01/rdf-schema#label": "Baum VHWN602", "http://rdfs.org/ns/void#inDataset.value": "72757", "http://www.w3.org/2000/01/rdf-schema#comment": "sonst. \u00f6ff. Fl\u00e4chen", "http://www.wikidata.org/prop/direct/P2547.value": "3.0", "http://www.wikidata.org/prop/direct/P2547.unit": "http://www.ontology-of-units-of-measure.org/resource/om-2/meter", "http://www.wikidata.org/prop/direct/P3018": "Vollh\u00f6fner Weiden", "https://gdi-de.github.io/apworkshop2026/ont#stammdurchmesser.value": "25.0", "https://gdi-de.github.io/apworkshop2026/ont#stammdurchmesser.unit": "http://www.ontology-of-units-of-measure.org/resource/om-2/centimeter"}, "geometry": {"type": "MultiPoint", "coordinates": [[9.89967182877726, 53.51236570333387]]}}, {"type": "Feature", "id": "https://gdi-de.github.io/apworkshop2026/NEUW48", "name": "Baum NEUW48 (gdide:NEUW48)", "dateprops": [], "properties": {"http://www.w3.org/2000/01/rdf-schema#label": "Baum NEUW48", "http://rdfs.org/ns/void#inDataset.value": "72757", "http://www.w3.org/2000/01/rdf-schema#comment": "Liegenschaftsamt", "http://www.wikidata.org/prop/direct/P2547.value": "10.0", "http://www.wikidata.org/prop/direct/P2547.unit": "http://www.ontology-of-units-of-measure.org/resource/om-2/meter", "http://www.wikidata.org/prop/direct/P3018": "Neuwerk", "https://gdi-de.github.io/apworkshop2026/ont#stammdurchmesser.value": "47.0", "https://gdi-de.github.io/apworkshop2026/ont#stammdurchmesser.unit": "http://www.ontology-of-units-of-measure.org/resource/om-2/centimeter"}, "geometry": {"type": "MultiPoint", "coordinates": [[8.496472372088418, 53.914299645474]]}}, {"type": "Feature", "id": "https://gdi-de.github.io/apworkshop2026/GZAW481", "name": "Baum GZAW481 (gdide:GZAW481)", "dateprops": [], "properties": {"http://www.w3.org/2000/01/rdf-schema#label": "Baum GZAW481", "http://rdfs.org/ns/void#inDataset.value": "72757", "http://www.w3.org/2000/01/rdf-schema#comment": "sonst. \u00f6ff. Fl\u00e4chen", "http://www.wikidata.org/prop/direct/P2547.value": "9.0", "http://www.wikidata.org/prop/direct/P2547.unit": "http://www.ontology-of-units-of-measure.org/resource/om-2/meter", "http://www.wikidata.org/prop/direct/P3018": "Gr\u00fcnzug Altenwerder", "https://gdi-de.github.io/apworkshop2026/ont#stammdurchmesser.value": "32.0", "https://gdi-de.github.io/apworkshop2026/ont#stammdurchmesser.unit": "http://www.ontology-of-units-of-measure.org/resource/om-2/centimeter"}, "geometry": {"type": "MultiPoint", "coordinates": [[9.917391304369033, 53.504047926783045]]}}, {"type": "Feature", "id": "https://gdi-de.github.io/apworkshop2026/MOBG797", "name": "Baum MOBG797 (gdide:MOBG797)", "dateprops": [], "properties": {"http://www.w3.org/2000/01/rdf-schema#label": "Baum MOBG797", "http://rdfs.org/ns/void#inDataset.value": "72757", "http://www.w3.org/2000/01/rdf-schema#comment": "sonst. \u00f6ff. Fl\u00e4chen", "http://www.wikidata.org/prop/direct/P2547.value": "5.0", "http://www.wikidata.org/prop/direct/P2547.unit": "http://www.ontology-of-units-of-measure.org/resource/om-2/meter", "http://www.wikidata.org/prop/direct/P3018": "Moorburg", "https://gdi-de.github.io/apworkshop2026/ont#stammdurchmesser.value": "37.0", "https://gdi-de.github.io/apworkshop2026/ont#stammdurchmesser.unit": "http://www.ontology-of-units-of-measure.org/resource/om-2/centimeter"}, "geometry": {"type": "MultiPoint", "coordinates": [[9.936894268176438, 53.485087620610926]]}}, {"type": "Feature", "id": "https://gdi-de.github.io/apworkshop2026/NEUW531", "name": "Baum NEUW531 (gdide:NEUW531)", "dateprops": [], "properties": {"http://www.w3.org/2000/01/rdf-schema#label": "Baum NEUW531", "http://rdfs.org/ns/void#inDataset.value": "72757", "http://www.w3.org/2000/01/rdf-schema#comment": "BUKEA", "http://www.wikidata.org/prop/direct/P2547.value": "3.0", "http://www.wikidata.org/prop/direct/P2547.unit": "http://www.ontology-of-units-of-measure.org/resource/om-2/meter", "http://www.wikidata.org/prop/direct/P3018": "Neuwerk", "https://gdi-de.github.io/apworkshop2026/ont#stammdurchmesser.value": "25.0", "https://gdi-de.github.io/apworkshop2026/ont#stammdurchmesser.unit": "http://www.ontology-of-units-of-measure.org/resource/om-2/centimeter"}, "geometry": {"type": "MultiPoint", "coordinates": [[8.500182620824347, 53.92209090621919]]}}, {"type": "Feature", "id": "https://gdi-de.github.io/apworkshop2026/PIOI403", "name": "Baum PIOI403 (gdide:PIOI403)", "dateprops": [], "properties": {"http://www.w3.org/2000/01/rdf-schema#label": "Baum PIOI403", "http://rdfs.org/ns/void#inDataset.value": "72757", "http://www.w3.org/2000/01/rdf-schema#comment": "Wasserwirtschaft", "http://www.wikidata.org/prop/direct/P2547.value": "0.5", "http://www.wikidata.org/prop/direct/P2547.unit": "http://www.ontology-of-units-of-measure.org/resource/om-2/meter", "http://www.wikidata.org/prop/direct/P3018": "Pionierinsel", "https://gdi-de.github.io/apworkshop2026/ont#stammdurchmesser.value": "6.0", "https://gdi-de.github.io/apworkshop2026/ont#stammdurchmesser.unit": "http://www.ontology-of-units-of-measure.org/resource/om-2/centimeter"}, "geometry": {"type": "MultiPoint", "coordinates": [[10.004004223016903, 53.47106915331729]]}}, {"type": "Feature", "id": "https://gdi-de.github.io/apworkshop2026/BFASN186", "name": "Baum BFASN186 (gdide:BFASN186)", "dateprops": [], "properties": {"http://www.w3.org/2000/01/rdf-schema#label": "Baum BFASN186", "http://rdfs.org/ns/void#inDataset.value": "72757", "http://www.w3.org/2000/01/rdf-schema#comment": "sonst. \u00f6ff. Fl\u00e4chen", "http://www.wikidata.org/prop/direct/P2547.value": "7.0", "http://www.wikidata.org/prop/direct/P2547.unit": "http://www.ontology-of-units-of-measure.org/resource/om-2/meter", "http://www.wikidata.org/prop/direct/P3018": "Bahnhof Alte S\u00fcderelbe Nord", "https://gdi-de.github.io/apworkshop2026/ont#stammdurchmesser.value": "41.0", "https://gdi-de.github.io/apworkshop2026/ont#stammdurchmesser.unit": "http://www.ontology-of-units-of-measure.org/resource/om-2/centimeter"}, "geometry": {"type": "MultiPoint", "coordinates": [[9.911632465593975, 53.508456775881]]}}, {"type": "Feature", "id": "https://gdi-de.github.io/apworkshop2026/WITB143", "name": "Baum WITB143 (gdide:WITB143)", "dateprops": [], "properties": {"http://www.w3.org/2000/01/rdf-schema#label": "Baum WITB143", "http://rdfs.org/ns/void#inDataset.value": "72757", "http://www.w3.org/2000/01/rdf-schema#comment": "Privatgrund", "http://www.wikidata.org/prop/direct/P2547.value": "12.0", "http://www.wikidata.org/prop/direct/P2547.unit": "http://www.ontology-of-units-of-measure.org/resource/om-2/meter", "http://www.wikidata.org/prop/direct/P3018": "Wittenbergen", "https://gdi-de.github.io/apworkshop2026/ont#stammdurchmesser.value": "31.0", "https://gdi-de.github.io/apworkshop2026/ont#stammdurchmesser.unit": "http://www.ontology-of-units-of-measure.org/resource/om-2/centimeter"}, "geometry": {"type": "MultiPoint", "coordinates": [[9.76674572666744, 53.56470287602961]]}}, {"type": "Feature", "id": "https://gdi-de.github.io/apworkshop2026/PIOI319", "name": "Baum PIOI319 (gdide:PIOI319)", "dateprops": [], "properties": {"http://www.w3.org/2000/01/rdf-schema#label": "Baum PIOI319", "http://rdfs.org/ns/void#inDataset.value": "72757", "http://www.w3.org/2000/01/rdf-schema#comment": "Wasserwirtschaft", "http://www.wikidata.org/prop/direct/P2547.value": "20.0", "http://www.wikidata.org/prop/direct/P2547.unit": "http://www.ontology-of-units-of-measure.org/resource/om-2/meter", "http://www.wikidata.org/prop/direct/P3018": "Pionierinsel", "https://gdi-de.github.io/apworkshop2026/ont#stammdurchmesser.value": "68.0", "https://gdi-de.github.io/apworkshop2026/ont#stammdurchmesser.unit": "http://www.ontology-of-units-of-measure.org/resource/om-2/centimeter"}, "geometry": {"type": "MultiPoint", "coordinates": [[10.00373720778185, 53.4709689605589]]}}, {"type": "Feature", "id": "https://gdi-de.github.io/apworkshop2026/BFHS323", "name": "Baum BFHS323 (gdide:BFHS323)", "dateprops": [], "properties": {"http://www.w3.org/2000/01/rdf-schema#label": "Baum BFHS323", "http://rdfs.org/ns/void#inDataset.value": "72757", "http://www.w3.org/2000/01/rdf-schema#comment": "sonst. \u00f6ff. Fl\u00e4chen", "http://www.wikidata.org/prop/direct/P2547.value": "4.0", "http://www.wikidata.org/prop/direct/P2547.unit": "http://www.ontology-of-units-of-measure.org/resource/om-2/meter", "http://www.wikidata.org/prop/direct/P3018": "Bahnhof Hohe Schaar", "https://gdi-de.github.io/apworkshop2026/ont#stammdurchmesser.value": "19.0", "https://gdi-de.github.io/apworkshop2026/ont#stammdurchmesser.unit": "http://www.ontology-of-units-of-measure.org/resource/om-2/centimeter"}, "geometry": {"type": "MultiPoint", "coordinates": [[9.962797027697276, 53.497812216906006]]}}, {"type": "Feature", "id": "https://gdi-de.github.io/apworkshop2026/NEUW217", "name": "Baum NEUW217 (gdide:NEUW217)", "dateprops": [], "properties": {"http://www.w3.org/2000/01/rdf-schema#label": "Baum NEUW217", "http://rdfs.org/ns/void#inDataset.value": "72757", "http://www.w3.org/2000/01/rdf-schema#comment": "HPA", "http://www.wikidata.org/prop/direct/P2547.value": "6.0", "http://www.wikidata.org/prop/direct/P2547.unit": "http://www.ontology-of-units-of-measure.org/resource/om-2/meter", "http://www.wikidata.org/prop/direct/P3018": "Neuwerk", "https://gdi-de.github.io/apworkshop2026/ont#stammdurchmesser.value": "29.0", "https://gdi-de.github.io/apworkshop2026/ont#stammdurchmesser.unit": "http://www.ontology-of-units-of-measure.org/resource/om-2/centimeter"}, "geometry": {"type": "MultiPoint", "coordinates": [[8.506533341573807, 53.92301608728909]]}}, {"type": "Feature", "id": "https://gdi-de.github.io/apworkshop2026/NEUW470", "name": "Baum NEUW470 (gdide:NEUW470)", "dateprops": [], "properties": {"http://www.w3.org/2000/01/rdf-schema#label": "Baum NEUW470", "http://rdfs.org/ns/void#inDataset.value": "72757", "http://www.w3.org/2000/01/rdf-schema#comment": "BUKEA", "http://www.wikidata.org/prop/direct/P2547.value": "6.0", "http://www.wikidata.org/prop/direct/P2547.unit": "http://www.ontology-of-units-of-measure.org/resource/om-2/meter", "http://www.wikidata.org/prop/direct/P3018": "Neuwerk", "https://gdi-de.github.io/apworkshop2026/ont#stammdurchmesser.value": "36.0", "https://gdi-de.github.io/apworkshop2026/ont#stammdurchmesser.unit": "http://www.ontology-of-units-of-measure.org/resource/om-2/centimeter"}, "geometry": {"type": "MultiPoint", "coordinates": [[8.498739091044836, 53.922014882955864]]}}, {"type": "Feature", "id": "https://gdi-de.github.io/apworkshop2026/NEUW649", "name": "Baum NEUW649 (gdide:NEUW649)", "dateprops": [], "properties": {"http://www.w3.org/2000/01/rdf-schema#label": "Baum NEUW649", "http://rdfs.org/ns/void#inDataset.value": "72757", "http://www.w3.org/2000/01/rdf-schema#comment": "Liegenschaftsamt", "http://www.wikidata.org/prop/direct/P2547.value": "4.0", "http://www.wikidata.org/prop/direct/P2547.unit": "http://www.ontology-of-units-of-measure.org/resource/om-2/meter", "http://www.wikidata.org/prop/direct/P3018": "Neuwerk", "https://gdi-de.github.io/apworkshop2026/ont#stammdurchmesser.value": "25.0", "https://gdi-de.github.io/apworkshop2026/ont#stammdurchmesser.unit": "http://www.ontology-of-units-of-measure.org/resource/om-2/centimeter"}, "geometry": {"type": "MultiPoint", "coordinates": [[8.495314776063843, 53.915124471753956]]}}, {"type": "Feature", "id": "https://gdi-de.github.io/apworkshop2026/PIOI337", "name": "Baum PIOI337 (gdide:PIOI337)", "dateprops": [], "properties": {"http://www.w3.org/2000/01/rdf-schema#label": "Baum PIOI337", "http://rdfs.org/ns/void#inDataset.value": "72757", "http://www.w3.org/2000/01/rdf-schema#comment": "Wasserwirtschaft", "http://www.wikidata.org/prop/direct/P2547.value": "4.0", "http://www.wikidata.org/prop/direct/P2547.unit": "http://www.ontology-of-units-of-measure.org/resource/om-2/meter", "http://www.wikidata.org/prop/direct/P3018": "Pionierinsel", "https://gdi-de.github.io/apworkshop2026/ont#stammdurchmesser.value": "30.0", "https://gdi-de.github.io/apworkshop2026/ont#stammdurchmesser.unit": "http://www.ontology-of-units-of-measure.org/resource/om-2/centimeter"}, "geometry": {"type": "MultiPoint", "coordinates": [[10.004219252746463, 53.46976661831468]]}}, {"type": "Feature", "id": "https://gdi-de.github.io/apworkshop2026/NEUW369", "name": "Baum NEUW369 (gdide:NEUW369)", "dateprops": [], "properties": {"http://www.w3.org/2000/01/rdf-schema#label": "Baum NEUW369", "http://rdfs.org/ns/void#inDataset.value": "72757", "http://www.w3.org/2000/01/rdf-schema#comment": "BUKEA", "http://www.wikidata.org/prop/direct/P2547.value": "3.0", "http://www.wikidata.org/prop/direct/P2547.unit": "http://www.ontology-of-units-of-measure.org/resource/om-2/meter", "http://www.wikidata.org/prop/direct/P3018": "Neuwerk", "https://gdi-de.github.io/apworkshop2026/ont#stammdurchmesser.value": "22.0", "https://gdi-de.github.io/apworkshop2026/ont#stammdurchmesser.unit": "http://www.ontology-of-units-of-measure.org/resource/om-2/centimeter"}, "geometry": {"type": "MultiPoint", "coordinates": [[8.498825338295266, 53.91336262013253]]}}, {"type": "Feature", "id": "https://gdi-de.github.io/apworkshop2026/NEUW25", "name": "Baum NEUW25 (gdide:NEUW25)", "dateprops": [], "properties": {"http://www.w3.org/2000/01/rdf-schema#label": "Baum NEUW25", "http://rdfs.org/ns/void#inDataset.value": "72757", "http://www.w3.org/2000/01/rdf-schema#comment": "Liegenschaftsamt", "http://www.wikidata.org/prop/direct/P2547.value": "2.0", "http://www.wikidata.org/prop/direct/P2547.unit": "http://www.ontology-of-units-of-measure.org/resource/om-2/meter", "http://www.wikidata.org/prop/direct/P3018": "Neuwerk", "https://gdi-de.github.io/apworkshop2026/ont#stammdurchmesser.value": "30.0", "https://gdi-de.github.io/apworkshop2026/ont#stammdurchmesser.unit": "http://www.ontology-of-units-of-measure.org/resource/om-2/centimeter"}, "geometry": {"type": "MultiPoint", "coordinates": [[8.496261851901584, 53.91460453992266]]}}, {"type": "Feature", "id": "https://gdi-de.github.io/apworkshop2026/NEUW487", "name": "Baum NEUW487 (gdide:NEUW487)", "dateprops": [], "properties": {"http://www.w3.org/2000/01/rdf-schema#label": "Baum NEUW487", "http://rdfs.org/ns/void#inDataset.value": "72757", "http://www.w3.org/2000/01/rdf-schema#comment": "HPA", "http://www.wikidata.org/prop/direct/P2547.value": "4.0", "http://www.wikidata.org/prop/direct/P2547.unit": "http://www.ontology-of-units-of-measure.org/resource/om-2/meter", "http://www.wikidata.org/prop/direct/P3018": "Neuwerk", "https://gdi-de.github.io/apworkshop2026/ont#stammdurchmesser.value": "23.0", "https://gdi-de.github.io/apworkshop2026/ont#stammdurchmesser.unit": "http://www.ontology-of-units-of-measure.org/resource/om-2/centimeter"}, "geometry": {"type": "MultiPoint", "coordinates": [[8.49820466531601, 53.92220800642547]]}}, {"type": "Feature", "id": "https://gdi-de.github.io/apworkshop2026/NEUW535", "name": "Baum NEUW535 (gdide:NEUW535)", "dateprops": [], "properties": {"http://www.w3.org/2000/01/rdf-schema#label": "Baum NEUW535", "http://rdfs.org/ns/void#inDataset.value": "72757", "http://www.w3.org/2000/01/rdf-schema#comment": "BUKEA", "http://www.wikidata.org/prop/direct/P2547.value": "3.0", "http://www.wikidata.org/prop/direct/P2547.unit": "http://www.ontology-of-units-of-measure.org/resource/om-2/meter", "http://www.wikidata.org/prop/direct/P3018": "Neuwerk", "https://gdi-de.github.io/apworkshop2026/ont#stammdurchmesser.value": "25.0", "https://gdi-de.github.io/apworkshop2026/ont#stammdurchmesser.unit": "http://www.ontology-of-units-of-measure.org/resource/om-2/centimeter"}, "geometry": {"type": "MultiPoint", "coordinates": [[8.500215553062663, 53.92201803582655]]}}, {"type": "Feature", "id": "https://gdi-de.github.io/apworkshop2026/GZAW485", "name": "Baum GZAW485 (gdide:GZAW485)", "dateprops": [], "properties": {"http://www.w3.org/2000/01/rdf-schema#label": "Baum GZAW485", "http://rdfs.org/ns/void#inDataset.value": "72757", "http://www.w3.org/2000/01/rdf-schema#comment": "sonst. \u00f6ff. Fl\u00e4chen", "http://www.wikidata.org/prop/direct/P2547.value": "7.0", "http://www.wikidata.org/prop/direct/P2547.unit": "http://www.ontology-of-units-of-measure.org/resource/om-2/meter", "http://www.wikidata.org/prop/direct/P3018": "Gr\u00fcnzug Altenwerder", "https://gdi-de.github.io/apworkshop2026/ont#stammdurchmesser.value": "22.0", "https://gdi-de.github.io/apworkshop2026/ont#stammdurchmesser.unit": "http://www.ontology-of-units-of-measure.org/resource/om-2/centimeter"}, "geometry": {"type": "MultiPoint", "coordinates": [[9.91741210036786, 53.50397839990901]]}}, {"type": "Feature", "id": "https://gdi-de.github.io/apworkshop2026/NEUW590", "name": "Baum NEUW590 (gdide:NEUW590)", "dateprops": [], "properties": {"http://www.w3.org/2000/01/rdf-schema#label": "Baum NEUW590", "http://rdfs.org/ns/void#inDataset.value": "72757", "http://www.w3.org/2000/01/rdf-schema#comment": "Liegenschaftsamt", "http://www.wikidata.org/prop/direct/P2547.value": "4.0", "http://www.wikidata.org/prop/direct/P2547.unit": "http://www.ontology-of-units-of-measure.org/resource/om-2/meter", "http://www.wikidata.org/prop/direct/P3018": "Neuwerk", "https://gdi-de.github.io/apworkshop2026/ont#stammdurchmesser.value": "32.0", "https://gdi-de.github.io/apworkshop2026/ont#stammdurchmesser.unit": "http://www.ontology-of-units-of-measure.org/resource/om-2/centimeter"}, "geometry": {"type": "MultiPoint", "coordinates": [[8.495543873410753, 53.91594801723562]]}}, {"type": "Feature", "id": "https://gdi-de.github.io/apworkshop2026/HOHS709", "name": "Baum HOHS709 (gdide:HOHS709)", "dateprops": [], "properties": {"http://www.w3.org/2000/01/rdf-schema#label": "Baum HOHS709", "http://rdfs.org/ns/void#inDataset.value": "72757", "http://www.w3.org/2000/01/rdf-schema#comment": "Bahn", "http://www.wikidata.org/prop/direct/P2547.value": "8.0", "http://www.wikidata.org/prop/direct/P2547.unit": "http://www.ontology-of-units-of-measure.org/resource/om-2/meter", "http://www.wikidata.org/prop/direct/P3018": "Hohe Schaar", "https://gdi-de.github.io/apworkshop2026/ont#stammdurchmesser.value": "46.0", "https://gdi-de.github.io/apworkshop2026/ont#stammdurchmesser.unit": "http://www.ontology-of-units-of-measure.org/resource/om-2/centimeter"}, "geometry": {"type": "MultiPoint", "coordinates": [[9.996737499155378, 53.48227660853154]]}}, {"type": "Feature", "id": "https://gdi-de.github.io/apworkshop2026/NEUW521", "name": "Baum NEUW521 (gdide:NEUW521)", "dateprops": [], "properties": {"http://www.w3.org/2000/01/rdf-schema#label": "Baum NEUW521", "http://rdfs.org/ns/void#inDataset.value": "72757", "http://www.w3.org/2000/01/rdf-schema#comment": "BUKEA", "http://www.wikidata.org/prop/direct/P2547.value": "5.0", "http://www.wikidata.org/prop/direct/P2547.unit": "http://www.ontology-of-units-of-measure.org/resource/om-2/meter", "http://www.wikidata.org/prop/direct/P3018": "Neuwerk", "https://gdi-de.github.io/apworkshop2026/ont#stammdurchmesser.value": "25.0", "https://gdi-de.github.io/apworkshop2026/ont#stammdurchmesser.unit": "http://www.ontology-of-units-of-measure.org/resource/om-2/centimeter"}, "geometry": {"type": "MultiPoint", "coordinates": [[8.500143813604073, 53.92221971325402]]}}, {"type": "Feature", "id": "https://gdi-de.github.io/apworkshop2026/NEUW602", "name": "Baum NEUW602 (gdide:NEUW602)", "dateprops": [], "properties": {"http://www.w3.org/2000/01/rdf-schema#label": "Baum NEUW602", "http://rdfs.org/ns/void#inDataset.value": "72757", "http://www.w3.org/2000/01/rdf-schema#comment": "Liegenschaftsamt", "http://www.wikidata.org/prop/direct/P2547.value": "3.0", "http://www.wikidata.org/prop/direct/P2547.unit": "http://www.ontology-of-units-of-measure.org/resource/om-2/meter", "http://www.wikidata.org/prop/direct/P3018": "Neuwerk", "https://gdi-de.github.io/apworkshop2026/ont#stammdurchmesser.value": "19.0", "https://gdi-de.github.io/apworkshop2026/ont#stammdurchmesser.unit": "http://www.ontology-of-units-of-measure.org/resource/om-2/centimeter"}, "geometry": {"type": "MultiPoint", "coordinates": [[8.49611462700967, 53.91588651140303]]}}, {"type": "Feature", "id": "https://gdi-de.github.io/apworkshop2026/NEUW617", "name": "Baum NEUW617 (gdide:NEUW617)", "dateprops": [], "properties": {"http://www.w3.org/2000/01/rdf-schema#label": "Baum NEUW617", "http://rdfs.org/ns/void#inDataset.value": "72757", "http://www.w3.org/2000/01/rdf-schema#comment": "Liegenschaftsamt", "http://www.wikidata.org/prop/direct/P2547.value": "4.0", "http://www.wikidata.org/prop/direct/P2547.unit": "http://www.ontology-of-units-of-measure.org/resource/om-2/meter", "http://www.wikidata.org/prop/direct/P3018": "Neuwerk", "https://gdi-de.github.io/apworkshop2026/ont#stammdurchmesser.value": "25.0", "https://gdi-de.github.io/apworkshop2026/ont#stammdurchmesser.unit": "http://www.ontology-of-units-of-measure.org/resource/om-2/centimeter"}, "geometry": {"type": "MultiPoint", "coordinates": [[8.49599103679288, 53.91577976880754]]}}, {"type": "Feature", "id": "https://gdi-de.github.io/apworkshop2026/GZAW423", "name": "Baum GZAW423 (gdide:GZAW423)", "dateprops": [], "properties": {"http://www.w3.org/2000/01/rdf-schema#label": "Baum GZAW423", "http://rdfs.org/ns/void#inDataset.value": "72757", "http://www.w3.org/2000/01/rdf-schema#comment": "sonst. \u00f6ff. Fl\u00e4chen", "http://www.wikidata.org/prop/direct/P2547.value": "8.0", "http://www.wikidata.org/prop/direct/P2547.unit": "http://www.ontology-of-units-of-measure.org/resource/om-2/meter", "http://www.wikidata.org/prop/direct/P3018": "Gr\u00fcnzug Altenwerder", "https://gdi-de.github.io/apworkshop2026/ont#stammdurchmesser.value": "40.0", "https://gdi-de.github.io/apworkshop2026/ont#stammdurchmesser.unit": "http://www.ontology-of-units-of-measure.org/resource/om-2/centimeter"}, "geometry": {"type": "MultiPoint", "coordinates": [[9.917808499953285, 53.50487775779372]]}}, {"type": "Feature", "id": "https://gdi-de.github.io/apworkshop2026/GZAW486", "name": "Baum GZAW486 (gdide:GZAW486)", "dateprops": [], "properties": {"http://www.w3.org/2000/01/rdf-schema#label": "Baum GZAW486", "http://rdfs.org/ns/void#inDataset.value": "72757", "http://www.w3.org/2000/01/rdf-schema#comment": "sonst. \u00f6ff. Fl\u00e4chen", "http://www.wikidata.org/prop/direct/P2547.value": "6.0", "http://www.wikidata.org/prop/direct/P2547.unit": "http://www.ontology-of-units-of-measure.org/resource/om-2/meter", "http://www.wikidata.org/prop/direct/P3018": "Gr\u00fcnzug Altenwerder", "https://gdi-de.github.io/apworkshop2026/ont#stammdurchmesser.value": "24.0", "https://gdi-de.github.io/apworkshop2026/ont#stammdurchmesser.unit": "http://www.ontology-of-units-of-measure.org/resource/om-2/centimeter"}, "geometry": {"type": "MultiPoint", "coordinates": [[9.917414283274, 53.50395358221214]]}}, {"type": "Feature", "id": "https://gdi-de.github.io/apworkshop2026/BFASN444", "name": "Baum BFASN444 (gdide:BFASN444)", "dateprops": [], "properties": {"http://www.w3.org/2000/01/rdf-schema#label": "Baum BFASN444", "http://rdfs.org/ns/void#inDataset.value": "72757", "http://www.w3.org/2000/01/rdf-schema#comment": "sonst. \u00f6ff. Fl\u00e4chen", "http://www.wikidata.org/prop/direct/P2547.value": "4.0", "http://www.wikidata.org/prop/direct/P2547.unit": "http://www.ontology-of-units-of-measure.org/resource/om-2/meter", "http://www.wikidata.org/prop/direct/P3018": "Bahnhof Alte S\u00fcderelbe Nord", "https://gdi-de.github.io/apworkshop2026/ont#stammdurchmesser.value": "25.0", "https://gdi-de.github.io/apworkshop2026/ont#stammdurchmesser.unit": "http://www.ontology-of-units-of-measure.org/resource/om-2/centimeter"}, "geometry": {"type": "MultiPoint", "coordinates": [[9.911587954071647, 53.50632990293854]]}}, {"type": "Feature", "id": "https://gdi-de.github.io/apworkshop2026/NEUW323", "name": "Baum NEUW323 (gdide:NEUW323)", "dateprops": [], "properties": {"http://www.w3.org/2000/01/rdf-schema#label": "Baum NEUW323", "http://rdfs.org/ns/void#inDataset.value": "72757", "http://www.w3.org/2000/01/rdf-schema#comment": "BUKEA", "http://www.wikidata.org/prop/direct/P2547.value": "2.0", "http://www.wikidata.org/prop/direct/P2547.unit": "http://www.ontology-of-units-of-measure.org/resource/om-2/meter", "http://www.wikidata.org/prop/direct/P3018": "Neuwerk", "https://gdi-de.github.io/apworkshop2026/ont#stammdurchmesser.value": "18.0", "https://gdi-de.github.io/apworkshop2026/ont#stammdurchmesser.unit": "http://www.ontology-of-units-of-measure.org/resource/om-2/centimeter"}, "geometry": {"type": "MultiPoint", "coordinates": [[8.49699334105429, 53.91377287256833]]}}, {"type": "Feature", "id": "https://gdi-de.github.io/apworkshop2026/NEUW626", "name": "Baum NEUW626 (gdide:NEUW626)", "dateprops": [], "properties": {"http://www.w3.org/2000/01/rdf-schema#label": "Baum NEUW626", "http://rdfs.org/ns/void#inDataset.value": "72757", "http://www.w3.org/2000/01/rdf-schema#comment": "Liegenschaftsamt", "http://www.wikidata.org/prop/direct/P2547.value": "2.0", "http://www.wikidata.org/prop/direct/P2547.unit": "http://www.ontology-of-units-of-measure.org/resource/om-2/meter", "http://www.wikidata.org/prop/direct/P3018": "Neuwerk", "https://gdi-de.github.io/apworkshop2026/ont#stammdurchmesser.value": "29.0", "https://gdi-de.github.io/apworkshop2026/ont#stammdurchmesser.unit": "http://www.ontology-of-units-of-measure.org/resource/om-2/centimeter"}, "geometry": {"type": "MultiPoint", "coordinates": [[8.495798635625329, 53.91564420664065]]}}, {"type": "Feature", "id": "https://gdi-de.github.io/apworkshop2026/BFASN270", "name": "Baum BFASN270 (gdide:BFASN270)", "dateprops": [], "properties": {"http://www.w3.org/2000/01/rdf-schema#label": "Baum BFASN270", "http://rdfs.org/ns/void#inDataset.value": "72757", "http://www.w3.org/2000/01/rdf-schema#comment": "sonst. \u00f6ff. Fl\u00e4chen", "http://www.wikidata.org/prop/direct/P2547.value": "10.0", "http://www.wikidata.org/prop/direct/P2547.unit": "http://www.ontology-of-units-of-measure.org/resource/om-2/meter", "http://www.wikidata.org/prop/direct/P3018": "Bahnhof Alte S\u00fcderelbe Nord", "https://gdi-de.github.io/apworkshop2026/ont#stammdurchmesser.value": "33.0", "https://gdi-de.github.io/apworkshop2026/ont#stammdurchmesser.unit": "http://www.ontology-of-units-of-measure.org/resource/om-2/centimeter"}, "geometry": {"type": "MultiPoint", "coordinates": [[9.913153528965656, 53.50834983322208]]}}, {"type": "Feature", "id": "https://gdi-de.github.io/apworkshop2026/GZAW887", "name": "Baum GZAW887 (gdide:GZAW887)", "dateprops": [], "properties": {"http://www.w3.org/2000/01/rdf-schema#label": "Baum GZAW887", "http://rdfs.org/ns/void#inDataset.value": "72757", "http://www.w3.org/2000/01/rdf-schema#comment": "sonst. \u00f6ff. Fl\u00e4chen", "http://www.wikidata.org/prop/direct/P2547.value": "5.0", "http://www.wikidata.org/prop/direct/P2547.unit": "http://www.ontology-of-units-of-measure.org/resource/om-2/meter", "http://www.wikidata.org/prop/direct/P3018": "Gr\u00fcnzug Altenwerder", "https://gdi-de.github.io/apworkshop2026/ont#stammdurchmesser.value": "16.0", "https://gdi-de.github.io/apworkshop2026/ont#stammdurchmesser.unit": "http://www.ontology-of-units-of-measure.org/resource/om-2/centimeter"}, "geometry": {"type": "MultiPoint", "coordinates": [[9.918818547692444, 53.50691683539439]]}}, {"type": "Feature", "id": "https://gdi-de.github.io/apworkshop2026/NEUW98", "name": "Baum NEUW98 (gdide:NEUW98)", "dateprops": [], "properties": {"http://www.w3.org/2000/01/rdf-schema#label": "Baum NEUW98", "http://rdfs.org/ns/void#inDataset.value": "72757", "http://www.w3.org/2000/01/rdf-schema#comment": "Liegenschaftsamt", "http://www.wikidata.org/prop/direct/P2547.value": "6.0", "http://www.wikidata.org/prop/direct/P2547.unit": "http://www.ontology-of-units-of-measure.org/resource/om-2/meter", "http://www.wikidata.org/prop/direct/P3018": "Neuwerk", "https://gdi-de.github.io/apworkshop2026/ont#stammdurchmesser.value": "40.0", "https://gdi-de.github.io/apworkshop2026/ont#stammdurchmesser.unit": "http://www.ontology-of-units-of-measure.org/resource/om-2/centimeter"}, "geometry": {"type": "MultiPoint", "coordinates": [[8.496750283887867, 53.91402055332938]]}}, {"type": "Feature", "id": "https://gdi-de.github.io/apworkshop2026/HOHS218", "name": "Baum HOHS218 (gdide:HOHS218)", "dateprops": [], "properties": {"http://www.w3.org/2000/01/rdf-schema#label": "Baum HOHS218", "http://rdfs.org/ns/void#inDataset.value": "72757", "http://www.w3.org/2000/01/rdf-schema#comment": "Stra\u00dfe", "http://www.wikidata.org/prop/direct/P2547.value": "5.0", "http://www.wikidata.org/prop/direct/P2547.unit": "http://www.ontology-of-units-of-measure.org/resource/om-2/meter", "http://www.wikidata.org/prop/direct/P3018": "Hohe Schaar", "https://gdi-de.github.io/apworkshop2026/ont#stammdurchmesser.value": "30.0", "https://gdi-de.github.io/apworkshop2026/ont#stammdurchmesser.unit": "http://www.ontology-of-units-of-measure.org/resource/om-2/centimeter"}, "geometry": {"type": "MultiPoint", "coordinates": [[9.972252029624604, 53.49182011353683]]}}], "numberMatched": 854, "numberReturned": 854, "bbox": [8.489832357884861, 53.46976661831468, 10.094561563228964, 53.92306175518491], "crs": "http://www.opengis.net/def/crs/EPSG/0/4326"}