{"type": "FeatureCollection", "id": "http://www.opengis.net/def/crs/EPSG/0/4326", "name": "WGS 84", "features": [{"type": "Feature", "id": "https://gdi-de.github.io/apworkshop2026/103_geom", "name": "", "dateprops": [], "properties": {"http://rdfs.org/ns/void#inDataset": ["https://gdi-de.github.io/apworkshop2026/gdide_dataset"], "http://www.opengis.net/ont/geosparql#asWKT": ["POINT (13.429307 52.518702036839215)"], "http://www.opengis.net/ont/geosparql#inSRS": ["http://www.opengis.net/def/crs/EPSG/0/4326"], "http://www.w3.org/1999/02/22-rdf-syntax-ns#type": ["http://www.opengis.net/ont/sf#Point"], "http://www.w3.org/2000/01/rdf-schema#label": ["Geometry of 103"]}, "geometry": {"type": "Point", "coordinates": [13.429307, 52.518702036839215]}}, {"type": "Feature", "id": "https://gdi-de.github.io/apworkshop2026/39_geom", "name": "", "dateprops": [], "properties": {"http://rdfs.org/ns/void#inDataset": ["https://gdi-de.github.io/apworkshop2026/gdide_dataset"], "http://www.opengis.net/ont/geosparql#asWKT": ["POINT (13.574819000000133 52.53451503682317)"], "http://www.opengis.net/ont/geosparql#inSRS": ["http://www.opengis.net/def/crs/EPSG/0/4326"], "http://www.w3.org/1999/02/22-rdf-syntax-ns#type": ["http://www.opengis.net/ont/sf#Point"], "http://www.w3.org/2000/01/rdf-schema#label": ["Geometry of 39"]}, "geometry": {"type": "Point", "coordinates": [13.574819000000133, 52.53451503682317]}}, {"type": "Feature", "id": "https://gdi-de.github.io/apworkshop2026/223_geom", "name": "", "dateprops": [], "properties": {"http://rdfs.org/ns/void#inDataset": ["https://gdi-de.github.io/apworkshop2026/gdide_dataset"], "http://www.opengis.net/ont/geosparql#asWKT": ["POINT (13.347817999999808 52.467601036892205)"], "http://www.opengis.net/ont/geosparql#inSRS": ["http://www.opengis.net/def/crs/EPSG/0/4326"], "http://www.w3.org/1999/02/22-rdf-syntax-ns#type": ["http://www.opengis.net/ont/sf#Point"], "http://www.w3.org/2000/01/rdf-schema#label": ["Geometry of 223"]}, "geometry": {"type": "Point", "coordinates": [13.347817999999808, 52.467601036892205]}}, {"type": "Feature", "id": "https://gdi-de.github.io/apworkshop2026/74_geom", "name": "", "dateprops": [], "properties": {"http://rdfs.org/ns/void#inDataset": ["https://gdi-de.github.io/apworkshop2026/gdide_dataset"], "http://www.opengis.net/ont/geosparql#asWKT": ["POINT (13.304121999999746 52.45863403690122)"], "http://www.opengis.net/ont/geosparql#inSRS": ["http://www.opengis.net/def/crs/EPSG/0/4326"], "http://www.w3.org/1999/02/22-rdf-syntax-ns#type": ["http://www.opengis.net/ont/sf#Point"], "http://www.w3.org/2000/01/rdf-schema#label": ["Geometry of 74"]}, "geometry": {"type": "Point", "coordinates": [13.304121999999746, 52.45863403690122]}}, {"type": "Feature", "id": "https://gdi-de.github.io/apworkshop2026/215_geom", "name": "", "dateprops": [], "properties": {"http://rdfs.org/ns/void#inDataset": ["https://gdi-de.github.io/apworkshop2026/gdide_dataset"], "http://www.opengis.net/ont/geosparql#asWKT": ["POINT (13.285659999999703 52.5066180368509)"], "http://www.opengis.net/ont/geosparql#inSRS": ["http://www.opengis.net/def/crs/EPSG/0/4326"], "http://www.w3.org/1999/02/22-rdf-syntax-ns#type": ["http://www.opengis.net/ont/sf#Point"], "http://www.w3.org/2000/01/rdf-schema#label": ["Geometry of 215"]}, "geometry": {"type": "Point", "coordinates": [13.285659999999703, 52.5066180368509]}}, {"type": "Feature", "id": "https://gdi-de.github.io/apworkshop2026/63_geom", "name": "", "dateprops": [], "properties": {"http://rdfs.org/ns/void#inDataset": ["https://gdi-de.github.io/apworkshop2026/gdide_dataset"], "http://www.opengis.net/ont/geosparql#asWKT": ["POINT (13.274035999999713 52.50868403684866)"], "http://www.opengis.net/ont/geosparql#inSRS": ["http://www.opengis.net/def/crs/EPSG/0/4326"], "http://www.w3.org/1999/02/22-rdf-syntax-ns#type": ["http://www.opengis.net/ont/sf#Point"], "http://www.w3.org/2000/01/rdf-schema#label": ["Geometry of 63"]}, "geometry": {"type": "Point", "coordinates": [13.274035999999713, 52.50868403684866]}}, {"type": "Feature", "id": "https://gdi-de.github.io/apworkshop2026/136_geom", "name": "", "dateprops": [], "properties": {"http://rdfs.org/ns/void#inDataset": ["https://gdi-de.github.io/apworkshop2026/gdide_dataset"], "http://www.opengis.net/ont/geosparql#asWKT": ["POINT (13.55360200000014 52.43524303692693)"], "http://www.opengis.net/ont/geosparql#inSRS": ["http://www.opengis.net/def/crs/EPSG/0/4326"], "http://www.w3.org/1999/02/22-rdf-syntax-ns#type": ["http://www.opengis.net/ont/sf#Point"], "http://www.w3.org/2000/01/rdf-schema#label": ["Geometry of 136"]}, "geometry": {"type": "Point", "coordinates": [13.55360200000014, 52.43524303692693]}}, {"type": "Feature", "id": "https://gdi-de.github.io/apworkshop2026/26_geom", "name": "", "dateprops": [], "properties": {"http://rdfs.org/ns/void#inDataset": ["https://gdi-de.github.io/apworkshop2026/gdide_dataset"], "http://www.opengis.net/ont/geosparql#asWKT": ["POINT (13.235949999999645 52.49224003686552)"], "http://www.opengis.net/ont/geosparql#inSRS": ["http://www.opengis.net/def/crs/EPSG/0/4326"], "http://www.w3.org/1999/02/22-rdf-syntax-ns#type": ["http://www.opengis.net/ont/sf#Point"], "http://www.w3.org/2000/01/rdf-schema#label": ["Geometry of 26"]}, "geometry": {"type": "Point", "coordinates": [13.235949999999645, 52.49224003686552]}}, {"type": "Feature", "id": "https://gdi-de.github.io/apworkshop2026/88_geom", "name": "", "dateprops": [], "properties": {"http://rdfs.org/ns/void#inDataset": ["https://gdi-de.github.io/apworkshop2026/gdide_dataset"], "http://www.opengis.net/ont/geosparql#asWKT": ["POINT (13.30734399999978 52.50076803685722)"], "http://www.opengis.net/ont/geosparql#inSRS": ["http://www.opengis.net/def/crs/EPSG/0/4326"], "http://www.w3.org/1999/02/22-rdf-syntax-ns#type": ["http://www.opengis.net/ont/sf#Point"], "http://www.w3.org/2000/01/rdf-schema#label": ["Geometry of 88"]}, "geometry": {"type": "Point", "coordinates": [13.30734399999978, 52.50076803685722]}}, {"type": "Feature", "id": "https://gdi-de.github.io/apworkshop2026/132_geom", "name": "", "dateprops": [], "properties": {"http://rdfs.org/ns/void#inDataset": ["https://gdi-de.github.io/apworkshop2026/gdide_dataset"], "http://www.opengis.net/ont/geosparql#asWKT": ["POINT (13.391295 52.504158036854214)"], "http://www.opengis.net/ont/geosparql#inSRS": ["http://www.opengis.net/def/crs/EPSG/0/4326"], "http://www.w3.org/1999/02/22-rdf-syntax-ns#type": ["http://www.opengis.net/ont/sf#Point"], "http://www.w3.org/2000/01/rdf-schema#label": ["Geometry of 132"]}, "geometry": {"type": "Point", "coordinates": [13.391295, 52.504158036854214]}}, {"type": "Feature", "id": "https://gdi-de.github.io/apworkshop2026/53_geom", "name": "", "dateprops": [], "properties": {"http://rdfs.org/ns/void#inDataset": ["https://gdi-de.github.io/apworkshop2026/gdide_dataset"], "http://www.opengis.net/ont/geosparql#asWKT": ["POINT (13.543539000000164 52.543156036814)"], "http://www.opengis.net/ont/geosparql#inSRS": ["http://www.opengis.net/def/crs/EPSG/0/4326"], "http://www.w3.org/1999/02/22-rdf-syntax-ns#type": ["http://www.opengis.net/ont/sf#Point"], "http://www.w3.org/2000/01/rdf-schema#label": ["Geometry of 53"]}, "geometry": {"type": "Point", "coordinates": [13.543539000000164, 52.543156036814]}}, {"type": "Feature", "id": "https://gdi-de.github.io/apworkshop2026/211_geom", "name": "", "dateprops": [], "properties": {"http://rdfs.org/ns/void#inDataset": ["https://gdi-de.github.io/apworkshop2026/gdide_dataset"], "http://www.opengis.net/ont/geosparql#asWKT": ["POINT (13.3609 52.54844203680753)"], "http://www.opengis.net/ont/geosparql#inSRS": ["http://www.opengis.net/def/crs/EPSG/0/4326"], "http://www.w3.org/1999/02/22-rdf-syntax-ns#type": ["http://www.opengis.net/ont/sf#Point"], "http://www.w3.org/2000/01/rdf-schema#label": ["Geometry of 211"]}, "geometry": {"type": "Point", "coordinates": [13.3609, 52.54844203680753]}}, {"type": "Feature", "id": "https://gdi-de.github.io/apworkshop2026/219_geom", "name": "", "dateprops": [], "properties": {"http://rdfs.org/ns/void#inDataset": ["https://gdi-de.github.io/apworkshop2026/gdide_dataset"], "http://www.opengis.net/ont/geosparql#asWKT": ["POINT (13.3743 52.50838403684971)"], "http://www.opengis.net/ont/geosparql#inSRS": ["http://www.opengis.net/def/crs/EPSG/0/4326"], "http://www.w3.org/1999/02/22-rdf-syntax-ns#type": ["http://www.opengis.net/ont/sf#Point"], "http://www.w3.org/2000/01/rdf-schema#label": ["Geometry of 219"]}, "geometry": {"type": "Point", "coordinates": [13.3743, 52.50838403684971]}}, {"type": "Feature", "id": "https://gdi-de.github.io/apworkshop2026/42_geom", "name": "", "dateprops": [], "properties": {"http://rdfs.org/ns/void#inDataset": ["https://gdi-de.github.io/apworkshop2026/gdide_dataset"], "http://www.opengis.net/ont/geosparql#asWKT": ["POINT (13.287351999999773 52.58527203676812)"], "http://www.opengis.net/ont/geosparql#inSRS": ["http://www.opengis.net/def/crs/EPSG/0/4326"], "http://www.w3.org/1999/02/22-rdf-syntax-ns#type": ["http://www.opengis.net/ont/sf#Point"], "http://www.w3.org/2000/01/rdf-schema#label": ["Geometry of 42"]}, "geometry": {"type": "Point", "coordinates": [13.287351999999773, 52.58527203676812]}}, {"type": "Feature", "id": "https://gdi-de.github.io/apworkshop2026/56_geom", "name": "", "dateprops": [], "properties": {"http://rdfs.org/ns/void#inDataset": ["https://gdi-de.github.io/apworkshop2026/gdide_dataset"], "http://www.opengis.net/ont/geosparql#asWKT": ["POINT (13.379394 52.50963103684841)"], "http://www.opengis.net/ont/geosparql#inSRS": ["http://www.opengis.net/def/crs/EPSG/0/4326"], "http://www.w3.org/1999/02/22-rdf-syntax-ns#type": ["http://www.opengis.net/ont/sf#Point"], "http://www.w3.org/2000/01/rdf-schema#label": ["Geometry of 56"]}, "geometry": {"type": "Point", "coordinates": [13.379394, 52.50963103684841]}}, {"type": "Feature", "id": "https://gdi-de.github.io/apworkshop2026/168_geom", "name": "", "dateprops": [], "properties": {"http://rdfs.org/ns/void#inDataset": ["https://gdi-de.github.io/apworkshop2026/gdide_dataset"], "http://www.opengis.net/ont/geosparql#asWKT": ["POINT (13.484279 52.53551203682178)"], "http://www.opengis.net/ont/geosparql#inSRS": ["http://www.opengis.net/def/crs/EPSG/0/4326"], "http://www.w3.org/1999/02/22-rdf-syntax-ns#type": ["http://www.opengis.net/ont/sf#Point"], "http://www.w3.org/2000/01/rdf-schema#label": ["Geometry of 168"]}, "geometry": {"type": "Point", "coordinates": [13.484279, 52.53551203682178]}}, {"type": "Feature", "id": "https://gdi-de.github.io/apworkshop2026/66_geom", "name": "", "dateprops": [], "properties": {"http://rdfs.org/ns/void#inDataset": ["https://gdi-de.github.io/apworkshop2026/gdide_dataset"], "http://www.opengis.net/ont/geosparql#asWKT": ["POINT (13.423177 52.49089603686831)"], "http://www.opengis.net/ont/geosparql#inSRS": ["http://www.opengis.net/def/crs/EPSG/0/4326"], "http://www.w3.org/1999/02/22-rdf-syntax-ns#type": ["http://www.opengis.net/ont/sf#Point"], "http://www.w3.org/2000/01/rdf-schema#label": ["Geometry of 66"]}, "geometry": {"type": "Point", "coordinates": [13.423177, 52.49089603686831]}}, {"type": "Feature", "id": "https://gdi-de.github.io/apworkshop2026/173_geom", "name": "", "dateprops": [], "properties": {"http://rdfs.org/ns/void#inDataset": ["https://gdi-de.github.io/apworkshop2026/gdide_dataset"], "http://www.opengis.net/ont/geosparql#asWKT": ["POINT (13.539102000000163 52.535959036821524)"], "http://www.opengis.net/ont/geosparql#inSRS": ["http://www.opengis.net/def/crs/EPSG/0/4326"], "http://www.w3.org/1999/02/22-rdf-syntax-ns#type": ["http://www.opengis.net/ont/sf#Point"], "http://www.w3.org/2000/01/rdf-schema#label": ["Geometry of 173"]}, "geometry": {"type": "Point", "coordinates": [13.539102000000163, 52.535959036821524]}}, {"type": "Feature", "id": "https://gdi-de.github.io/apworkshop2026/214_geom", "name": "", "dateprops": [], "properties": {"http://rdfs.org/ns/void#inDataset": ["https://gdi-de.github.io/apworkshop2026/gdide_dataset"], "http://www.opengis.net/ont/geosparql#asWKT": ["POINT (13.333259999999795 52.493519036864996)"], "http://www.opengis.net/ont/geosparql#inSRS": ["http://www.opengis.net/def/crs/EPSG/0/4326"], "http://www.w3.org/1999/02/22-rdf-syntax-ns#type": ["http://www.opengis.net/ont/sf#Point"], "http://www.w3.org/2000/01/rdf-schema#label": ["Geometry of 214"]}, "geometry": {"type": "Point", "coordinates": [13.333259999999795, 52.493519036864996]}}, {"type": "Feature", "id": "https://gdi-de.github.io/apworkshop2026/207_geom", "name": "", "dateprops": [], "properties": {"http://rdfs.org/ns/void#inDataset": ["https://gdi-de.github.io/apworkshop2026/gdide_dataset"], "http://www.opengis.net/ont/geosparql#asWKT": ["POINT (13.506301 52.49399603686547)"], "http://www.opengis.net/ont/geosparql#inSRS": ["http://www.opengis.net/def/crs/EPSG/0/4326"], "http://www.w3.org/1999/02/22-rdf-syntax-ns#type": ["http://www.opengis.net/ont/sf#Point"], "http://www.w3.org/2000/01/rdf-schema#label": ["Geometry of 207"]}, "geometry": {"type": "Point", "coordinates": [13.506301, 52.49399603686547]}}, {"type": "Feature", "id": "https://gdi-de.github.io/apworkshop2026/28_geom", "name": "", "dateprops": [], "properties": {"http://rdfs.org/ns/void#inDataset": ["https://gdi-de.github.io/apworkshop2026/gdide_dataset"], "http://www.opengis.net/ont/geosparql#asWKT": ["POINT (13.296480999999758 52.51845103683857)"], "http://www.opengis.net/ont/geosparql#inSRS": ["http://www.opengis.net/def/crs/EPSG/0/4326"], "http://www.w3.org/1999/02/22-rdf-syntax-ns#type": ["http://www.opengis.net/ont/sf#Point"], "http://www.w3.org/2000/01/rdf-schema#label": ["Geometry of 28"]}, "geometry": {"type": "Point", "coordinates": [13.296480999999758, 52.51845103683857]}}, {"type": "Feature", "id": "https://gdi-de.github.io/apworkshop2026/212_geom", "name": "", "dateprops": [], "properties": {"http://rdfs.org/ns/void#inDataset": ["https://gdi-de.github.io/apworkshop2026/gdide_dataset"], "http://www.opengis.net/ont/geosparql#asWKT": ["POINT (13.40658 52.51444903684358)"], "http://www.opengis.net/ont/geosparql#inSRS": ["http://www.opengis.net/def/crs/EPSG/0/4326"], "http://www.w3.org/1999/02/22-rdf-syntax-ns#type": ["http://www.opengis.net/ont/sf#Point"], "http://www.w3.org/2000/01/rdf-schema#label": ["Geometry of 212"]}, "geometry": {"type": "Point", "coordinates": [13.40658, 52.51444903684358]}}, {"type": "Feature", "id": "https://gdi-de.github.io/apworkshop2026/64_geom", "name": "", "dateprops": [], "properties": {"http://rdfs.org/ns/void#inDataset": ["https://gdi-de.github.io/apworkshop2026/gdide_dataset"], "http://www.opengis.net/ont/geosparql#asWKT": ["POINT (13.322795999999801 52.497644036860564)"], "http://www.opengis.net/ont/geosparql#inSRS": ["http://www.opengis.net/def/crs/EPSG/0/4326"], "http://www.w3.org/1999/02/22-rdf-syntax-ns#type": ["http://www.opengis.net/ont/sf#Point"], "http://www.w3.org/2000/01/rdf-schema#label": ["Geometry of 64"]}, "geometry": {"type": "Point", "coordinates": [13.322795999999801, 52.497644036860564]}}, {"type": "Feature", "id": "https://gdi-de.github.io/apworkshop2026/70_geom", "name": "", "dateprops": [], "properties": {"http://rdfs.org/ns/void#inDataset": ["https://gdi-de.github.io/apworkshop2026/gdide_dataset"], "http://www.opengis.net/ont/geosparql#asWKT": ["POINT (13.424648 52.503674036854925)"], "http://www.opengis.net/ont/geosparql#inSRS": ["http://www.opengis.net/def/crs/EPSG/0/4326"], "http://www.w3.org/1999/02/22-rdf-syntax-ns#type": ["http://www.opengis.net/ont/sf#Point"], "http://www.w3.org/2000/01/rdf-schema#label": ["Geometry of 70"]}, "geometry": {"type": "Point", "coordinates": [13.424648, 52.503674036854925]}}, {"type": "Feature", "id": "https://gdi-de.github.io/apworkshop2026/205_geom", "name": "", "dateprops": [], "properties": {"http://rdfs.org/ns/void#inDataset": ["https://gdi-de.github.io/apworkshop2026/gdide_dataset"], "http://www.opengis.net/ont/geosparql#asWKT": ["POINT (13.489023 52.515305036843074)"], "http://www.opengis.net/ont/geosparql#inSRS": ["http://www.opengis.net/def/crs/EPSG/0/4326"], "http://www.w3.org/1999/02/22-rdf-syntax-ns#type": ["http://www.opengis.net/ont/sf#Point"], "http://www.w3.org/2000/01/rdf-schema#label": ["Geometry of 205"]}, "geometry": {"type": "Point", "coordinates": [13.489023, 52.515305036843074]}}, {"type": "Feature", "id": "https://gdi-de.github.io/apworkshop2026/50_geom", "name": "", "dateprops": [], "properties": {"http://rdfs.org/ns/void#inDataset": ["https://gdi-de.github.io/apworkshop2026/gdide_dataset"], "http://www.opengis.net/ont/geosparql#asWKT": ["POINT (13.520824 52.50386103685516)"], "http://www.opengis.net/ont/geosparql#inSRS": ["http://www.opengis.net/def/crs/EPSG/0/4326"], "http://www.w3.org/1999/02/22-rdf-syntax-ns#type": ["http://www.opengis.net/ont/sf#Point"], "http://www.w3.org/2000/01/rdf-schema#label": ["Geometry of 50"]}, "geometry": {"type": "Point", "coordinates": [13.520824, 52.50386103685516]}}, {"type": "Feature", "id": "https://gdi-de.github.io/apworkshop2026/61_geom", "name": "", "dateprops": [], "properties": {"http://rdfs.org/ns/void#inDataset": ["https://gdi-de.github.io/apworkshop2026/gdide_dataset"], "http://www.opengis.net/ont/geosparql#asWKT": ["POINT (13.335541999999794 52.448585036911936)"], "http://www.opengis.net/ont/geosparql#inSRS": ["http://www.opengis.net/def/crs/EPSG/0/4326"], "http://www.w3.org/1999/02/22-rdf-syntax-ns#type": ["http://www.opengis.net/ont/sf#Point"], "http://www.w3.org/2000/01/rdf-schema#label": ["Geometry of 61"]}, "geometry": {"type": "Point", "coordinates": [13.335541999999794, 52.448585036911936]}}, {"type": "Feature", "id": "https://gdi-de.github.io/apworkshop2026/227_geom", "name": "", "dateprops": [], "properties": {"http://rdfs.org/ns/void#inDataset": ["https://gdi-de.github.io/apworkshop2026/gdide_dataset"], "http://www.opengis.net/ont/geosparql#asWKT": ["POINT (13.489811 52.54034303681678)"], "http://www.opengis.net/ont/geosparql#inSRS": ["http://www.opengis.net/def/crs/EPSG/0/4326"], "http://www.w3.org/1999/02/22-rdf-syntax-ns#type": ["http://www.opengis.net/ont/sf#Point"], "http://www.w3.org/2000/01/rdf-schema#label": ["Geometry of 227"]}, "geometry": {"type": "Point", "coordinates": [13.489811, 52.54034303681678]}}, {"type": "Feature", "id": "https://gdi-de.github.io/apworkshop2026/145_geom", "name": "", "dateprops": [], "properties": {"http://rdfs.org/ns/void#inDataset": ["https://gdi-de.github.io/apworkshop2026/gdide_dataset"], "http://www.opengis.net/ont/geosparql#asWKT": ["POINT (13.343145999999864 52.43898903692197)"], "http://www.opengis.net/ont/geosparql#inSRS": ["http://www.opengis.net/def/crs/EPSG/0/4326"], "http://www.w3.org/1999/02/22-rdf-syntax-ns#type": ["http://www.opengis.net/ont/sf#Point"], "http://www.w3.org/2000/01/rdf-schema#label": ["Geometry of 145"]}, "geometry": {"type": "Point", "coordinates": [13.343145999999864, 52.43898903692197]}}, {"type": "Feature", "id": "https://gdi-de.github.io/apworkshop2026/165_geom", "name": "", "dateprops": [], "properties": {"http://rdfs.org/ns/void#inDataset": ["https://gdi-de.github.io/apworkshop2026/gdide_dataset"], "http://www.opengis.net/ont/geosparql#asWKT": ["POINT (13.360841999999884 52.54165303681469)"], "http://www.opengis.net/ont/geosparql#inSRS": ["http://www.opengis.net/def/crs/EPSG/0/4326"], "http://www.w3.org/1999/02/22-rdf-syntax-ns#type": ["http://www.opengis.net/ont/sf#Point"], "http://www.w3.org/2000/01/rdf-schema#label": ["Geometry of 165"]}, "geometry": {"type": "Point", "coordinates": [13.360841999999884, 52.54165303681469]}}, {"type": "Feature", "id": "https://gdi-de.github.io/apworkshop2026/91_geom", "name": "", "dateprops": [], "properties": {"http://rdfs.org/ns/void#inDataset": ["https://gdi-de.github.io/apworkshop2026/gdide_dataset"], "http://www.opengis.net/ont/geosparql#asWKT": ["POINT (13.410037 52.548886036807325)"], "http://www.opengis.net/ont/geosparql#inSRS": ["http://www.opengis.net/def/crs/EPSG/0/4326"], "http://www.w3.org/1999/02/22-rdf-syntax-ns#type": ["http://www.opengis.net/ont/sf#Point"], "http://www.w3.org/2000/01/rdf-schema#label": ["Geometry of 91"]}, "geometry": {"type": "Point", "coordinates": [13.410037, 52.548886036807325]}}, {"type": "Feature", "id": "https://gdi-de.github.io/apworkshop2026/23_geom", "name": "", "dateprops": [], "properties": {"http://rdfs.org/ns/void#inDataset": ["https://gdi-de.github.io/apworkshop2026/gdide_dataset"], "http://www.opengis.net/ont/geosparql#asWKT": ["POINT (13.426999 52.488341036870985)"], "http://www.opengis.net/ont/geosparql#inSRS": ["http://www.opengis.net/def/crs/EPSG/0/4326"], "http://www.w3.org/1999/02/22-rdf-syntax-ns#type": ["http://www.opengis.net/ont/sf#Point"], "http://www.w3.org/2000/01/rdf-schema#label": ["Geometry of 23"]}, "geometry": {"type": "Point", "coordinates": [13.426999, 52.488341036870985]}}, {"type": "Feature", "id": "https://gdi-de.github.io/apworkshop2026/122_geom", "name": "", "dateprops": [], "properties": {"http://rdfs.org/ns/void#inDataset": ["https://gdi-de.github.io/apworkshop2026/gdide_dataset"], "http://www.opengis.net/ont/geosparql#asWKT": ["POINT (13.377941 52.49648403686219)"], "http://www.opengis.net/ont/geosparql#inSRS": ["http://www.opengis.net/def/crs/EPSG/0/4326"], "http://www.w3.org/1999/02/22-rdf-syntax-ns#type": ["http://www.opengis.net/ont/sf#Point"], "http://www.w3.org/2000/01/rdf-schema#label": ["Geometry of 122"]}, "geometry": {"type": "Point", "coordinates": [13.377941, 52.49648403686219]}}, {"type": "Feature", "id": "https://gdi-de.github.io/apworkshop2026/104_geom", "name": "", "dateprops": [], "properties": {"http://rdfs.org/ns/void#inDataset": ["https://gdi-de.github.io/apworkshop2026/gdide_dataset"], "http://www.opengis.net/ont/geosparql#asWKT": ["POINT (13.438653 52.51778703684023)"], "http://www.opengis.net/ont/geosparql#inSRS": ["http://www.opengis.net/def/crs/EPSG/0/4326"], "http://www.w3.org/1999/02/22-rdf-syntax-ns#type": ["http://www.opengis.net/ont/sf#Point"], "http://www.w3.org/2000/01/rdf-schema#label": ["Geometry of 104"]}, "geometry": {"type": "Point", "coordinates": [13.438653, 52.51778703684023]}}, {"type": "Feature", "id": "https://gdi-de.github.io/apworkshop2026/172_geom", "name": "", "dateprops": [], "properties": {"http://rdfs.org/ns/void#inDataset": ["https://gdi-de.github.io/apworkshop2026/gdide_dataset"], "http://www.opengis.net/ont/geosparql#asWKT": ["POINT (13.554688000000127 52.55731003679912)"], "http://www.opengis.net/ont/geosparql#inSRS": ["http://www.opengis.net/def/crs/EPSG/0/4326"], "http://www.w3.org/1999/02/22-rdf-syntax-ns#type": ["http://www.opengis.net/ont/sf#Point"], "http://www.w3.org/2000/01/rdf-schema#label": ["Geometry of 172"]}, "geometry": {"type": "Point", "coordinates": [13.554688000000127, 52.55731003679912]}}, {"type": "Feature", "id": "https://gdi-de.github.io/apworkshop2026/118_geom", "name": "", "dateprops": [], "properties": {"http://rdfs.org/ns/void#inDataset": ["https://gdi-de.github.io/apworkshop2026/gdide_dataset"], "http://www.opengis.net/ont/geosparql#asWKT": ["POINT (13.493198000000113 52.46044703690043)"], "http://www.opengis.net/ont/geosparql#inSRS": ["http://www.opengis.net/def/crs/EPSG/0/4326"], "http://www.w3.org/1999/02/22-rdf-syntax-ns#type": ["http://www.opengis.net/ont/sf#Point"], "http://www.w3.org/2000/01/rdf-schema#label": ["Geometry of 118"]}, "geometry": {"type": "Point", "coordinates": [13.493198000000113, 52.46044703690043]}}, {"type": "Feature", "id": "https://gdi-de.github.io/apworkshop2026/183_geom", "name": "", "dateprops": [], "properties": {"http://rdfs.org/ns/void#inDataset": ["https://gdi-de.github.io/apworkshop2026/gdide_dataset"], "http://www.opengis.net/ont/geosparql#asWKT": ["POINT (13.199989999999522 52.52848903682713)"], "http://www.opengis.net/ont/geosparql#inSRS": ["http://www.opengis.net/def/crs/EPSG/0/4326"], "http://www.w3.org/1999/02/22-rdf-syntax-ns#type": ["http://www.opengis.net/ont/sf#Point"], "http://www.w3.org/2000/01/rdf-schema#label": ["Geometry of 183"]}, "geometry": {"type": "Point", "coordinates": [13.199989999999522, 52.52848903682713]}}, {"type": "Feature", "id": "https://gdi-de.github.io/apworkshop2026/115_geom", "name": "", "dateprops": [], "properties": {"http://rdfs.org/ns/void#inDataset": ["https://gdi-de.github.io/apworkshop2026/gdide_dataset"], "http://www.opengis.net/ont/geosparql#asWKT": ["POINT (13.359816 52.55070703680511)"], "http://www.opengis.net/ont/geosparql#inSRS": ["http://www.opengis.net/def/crs/EPSG/0/4326"], "http://www.w3.org/1999/02/22-rdf-syntax-ns#type": ["http://www.opengis.net/ont/sf#Point"], "http://www.w3.org/2000/01/rdf-schema#label": ["Geometry of 115"]}, "geometry": {"type": "Point", "coordinates": [13.359816, 52.55070703680511]}}, {"type": "Feature", "id": "https://gdi-de.github.io/apworkshop2026/16_geom", "name": "", "dateprops": [], "properties": {"http://rdfs.org/ns/void#inDataset": ["https://gdi-de.github.io/apworkshop2026/gdide_dataset"], "http://www.opengis.net/ont/geosparql#asWKT": ["POINT (13.197261999999558 52.52503003683075)"], "http://www.opengis.net/ont/geosparql#inSRS": ["http://www.opengis.net/def/crs/EPSG/0/4326"], "http://www.w3.org/1999/02/22-rdf-syntax-ns#type": ["http://www.opengis.net/ont/sf#Point"], "http://www.w3.org/2000/01/rdf-schema#label": ["Geometry of 16"]}, "geometry": {"type": "Point", "coordinates": [13.197261999999558, 52.52503003683075]}}, {"type": "Feature", "id": "https://gdi-de.github.io/apworkshop2026/79_geom", "name": "", "dateprops": [], "properties": {"http://rdfs.org/ns/void#inDataset": ["https://gdi-de.github.io/apworkshop2026/gdide_dataset"], "http://www.opengis.net/ont/geosparql#asWKT": ["POINT (13.290270999999724 52.634398036716036)"], "http://www.opengis.net/ont/geosparql#inSRS": ["http://www.opengis.net/def/crs/EPSG/0/4326"], "http://www.w3.org/1999/02/22-rdf-syntax-ns#type": ["http://www.opengis.net/ont/sf#Point"], "http://www.w3.org/2000/01/rdf-schema#label": ["Geometry of 79"]}, "geometry": {"type": "Point", "coordinates": [13.290270999999724, 52.634398036716036]}}, {"type": "Feature", "id": "https://gdi-de.github.io/apworkshop2026/82_geom", "name": "", "dateprops": [], "properties": {"http://rdfs.org/ns/void#inDataset": ["https://gdi-de.github.io/apworkshop2026/gdide_dataset"], "http://www.opengis.net/ont/geosparql#asWKT": ["POINT (13.211133999999518 52.54609503680876)"], "http://www.opengis.net/ont/geosparql#inSRS": ["http://www.opengis.net/def/crs/EPSG/0/4326"], "http://www.w3.org/1999/02/22-rdf-syntax-ns#type": ["http://www.opengis.net/ont/sf#Point"], "http://www.w3.org/2000/01/rdf-schema#label": ["Geometry of 82"]}, "geometry": {"type": "Point", "coordinates": [13.211133999999518, 52.54609503680876]}}, {"type": "Feature", "id": "https://gdi-de.github.io/apworkshop2026/199_geom", "name": "", "dateprops": [], "properties": {"http://rdfs.org/ns/void#inDataset": ["https://gdi-de.github.io/apworkshop2026/gdide_dataset"], "http://www.opengis.net/ont/geosparql#asWKT": ["POINT (13.193373999999507 52.52033903683564)"], "http://www.opengis.net/ont/geosparql#inSRS": ["http://www.opengis.net/def/crs/EPSG/0/4326"], "http://www.w3.org/1999/02/22-rdf-syntax-ns#type": ["http://www.opengis.net/ont/sf#Point"], "http://www.w3.org/2000/01/rdf-schema#label": ["Geometry of 199"]}, "geometry": {"type": "Point", "coordinates": [13.193373999999507, 52.52033903683564]}}, {"type": "Feature", "id": "https://gdi-de.github.io/apworkshop2026/146_geom", "name": "", "dateprops": [], "properties": {"http://rdfs.org/ns/void#inDataset": ["https://gdi-de.github.io/apworkshop2026/gdide_dataset"], "http://www.opengis.net/ont/geosparql#asWKT": ["POINT (13.353193999999856 52.6000910367529)"], "http://www.opengis.net/ont/geosparql#inSRS": ["http://www.opengis.net/def/crs/EPSG/0/4326"], "http://www.w3.org/1999/02/22-rdf-syntax-ns#type": ["http://www.opengis.net/ont/sf#Point"], "http://www.w3.org/2000/01/rdf-schema#label": ["Geometry of 146"]}, "geometry": {"type": "Point", "coordinates": [13.353193999999856, 52.6000910367529]}}, {"type": "Feature", "id": "https://gdi-de.github.io/apworkshop2026/197_geom", "name": "", "dateprops": [], "properties": {"http://rdfs.org/ns/void#inDataset": ["https://gdi-de.github.io/apworkshop2026/gdide_dataset"], "http://www.opengis.net/ont/geosparql#asWKT": ["POINT (13.348169999999815 52.485398036873576)"], "http://www.opengis.net/ont/geosparql#inSRS": ["http://www.opengis.net/def/crs/EPSG/0/4326"], "http://www.w3.org/1999/02/22-rdf-syntax-ns#type": ["http://www.opengis.net/ont/sf#Point"], "http://www.w3.org/2000/01/rdf-schema#label": ["Geometry of 197"]}, "geometry": {"type": "Point", "coordinates": [13.348169999999815, 52.485398036873576]}}, {"type": "Feature", "id": "https://gdi-de.github.io/apworkshop2026/129_geom", "name": "", "dateprops": [], "properties": {"http://rdfs.org/ns/void#inDataset": ["https://gdi-de.github.io/apworkshop2026/gdide_dataset"], "http://www.opengis.net/ont/geosparql#asWKT": ["POINT (13.478267 52.51913403683899)"], "http://www.opengis.net/ont/geosparql#inSRS": ["http://www.opengis.net/def/crs/EPSG/0/4326"], "http://www.w3.org/1999/02/22-rdf-syntax-ns#type": ["http://www.opengis.net/ont/sf#Point"], "http://www.w3.org/2000/01/rdf-schema#label": ["Geometry of 129"]}, "geometry": {"type": "Point", "coordinates": [13.478267, 52.51913403683899]}}, {"type": "Feature", "id": "https://gdi-de.github.io/apworkshop2026/22_geom", "name": "", "dateprops": [], "properties": {"http://rdfs.org/ns/void#inDataset": ["https://gdi-de.github.io/apworkshop2026/gdide_dataset"], "http://www.opengis.net/ont/geosparql#asWKT": ["POINT (13.330357999999814 52.503411036854615)"], "http://www.opengis.net/ont/geosparql#inSRS": ["http://www.opengis.net/def/crs/EPSG/0/4326"], "http://www.w3.org/1999/02/22-rdf-syntax-ns#type": ["http://www.opengis.net/ont/sf#Point"], "http://www.w3.org/2000/01/rdf-schema#label": ["Geometry of 22"]}, "geometry": {"type": "Point", "coordinates": [13.330357999999814, 52.503411036854615]}}, {"type": "Feature", "id": "https://gdi-de.github.io/apworkshop2026/137_geom", "name": "", "dateprops": [], "properties": {"http://rdfs.org/ns/void#inDataset": ["https://gdi-de.github.io/apworkshop2026/gdide_dataset"], "http://www.opengis.net/ont/geosparql#asWKT": ["POINT (13.589086000000155 52.44084703692127)"], "http://www.opengis.net/ont/geosparql#inSRS": ["http://www.opengis.net/def/crs/EPSG/0/4326"], "http://www.w3.org/1999/02/22-rdf-syntax-ns#type": ["http://www.opengis.net/ont/sf#Point"], "http://www.w3.org/2000/01/rdf-schema#label": ["Geometry of 137"]}, "geometry": {"type": "Point", "coordinates": [13.589086000000155, 52.44084703692127]}}, {"type": "Feature", "id": "https://gdi-de.github.io/apworkshop2026/147_geom", "name": "", "dateprops": [], "properties": {"http://rdfs.org/ns/void#inDataset": ["https://gdi-de.github.io/apworkshop2026/gdide_dataset"], "http://www.opengis.net/ont/geosparql#asWKT": ["POINT (13.360173999999883 52.5722280367824)"], "http://www.opengis.net/ont/geosparql#inSRS": ["http://www.opengis.net/def/crs/EPSG/0/4326"], "http://www.w3.org/1999/02/22-rdf-syntax-ns#type": ["http://www.opengis.net/ont/sf#Point"], "http://www.w3.org/2000/01/rdf-schema#label": ["Geometry of 147"]}, "geometry": {"type": "Point", "coordinates": [13.360173999999883, 52.5722280367824]}}, {"type": "Feature", "id": "https://gdi-de.github.io/apworkshop2026/225_geom", "name": "", "dateprops": [], "properties": {"http://rdfs.org/ns/void#inDataset": ["https://gdi-de.github.io/apworkshop2026/gdide_dataset"], "http://www.opengis.net/ont/geosparql#asWKT": ["POINT (13.591908000000165 52.53981203681769)"], "http://www.opengis.net/ont/geosparql#inSRS": ["http://www.opengis.net/def/crs/EPSG/0/4326"], "http://www.w3.org/1999/02/22-rdf-syntax-ns#type": ["http://www.opengis.net/ont/sf#Point"], "http://www.w3.org/2000/01/rdf-schema#label": ["Geometry of 225"]}, "geometry": {"type": "Point", "coordinates": [13.591908000000165, 52.53981203681769]}}, {"type": "Feature", "id": "https://gdi-de.github.io/apworkshop2026/229_geom", "name": "", "dateprops": [], "properties": {"http://rdfs.org/ns/void#inDataset": ["https://gdi-de.github.io/apworkshop2026/gdide_dataset"], "http://www.opengis.net/ont/geosparql#asWKT": ["POINT (13.382990999999883 52.46329303689689)"], "http://www.opengis.net/ont/geosparql#inSRS": ["http://www.opengis.net/def/crs/EPSG/0/4326"], "http://www.w3.org/1999/02/22-rdf-syntax-ns#type": ["http://www.opengis.net/ont/sf#Point"], "http://www.w3.org/2000/01/rdf-schema#label": ["Geometry of 229"]}, "geometry": {"type": "Point", "coordinates": [13.382990999999883, 52.46329303689689]}}, {"type": "Feature", "id": "https://gdi-de.github.io/apworkshop2026/4_geom", "name": "", "dateprops": [], "properties": {"http://rdfs.org/ns/void#inDataset": ["https://gdi-de.github.io/apworkshop2026/gdide_dataset"], "http://www.opengis.net/ont/geosparql#asWKT": ["POINT (13.435318 52.52929003682814)"], "http://www.opengis.net/ont/geosparql#inSRS": ["http://www.opengis.net/def/crs/EPSG/0/4326"], "http://www.w3.org/1999/02/22-rdf-syntax-ns#type": ["http://www.opengis.net/ont/sf#Point"], "http://www.w3.org/2000/01/rdf-schema#label": ["Geometry of 4"]}, "geometry": {"type": "Point", "coordinates": [13.435318, 52.52929003682814]}}, {"type": "Feature", "id": "https://gdi-de.github.io/apworkshop2026/51_geom", "name": "", "dateprops": [], "properties": {"http://rdfs.org/ns/void#inDataset": ["https://gdi-de.github.io/apworkshop2026/gdide_dataset"], "http://www.opengis.net/ont/geosparql#asWKT": ["POINT (13.560743000000189 52.50603303685305)"], "http://www.opengis.net/ont/geosparql#inSRS": ["http://www.opengis.net/def/crs/EPSG/0/4326"], "http://www.w3.org/1999/02/22-rdf-syntax-ns#type": ["http://www.opengis.net/ont/sf#Point"], "http://www.w3.org/2000/01/rdf-schema#label": ["Geometry of 51"]}, "geometry": {"type": "Point", "coordinates": [13.560743000000189, 52.50603303685305]}}, {"type": "Feature", "id": "https://gdi-de.github.io/apworkshop2026/113_geom", "name": "", "dateprops": [], "properties": {"http://rdfs.org/ns/void#inDataset": ["https://gdi-de.github.io/apworkshop2026/gdide_dataset"], "http://www.opengis.net/ont/geosparql#asWKT": ["POINT (13.367564999999857 52.55195303680385)"], "http://www.opengis.net/ont/geosparql#inSRS": ["http://www.opengis.net/def/crs/EPSG/0/4326"], "http://www.w3.org/1999/02/22-rdf-syntax-ns#type": ["http://www.opengis.net/ont/sf#Point"], "http://www.w3.org/2000/01/rdf-schema#label": ["Geometry of 113"]}, "geometry": {"type": "Point", "coordinates": [13.367564999999857, 52.55195303680385]}}, {"type": "Feature", "id": "https://gdi-de.github.io/apworkshop2026/156_geom", "name": "", "dateprops": [], "properties": {"http://rdfs.org/ns/void#inDataset": ["https://gdi-de.github.io/apworkshop2026/gdide_dataset"], "http://www.opengis.net/ont/geosparql#asWKT": ["POINT (13.496404 52.50352603685545)"], "http://www.opengis.net/ont/geosparql#inSRS": ["http://www.opengis.net/def/crs/EPSG/0/4326"], "http://www.w3.org/1999/02/22-rdf-syntax-ns#type": ["http://www.opengis.net/ont/sf#Point"], "http://www.w3.org/2000/01/rdf-schema#label": ["Geometry of 156"]}, "geometry": {"type": "Point", "coordinates": [13.496404, 52.50352603685545]}}, {"type": "Feature", "id": "https://gdi-de.github.io/apworkshop2026/233_geom", "name": "", "dateprops": [], "properties": {"http://rdfs.org/ns/void#inDataset": ["https://gdi-de.github.io/apworkshop2026/gdide_dataset"], "http://www.opengis.net/ont/geosparql#asWKT": ["POINT (13.503449 52.57665203677854)"], "http://www.opengis.net/ont/geosparql#inSRS": ["http://www.opengis.net/def/crs/EPSG/0/4326"], "http://www.w3.org/1999/02/22-rdf-syntax-ns#type": ["http://www.opengis.net/ont/sf#Point"], "http://www.w3.org/2000/01/rdf-schema#label": ["Geometry of 233"]}, "geometry": {"type": "Point", "coordinates": [13.503449, 52.57665203677854]}}, {"type": "Feature", "id": "https://gdi-de.github.io/apworkshop2026/24_geom", "name": "", "dateprops": [], "properties": {"http://rdfs.org/ns/void#inDataset": ["https://gdi-de.github.io/apworkshop2026/gdide_dataset"], "http://www.opengis.net/ont/geosparql#asWKT": ["POINT (13.372957999999873 52.499386036859114)"], "http://www.opengis.net/ont/geosparql#inSRS": ["http://www.opengis.net/def/crs/EPSG/0/4326"], "http://www.w3.org/1999/02/22-rdf-syntax-ns#type": ["http://www.opengis.net/ont/sf#Point"], "http://www.w3.org/2000/01/rdf-schema#label": ["Geometry of 24"]}, "geometry": {"type": "Point", "coordinates": [13.372957999999873, 52.499386036859114]}}, {"type": "Feature", "id": "https://gdi-de.github.io/apworkshop2026/36_geom", "name": "", "dateprops": [], "properties": {"http://rdfs.org/ns/void#inDataset": ["https://gdi-de.github.io/apworkshop2026/gdide_dataset"], "http://www.opengis.net/ont/geosparql#asWKT": ["POINT (13.401817 52.511030036847075)"], "http://www.opengis.net/ont/geosparql#inSRS": ["http://www.opengis.net/def/crs/EPSG/0/4326"], "http://www.w3.org/1999/02/22-rdf-syntax-ns#type": ["http://www.opengis.net/ont/sf#Point"], "http://www.w3.org/2000/01/rdf-schema#label": ["Geometry of 36"]}, "geometry": {"type": "Point", "coordinates": [13.401817, 52.511030036847075]}}, {"type": "Feature", "id": "https://gdi-de.github.io/apworkshop2026/181_geom", "name": "", "dateprops": [], "properties": {"http://rdfs.org/ns/void#inDataset": ["https://gdi-de.github.io/apworkshop2026/gdide_dataset"], "http://www.opengis.net/ont/geosparql#asWKT": ["POINT (13.474309 52.52742303683028)"], "http://www.opengis.net/ont/geosparql#inSRS": ["http://www.opengis.net/def/crs/EPSG/0/4326"], "http://www.w3.org/1999/02/22-rdf-syntax-ns#type": ["http://www.opengis.net/ont/sf#Point"], "http://www.w3.org/2000/01/rdf-schema#label": ["Geometry of 181"]}, "geometry": {"type": "Point", "coordinates": [13.474309, 52.52742303683028]}}, {"type": "Feature", "id": "https://gdi-de.github.io/apworkshop2026/29_geom", "name": "", "dateprops": [], "properties": {"http://rdfs.org/ns/void#inDataset": ["https://gdi-de.github.io/apworkshop2026/gdide_dataset"], "http://www.opengis.net/ont/geosparql#asWKT": ["POINT (13.581090000000179 52.458130036903206)"], "http://www.opengis.net/ont/geosparql#inSRS": ["http://www.opengis.net/def/crs/EPSG/0/4326"], "http://www.w3.org/1999/02/22-rdf-syntax-ns#type": ["http://www.opengis.net/ont/sf#Point"], "http://www.w3.org/2000/01/rdf-schema#label": ["Geometry of 29"]}, "geometry": {"type": "Point", "coordinates": [13.581090000000179, 52.458130036903206]}}, {"type": "Feature", "id": "https://gdi-de.github.io/apworkshop2026/158_geom", "name": "", "dateprops": [], "properties": {"http://rdfs.org/ns/void#inDataset": ["https://gdi-de.github.io/apworkshop2026/gdide_dataset"], "http://www.opengis.net/ont/geosparql#asWKT": ["POINT (13.448475 52.48187803687785)"], "http://www.opengis.net/ont/geosparql#inSRS": ["http://www.opengis.net/def/crs/EPSG/0/4326"], "http://www.w3.org/1999/02/22-rdf-syntax-ns#type": ["http://www.opengis.net/ont/sf#Point"], "http://www.w3.org/2000/01/rdf-schema#label": ["Geometry of 158"]}, "geometry": {"type": "Point", "coordinates": [13.448475, 52.48187803687785]}}, {"type": "Feature", "id": "https://gdi-de.github.io/apworkshop2026/143_geom", "name": "", "dateprops": [], "properties": {"http://rdfs.org/ns/void#inDataset": ["https://gdi-de.github.io/apworkshop2026/gdide_dataset"], "http://www.opengis.net/ont/geosparql#asWKT": ["POINT (13.424365 52.534863036822216)"], "http://www.opengis.net/ont/geosparql#inSRS": ["http://www.opengis.net/def/crs/EPSG/0/4326"], "http://www.w3.org/1999/02/22-rdf-syntax-ns#type": ["http://www.opengis.net/ont/sf#Point"], "http://www.w3.org/2000/01/rdf-schema#label": ["Geometry of 143"]}, "geometry": {"type": "Point", "coordinates": [13.424365, 52.534863036822216]}}, {"type": "Feature", "id": "https://gdi-de.github.io/apworkshop2026/164_geom", "name": "", "dateprops": [], "properties": {"http://rdfs.org/ns/void#inDataset": ["https://gdi-de.github.io/apworkshop2026/gdide_dataset"], "http://www.opengis.net/ont/geosparql#asWKT": ["POINT (13.455524 52.504335036854414)"], "http://www.opengis.net/ont/geosparql#inSRS": ["http://www.opengis.net/def/crs/EPSG/0/4326"], "http://www.w3.org/1999/02/22-rdf-syntax-ns#type": ["http://www.opengis.net/ont/sf#Point"], "http://www.w3.org/2000/01/rdf-schema#label": ["Geometry of 164"]}, "geometry": {"type": "Point", "coordinates": [13.455524, 52.504335036854414]}}, {"type": "Feature", "id": "https://gdi-de.github.io/apworkshop2026/148_geom", "name": "", "dateprops": [], "properties": {"http://rdfs.org/ns/void#inDataset": ["https://gdi-de.github.io/apworkshop2026/gdide_dataset"], "http://www.opengis.net/ont/geosparql#asWKT": ["POINT (13.42188 52.537846036819026)"], "http://www.opengis.net/ont/geosparql#inSRS": ["http://www.opengis.net/def/crs/EPSG/0/4326"], "http://www.w3.org/1999/02/22-rdf-syntax-ns#type": ["http://www.opengis.net/ont/sf#Point"], "http://www.w3.org/2000/01/rdf-schema#label": ["Geometry of 148"]}, "geometry": {"type": "Point", "coordinates": [13.42188, 52.537846036819026]}}, {"type": "Feature", "id": "https://gdi-de.github.io/apworkshop2026/234_geom", "name": "", "dateprops": [], "properties": {"http://rdfs.org/ns/void#inDataset": ["https://gdi-de.github.io/apworkshop2026/gdide_dataset"], "http://www.opengis.net/ont/geosparql#asWKT": ["POINT (13.503875000000114 52.57179303678366)"], "http://www.opengis.net/ont/geosparql#inSRS": ["http://www.opengis.net/def/crs/EPSG/0/4326"], "http://www.w3.org/1999/02/22-rdf-syntax-ns#type": ["http://www.opengis.net/ont/sf#Point"], "http://www.w3.org/2000/01/rdf-schema#label": ["Geometry of 234"]}, "geometry": {"type": "Point", "coordinates": [13.503875000000114, 52.57179303678366]}}, {"type": "Feature", "id": "https://gdi-de.github.io/apworkshop2026/11_geom", "name": "", "dateprops": [], "properties": {"http://rdfs.org/ns/void#inDataset": ["https://gdi-de.github.io/apworkshop2026/gdide_dataset"], "http://www.opengis.net/ont/geosparql#asWKT": ["POINT (13.446165 52.47220903688798)"], "http://www.opengis.net/ont/geosparql#inSRS": ["http://www.opengis.net/def/crs/EPSG/0/4326"], "http://www.w3.org/1999/02/22-rdf-syntax-ns#type": ["http://www.opengis.net/ont/sf#Point"], "http://www.w3.org/2000/01/rdf-schema#label": ["Geometry of 11"]}, "geometry": {"type": "Point", "coordinates": [13.446165, 52.47220903688798]}}, {"type": "Feature", "id": "https://gdi-de.github.io/apworkshop2026/60_geom", "name": "", "dateprops": [], "properties": {"http://rdfs.org/ns/void#inDataset": ["https://gdi-de.github.io/apworkshop2026/gdide_dataset"], "http://www.opengis.net/ont/geosparql#asWKT": ["POINT (13.447429 52.51020803684818)"], "http://www.opengis.net/ont/geosparql#inSRS": ["http://www.opengis.net/def/crs/EPSG/0/4326"], "http://www.w3.org/1999/02/22-rdf-syntax-ns#type": ["http://www.opengis.net/ont/sf#Point"], "http://www.w3.org/2000/01/rdf-schema#label": ["Geometry of 60"]}, "geometry": {"type": "Point", "coordinates": [13.447429, 52.51020803684818]}}, {"type": "Feature", "id": "https://gdi-de.github.io/apworkshop2026/150_geom", "name": "", "dateprops": [], "properties": {"http://rdfs.org/ns/void#inDataset": ["https://gdi-de.github.io/apworkshop2026/gdide_dataset"], "http://www.opengis.net/ont/geosparql#asWKT": ["POINT (13.570387000000185 52.54885403680809)"], "http://www.opengis.net/ont/geosparql#inSRS": ["http://www.opengis.net/def/crs/EPSG/0/4326"], "http://www.w3.org/1999/02/22-rdf-syntax-ns#type": ["http://www.opengis.net/ont/sf#Point"], "http://www.w3.org/2000/01/rdf-schema#label": ["Geometry of 150"]}, "geometry": {"type": "Point", "coordinates": [13.570387000000185, 52.54885403680809]}}, {"type": "Feature", "id": "https://gdi-de.github.io/apworkshop2026/57_geom", "name": "", "dateprops": [], "properties": {"http://rdfs.org/ns/void#inDataset": ["https://gdi-de.github.io/apworkshop2026/gdide_dataset"], "http://www.opengis.net/ont/geosparql#asWKT": ["POINT (13.390237999999892 52.50796303685023)"], "http://www.opengis.net/ont/geosparql#inSRS": ["http://www.opengis.net/def/crs/EPSG/0/4326"], "http://www.w3.org/1999/02/22-rdf-syntax-ns#type": ["http://www.opengis.net/ont/sf#Point"], "http://www.w3.org/2000/01/rdf-schema#label": ["Geometry of 57"]}, "geometry": {"type": "Point", "coordinates": [13.390237999999892, 52.50796303685023]}}, {"type": "Feature", "id": "https://gdi-de.github.io/apworkshop2026/196_geom", "name": "", "dateprops": [], "properties": {"http://rdfs.org/ns/void#inDataset": ["https://gdi-de.github.io/apworkshop2026/gdide_dataset"], "http://www.opengis.net/ont/geosparql#asWKT": ["POINT (13.360309 52.485127036873976)"], "http://www.opengis.net/ont/geosparql#inSRS": ["http://www.opengis.net/def/crs/EPSG/0/4326"], "http://www.w3.org/1999/02/22-rdf-syntax-ns#type": ["http://www.opengis.net/ont/sf#Point"], "http://www.w3.org/2000/01/rdf-schema#label": ["Geometry of 196"]}, "geometry": {"type": "Point", "coordinates": [13.360309, 52.485127036873976]}}, {"type": "Feature", "id": "https://gdi-de.github.io/apworkshop2026/117_geom", "name": "", "dateprops": [], "properties": {"http://rdfs.org/ns/void#inDataset": ["https://gdi-de.github.io/apworkshop2026/gdide_dataset"], "http://www.opengis.net/ont/geosparql#asWKT": ["POINT (13.407019 52.482318036877224)"], "http://www.opengis.net/ont/geosparql#inSRS": ["http://www.opengis.net/def/crs/EPSG/0/4326"], "http://www.w3.org/1999/02/22-rdf-syntax-ns#type": ["http://www.opengis.net/ont/sf#Point"], "http://www.w3.org/2000/01/rdf-schema#label": ["Geometry of 117"]}, "geometry": {"type": "Point", "coordinates": [13.407019, 52.482318036877224]}}, {"type": "Feature", "id": "https://gdi-de.github.io/apworkshop2026/188_geom", "name": "", "dateprops": [], "properties": {"http://rdfs.org/ns/void#inDataset": ["https://gdi-de.github.io/apworkshop2026/gdide_dataset"], "http://www.opengis.net/ont/geosparql#asWKT": ["POINT (13.430566 52.50082503685795)"], "http://www.opengis.net/ont/geosparql#inSRS": ["http://www.opengis.net/def/crs/EPSG/0/4326"], "http://www.w3.org/1999/02/22-rdf-syntax-ns#type": ["http://www.opengis.net/ont/sf#Point"], "http://www.w3.org/2000/01/rdf-schema#label": ["Geometry of 188"]}, "geometry": {"type": "Point", "coordinates": [13.430566, 52.50082503685795]}}, {"type": "Feature", "id": "https://gdi-de.github.io/apworkshop2026/1_geom", "name": "", "dateprops": [], "properties": {"http://rdfs.org/ns/void#inDataset": ["https://gdi-de.github.io/apworkshop2026/gdide_dataset"], "http://www.opengis.net/ont/geosparql#asWKT": ["POINT (13.415048 52.431351036930394)"], "http://www.opengis.net/ont/geosparql#inSRS": ["http://www.opengis.net/def/crs/EPSG/0/4326"], "http://www.w3.org/1999/02/22-rdf-syntax-ns#type": ["http://www.opengis.net/ont/sf#Point"], "http://www.w3.org/2000/01/rdf-schema#label": ["Geometry of 1"]}, "geometry": {"type": "Point", "coordinates": [13.415048, 52.431351036930394]}}, {"type": "Feature", "id": "https://gdi-de.github.io/apworkshop2026/5_geom", "name": "", "dateprops": [], "properties": {"http://rdfs.org/ns/void#inDataset": ["https://gdi-de.github.io/apworkshop2026/gdide_dataset"], "http://www.opengis.net/ont/geosparql#asWKT": ["POINT (13.502551000000118 52.56613503678966)"], "http://www.opengis.net/ont/geosparql#inSRS": ["http://www.opengis.net/def/crs/EPSG/0/4326"], "http://www.w3.org/1999/02/22-rdf-syntax-ns#type": ["http://www.opengis.net/ont/sf#Point"], "http://www.w3.org/2000/01/rdf-schema#label": ["Geometry of 5"]}, "geometry": {"type": "Point", "coordinates": [13.502551000000118, 52.56613503678966]}}, {"type": "Feature", "id": "https://gdi-de.github.io/apworkshop2026/238_geom", "name": "", "dateprops": [], "properties": {"http://rdfs.org/ns/void#inDataset": ["https://gdi-de.github.io/apworkshop2026/gdide_dataset"], "http://www.opengis.net/ont/geosparql#asWKT": ["POINT (13.322136999999827 52.484287036874534)"], "http://www.opengis.net/ont/geosparql#inSRS": ["http://www.opengis.net/def/crs/EPSG/0/4326"], "http://www.w3.org/1999/02/22-rdf-syntax-ns#type": ["http://www.opengis.net/ont/sf#Point"], "http://www.w3.org/2000/01/rdf-schema#label": ["Geometry of 238"]}, "geometry": {"type": "Point", "coordinates": [13.322136999999827, 52.484287036874534]}}, {"type": "Feature", "id": "https://gdi-de.github.io/apworkshop2026/65_geom", "name": "", "dateprops": [], "properties": {"http://rdfs.org/ns/void#inDataset": ["https://gdi-de.github.io/apworkshop2026/gdide_dataset"], "http://www.opengis.net/ont/geosparql#asWKT": ["POINT (13.433995 52.5115750368467)"], "http://www.opengis.net/ont/geosparql#inSRS": ["http://www.opengis.net/def/crs/EPSG/0/4326"], "http://www.w3.org/1999/02/22-rdf-syntax-ns#type": ["http://www.opengis.net/ont/sf#Point"], "http://www.w3.org/2000/01/rdf-schema#label": ["Geometry of 65"]}, "geometry": {"type": "Point", "coordinates": [13.433995, 52.5115750368467]}}, {"type": "Feature", "id": "https://gdi-de.github.io/apworkshop2026/25_geom", "name": "", "dateprops": [], "properties": {"http://rdfs.org/ns/void#inDataset": ["https://gdi-de.github.io/apworkshop2026/gdide_dataset"], "http://www.opengis.net/ont/geosparql#asWKT": ["POINT (13.526772 52.48207803687801)"], "http://www.opengis.net/ont/geosparql#inSRS": ["http://www.opengis.net/def/crs/EPSG/0/4326"], "http://www.w3.org/1999/02/22-rdf-syntax-ns#type": ["http://www.opengis.net/ont/sf#Point"], "http://www.w3.org/2000/01/rdf-schema#label": ["Geometry of 25"]}, "geometry": {"type": "Point", "coordinates": [13.526772, 52.48207803687801]}}, {"type": "Feature", "id": "https://gdi-de.github.io/apworkshop2026/119_geom", "name": "", "dateprops": [], "properties": {"http://rdfs.org/ns/void#inDataset": ["https://gdi-de.github.io/apworkshop2026/gdide_dataset"], "http://www.opengis.net/ont/geosparql#asWKT": ["POINT (13.720900000000293 52.439043036923415)"], "http://www.opengis.net/ont/geosparql#inSRS": ["http://www.opengis.net/def/crs/EPSG/0/4326"], "http://www.w3.org/1999/02/22-rdf-syntax-ns#type": ["http://www.opengis.net/ont/sf#Point"], "http://www.w3.org/2000/01/rdf-schema#label": ["Geometry of 119"]}, "geometry": {"type": "Point", "coordinates": [13.720900000000293, 52.439043036923415]}}, {"type": "Feature", "id": "https://gdi-de.github.io/apworkshop2026/179_geom", "name": "", "dateprops": [], "properties": {"http://rdfs.org/ns/void#inDataset": ["https://gdi-de.github.io/apworkshop2026/gdide_dataset"], "http://www.opengis.net/ont/geosparql#asWKT": ["POINT (13.482062 52.48925003687029)"], "http://www.opengis.net/ont/geosparql#inSRS": ["http://www.opengis.net/def/crs/EPSG/0/4326"], "http://www.w3.org/1999/02/22-rdf-syntax-ns#type": ["http://www.opengis.net/ont/sf#Point"], "http://www.w3.org/2000/01/rdf-schema#label": ["Geometry of 179"]}, "geometry": {"type": "Point", "coordinates": [13.482062, 52.48925003687029]}}, {"type": "Feature", "id": "https://gdi-de.github.io/apworkshop2026/6_geom", "name": "", "dateprops": [], "properties": {"http://rdfs.org/ns/void#inDataset": ["https://gdi-de.github.io/apworkshop2026/gdide_dataset"], "http://www.opengis.net/ont/geosparql#asWKT": ["POINT (13.418931 52.498567036860244)"], "http://www.opengis.net/ont/geosparql#inSRS": ["http://www.opengis.net/def/crs/EPSG/0/4326"], "http://www.w3.org/1999/02/22-rdf-syntax-ns#type": ["http://www.opengis.net/ont/sf#Point"], "http://www.w3.org/2000/01/rdf-schema#label": ["Geometry of 6"]}, "geometry": {"type": "Point", "coordinates": [13.418931, 52.498567036860244]}}, {"type": "Feature", "id": "https://gdi-de.github.io/apworkshop2026/87_geom", "name": "", "dateprops": [], "properties": {"http://rdfs.org/ns/void#inDataset": ["https://gdi-de.github.io/apworkshop2026/gdide_dataset"], "http://www.opengis.net/ont/geosparql#asWKT": ["POINT (13.460949 52.519905036838075)"], "http://www.opengis.net/ont/geosparql#inSRS": ["http://www.opengis.net/def/crs/EPSG/0/4326"], "http://www.w3.org/1999/02/22-rdf-syntax-ns#type": ["http://www.opengis.net/ont/sf#Point"], "http://www.w3.org/2000/01/rdf-schema#label": ["Geometry of 87"]}, "geometry": {"type": "Point", "coordinates": [13.460949, 52.519905036838075]}}, {"type": "Feature", "id": "https://gdi-de.github.io/apworkshop2026/124_geom", "name": "", "dateprops": [], "properties": {"http://rdfs.org/ns/void#inDataset": ["https://gdi-de.github.io/apworkshop2026/gdide_dataset"], "http://www.opengis.net/ont/geosparql#asWKT": ["POINT (13.39162 52.50098603685757)"], "http://www.opengis.net/ont/geosparql#inSRS": ["http://www.opengis.net/def/crs/EPSG/0/4326"], "http://www.w3.org/1999/02/22-rdf-syntax-ns#type": ["http://www.opengis.net/ont/sf#Point"], "http://www.w3.org/2000/01/rdf-schema#label": ["Geometry of 124"]}, "geometry": {"type": "Point", "coordinates": [13.39162, 52.50098603685757]}}, {"type": "Feature", "id": "https://gdi-de.github.io/apworkshop2026/187_geom", "name": "", "dateprops": [], "properties": {"http://rdfs.org/ns/void#inDataset": ["https://gdi-de.github.io/apworkshop2026/gdide_dataset"], "http://www.opengis.net/ont/geosparql#asWKT": ["POINT (13.431536 52.50046703685832)"], "http://www.opengis.net/ont/geosparql#inSRS": ["http://www.opengis.net/def/crs/EPSG/0/4326"], "http://www.w3.org/1999/02/22-rdf-syntax-ns#type": ["http://www.opengis.net/ont/sf#Point"], "http://www.w3.org/2000/01/rdf-schema#label": ["Geometry of 187"]}, "geometry": {"type": "Point", "coordinates": [13.431536, 52.50046703685832]}}, {"type": "Feature", "id": "https://gdi-de.github.io/apworkshop2026/240_geom", "name": "", "dateprops": [], "properties": {"http://rdfs.org/ns/void#inDataset": ["https://gdi-de.github.io/apworkshop2026/gdide_dataset"], "http://www.opengis.net/ont/geosparql#asWKT": ["POINT (13.230221999999591 52.44711403691253)"], "http://www.opengis.net/ont/geosparql#inSRS": ["http://www.opengis.net/def/crs/EPSG/0/4326"], "http://www.w3.org/1999/02/22-rdf-syntax-ns#type": ["http://www.opengis.net/ont/sf#Point"], "http://www.w3.org/2000/01/rdf-schema#label": ["Geometry of 240"]}, "geometry": {"type": "Point", "coordinates": [13.230221999999591, 52.44711403691253]}}, {"type": "Feature", "id": "https://gdi-de.github.io/apworkshop2026/134_geom", "name": "", "dateprops": [], "properties": {"http://rdfs.org/ns/void#inDataset": ["https://gdi-de.github.io/apworkshop2026/gdide_dataset"], "http://www.opengis.net/ont/geosparql#asWKT": ["POINT (13.397924 52.571048036783885)"], "http://www.opengis.net/ont/geosparql#inSRS": ["http://www.opengis.net/def/crs/EPSG/0/4326"], "http://www.w3.org/1999/02/22-rdf-syntax-ns#type": ["http://www.opengis.net/ont/sf#Point"], "http://www.w3.org/2000/01/rdf-schema#label": ["Geometry of 134"]}, "geometry": {"type": "Point", "coordinates": [13.397924, 52.571048036783885]}}, {"type": "Feature", "id": "https://gdi-de.github.io/apworkshop2026/138_geom", "name": "", "dateprops": [], "properties": {"http://rdfs.org/ns/void#inDataset": ["https://gdi-de.github.io/apworkshop2026/gdide_dataset"], "http://www.opengis.net/ont/geosparql#asWKT": ["POINT (13.446343 52.542012036814775)"], "http://www.opengis.net/ont/geosparql#inSRS": ["http://www.opengis.net/def/crs/EPSG/0/4326"], "http://www.w3.org/1999/02/22-rdf-syntax-ns#type": ["http://www.opengis.net/ont/sf#Point"], "http://www.w3.org/2000/01/rdf-schema#label": ["Geometry of 138"]}, "geometry": {"type": "Point", "coordinates": [13.446343, 52.542012036814775]}}, {"type": "Feature", "id": "https://gdi-de.github.io/apworkshop2026/93_geom", "name": "", "dateprops": [], "properties": {"http://rdfs.org/ns/void#inDataset": ["https://gdi-de.github.io/apworkshop2026/gdide_dataset"], "http://www.opengis.net/ont/geosparql#asWKT": ["POINT (13.312793999999752 52.44297303691761)"], "http://www.opengis.net/ont/geosparql#inSRS": ["http://www.opengis.net/def/crs/EPSG/0/4326"], "http://www.w3.org/1999/02/22-rdf-syntax-ns#type": ["http://www.opengis.net/ont/sf#Point"], "http://www.w3.org/2000/01/rdf-schema#label": ["Geometry of 93"]}, "geometry": {"type": "Point", "coordinates": [13.312793999999752, 52.44297303691761]}}, {"type": "Feature", "id": "https://gdi-de.github.io/apworkshop2026/141_geom", "name": "", "dateprops": [], "properties": {"http://rdfs.org/ns/void#inDataset": ["https://gdi-de.github.io/apworkshop2026/gdide_dataset"], "http://www.opengis.net/ont/geosparql#asWKT": ["POINT (13.240268999999591 52.44241203691755)"], "http://www.opengis.net/ont/geosparql#inSRS": ["http://www.opengis.net/def/crs/EPSG/0/4326"], "http://www.w3.org/1999/02/22-rdf-syntax-ns#type": ["http://www.opengis.net/ont/sf#Point"], "http://www.w3.org/2000/01/rdf-schema#label": ["Geometry of 141"]}, "geometry": {"type": "Point", "coordinates": [13.240268999999591, 52.44241203691755]}}, {"type": "Feature", "id": "https://gdi-de.github.io/apworkshop2026/169_geom", "name": "", "dateprops": [], "properties": {"http://rdfs.org/ns/void#inDataset": ["https://gdi-de.github.io/apworkshop2026/gdide_dataset"], "http://www.opengis.net/ont/geosparql#asWKT": ["POINT (13.498549 52.53547503682191)"], "http://www.opengis.net/ont/geosparql#inSRS": ["http://www.opengis.net/def/crs/EPSG/0/4326"], "http://www.w3.org/1999/02/22-rdf-syntax-ns#type": ["http://www.opengis.net/ont/sf#Point"], "http://www.w3.org/2000/01/rdf-schema#label": ["Geometry of 169"]}, "geometry": {"type": "Point", "coordinates": [13.498549, 52.53547503682191]}}, {"type": "Feature", "id": "https://gdi-de.github.io/apworkshop2026/15_geom", "name": "", "dateprops": [], "properties": {"http://rdfs.org/ns/void#inDataset": ["https://gdi-de.github.io/apworkshop2026/gdide_dataset"], "http://www.opengis.net/ont/geosparql#asWKT": ["POINT (13.273449999999668 52.5201430368366)"], "http://www.opengis.net/ont/geosparql#inSRS": ["http://www.opengis.net/def/crs/EPSG/0/4326"], "http://www.w3.org/1999/02/22-rdf-syntax-ns#type": ["http://www.opengis.net/ont/sf#Point"], "http://www.w3.org/2000/01/rdf-schema#label": ["Geometry of 15"]}, "geometry": {"type": "Point", "coordinates": [13.273449999999668, 52.5201430368366]}}, {"type": "Feature", "id": "https://gdi-de.github.io/apworkshop2026/110_geom", "name": "", "dateprops": [], "properties": {"http://rdfs.org/ns/void#inDataset": ["https://gdi-de.github.io/apworkshop2026/gdide_dataset"], "http://www.opengis.net/ont/geosparql#asWKT": ["POINT (13.439191 52.48945703686993)"], "http://www.opengis.net/ont/geosparql#inSRS": ["http://www.opengis.net/def/crs/EPSG/0/4326"], "http://www.w3.org/1999/02/22-rdf-syntax-ns#type": ["http://www.opengis.net/ont/sf#Point"], "http://www.w3.org/2000/01/rdf-schema#label": ["Geometry of 110"]}, "geometry": {"type": "Point", "coordinates": [13.439191, 52.48945703686993]}}, {"type": "Feature", "id": "https://gdi-de.github.io/apworkshop2026/81_geom", "name": "", "dateprops": [], "properties": {"http://rdfs.org/ns/void#inDataset": ["https://gdi-de.github.io/apworkshop2026/gdide_dataset"], "http://www.opengis.net/ont/geosparql#asWKT": ["POINT (13.317049999999785 52.43417503692676)"], "http://www.opengis.net/ont/geosparql#inSRS": ["http://www.opengis.net/def/crs/EPSG/0/4326"], "http://www.w3.org/1999/02/22-rdf-syntax-ns#type": ["http://www.opengis.net/ont/sf#Point"], "http://www.w3.org/2000/01/rdf-schema#label": ["Geometry of 81"]}, "geometry": {"type": "Point", "coordinates": [13.317049999999785, 52.43417503692676]}}, {"type": "Feature", "id": "https://gdi-de.github.io/apworkshop2026/123_geom", "name": "", "dateprops": [], "properties": {"http://rdfs.org/ns/void#inDataset": ["https://gdi-de.github.io/apworkshop2026/gdide_dataset"], "http://www.opengis.net/ont/geosparql#asWKT": ["POINT (13.314956999999788 52.49940703685871)"], "http://www.opengis.net/ont/geosparql#inSRS": ["http://www.opengis.net/def/crs/EPSG/0/4326"], "http://www.w3.org/1999/02/22-rdf-syntax-ns#type": ["http://www.opengis.net/ont/sf#Point"], "http://www.w3.org/2000/01/rdf-schema#label": ["Geometry of 123"]}, "geometry": {"type": "Point", "coordinates": [13.314956999999788, 52.49940703685871]}}, {"type": "Feature", "id": "https://gdi-de.github.io/apworkshop2026/94_geom", "name": "", "dateprops": [], "properties": {"http://rdfs.org/ns/void#inDataset": ["https://gdi-de.github.io/apworkshop2026/gdide_dataset"], "http://www.opengis.net/ont/geosparql#asWKT": ["POINT (13.257833999999646 52.43544403692496)"], "http://www.opengis.net/ont/geosparql#inSRS": ["http://www.opengis.net/def/crs/EPSG/0/4326"], "http://www.w3.org/1999/02/22-rdf-syntax-ns#type": ["http://www.opengis.net/ont/sf#Point"], "http://www.w3.org/2000/01/rdf-schema#label": ["Geometry of 94"]}, "geometry": {"type": "Point", "coordinates": [13.257833999999646, 52.43544403692496]}}, {"type": "Feature", "id": "https://gdi-de.github.io/apworkshop2026/111_geom", "name": "", "dateprops": [], "properties": {"http://rdfs.org/ns/void#inDataset": ["https://gdi-de.github.io/apworkshop2026/gdide_dataset"], "http://www.opengis.net/ont/geosparql#asWKT": ["POINT (13.422234 52.476613036883236)"], "http://www.opengis.net/ont/geosparql#inSRS": ["http://www.opengis.net/def/crs/EPSG/0/4326"], "http://www.w3.org/1999/02/22-rdf-syntax-ns#type": ["http://www.opengis.net/ont/sf#Point"], "http://www.w3.org/2000/01/rdf-schema#label": ["Geometry of 111"]}, "geometry": {"type": "Point", "coordinates": [13.422234, 52.476613036883236]}}, {"type": "Feature", "id": "https://gdi-de.github.io/apworkshop2026/17_geom", "name": "", "dateprops": [], "properties": {"http://rdfs.org/ns/void#inDataset": ["https://gdi-de.github.io/apworkshop2026/gdide_dataset"], "http://www.opengis.net/ont/geosparql#asWKT": ["POINT (13.30535799999974 52.45883403690102)"], "http://www.opengis.net/ont/geosparql#inSRS": ["http://www.opengis.net/def/crs/EPSG/0/4326"], "http://www.w3.org/1999/02/22-rdf-syntax-ns#type": ["http://www.opengis.net/ont/sf#Point"], "http://www.w3.org/2000/01/rdf-schema#label": ["Geometry of 17"]}, "geometry": {"type": "Point", "coordinates": [13.30535799999974, 52.45883403690102]}}, {"type": "Feature", "id": "https://gdi-de.github.io/apworkshop2026/34_geom", "name": "", "dateprops": [], "properties": {"http://rdfs.org/ns/void#inDataset": ["https://gdi-de.github.io/apworkshop2026/gdide_dataset"], "http://www.opengis.net/ont/geosparql#asWKT": ["POINT (13.499024 52.51021803684845)"], "http://www.opengis.net/ont/geosparql#inSRS": ["http://www.opengis.net/def/crs/EPSG/0/4326"], "http://www.w3.org/1999/02/22-rdf-syntax-ns#type": ["http://www.opengis.net/ont/sf#Point"], "http://www.w3.org/2000/01/rdf-schema#label": ["Geometry of 34"]}, "geometry": {"type": "Point", "coordinates": [13.499024, 52.51021803684845]}}, {"type": "Feature", "id": "https://gdi-de.github.io/apworkshop2026/232_geom", "name": "", "dateprops": [], "properties": {"http://rdfs.org/ns/void#inDataset": ["https://gdi-de.github.io/apworkshop2026/gdide_dataset"], "http://www.opengis.net/ont/geosparql#asWKT": ["POINT (13.336132999999803 52.52339103683365)"], "http://www.opengis.net/ont/geosparql#inSRS": ["http://www.opengis.net/def/crs/EPSG/0/4326"], "http://www.w3.org/1999/02/22-rdf-syntax-ns#type": ["http://www.opengis.net/ont/sf#Point"], "http://www.w3.org/2000/01/rdf-schema#label": ["Geometry of 232"]}, "geometry": {"type": "Point", "coordinates": [13.336132999999803, 52.52339103683365]}}, {"type": "Feature", "id": "https://gdi-de.github.io/apworkshop2026/235_geom", "name": "", "dateprops": [], "properties": {"http://rdfs.org/ns/void#inDataset": ["https://gdi-de.github.io/apworkshop2026/gdide_dataset"], "http://www.opengis.net/ont/geosparql#asWKT": ["POINT (13.241279999999664 52.51821403683832)"], "http://www.opengis.net/ont/geosparql#inSRS": ["http://www.opengis.net/def/crs/EPSG/0/4326"], "http://www.w3.org/1999/02/22-rdf-syntax-ns#type": ["http://www.opengis.net/ont/sf#Point"], "http://www.w3.org/2000/01/rdf-schema#label": ["Geometry of 235"]}, "geometry": {"type": "Point", "coordinates": [13.241279999999664, 52.51821403683832]}}, {"type": "Feature", "id": "https://gdi-de.github.io/apworkshop2026/46_geom", "name": "", "dateprops": [], "properties": {"http://rdfs.org/ns/void#inDataset": ["https://gdi-de.github.io/apworkshop2026/gdide_dataset"], "http://www.opengis.net/ont/geosparql#asWKT": ["POINT (13.431231 52.49311403686602)"], "http://www.opengis.net/ont/geosparql#inSRS": ["http://www.opengis.net/def/crs/EPSG/0/4326"], "http://www.w3.org/1999/02/22-rdf-syntax-ns#type": ["http://www.opengis.net/ont/sf#Point"], "http://www.w3.org/2000/01/rdf-schema#label": ["Geometry of 46"]}, "geometry": {"type": "Point", "coordinates": [13.431231, 52.49311403686602]}}, {"type": "Feature", "id": "https://gdi-de.github.io/apworkshop2026/43_geom", "name": "", "dateprops": [], "properties": {"http://rdfs.org/ns/void#inDataset": ["https://gdi-de.github.io/apworkshop2026/gdide_dataset"], "http://www.opengis.net/ont/geosparql#asWKT": ["POINT (13.274755999999703 52.58676103676643)"], "http://www.opengis.net/ont/geosparql#inSRS": ["http://www.opengis.net/def/crs/EPSG/0/4326"], "http://www.w3.org/1999/02/22-rdf-syntax-ns#type": ["http://www.opengis.net/ont/sf#Point"], "http://www.w3.org/2000/01/rdf-schema#label": ["Geometry of 43"]}, "geometry": {"type": "Point", "coordinates": [13.274755999999703, 52.58676103676643]}}, {"type": "Feature", "id": "https://gdi-de.github.io/apworkshop2026/182_geom", "name": "", "dateprops": [], "properties": {"http://rdfs.org/ns/void#inDataset": ["https://gdi-de.github.io/apworkshop2026/gdide_dataset"], "http://www.opengis.net/ont/geosparql#asWKT": ["POINT (13.478717 52.515136036843195)"], "http://www.opengis.net/ont/geosparql#inSRS": ["http://www.opengis.net/def/crs/EPSG/0/4326"], "http://www.w3.org/1999/02/22-rdf-syntax-ns#type": ["http://www.opengis.net/ont/sf#Point"], "http://www.w3.org/2000/01/rdf-schema#label": ["Geometry of 182"]}, "geometry": {"type": "Point", "coordinates": [13.478717, 52.515136036843195]}}, {"type": "Feature", "id": "https://gdi-de.github.io/apworkshop2026/31_geom", "name": "", "dateprops": [], "properties": {"http://rdfs.org/ns/void#inDataset": ["https://gdi-de.github.io/apworkshop2026/gdide_dataset"], "http://www.opengis.net/ont/geosparql#asWKT": ["POINT (13.625264000000161 52.45284303690888)"], "http://www.opengis.net/ont/geosparql#inSRS": ["http://www.opengis.net/def/crs/EPSG/0/4326"], "http://www.w3.org/1999/02/22-rdf-syntax-ns#type": ["http://www.opengis.net/ont/sf#Point"], "http://www.w3.org/2000/01/rdf-schema#label": ["Geometry of 31"]}, "geometry": {"type": "Point", "coordinates": [13.625264000000161, 52.45284303690888]}}, {"type": "Feature", "id": "https://gdi-de.github.io/apworkshop2026/228_geom", "name": "", "dateprops": [], "properties": {"http://rdfs.org/ns/void#inDataset": ["https://gdi-de.github.io/apworkshop2026/gdide_dataset"], "http://www.opengis.net/ont/geosparql#asWKT": ["POINT (13.52595700000014 52.403244036960075)"], "http://www.opengis.net/ont/geosparql#inSRS": ["http://www.opengis.net/def/crs/EPSG/0/4326"], "http://www.w3.org/1999/02/22-rdf-syntax-ns#type": ["http://www.opengis.net/ont/sf#Point"], "http://www.w3.org/2000/01/rdf-schema#label": ["Geometry of 228"]}, "geometry": {"type": "Point", "coordinates": [13.52595700000014, 52.403244036960075]}}, {"type": "Feature", "id": "https://gdi-de.github.io/apworkshop2026/190_geom", "name": "", "dateprops": [], "properties": {"http://rdfs.org/ns/void#inDataset": ["https://gdi-de.github.io/apworkshop2026/gdide_dataset"], "http://www.opengis.net/ont/geosparql#asWKT": ["POINT (13.402045 52.54310803681337)"], "http://www.opengis.net/ont/geosparql#inSRS": ["http://www.opengis.net/def/crs/EPSG/0/4326"], "http://www.w3.org/1999/02/22-rdf-syntax-ns#type": ["http://www.opengis.net/ont/sf#Point"], "http://www.w3.org/2000/01/rdf-schema#label": ["Geometry of 190"]}, "geometry": {"type": "Point", "coordinates": [13.402045, 52.54310803681337]}}, {"type": "Feature", "id": "https://gdi-de.github.io/apworkshop2026/180_geom", "name": "", "dateprops": [], "properties": {"http://rdfs.org/ns/void#inDataset": ["https://gdi-de.github.io/apworkshop2026/gdide_dataset"], "http://www.opengis.net/ont/geosparql#asWKT": ["POINT (13.415032 52.49495403686398)"], "http://www.opengis.net/ont/geosparql#inSRS": ["http://www.opengis.net/def/crs/EPSG/0/4326"], "http://www.w3.org/1999/02/22-rdf-syntax-ns#type": ["http://www.opengis.net/ont/sf#Point"], "http://www.w3.org/2000/01/rdf-schema#label": ["Geometry of 180"]}, "geometry": {"type": "Point", "coordinates": [13.415032, 52.49495403686398]}}, {"type": "Feature", "id": "https://gdi-de.github.io/apworkshop2026/21_geom", "name": "", "dateprops": [], "properties": {"http://rdfs.org/ns/void#inDataset": ["https://gdi-de.github.io/apworkshop2026/gdide_dataset"], "http://www.opengis.net/ont/geosparql#asWKT": ["POINT (13.210372999999553 52.477762036880364)"], "http://www.opengis.net/ont/geosparql#inSRS": ["http://www.opengis.net/def/crs/EPSG/0/4326"], "http://www.w3.org/1999/02/22-rdf-syntax-ns#type": ["http://www.opengis.net/ont/sf#Point"], "http://www.w3.org/2000/01/rdf-schema#label": ["Geometry of 21"]}, "geometry": {"type": "Point", "coordinates": [13.210372999999553, 52.477762036880364]}}, {"type": "Feature", "id": "https://gdi-de.github.io/apworkshop2026/76_geom", "name": "", "dateprops": [], "properties": {"http://rdfs.org/ns/void#inDataset": ["https://gdi-de.github.io/apworkshop2026/gdide_dataset"], "http://www.opengis.net/ont/geosparql#asWKT": ["POINT (13.25896399999968 52.43335603692719)"], "http://www.opengis.net/ont/geosparql#inSRS": ["http://www.opengis.net/def/crs/EPSG/0/4326"], "http://www.w3.org/1999/02/22-rdf-syntax-ns#type": ["http://www.opengis.net/ont/sf#Point"], "http://www.w3.org/2000/01/rdf-schema#label": ["Geometry of 76"]}, "geometry": {"type": "Point", "coordinates": [13.25896399999968, 52.43335603692719]}}, {"type": "Feature", "id": "https://gdi-de.github.io/apworkshop2026/85_geom", "name": "", "dateprops": [], "properties": {"http://rdfs.org/ns/void#inDataset": ["https://gdi-de.github.io/apworkshop2026/gdide_dataset"], "http://www.opengis.net/ont/geosparql#asWKT": ["POINT (13.335428999999879 52.53047603682624)"], "http://www.opengis.net/ont/geosparql#inSRS": ["http://www.opengis.net/def/crs/EPSG/0/4326"], "http://www.w3.org/1999/02/22-rdf-syntax-ns#type": ["http://www.opengis.net/ont/sf#Point"], "http://www.w3.org/2000/01/rdf-schema#label": ["Geometry of 85"]}, "geometry": {"type": "Point", "coordinates": [13.335428999999879, 52.53047603682624]}}, {"type": "Feature", "id": "https://gdi-de.github.io/apworkshop2026/220_geom", "name": "", "dateprops": [], "properties": {"http://rdfs.org/ns/void#inDataset": ["https://gdi-de.github.io/apworkshop2026/gdide_dataset"], "http://www.opengis.net/ont/geosparql#asWKT": ["POINT (13.334464999999831 52.517562036839806)"], "http://www.opengis.net/ont/geosparql#inSRS": ["http://www.opengis.net/def/crs/EPSG/0/4326"], "http://www.w3.org/1999/02/22-rdf-syntax-ns#type": ["http://www.opengis.net/ont/sf#Point"], "http://www.w3.org/2000/01/rdf-schema#label": ["Geometry of 220"]}, "geometry": {"type": "Point", "coordinates": [13.334464999999831, 52.517562036839806]}}, {"type": "Feature", "id": "https://gdi-de.github.io/apworkshop2026/112_geom", "name": "", "dateprops": [], "properties": {"http://rdfs.org/ns/void#inDataset": ["https://gdi-de.github.io/apworkshop2026/gdide_dataset"], "http://www.opengis.net/ont/geosparql#asWKT": ["POINT (13.39212 52.55543603680036)"], "http://www.opengis.net/ont/geosparql#inSRS": ["http://www.opengis.net/def/crs/EPSG/0/4326"], "http://www.w3.org/1999/02/22-rdf-syntax-ns#type": ["http://www.opengis.net/ont/sf#Point"], "http://www.w3.org/2000/01/rdf-schema#label": ["Geometry of 112"]}, "geometry": {"type": "Point", "coordinates": [13.39212, 52.55543603680036]}}, {"type": "Feature", "id": "https://gdi-de.github.io/apworkshop2026/18_geom", "name": "", "dateprops": [], "properties": {"http://rdfs.org/ns/void#inDataset": ["https://gdi-de.github.io/apworkshop2026/gdide_dataset"], "http://www.opengis.net/ont/geosparql#asWKT": ["POINT (13.265878999999718 52.57534703677839)"], "http://www.opengis.net/ont/geosparql#inSRS": ["http://www.opengis.net/def/crs/EPSG/0/4326"], "http://www.w3.org/1999/02/22-rdf-syntax-ns#type": ["http://www.opengis.net/ont/sf#Point"], "http://www.w3.org/2000/01/rdf-schema#label": ["Geometry of 18"]}, "geometry": {"type": "Point", "coordinates": [13.265878999999718, 52.57534703677839]}}, {"type": "Feature", "id": "https://gdi-de.github.io/apworkshop2026/100_geom", "name": "", "dateprops": [], "properties": {"http://rdfs.org/ns/void#inDataset": ["https://gdi-de.github.io/apworkshop2026/gdide_dataset"], "http://www.opengis.net/ont/geosparql#asWKT": ["POINT (13.322056999999768 52.45674403690334)"], "http://www.opengis.net/ont/geosparql#inSRS": ["http://www.opengis.net/def/crs/EPSG/0/4326"], "http://www.w3.org/1999/02/22-rdf-syntax-ns#type": ["http://www.opengis.net/ont/sf#Point"], "http://www.w3.org/2000/01/rdf-schema#label": ["Geometry of 100"]}, "geometry": {"type": "Point", "coordinates": [13.322056999999768, 52.45674403690334]}}, {"type": "Feature", "id": "https://gdi-de.github.io/apworkshop2026/99_geom", "name": "", "dateprops": [], "properties": {"http://rdfs.org/ns/void#inDataset": ["https://gdi-de.github.io/apworkshop2026/gdide_dataset"], "http://www.opengis.net/ont/geosparql#asWKT": ["POINT (13.435509 52.46981503689042)"], "http://www.opengis.net/ont/geosparql#inSRS": ["http://www.opengis.net/def/crs/EPSG/0/4326"], "http://www.w3.org/1999/02/22-rdf-syntax-ns#type": ["http://www.opengis.net/ont/sf#Point"], "http://www.w3.org/2000/01/rdf-schema#label": ["Geometry of 99"]}, "geometry": {"type": "Point", "coordinates": [13.435509, 52.46981503689042]}}, {"type": "Feature", "id": "https://gdi-de.github.io/apworkshop2026/49_geom", "name": "", "dateprops": [], "properties": {"http://rdfs.org/ns/void#inDataset": ["https://gdi-de.github.io/apworkshop2026/gdide_dataset"], "http://www.opengis.net/ont/geosparql#asWKT": ["POINT (13.483912 52.5022480368567)"], "http://www.opengis.net/ont/geosparql#inSRS": ["http://www.opengis.net/def/crs/EPSG/0/4326"], "http://www.w3.org/1999/02/22-rdf-syntax-ns#type": ["http://www.opengis.net/ont/sf#Point"], "http://www.w3.org/2000/01/rdf-schema#label": ["Geometry of 49"]}, "geometry": {"type": "Point", "coordinates": [13.483912, 52.5022480368567]}}, {"type": "Feature", "id": "https://gdi-de.github.io/apworkshop2026/210_geom", "name": "", "dateprops": [], "properties": {"http://rdfs.org/ns/void#inDataset": ["https://gdi-de.github.io/apworkshop2026/gdide_dataset"], "http://www.opengis.net/ont/geosparql#asWKT": ["POINT (13.423795 52.49924803685959)"], "http://www.opengis.net/ont/geosparql#inSRS": ["http://www.opengis.net/def/crs/EPSG/0/4326"], "http://www.w3.org/1999/02/22-rdf-syntax-ns#type": ["http://www.opengis.net/ont/sf#Point"], "http://www.w3.org/2000/01/rdf-schema#label": ["Geometry of 210"]}, "geometry": {"type": "Point", "coordinates": [13.423795, 52.49924803685959]}}, {"type": "Feature", "id": "https://gdi-de.github.io/apworkshop2026/131_geom", "name": "", "dateprops": [], "properties": {"http://rdfs.org/ns/void#inDataset": ["https://gdi-de.github.io/apworkshop2026/gdide_dataset"], "http://www.opengis.net/ont/geosparql#asWKT": ["POINT (13.396116 52.56890403678617)"], "http://www.opengis.net/ont/geosparql#inSRS": ["http://www.opengis.net/def/crs/EPSG/0/4326"], "http://www.w3.org/1999/02/22-rdf-syntax-ns#type": ["http://www.opengis.net/ont/sf#Point"], "http://www.w3.org/2000/01/rdf-schema#label": ["Geometry of 131"]}, "geometry": {"type": "Point", "coordinates": [13.396116, 52.56890403678617]}}, {"type": "Feature", "id": "https://gdi-de.github.io/apworkshop2026/78_geom", "name": "", "dateprops": [], "properties": {"http://rdfs.org/ns/void#inDataset": ["https://gdi-de.github.io/apworkshop2026/gdide_dataset"], "http://www.opengis.net/ont/geosparql#asWKT": ["POINT (13.318920999999838 52.48334303687551)"], "http://www.opengis.net/ont/geosparql#inSRS": ["http://www.opengis.net/def/crs/EPSG/0/4326"], "http://www.w3.org/1999/02/22-rdf-syntax-ns#type": ["http://www.opengis.net/ont/sf#Point"], "http://www.w3.org/2000/01/rdf-schema#label": ["Geometry of 78"]}, "geometry": {"type": "Point", "coordinates": [13.318920999999838, 52.48334303687551]}}, {"type": "Feature", "id": "https://gdi-de.github.io/apworkshop2026/30_geom", "name": "", "dateprops": [], "properties": {"http://rdfs.org/ns/void#inDataset": ["https://gdi-de.github.io/apworkshop2026/gdide_dataset"], "http://www.opengis.net/ont/geosparql#asWKT": ["POINT (13.526672 52.458639036902476)"], "http://www.opengis.net/ont/geosparql#inSRS": ["http://www.opengis.net/def/crs/EPSG/0/4326"], "http://www.w3.org/1999/02/22-rdf-syntax-ns#type": ["http://www.opengis.net/ont/sf#Point"], "http://www.w3.org/2000/01/rdf-schema#label": ["Geometry of 30"]}, "geometry": {"type": "Point", "coordinates": [13.526672, 52.458639036902476]}}, {"type": "Feature", "id": "https://gdi-de.github.io/apworkshop2026/216_geom", "name": "", "dateprops": [], "properties": {"http://rdfs.org/ns/void#inDataset": ["https://gdi-de.github.io/apworkshop2026/gdide_dataset"], "http://www.opengis.net/ont/geosparql#asWKT": ["POINT (13.291078999999714 52.5101850368472)"], "http://www.opengis.net/ont/geosparql#inSRS": ["http://www.opengis.net/def/crs/EPSG/0/4326"], "http://www.w3.org/1999/02/22-rdf-syntax-ns#type": ["http://www.opengis.net/ont/sf#Point"], "http://www.w3.org/2000/01/rdf-schema#label": ["Geometry of 216"]}, "geometry": {"type": "Point", "coordinates": [13.291078999999714, 52.5101850368472]}}, {"type": "Feature", "id": "https://gdi-de.github.io/apworkshop2026/185_geom", "name": "", "dateprops": [], "properties": {"http://rdfs.org/ns/void#inDataset": ["https://gdi-de.github.io/apworkshop2026/gdide_dataset"], "http://www.opengis.net/ont/geosparql#asWKT": ["POINT (13.35221999999988 52.54626003680978)"], "http://www.opengis.net/ont/geosparql#inSRS": ["http://www.opengis.net/def/crs/EPSG/0/4326"], "http://www.w3.org/1999/02/22-rdf-syntax-ns#type": ["http://www.opengis.net/ont/sf#Point"], "http://www.w3.org/2000/01/rdf-schema#label": ["Geometry of 185"]}, "geometry": {"type": "Point", "coordinates": [13.35221999999988, 52.54626003680978]}}, {"type": "Feature", "id": "https://gdi-de.github.io/apworkshop2026/160_geom", "name": "", "dateprops": [], "properties": {"http://rdfs.org/ns/void#inDataset": ["https://gdi-de.github.io/apworkshop2026/gdide_dataset"], "http://www.opengis.net/ont/geosparql#asWKT": ["POINT (13.206758999999524 52.54275903681216)"], "http://www.opengis.net/ont/geosparql#inSRS": ["http://www.opengis.net/def/crs/EPSG/0/4326"], "http://www.w3.org/1999/02/22-rdf-syntax-ns#type": ["http://www.opengis.net/ont/sf#Point"], "http://www.w3.org/2000/01/rdf-schema#label": ["Geometry of 160"]}, "geometry": {"type": "Point", "coordinates": [13.206758999999524, 52.54275903681216]}}, {"type": "Feature", "id": "https://gdi-de.github.io/apworkshop2026/133_geom", "name": "", "dateprops": [], "properties": {"http://rdfs.org/ns/void#inDataset": ["https://gdi-de.github.io/apworkshop2026/gdide_dataset"], "http://www.opengis.net/ont/geosparql#asWKT": ["POINT (13.30405399999978 52.52578603683091)"], "http://www.opengis.net/ont/geosparql#inSRS": ["http://www.opengis.net/def/crs/EPSG/0/4326"], "http://www.w3.org/1999/02/22-rdf-syntax-ns#type": ["http://www.opengis.net/ont/sf#Point"], "http://www.w3.org/2000/01/rdf-schema#label": ["Geometry of 133"]}, "geometry": {"type": "Point", "coordinates": [13.30405399999978, 52.52578603683091]}}, {"type": "Feature", "id": "https://gdi-de.github.io/apworkshop2026/101_geom", "name": "", "dateprops": [], "properties": {"http://rdfs.org/ns/void#inDataset": ["https://gdi-de.github.io/apworkshop2026/gdide_dataset"], "http://www.opengis.net/ont/geosparql#asWKT": ["POINT (13.324598999999798 52.461316036898566)"], "http://www.opengis.net/ont/geosparql#inSRS": ["http://www.opengis.net/def/crs/EPSG/0/4326"], "http://www.w3.org/1999/02/22-rdf-syntax-ns#type": ["http://www.opengis.net/ont/sf#Point"], "http://www.w3.org/2000/01/rdf-schema#label": ["Geometry of 101"]}, "geometry": {"type": "Point", "coordinates": [13.324598999999798, 52.461316036898566]}}, {"type": "Feature", "id": "https://gdi-de.github.io/apworkshop2026/144_geom", "name": "", "dateprops": [], "properties": {"http://rdfs.org/ns/void#inDataset": ["https://gdi-de.github.io/apworkshop2026/gdide_dataset"], "http://www.opengis.net/ont/geosparql#asWKT": ["POINT (13.420266 52.5520270368041)"], "http://www.opengis.net/ont/geosparql#inSRS": ["http://www.opengis.net/def/crs/EPSG/0/4326"], "http://www.w3.org/1999/02/22-rdf-syntax-ns#type": ["http://www.opengis.net/ont/sf#Point"], "http://www.w3.org/2000/01/rdf-schema#label": ["Geometry of 144"]}, "geometry": {"type": "Point", "coordinates": [13.420266, 52.5520270368041]}}, {"type": "Feature", "id": "https://gdi-de.github.io/apworkshop2026/200_geom", "name": "", "dateprops": [], "properties": {"http://rdfs.org/ns/void#inDataset": ["https://gdi-de.github.io/apworkshop2026/gdide_dataset"], "http://www.opengis.net/ont/geosparql#asWKT": ["POINT (13.484616 52.412293036950516)"], "http://www.opengis.net/ont/geosparql#inSRS": ["http://www.opengis.net/def/crs/EPSG/0/4326"], "http://www.w3.org/1999/02/22-rdf-syntax-ns#type": ["http://www.opengis.net/ont/sf#Point"], "http://www.w3.org/2000/01/rdf-schema#label": ["Geometry of 200"]}, "geometry": {"type": "Point", "coordinates": [13.484616, 52.412293036950516]}}, {"type": "Feature", "id": "https://gdi-de.github.io/apworkshop2026/206_geom", "name": "", "dateprops": [], "properties": {"http://rdfs.org/ns/void#inDataset": ["https://gdi-de.github.io/apworkshop2026/gdide_dataset"], "http://www.opengis.net/ont/geosparql#asWKT": ["POINT (13.279560999999687 52.536848036819094)"], "http://www.opengis.net/ont/geosparql#inSRS": ["http://www.opengis.net/def/crs/EPSG/0/4326"], "http://www.w3.org/1999/02/22-rdf-syntax-ns#type": ["http://www.opengis.net/ont/sf#Point"], "http://www.w3.org/2000/01/rdf-schema#label": ["Geometry of 206"]}, "geometry": {"type": "Point", "coordinates": [13.279560999999687, 52.536848036819094]}}, {"type": "Feature", "id": "https://gdi-de.github.io/apworkshop2026/58_geom", "name": "", "dateprops": [], "properties": {"http://rdfs.org/ns/void#inDataset": ["https://gdi-de.github.io/apworkshop2026/gdide_dataset"], "http://www.opengis.net/ont/geosparql#asWKT": ["POINT (13.386043 52.516737036841015)"], "http://www.opengis.net/ont/geosparql#inSRS": ["http://www.opengis.net/def/crs/EPSG/0/4326"], "http://www.w3.org/1999/02/22-rdf-syntax-ns#type": ["http://www.opengis.net/ont/sf#Point"], "http://www.w3.org/2000/01/rdf-schema#label": ["Geometry of 58"]}, "geometry": {"type": "Point", "coordinates": [13.386043, 52.516737036841015]}}, {"type": "Feature", "id": "https://gdi-de.github.io/apworkshop2026/242_geom", "name": "", "dateprops": [], "properties": {"http://rdfs.org/ns/void#inDataset": ["https://gdi-de.github.io/apworkshop2026/gdide_dataset"], "http://www.opengis.net/ont/geosparql#asWKT": ["POINT (13.378683 52.55832003679725)"], "http://www.opengis.net/ont/geosparql#inSRS": ["http://www.opengis.net/def/crs/EPSG/0/4326"], "http://www.w3.org/1999/02/22-rdf-syntax-ns#type": ["http://www.opengis.net/ont/sf#Point"], "http://www.w3.org/2000/01/rdf-schema#label": ["Geometry of 242"]}, "geometry": {"type": "Point", "coordinates": [13.378683, 52.55832003679725]}}, {"type": "Feature", "id": "https://gdi-de.github.io/apworkshop2026/9_geom", "name": "", "dateprops": [], "properties": {"http://rdfs.org/ns/void#inDataset": ["https://gdi-de.github.io/apworkshop2026/gdide_dataset"], "http://www.opengis.net/ont/geosparql#asWKT": ["POINT (13.410771 52.51549603684242)"], "http://www.opengis.net/ont/geosparql#inSRS": ["http://www.opengis.net/def/crs/EPSG/0/4326"], "http://www.w3.org/1999/02/22-rdf-syntax-ns#type": ["http://www.opengis.net/ont/sf#Point"], "http://www.w3.org/2000/01/rdf-schema#label": ["Geometry of 9"]}, "geometry": {"type": "Point", "coordinates": [13.410771, 52.51549603684242]}}, {"type": "Feature", "id": "https://gdi-de.github.io/apworkshop2026/193_geom", "name": "", "dateprops": [], "properties": {"http://rdfs.org/ns/void#inDataset": ["https://gdi-de.github.io/apworkshop2026/gdide_dataset"], "http://www.opengis.net/ont/geosparql#asWKT": ["POINT (13.453942 52.54640703681024)"], "http://www.opengis.net/ont/geosparql#inSRS": ["http://www.opengis.net/def/crs/EPSG/0/4326"], "http://www.w3.org/1999/02/22-rdf-syntax-ns#type": ["http://www.opengis.net/ont/sf#Point"], "http://www.w3.org/2000/01/rdf-schema#label": ["Geometry of 193"]}, "geometry": {"type": "Point", "coordinates": [13.453942, 52.54640703681024]}}, {"type": "Feature", "id": "https://gdi-de.github.io/apworkshop2026/98_geom", "name": "", "dateprops": [], "properties": {"http://rdfs.org/ns/void#inDataset": ["https://gdi-de.github.io/apworkshop2026/gdide_dataset"], "http://www.opengis.net/ont/geosparql#asWKT": ["POINT (13.43755 52.470041036890194)"], "http://www.opengis.net/ont/geosparql#inSRS": ["http://www.opengis.net/def/crs/EPSG/0/4326"], "http://www.w3.org/1999/02/22-rdf-syntax-ns#type": ["http://www.opengis.net/ont/sf#Point"], "http://www.w3.org/2000/01/rdf-schema#label": ["Geometry of 98"]}, "geometry": {"type": "Point", "coordinates": [13.43755, 52.470041036890194]}}, {"type": "Feature", "id": "https://gdi-de.github.io/apworkshop2026/125_geom", "name": "", "dateprops": [], "properties": {"http://rdfs.org/ns/void#inDataset": ["https://gdi-de.github.io/apworkshop2026/gdide_dataset"], "http://www.opengis.net/ont/geosparql#asWKT": ["POINT (13.206146999999575 52.53869503681648)"], "http://www.opengis.net/ont/geosparql#inSRS": ["http://www.opengis.net/def/crs/EPSG/0/4326"], "http://www.w3.org/1999/02/22-rdf-syntax-ns#type": ["http://www.opengis.net/ont/sf#Point"], "http://www.w3.org/2000/01/rdf-schema#label": ["Geometry of 125"]}, "geometry": {"type": "Point", "coordinates": [13.206146999999575, 52.53869503681648]}}, {"type": "Feature", "id": "https://gdi-de.github.io/apworkshop2026/95_geom", "name": "", "dateprops": [], "properties": {"http://rdfs.org/ns/void#inDataset": ["https://gdi-de.github.io/apworkshop2026/gdide_dataset"], "http://www.opengis.net/ont/geosparql#asWKT": ["POINT (13.319598999999766 52.48934903686922)"], "http://www.opengis.net/ont/geosparql#inSRS": ["http://www.opengis.net/def/crs/EPSG/0/4326"], "http://www.w3.org/1999/02/22-rdf-syntax-ns#type": ["http://www.opengis.net/ont/sf#Point"], "http://www.w3.org/2000/01/rdf-schema#label": ["Geometry of 95"]}, "geometry": {"type": "Point", "coordinates": [13.319598999999766, 52.48934903686922]}}, {"type": "Feature", "id": "https://gdi-de.github.io/apworkshop2026/120_geom", "name": "", "dateprops": [], "properties": {"http://rdfs.org/ns/void#inDataset": ["https://gdi-de.github.io/apworkshop2026/gdide_dataset"], "http://www.opengis.net/ont/geosparql#asWKT": ["POINT (13.418305 52.53670303682022)"], "http://www.opengis.net/ont/geosparql#inSRS": ["http://www.opengis.net/def/crs/EPSG/0/4326"], "http://www.w3.org/1999/02/22-rdf-syntax-ns#type": ["http://www.opengis.net/ont/sf#Point"], "http://www.w3.org/2000/01/rdf-schema#label": ["Geometry of 120"]}, "geometry": {"type": "Point", "coordinates": [13.418305, 52.53670303682022]}}, {"type": "Feature", "id": "https://gdi-de.github.io/apworkshop2026/128_geom", "name": "", "dateprops": [], "properties": {"http://rdfs.org/ns/void#inDataset": ["https://gdi-de.github.io/apworkshop2026/gdide_dataset"], "http://www.opengis.net/ont/geosparql#asWKT": ["POINT (13.519056 52.56712103678863)"], "http://www.opengis.net/ont/geosparql#inSRS": ["http://www.opengis.net/def/crs/EPSG/0/4326"], "http://www.w3.org/1999/02/22-rdf-syntax-ns#type": ["http://www.opengis.net/ont/sf#Point"], "http://www.w3.org/2000/01/rdf-schema#label": ["Geometry of 128"]}, "geometry": {"type": "Point", "coordinates": [13.519056, 52.56712103678863]}}, {"type": "Feature", "id": "https://gdi-de.github.io/apworkshop2026/213_geom", "name": "", "dateprops": [], "properties": {"http://rdfs.org/ns/void#inDataset": ["https://gdi-de.github.io/apworkshop2026/gdide_dataset"], "http://www.opengis.net/ont/geosparql#asWKT": ["POINT (13.437703 52.46298003689755)"], "http://www.opengis.net/ont/geosparql#inSRS": ["http://www.opengis.net/def/crs/EPSG/0/4326"], "http://www.w3.org/1999/02/22-rdf-syntax-ns#type": ["http://www.opengis.net/ont/sf#Point"], "http://www.w3.org/2000/01/rdf-schema#label": ["Geometry of 213"]}, "geometry": {"type": "Point", "coordinates": [13.437703, 52.46298003689755]}}, {"type": "Feature", "id": "https://gdi-de.github.io/apworkshop2026/203_geom", "name": "", "dateprops": [], "properties": {"http://rdfs.org/ns/void#inDataset": ["https://gdi-de.github.io/apworkshop2026/gdide_dataset"], "http://www.opengis.net/ont/geosparql#asWKT": ["POINT (13.534770000000131 52.464268036896655)"], "http://www.opengis.net/ont/geosparql#inSRS": ["http://www.opengis.net/def/crs/EPSG/0/4326"], "http://www.w3.org/1999/02/22-rdf-syntax-ns#type": ["http://www.opengis.net/ont/sf#Point"], "http://www.w3.org/2000/01/rdf-schema#label": ["Geometry of 203"]}, "geometry": {"type": "Point", "coordinates": [13.534770000000131, 52.464268036896655]}}, {"type": "Feature", "id": "https://gdi-de.github.io/apworkshop2026/32_geom", "name": "", "dateprops": [], "properties": {"http://rdfs.org/ns/void#inDataset": ["https://gdi-de.github.io/apworkshop2026/gdide_dataset"], "http://www.opengis.net/ont/geosparql#asWKT": ["POINT (13.346287999999841 52.526704036830296)"], "http://www.opengis.net/ont/geosparql#inSRS": ["http://www.opengis.net/def/crs/EPSG/0/4326"], "http://www.w3.org/1999/02/22-rdf-syntax-ns#type": ["http://www.opengis.net/ont/sf#Point"], "http://www.w3.org/2000/01/rdf-schema#label": ["Geometry of 32"]}, "geometry": {"type": "Point", "coordinates": [13.346287999999841, 52.526704036830296]}}, {"type": "Feature", "id": "https://gdi-de.github.io/apworkshop2026/126_geom", "name": "", "dateprops": [], "properties": {"http://rdfs.org/ns/void#inDataset": ["https://gdi-de.github.io/apworkshop2026/gdide_dataset"], "http://www.opengis.net/ont/geosparql#asWKT": ["POINT (13.508135000000122 52.40675203695632)"], "http://www.opengis.net/ont/geosparql#inSRS": ["http://www.opengis.net/def/crs/EPSG/0/4326"], "http://www.w3.org/1999/02/22-rdf-syntax-ns#type": ["http://www.opengis.net/ont/sf#Point"], "http://www.w3.org/2000/01/rdf-schema#label": ["Geometry of 126"]}, "geometry": {"type": "Point", "coordinates": [13.508135000000122, 52.40675203695632]}}, {"type": "Feature", "id": "https://gdi-de.github.io/apworkshop2026/38_geom", "name": "", "dateprops": [], "properties": {"http://rdfs.org/ns/void#inDataset": ["https://gdi-de.github.io/apworkshop2026/gdide_dataset"], "http://www.opengis.net/ont/geosparql#asWKT": ["POINT (13.387266 52.549126036806925)"], "http://www.opengis.net/ont/geosparql#inSRS": ["http://www.opengis.net/def/crs/EPSG/0/4326"], "http://www.w3.org/1999/02/22-rdf-syntax-ns#type": ["http://www.opengis.net/ont/sf#Point"], "http://www.w3.org/2000/01/rdf-schema#label": ["Geometry of 38"]}, "geometry": {"type": "Point", "coordinates": [13.387266, 52.549126036806925]}}, {"type": "Feature", "id": "https://gdi-de.github.io/apworkshop2026/105_geom", "name": "", "dateprops": [], "properties": {"http://rdfs.org/ns/void#inDataset": ["https://gdi-de.github.io/apworkshop2026/gdide_dataset"], "http://www.opengis.net/ont/geosparql#asWKT": ["POINT (13.444908 52.517209036840846)"], "http://www.opengis.net/ont/geosparql#inSRS": ["http://www.opengis.net/def/crs/EPSG/0/4326"], "http://www.w3.org/1999/02/22-rdf-syntax-ns#type": ["http://www.opengis.net/ont/sf#Point"], "http://www.w3.org/2000/01/rdf-schema#label": ["Geometry of 105"]}, "geometry": {"type": "Point", "coordinates": [13.444908, 52.517209036840846]}}, {"type": "Feature", "id": "https://gdi-de.github.io/apworkshop2026/121_geom", "name": "", "dateprops": [], "properties": {"http://rdfs.org/ns/void#inDataset": ["https://gdi-de.github.io/apworkshop2026/gdide_dataset"], "http://www.opengis.net/ont/geosparql#asWKT": ["POINT (13.422361 52.54435303681216)"], "http://www.opengis.net/ont/geosparql#inSRS": ["http://www.opengis.net/def/crs/EPSG/0/4326"], "http://www.w3.org/1999/02/22-rdf-syntax-ns#type": ["http://www.opengis.net/ont/sf#Point"], "http://www.w3.org/2000/01/rdf-schema#label": ["Geometry of 121"]}, "geometry": {"type": "Point", "coordinates": [13.422361, 52.54435303681216]}}, {"type": "Feature", "id": "https://gdi-de.github.io/apworkshop2026/55_geom", "name": "", "dateprops": [], "properties": {"http://rdfs.org/ns/void#inDataset": ["https://gdi-de.github.io/apworkshop2026/gdide_dataset"], "http://www.opengis.net/ont/geosparql#asWKT": ["POINT (13.380463 52.525697036831595)"], "http://www.opengis.net/ont/geosparql#inSRS": ["http://www.opengis.net/def/crs/EPSG/0/4326"], "http://www.w3.org/1999/02/22-rdf-syntax-ns#type": ["http://www.opengis.net/ont/sf#Point"], "http://www.w3.org/2000/01/rdf-schema#label": ["Geometry of 55"]}, "geometry": {"type": "Point", "coordinates": [13.380463, 52.525697036831595]}}, {"type": "Feature", "id": "https://gdi-de.github.io/apworkshop2026/2_geom", "name": "", "dateprops": [], "properties": {"http://rdfs.org/ns/void#inDataset": ["https://gdi-de.github.io/apworkshop2026/gdide_dataset"], "http://www.opengis.net/ont/geosparql#asWKT": ["POINT (13.415048 52.431351036930394)"], "http://www.opengis.net/ont/geosparql#inSRS": ["http://www.opengis.net/def/crs/EPSG/0/4326"], "http://www.w3.org/1999/02/22-rdf-syntax-ns#type": ["http://www.opengis.net/ont/sf#Point"], "http://www.w3.org/2000/01/rdf-schema#label": ["Geometry of 2"]}, "geometry": {"type": "Point", "coordinates": [13.415048, 52.431351036930394]}}, {"type": "Feature", "id": "https://gdi-de.github.io/apworkshop2026/97_geom", "name": "", "dateprops": [], "properties": {"http://rdfs.org/ns/void#inDataset": ["https://gdi-de.github.io/apworkshop2026/gdide_dataset"], "http://www.opengis.net/ont/geosparql#asWKT": ["POINT (13.43812 52.47209103688806)"], "http://www.opengis.net/ont/geosparql#inSRS": ["http://www.opengis.net/def/crs/EPSG/0/4326"], "http://www.w3.org/1999/02/22-rdf-syntax-ns#type": ["http://www.opengis.net/ont/sf#Point"], "http://www.w3.org/2000/01/rdf-schema#label": ["Geometry of 97"]}, "geometry": {"type": "Point", "coordinates": [13.43812, 52.47209103688806]}}, {"type": "Feature", "id": "https://gdi-de.github.io/apworkshop2026/221_geom", "name": "", "dateprops": [], "properties": {"http://rdfs.org/ns/void#inDataset": ["https://gdi-de.github.io/apworkshop2026/gdide_dataset"], "http://www.opengis.net/ont/geosparql#asWKT": ["POINT (13.309488999999768 52.473275036885994)"], "http://www.opengis.net/ont/geosparql#inSRS": ["http://www.opengis.net/def/crs/EPSG/0/4326"], "http://www.w3.org/1999/02/22-rdf-syntax-ns#type": ["http://www.opengis.net/ont/sf#Point"], "http://www.w3.org/2000/01/rdf-schema#label": ["Geometry of 221"]}, "geometry": {"type": "Point", "coordinates": [13.309488999999768, 52.473275036885994]}}, {"type": "Feature", "id": "https://gdi-de.github.io/apworkshop2026/224_geom", "name": "", "dateprops": [], "properties": {"http://rdfs.org/ns/void#inDataset": ["https://gdi-de.github.io/apworkshop2026/gdide_dataset"], "http://www.opengis.net/ont/geosparql#asWKT": ["POINT (13.34903099999988 52.456734036903526)"], "http://www.opengis.net/ont/geosparql#inSRS": ["http://www.opengis.net/def/crs/EPSG/0/4326"], "http://www.w3.org/1999/02/22-rdf-syntax-ns#type": ["http://www.opengis.net/ont/sf#Point"], "http://www.w3.org/2000/01/rdf-schema#label": ["Geometry of 224"]}, "geometry": {"type": "Point", "coordinates": [13.34903099999988, 52.456734036903526]}}, {"type": "Feature", "id": "https://gdi-de.github.io/apworkshop2026/92_geom", "name": "", "dateprops": [], "properties": {"http://rdfs.org/ns/void#inDataset": ["https://gdi-de.github.io/apworkshop2026/gdide_dataset"], "http://www.opengis.net/ont/geosparql#asWKT": ["POINT (13.395851 52.489007036870106)"], "http://www.opengis.net/ont/geosparql#inSRS": ["http://www.opengis.net/def/crs/EPSG/0/4326"], "http://www.w3.org/1999/02/22-rdf-syntax-ns#type": ["http://www.opengis.net/ont/sf#Point"], "http://www.w3.org/2000/01/rdf-schema#label": ["Geometry of 92"]}, "geometry": {"type": "Point", "coordinates": [13.395851, 52.489007036870106]}}, {"type": "Feature", "id": "https://gdi-de.github.io/apworkshop2026/184_geom", "name": "", "dateprops": [], "properties": {"http://rdfs.org/ns/void#inDataset": ["https://gdi-de.github.io/apworkshop2026/gdide_dataset"], "http://www.opengis.net/ont/geosparql#asWKT": ["POINT (13.306169999999792 52.60183103675072)"], "http://www.opengis.net/ont/geosparql#inSRS": ["http://www.opengis.net/def/crs/EPSG/0/4326"], "http://www.w3.org/1999/02/22-rdf-syntax-ns#type": ["http://www.opengis.net/ont/sf#Point"], "http://www.w3.org/2000/01/rdf-schema#label": ["Geometry of 184"]}, "geometry": {"type": "Point", "coordinates": [13.306169999999792, 52.60183103675072]}}, {"type": "Feature", "id": "https://gdi-de.github.io/apworkshop2026/191_geom", "name": "", "dateprops": [], "properties": {"http://rdfs.org/ns/void#inDataset": ["https://gdi-de.github.io/apworkshop2026/gdide_dataset"], "http://www.opengis.net/ont/geosparql#asWKT": ["POINT (13.49255 52.54820703680849)"], "http://www.opengis.net/ont/geosparql#inSRS": ["http://www.opengis.net/def/crs/EPSG/0/4326"], "http://www.w3.org/1999/02/22-rdf-syntax-ns#type": ["http://www.opengis.net/ont/sf#Point"], "http://www.w3.org/2000/01/rdf-schema#label": ["Geometry of 191"]}, "geometry": {"type": "Point", "coordinates": [13.49255, 52.54820703680849]}}, {"type": "Feature", "id": "https://gdi-de.github.io/apworkshop2026/177_geom", "name": "", "dateprops": [], "properties": {"http://rdfs.org/ns/void#inDataset": ["https://gdi-de.github.io/apworkshop2026/gdide_dataset"], "http://www.opengis.net/ont/geosparql#asWKT": ["POINT (13.198131999999557 52.55517803679902)"], "http://www.opengis.net/ont/geosparql#inSRS": ["http://www.opengis.net/def/crs/EPSG/0/4326"], "http://www.w3.org/1999/02/22-rdf-syntax-ns#type": ["http://www.opengis.net/ont/sf#Point"], "http://www.w3.org/2000/01/rdf-schema#label": ["Geometry of 177"]}, "geometry": {"type": "Point", "coordinates": [13.198131999999557, 52.55517803679902]}}, {"type": "Feature", "id": "https://gdi-de.github.io/apworkshop2026/155_geom", "name": "", "dateprops": [], "properties": {"http://rdfs.org/ns/void#inDataset": ["https://gdi-de.github.io/apworkshop2026/gdide_dataset"], "http://www.opengis.net/ont/geosparql#asWKT": ["POINT (13.486094 52.511338036847256)"], "http://www.opengis.net/ont/geosparql#inSRS": ["http://www.opengis.net/def/crs/EPSG/0/4326"], "http://www.w3.org/1999/02/22-rdf-syntax-ns#type": ["http://www.opengis.net/ont/sf#Point"], "http://www.w3.org/2000/01/rdf-schema#label": ["Geometry of 155"]}, "geometry": {"type": "Point", "coordinates": [13.486094, 52.511338036847256]}}, {"type": "Feature", "id": "https://gdi-de.github.io/apworkshop2026/157_geom", "name": "", "dateprops": [], "properties": {"http://rdfs.org/ns/void#inDataset": ["https://gdi-de.github.io/apworkshop2026/gdide_dataset"], "http://www.opengis.net/ont/geosparql#asWKT": ["POINT (13.510869000000131 52.491993036867584)"], "http://www.opengis.net/ont/geosparql#inSRS": ["http://www.opengis.net/def/crs/EPSG/0/4326"], "http://www.w3.org/1999/02/22-rdf-syntax-ns#type": ["http://www.opengis.net/ont/sf#Point"], "http://www.w3.org/2000/01/rdf-schema#label": ["Geometry of 157"]}, "geometry": {"type": "Point", "coordinates": [13.510869000000131, 52.491993036867584]}}, {"type": "Feature", "id": "https://gdi-de.github.io/apworkshop2026/33_geom", "name": "", "dateprops": [], "properties": {"http://rdfs.org/ns/void#inDataset": ["https://gdi-de.github.io/apworkshop2026/gdide_dataset"], "http://www.opengis.net/ont/geosparql#asWKT": ["POINT (13.548048000000103 52.46211803689896)"], "http://www.opengis.net/ont/geosparql#inSRS": ["http://www.opengis.net/def/crs/EPSG/0/4326"], "http://www.w3.org/1999/02/22-rdf-syntax-ns#type": ["http://www.opengis.net/ont/sf#Point"], "http://www.w3.org/2000/01/rdf-schema#label": ["Geometry of 33"]}, "geometry": {"type": "Point", "coordinates": [13.548048000000103, 52.46211803689896]}}, {"type": "Feature", "id": "https://gdi-de.github.io/apworkshop2026/47_geom", "name": "", "dateprops": [], "properties": {"http://rdfs.org/ns/void#inDataset": ["https://gdi-de.github.io/apworkshop2026/gdide_dataset"], "http://www.opengis.net/ont/geosparql#asWKT": ["POINT (13.48709700000011 52.50130903685772)"], "http://www.opengis.net/ont/geosparql#inSRS": ["http://www.opengis.net/def/crs/EPSG/0/4326"], "http://www.w3.org/1999/02/22-rdf-syntax-ns#type": ["http://www.opengis.net/ont/sf#Point"], "http://www.w3.org/2000/01/rdf-schema#label": ["Geometry of 47"]}, "geometry": {"type": "Point", "coordinates": [13.48709700000011, 52.50130903685772]}}, {"type": "Feature", "id": "https://gdi-de.github.io/apworkshop2026/90_geom", "name": "", "dateprops": [], "properties": {"http://rdfs.org/ns/void#inDataset": ["https://gdi-de.github.io/apworkshop2026/gdide_dataset"], "http://www.opengis.net/ont/geosparql#asWKT": ["POINT (13.451041 52.54870303680779)"], "http://www.opengis.net/ont/geosparql#inSRS": ["http://www.opengis.net/def/crs/EPSG/0/4326"], "http://www.w3.org/1999/02/22-rdf-syntax-ns#type": ["http://www.opengis.net/ont/sf#Point"], "http://www.w3.org/2000/01/rdf-schema#label": ["Geometry of 90"]}, "geometry": {"type": "Point", "coordinates": [13.451041, 52.54870303680779]}}, {"type": "Feature", "id": "https://gdi-de.github.io/apworkshop2026/102_geom", "name": "", "dateprops": [], "properties": {"http://rdfs.org/ns/void#inDataset": ["https://gdi-de.github.io/apworkshop2026/gdide_dataset"], "http://www.opengis.net/ont/geosparql#asWKT": ["POINT (13.478319 52.51906203683903)"], "http://www.opengis.net/ont/geosparql#inSRS": ["http://www.opengis.net/def/crs/EPSG/0/4326"], "http://www.w3.org/1999/02/22-rdf-syntax-ns#type": ["http://www.opengis.net/ont/sf#Point"], "http://www.w3.org/2000/01/rdf-schema#label": ["Geometry of 102"]}, "geometry": {"type": "Point", "coordinates": [13.478319, 52.51906203683903]}}, {"type": "Feature", "id": "https://gdi-de.github.io/apworkshop2026/12_geom", "name": "", "dateprops": [], "properties": {"http://rdfs.org/ns/void#inDataset": ["https://gdi-de.github.io/apworkshop2026/gdide_dataset"], "http://www.opengis.net/ont/geosparql#asWKT": ["POINT (13.286386999999733 52.59001003676306)"], "http://www.opengis.net/ont/geosparql#inSRS": ["http://www.opengis.net/def/crs/EPSG/0/4326"], "http://www.w3.org/1999/02/22-rdf-syntax-ns#type": ["http://www.opengis.net/ont/sf#Point"], "http://www.w3.org/2000/01/rdf-schema#label": ["Geometry of 12"]}, "geometry": {"type": "Point", "coordinates": [13.286386999999733, 52.59001003676306]}}, {"type": "Feature", "id": "https://gdi-de.github.io/apworkshop2026/170_geom", "name": "", "dateprops": [], "properties": {"http://rdfs.org/ns/void#inDataset": ["https://gdi-de.github.io/apworkshop2026/gdide_dataset"], "http://www.opengis.net/ont/geosparql#asWKT": ["POINT (13.475479 52.52617103683158)"], "http://www.opengis.net/ont/geosparql#inSRS": ["http://www.opengis.net/def/crs/EPSG/0/4326"], "http://www.w3.org/1999/02/22-rdf-syntax-ns#type": ["http://www.opengis.net/ont/sf#Point"], "http://www.w3.org/2000/01/rdf-schema#label": ["Geometry of 170"]}, "geometry": {"type": "Point", "coordinates": [13.475479, 52.52617103683158]}}, {"type": "Feature", "id": "https://gdi-de.github.io/apworkshop2026/14_geom", "name": "", "dateprops": [], "properties": {"http://rdfs.org/ns/void#inDataset": ["https://gdi-de.github.io/apworkshop2026/gdide_dataset"], "http://www.opengis.net/ont/geosparql#asWKT": ["POINT (13.205999999999545 52.546250036808544)"], "http://www.opengis.net/ont/geosparql#inSRS": ["http://www.opengis.net/def/crs/EPSG/0/4326"], "http://www.w3.org/1999/02/22-rdf-syntax-ns#type": ["http://www.opengis.net/ont/sf#Point"], "http://www.w3.org/2000/01/rdf-schema#label": ["Geometry of 14"]}, "geometry": {"type": "Point", "coordinates": [13.205999999999545, 52.546250036808544]}}, {"type": "Feature", "id": "https://gdi-de.github.io/apworkshop2026/27_geom", "name": "", "dateprops": [], "properties": {"http://rdfs.org/ns/void#inDataset": ["https://gdi-de.github.io/apworkshop2026/gdide_dataset"], "http://www.opengis.net/ont/geosparql#asWKT": ["POINT (13.342750999999895 52.52553703683148)"], "http://www.opengis.net/ont/geosparql#inSRS": ["http://www.opengis.net/def/crs/EPSG/0/4326"], "http://www.w3.org/1999/02/22-rdf-syntax-ns#type": ["http://www.opengis.net/ont/sf#Point"], "http://www.w3.org/2000/01/rdf-schema#label": ["Geometry of 27"]}, "geometry": {"type": "Point", "coordinates": [13.342750999999895, 52.52553703683148]}}, {"type": "Feature", "id": "https://gdi-de.github.io/apworkshop2026/178_geom", "name": "", "dateprops": [], "properties": {"http://rdfs.org/ns/void#inDataset": ["https://gdi-de.github.io/apworkshop2026/gdide_dataset"], "http://www.opengis.net/ont/geosparql#asWKT": ["POINT (13.400291 52.386558036976716)"], "http://www.opengis.net/ont/geosparql#inSRS": ["http://www.opengis.net/def/crs/EPSG/0/4326"], "http://www.w3.org/1999/02/22-rdf-syntax-ns#type": ["http://www.opengis.net/ont/sf#Point"], "http://www.w3.org/2000/01/rdf-schema#label": ["Geometry of 178"]}, "geometry": {"type": "Point", "coordinates": [13.400291, 52.386558036976716]}}, {"type": "Feature", "id": "https://gdi-de.github.io/apworkshop2026/44_geom", "name": "", "dateprops": [], "properties": {"http://rdfs.org/ns/void#inDataset": ["https://gdi-de.github.io/apworkshop2026/gdide_dataset"], "http://www.opengis.net/ont/geosparql#asWKT": ["POINT (13.448724 52.511354036847024)"], "http://www.opengis.net/ont/geosparql#inSRS": ["http://www.opengis.net/def/crs/EPSG/0/4326"], "http://www.w3.org/1999/02/22-rdf-syntax-ns#type": ["http://www.opengis.net/ont/sf#Point"], "http://www.w3.org/2000/01/rdf-schema#label": ["Geometry of 44"]}, "geometry": {"type": "Point", "coordinates": [13.448724, 52.511354036847024]}}, {"type": "Feature", "id": "https://gdi-de.github.io/apworkshop2026/108_geom", "name": "", "dateprops": [], "properties": {"http://rdfs.org/ns/void#inDataset": ["https://gdi-de.github.io/apworkshop2026/gdide_dataset"], "http://www.opengis.net/ont/geosparql#asWKT": ["POINT (13.442812 52.51604703684203)"], "http://www.opengis.net/ont/geosparql#inSRS": ["http://www.opengis.net/def/crs/EPSG/0/4326"], "http://www.w3.org/1999/02/22-rdf-syntax-ns#type": ["http://www.opengis.net/ont/sf#Point"], "http://www.w3.org/2000/01/rdf-schema#label": ["Geometry of 108"]}, "geometry": {"type": "Point", "coordinates": [13.442812, 52.51604703684203]}}, {"type": "Feature", "id": "https://gdi-de.github.io/apworkshop2026/86_geom", "name": "", "dateprops": [], "properties": {"http://rdfs.org/ns/void#inDataset": ["https://gdi-de.github.io/apworkshop2026/gdide_dataset"], "http://www.opengis.net/ont/geosparql#asWKT": ["POINT (13.198918999999517 52.53605103681916)"], "http://www.opengis.net/ont/geosparql#inSRS": ["http://www.opengis.net/def/crs/EPSG/0/4326"], "http://www.w3.org/1999/02/22-rdf-syntax-ns#type": ["http://www.opengis.net/ont/sf#Point"], "http://www.w3.org/2000/01/rdf-schema#label": ["Geometry of 86"]}, "geometry": {"type": "Point", "coordinates": [13.198918999999517, 52.53605103681916]}}, {"type": "Feature", "id": "https://gdi-de.github.io/apworkshop2026/89_geom", "name": "", "dateprops": [], "properties": {"http://rdfs.org/ns/void#inDataset": ["https://gdi-de.github.io/apworkshop2026/gdide_dataset"], "http://www.opengis.net/ont/geosparql#asWKT": ["POINT (13.306366999999737 52.50782003684983)"], "http://www.opengis.net/ont/geosparql#inSRS": ["http://www.opengis.net/def/crs/EPSG/0/4326"], "http://www.w3.org/1999/02/22-rdf-syntax-ns#type": ["http://www.opengis.net/ont/sf#Point"], "http://www.w3.org/2000/01/rdf-schema#label": ["Geometry of 89"]}, "geometry": {"type": "Point", "coordinates": [13.306366999999737, 52.50782003684983]}}, {"type": "Feature", "id": "https://gdi-de.github.io/apworkshop2026/54_geom", "name": "", "dateprops": [], "properties": {"http://rdfs.org/ns/void#inDataset": ["https://gdi-de.github.io/apworkshop2026/gdide_dataset"], "http://www.opengis.net/ont/geosparql#asWKT": ["POINT (13.60395300000021 52.537175036820514)"], "http://www.opengis.net/ont/geosparql#inSRS": ["http://www.opengis.net/def/crs/EPSG/0/4326"], "http://www.w3.org/1999/02/22-rdf-syntax-ns#type": ["http://www.opengis.net/ont/sf#Point"], "http://www.w3.org/2000/01/rdf-schema#label": ["Geometry of 54"]}, "geometry": {"type": "Point", "coordinates": [13.60395300000021, 52.537175036820514]}}, {"type": "Feature", "id": "https://gdi-de.github.io/apworkshop2026/73_geom", "name": "", "dateprops": [], "properties": {"http://rdfs.org/ns/void#inDataset": ["https://gdi-de.github.io/apworkshop2026/gdide_dataset"], "http://www.opengis.net/ont/geosparql#asWKT": ["POINT (13.406459 52.51663103684121)"], "http://www.opengis.net/ont/geosparql#inSRS": ["http://www.opengis.net/def/crs/EPSG/0/4326"], "http://www.w3.org/1999/02/22-rdf-syntax-ns#type": ["http://www.opengis.net/ont/sf#Point"], "http://www.w3.org/2000/01/rdf-schema#label": ["Geometry of 73"]}, "geometry": {"type": "Point", "coordinates": [13.406459, 52.51663103684121]}}, {"type": "Feature", "id": "https://gdi-de.github.io/apworkshop2026/208_geom", "name": "", "dateprops": [], "properties": {"http://rdfs.org/ns/void#inDataset": ["https://gdi-de.github.io/apworkshop2026/gdide_dataset"], "http://www.opengis.net/ont/geosparql#asWKT": ["POINT (13.214379999999563 52.44016903691965)"], "http://www.opengis.net/ont/geosparql#inSRS": ["http://www.opengis.net/def/crs/EPSG/0/4326"], "http://www.w3.org/1999/02/22-rdf-syntax-ns#type": ["http://www.opengis.net/ont/sf#Point"], "http://www.w3.org/2000/01/rdf-schema#label": ["Geometry of 208"]}, "geometry": {"type": "Point", "coordinates": [13.214379999999563, 52.44016903691965]}}, {"type": "Feature", "id": "https://gdi-de.github.io/apworkshop2026/241_geom", "name": "", "dateprops": [], "properties": {"http://rdfs.org/ns/void#inDataset": ["https://gdi-de.github.io/apworkshop2026/gdide_dataset"], "http://www.opengis.net/ont/geosparql#asWKT": ["POINT (13.37865499999988 52.56092403679447)"], "http://www.opengis.net/ont/geosparql#inSRS": ["http://www.opengis.net/def/crs/EPSG/0/4326"], "http://www.w3.org/1999/02/22-rdf-syntax-ns#type": ["http://www.opengis.net/ont/sf#Point"], "http://www.w3.org/2000/01/rdf-schema#label": ["Geometry of 241"]}, "geometry": {"type": "Point", "coordinates": [13.37865499999988, 52.56092403679447]}}, {"type": "Feature", "id": "https://gdi-de.github.io/apworkshop2026/109_geom", "name": "", "dateprops": [], "properties": {"http://rdfs.org/ns/void#inDataset": ["https://gdi-de.github.io/apworkshop2026/gdide_dataset"], "http://www.opengis.net/ont/geosparql#asWKT": ["POINT (13.407814 52.48947903686968)"], "http://www.opengis.net/ont/geosparql#inSRS": ["http://www.opengis.net/def/crs/EPSG/0/4326"], "http://www.w3.org/1999/02/22-rdf-syntax-ns#type": ["http://www.opengis.net/ont/sf#Point"], "http://www.w3.org/2000/01/rdf-schema#label": ["Geometry of 109"]}, "geometry": {"type": "Point", "coordinates": [13.407814, 52.48947903686968]}}, {"type": "Feature", "id": "https://gdi-de.github.io/apworkshop2026/19_geom", "name": "", "dateprops": [], "properties": {"http://rdfs.org/ns/void#inDataset": ["https://gdi-de.github.io/apworkshop2026/gdide_dataset"], "http://www.opengis.net/ont/geosparql#asWKT": ["POINT (13.381296 52.55251303680333)"], "http://www.opengis.net/ont/geosparql#inSRS": ["http://www.opengis.net/def/crs/EPSG/0/4326"], "http://www.w3.org/1999/02/22-rdf-syntax-ns#type": ["http://www.opengis.net/ont/sf#Point"], "http://www.w3.org/2000/01/rdf-schema#label": ["Geometry of 19"]}, "geometry": {"type": "Point", "coordinates": [13.381296, 52.55251303680333]}}, {"type": "Feature", "id": "https://gdi-de.github.io/apworkshop2026/159_geom", "name": "", "dateprops": [], "properties": {"http://rdfs.org/ns/void#inDataset": ["https://gdi-de.github.io/apworkshop2026/gdide_dataset"], "http://www.opengis.net/ont/geosparql#asWKT": ["POINT (13.207904999999533 52.55548803679881)"], "http://www.opengis.net/ont/geosparql#inSRS": ["http://www.opengis.net/def/crs/EPSG/0/4326"], "http://www.w3.org/1999/02/22-rdf-syntax-ns#type": ["http://www.opengis.net/ont/sf#Point"], "http://www.w3.org/2000/01/rdf-schema#label": ["Geometry of 159"]}, "geometry": {"type": "Point", "coordinates": [13.207904999999533, 52.55548803679881]}}, {"type": "Feature", "id": "https://gdi-de.github.io/apworkshop2026/230_geom", "name": "", "dateprops": [], "properties": {"http://rdfs.org/ns/void#inDataset": ["https://gdi-de.github.io/apworkshop2026/gdide_dataset"], "http://www.opengis.net/ont/geosparql#asWKT": ["POINT (13.487548000000132 52.61807003673458)"], "http://www.opengis.net/ont/geosparql#inSRS": ["http://www.opengis.net/def/crs/EPSG/0/4326"], "http://www.w3.org/1999/02/22-rdf-syntax-ns#type": ["http://www.opengis.net/ont/sf#Point"], "http://www.w3.org/2000/01/rdf-schema#label": ["Geometry of 230"]}, "geometry": {"type": "Point", "coordinates": [13.487548000000132, 52.61807003673458]}}, {"type": "Feature", "id": "https://gdi-de.github.io/apworkshop2026/175_geom", "name": "", "dateprops": [], "properties": {"http://rdfs.org/ns/void#inDataset": ["https://gdi-de.github.io/apworkshop2026/gdide_dataset"], "http://www.opengis.net/ont/geosparql#asWKT": ["POINT (13.420108 52.4709710368891)"], "http://www.opengis.net/ont/geosparql#inSRS": ["http://www.opengis.net/def/crs/EPSG/0/4326"], "http://www.w3.org/1999/02/22-rdf-syntax-ns#type": ["http://www.opengis.net/ont/sf#Point"], "http://www.w3.org/2000/01/rdf-schema#label": ["Geometry of 175"]}, "geometry": {"type": "Point", "coordinates": [13.420108, 52.4709710368891]}}, {"type": "Feature", "id": "https://gdi-de.github.io/apworkshop2026/171_geom", "name": "", "dateprops": [], "properties": {"http://rdfs.org/ns/void#inDataset": ["https://gdi-de.github.io/apworkshop2026/gdide_dataset"], "http://www.opengis.net/ont/geosparql#asWKT": ["POINT (13.406199 52.497999036860804)"], "http://www.opengis.net/ont/geosparql#inSRS": ["http://www.opengis.net/def/crs/EPSG/0/4326"], "http://www.w3.org/1999/02/22-rdf-syntax-ns#type": ["http://www.opengis.net/ont/sf#Point"], "http://www.w3.org/2000/01/rdf-schema#label": ["Geometry of 171"]}, "geometry": {"type": "Point", "coordinates": [13.406199, 52.497999036860804]}}, {"type": "Feature", "id": "https://gdi-de.github.io/apworkshop2026/40_geom", "name": "", "dateprops": [], "properties": {"http://rdfs.org/ns/void#inDataset": ["https://gdi-de.github.io/apworkshop2026/gdide_dataset"], "http://www.opengis.net/ont/geosparql#asWKT": ["POINT (13.398702 52.54119703681533)"], "http://www.opengis.net/ont/geosparql#inSRS": ["http://www.opengis.net/def/crs/EPSG/0/4326"], "http://www.w3.org/1999/02/22-rdf-syntax-ns#type": ["http://www.opengis.net/ont/sf#Point"], "http://www.w3.org/2000/01/rdf-schema#label": ["Geometry of 40"]}, "geometry": {"type": "Point", "coordinates": [13.398702, 52.54119703681533]}}, {"type": "Feature", "id": "https://gdi-de.github.io/apworkshop2026/45_geom", "name": "", "dateprops": [], "properties": {"http://rdfs.org/ns/void#inDataset": ["https://gdi-de.github.io/apworkshop2026/gdide_dataset"], "http://www.opengis.net/ont/geosparql#asWKT": ["POINT (13.376169999999892 52.49530803686341)"], "http://www.opengis.net/ont/geosparql#inSRS": ["http://www.opengis.net/def/crs/EPSG/0/4326"], "http://www.w3.org/1999/02/22-rdf-syntax-ns#type": ["http://www.opengis.net/ont/sf#Point"], "http://www.w3.org/2000/01/rdf-schema#label": ["Geometry of 45"]}, "geometry": {"type": "Point", "coordinates": [13.376169999999892, 52.49530803686341]}}, {"type": "Feature", "id": "https://gdi-de.github.io/apworkshop2026/151_geom", "name": "", "dateprops": [], "properties": {"http://rdfs.org/ns/void#inDataset": ["https://gdi-de.github.io/apworkshop2026/gdide_dataset"], "http://www.opengis.net/ont/geosparql#asWKT": ["POINT (13.556812000000173 52.54661903681041)"], "http://www.opengis.net/ont/geosparql#inSRS": ["http://www.opengis.net/def/crs/EPSG/0/4326"], "http://www.w3.org/1999/02/22-rdf-syntax-ns#type": ["http://www.opengis.net/ont/sf#Point"], "http://www.w3.org/2000/01/rdf-schema#label": ["Geometry of 151"]}, "geometry": {"type": "Point", "coordinates": [13.556812000000173, 52.54661903681041]}}, {"type": "Feature", "id": "https://gdi-de.github.io/apworkshop2026/139_geom", "name": "", "dateprops": [], "properties": {"http://rdfs.org/ns/void#inDataset": ["https://gdi-de.github.io/apworkshop2026/gdide_dataset"], "http://www.opengis.net/ont/geosparql#asWKT": ["POINT (13.440618 52.526564036831005)"], "http://www.opengis.net/ont/geosparql#inSRS": ["http://www.opengis.net/def/crs/EPSG/0/4326"], "http://www.w3.org/1999/02/22-rdf-syntax-ns#type": ["http://www.opengis.net/ont/sf#Point"], "http://www.w3.org/2000/01/rdf-schema#label": ["Geometry of 139"]}, "geometry": {"type": "Point", "coordinates": [13.440618, 52.526564036831005]}}, {"type": "Feature", "id": "https://gdi-de.github.io/apworkshop2026/163_geom", "name": "", "dateprops": [], "properties": {"http://rdfs.org/ns/void#inDataset": ["https://gdi-de.github.io/apworkshop2026/gdide_dataset"], "http://www.opengis.net/ont/geosparql#asWKT": ["POINT (13.301301999999808 52.50511203685258)"], "http://www.opengis.net/ont/geosparql#inSRS": ["http://www.opengis.net/def/crs/EPSG/0/4326"], "http://www.w3.org/1999/02/22-rdf-syntax-ns#type": ["http://www.opengis.net/ont/sf#Point"], "http://www.w3.org/2000/01/rdf-schema#label": ["Geometry of 163"]}, "geometry": {"type": "Point", "coordinates": [13.301301999999808, 52.50511203685258]}}, {"type": "Feature", "id": "https://gdi-de.github.io/apworkshop2026/231_geom", "name": "", "dateprops": [], "properties": {"http://rdfs.org/ns/void#inDataset": ["https://gdi-de.github.io/apworkshop2026/gdide_dataset"], "http://www.opengis.net/ont/geosparql#asWKT": ["POINT (13.462334 52.552741036803546)"], "http://www.opengis.net/ont/geosparql#inSRS": ["http://www.opengis.net/def/crs/EPSG/0/4326"], "http://www.w3.org/1999/02/22-rdf-syntax-ns#type": ["http://www.opengis.net/ont/sf#Point"], "http://www.w3.org/2000/01/rdf-schema#label": ["Geometry of 231"]}, "geometry": {"type": "Point", "coordinates": [13.462334, 52.552741036803546]}}, {"type": "Feature", "id": "https://gdi-de.github.io/apworkshop2026/69_geom", "name": "", "dateprops": [], "properties": {"http://rdfs.org/ns/void#inDataset": ["https://gdi-de.github.io/apworkshop2026/gdide_dataset"], "http://www.opengis.net/ont/geosparql#asWKT": ["POINT (13.306937999999798 52.50578003685196)"], "http://www.opengis.net/ont/geosparql#inSRS": ["http://www.opengis.net/def/crs/EPSG/0/4326"], "http://www.w3.org/1999/02/22-rdf-syntax-ns#type": ["http://www.opengis.net/ont/sf#Point"], "http://www.w3.org/2000/01/rdf-schema#label": ["Geometry of 69"]}, "geometry": {"type": "Point", "coordinates": [13.306937999999798, 52.50578003685196]}}, {"type": "Feature", "id": "https://gdi-de.github.io/apworkshop2026/77_geom", "name": "", "dateprops": [], "properties": {"http://rdfs.org/ns/void#inDataset": ["https://gdi-de.github.io/apworkshop2026/gdide_dataset"], "http://www.opengis.net/ont/geosparql#asWKT": ["POINT (13.435418 52.48096403687879)"], "http://www.opengis.net/ont/geosparql#inSRS": ["http://www.opengis.net/def/crs/EPSG/0/4326"], "http://www.w3.org/1999/02/22-rdf-syntax-ns#type": ["http://www.opengis.net/ont/sf#Point"], "http://www.w3.org/2000/01/rdf-schema#label": ["Geometry of 77"]}, "geometry": {"type": "Point", "coordinates": [13.435418, 52.48096403687879]}}, {"type": "Feature", "id": "https://gdi-de.github.io/apworkshop2026/127_geom", "name": "", "dateprops": [], "properties": {"http://rdfs.org/ns/void#inDataset": ["https://gdi-de.github.io/apworkshop2026/gdide_dataset"], "http://www.opengis.net/ont/geosparql#asWKT": ["POINT (13.51303 52.56774203678799)"], "http://www.opengis.net/ont/geosparql#inSRS": ["http://www.opengis.net/def/crs/EPSG/0/4326"], "http://www.w3.org/1999/02/22-rdf-syntax-ns#type": ["http://www.opengis.net/ont/sf#Point"], "http://www.w3.org/2000/01/rdf-schema#label": ["Geometry of 127"]}, "geometry": {"type": "Point", "coordinates": [13.51303, 52.56774203678799]}}, {"type": "Feature", "id": "https://gdi-de.github.io/apworkshop2026/20_geom", "name": "", "dateprops": [], "properties": {"http://rdfs.org/ns/void#inDataset": ["https://gdi-de.github.io/apworkshop2026/gdide_dataset"], "http://www.opengis.net/ont/geosparql#asWKT": ["POINT (13.32500099999981 52.50267903685534)"], "http://www.opengis.net/ont/geosparql#inSRS": ["http://www.opengis.net/def/crs/EPSG/0/4326"], "http://www.w3.org/1999/02/22-rdf-syntax-ns#type": ["http://www.opengis.net/ont/sf#Point"], "http://www.w3.org/2000/01/rdf-schema#label": ["Geometry of 20"]}, "geometry": {"type": "Point", "coordinates": [13.32500099999981, 52.50267903685534]}}, {"type": "Feature", "id": "https://gdi-de.github.io/apworkshop2026/192_geom", "name": "", "dateprops": [], "properties": {"http://rdfs.org/ns/void#inDataset": ["https://gdi-de.github.io/apworkshop2026/gdide_dataset"], "http://www.opengis.net/ont/geosparql#asWKT": ["POINT (13.491901000000103 52.54636603681041)"], "http://www.opengis.net/ont/geosparql#inSRS": ["http://www.opengis.net/def/crs/EPSG/0/4326"], "http://www.w3.org/1999/02/22-rdf-syntax-ns#type": ["http://www.opengis.net/ont/sf#Point"], "http://www.w3.org/2000/01/rdf-schema#label": ["Geometry of 192"]}, "geometry": {"type": "Point", "coordinates": [13.491901000000103, 52.54636603681041]}}, {"type": "Feature", "id": "https://gdi-de.github.io/apworkshop2026/152_geom", "name": "", "dateprops": [], "properties": {"http://rdfs.org/ns/void#inDataset": ["https://gdi-de.github.io/apworkshop2026/gdide_dataset"], "http://www.opengis.net/ont/geosparql#asWKT": ["POINT (13.585824000000223 52.52736703683073)"], "http://www.opengis.net/ont/geosparql#inSRS": ["http://www.opengis.net/def/crs/EPSG/0/4326"], "http://www.w3.org/1999/02/22-rdf-syntax-ns#type": ["http://www.opengis.net/ont/sf#Point"], "http://www.w3.org/2000/01/rdf-schema#label": ["Geometry of 152"]}, "geometry": {"type": "Point", "coordinates": [13.585824000000223, 52.52736703683073]}}, {"type": "Feature", "id": "https://gdi-de.github.io/apworkshop2026/59_geom", "name": "", "dateprops": [], "properties": {"http://rdfs.org/ns/void#inDataset": ["https://gdi-de.github.io/apworkshop2026/gdide_dataset"], "http://www.opengis.net/ont/geosparql#asWKT": ["POINT (13.364159999999865 52.54376803681247)"], "http://www.opengis.net/ont/geosparql#inSRS": ["http://www.opengis.net/def/crs/EPSG/0/4326"], "http://www.w3.org/1999/02/22-rdf-syntax-ns#type": ["http://www.opengis.net/ont/sf#Point"], "http://www.w3.org/2000/01/rdf-schema#label": ["Geometry of 59"]}, "geometry": {"type": "Point", "coordinates": [13.364159999999865, 52.54376803681247]}}, {"type": "Feature", "id": "https://gdi-de.github.io/apworkshop2026/209_geom", "name": "", "dateprops": [], "properties": {"http://rdfs.org/ns/void#inDataset": ["https://gdi-de.github.io/apworkshop2026/gdide_dataset"], "http://www.opengis.net/ont/geosparql#asWKT": ["POINT (13.521274 52.49764603686171)"], "http://www.opengis.net/ont/geosparql#inSRS": ["http://www.opengis.net/def/crs/EPSG/0/4326"], "http://www.w3.org/1999/02/22-rdf-syntax-ns#type": ["http://www.opengis.net/ont/sf#Point"], "http://www.w3.org/2000/01/rdf-schema#label": ["Geometry of 209"]}, "geometry": {"type": "Point", "coordinates": [13.521274, 52.49764603686171]}}, {"type": "Feature", "id": "https://gdi-de.github.io/apworkshop2026/8_geom", "name": "", "dateprops": [], "properties": {"http://rdfs.org/ns/void#inDataset": ["https://gdi-de.github.io/apworkshop2026/gdide_dataset"], "http://www.opengis.net/ont/geosparql#asWKT": ["POINT (13.562450000000151 52.55503803680156)"], "http://www.opengis.net/ont/geosparql#inSRS": ["http://www.opengis.net/def/crs/EPSG/0/4326"], "http://www.w3.org/1999/02/22-rdf-syntax-ns#type": ["http://www.opengis.net/ont/sf#Point"], "http://www.w3.org/2000/01/rdf-schema#label": ["Geometry of 8"]}, "geometry": {"type": "Point", "coordinates": [13.562450000000151, 52.55503803680156]}}, {"type": "Feature", "id": "https://gdi-de.github.io/apworkshop2026/194_geom", "name": "", "dateprops": [], "properties": {"http://rdfs.org/ns/void#inDataset": ["https://gdi-de.github.io/apworkshop2026/gdide_dataset"], "http://www.opengis.net/ont/geosparql#asWKT": ["POINT (13.472324 52.51552003684278)"], "http://www.opengis.net/ont/geosparql#inSRS": ["http://www.opengis.net/def/crs/EPSG/0/4326"], "http://www.w3.org/1999/02/22-rdf-syntax-ns#type": ["http://www.opengis.net/ont/sf#Point"], "http://www.w3.org/2000/01/rdf-schema#label": ["Geometry of 194"]}, "geometry": {"type": "Point", "coordinates": [13.472324, 52.51552003684278]}}, {"type": "Feature", "id": "https://gdi-de.github.io/apworkshop2026/239_geom", "name": "", "dateprops": [], "properties": {"http://rdfs.org/ns/void#inDataset": ["https://gdi-de.github.io/apworkshop2026/gdide_dataset"], "http://www.opengis.net/ont/geosparql#asWKT": ["POINT (13.437521 52.54483003681175)"], "http://www.opengis.net/ont/geosparql#inSRS": ["http://www.opengis.net/def/crs/EPSG/0/4326"], "http://www.w3.org/1999/02/22-rdf-syntax-ns#type": ["http://www.opengis.net/ont/sf#Point"], "http://www.w3.org/2000/01/rdf-schema#label": ["Geometry of 239"]}, "geometry": {"type": "Point", "coordinates": [13.437521, 52.54483003681175]}}, {"type": "Feature", "id": "https://gdi-de.github.io/apworkshop2026/226_geom", "name": "", "dateprops": [], "properties": {"http://rdfs.org/ns/void#inDataset": ["https://gdi-de.github.io/apworkshop2026/gdide_dataset"], "http://www.opengis.net/ont/geosparql#asWKT": ["POINT (13.493651 52.482265036877656)"], "http://www.opengis.net/ont/geosparql#inSRS": ["http://www.opengis.net/def/crs/EPSG/0/4326"], "http://www.w3.org/1999/02/22-rdf-syntax-ns#type": ["http://www.opengis.net/ont/sf#Point"], "http://www.w3.org/2000/01/rdf-schema#label": ["Geometry of 226"]}, "geometry": {"type": "Point", "coordinates": [13.493651, 52.482265036877656]}}, {"type": "Feature", "id": "https://gdi-de.github.io/apworkshop2026/3_geom", "name": "", "dateprops": [], "properties": {"http://rdfs.org/ns/void#inDataset": ["https://gdi-de.github.io/apworkshop2026/gdide_dataset"], "http://www.opengis.net/ont/geosparql#asWKT": ["POINT (13.327724999999802 52.50326203685477)"], "http://www.opengis.net/ont/geosparql#inSRS": ["http://www.opengis.net/def/crs/EPSG/0/4326"], "http://www.w3.org/1999/02/22-rdf-syntax-ns#type": ["http://www.opengis.net/ont/sf#Point"], "http://www.w3.org/2000/01/rdf-schema#label": ["Geometry of 3"]}, "geometry": {"type": "Point", "coordinates": [13.327724999999802, 52.50326203685477]}}, {"type": "Feature", "id": "https://gdi-de.github.io/apworkshop2026/84_geom", "name": "", "dateprops": [], "properties": {"http://rdfs.org/ns/void#inDataset": ["https://gdi-de.github.io/apworkshop2026/gdide_dataset"], "http://www.opengis.net/ont/geosparql#asWKT": ["POINT (13.196967999999496 52.51331403684302)"], "http://www.opengis.net/ont/geosparql#inSRS": ["http://www.opengis.net/def/crs/EPSG/0/4326"], "http://www.w3.org/1999/02/22-rdf-syntax-ns#type": ["http://www.opengis.net/ont/sf#Point"], "http://www.w3.org/2000/01/rdf-schema#label": ["Geometry of 84"]}, "geometry": {"type": "Point", "coordinates": [13.196967999999496, 52.51331403684302]}}, {"type": "Feature", "id": "https://gdi-de.github.io/apworkshop2026/41_geom", "name": "", "dateprops": [], "properties": {"http://rdfs.org/ns/void#inDataset": ["https://gdi-de.github.io/apworkshop2026/gdide_dataset"], "http://www.opengis.net/ont/geosparql#asWKT": ["POINT (13.41139 52.56733503678794)"], "http://www.opengis.net/ont/geosparql#inSRS": ["http://www.opengis.net/def/crs/EPSG/0/4326"], "http://www.w3.org/1999/02/22-rdf-syntax-ns#type": ["http://www.opengis.net/ont/sf#Point"], "http://www.w3.org/2000/01/rdf-schema#label": ["Geometry of 41"]}, "geometry": {"type": "Point", "coordinates": [13.41139, 52.56733503678794]}}, {"type": "Feature", "id": "https://gdi-de.github.io/apworkshop2026/153_geom", "name": "", "dateprops": [], "properties": {"http://rdfs.org/ns/void#inDataset": ["https://gdi-de.github.io/apworkshop2026/gdide_dataset"], "http://www.opengis.net/ont/geosparql#asWKT": ["POINT (13.446437 52.48359203687605)"], "http://www.opengis.net/ont/geosparql#inSRS": ["http://www.opengis.net/def/crs/EPSG/0/4326"], "http://www.w3.org/1999/02/22-rdf-syntax-ns#type": ["http://www.opengis.net/ont/sf#Point"], "http://www.w3.org/2000/01/rdf-schema#label": ["Geometry of 153"]}, "geometry": {"type": "Point", "coordinates": [13.446437, 52.48359203687605]}}, {"type": "Feature", "id": "https://gdi-de.github.io/apworkshop2026/195_geom", "name": "", "dateprops": [], "properties": {"http://rdfs.org/ns/void#inDataset": ["https://gdi-de.github.io/apworkshop2026/gdide_dataset"], "http://www.opengis.net/ont/geosparql#asWKT": ["POINT (13.36510199999989 52.48778803687121)"], "http://www.opengis.net/ont/geosparql#inSRS": ["http://www.opengis.net/def/crs/EPSG/0/4326"], "http://www.w3.org/1999/02/22-rdf-syntax-ns#type": ["http://www.opengis.net/ont/sf#Point"], "http://www.w3.org/2000/01/rdf-schema#label": ["Geometry of 195"]}, "geometry": {"type": "Point", "coordinates": [13.36510199999989, 52.48778803687121]}}, {"type": "Feature", "id": "https://gdi-de.github.io/apworkshop2026/149_geom", "name": "", "dateprops": [], "properties": {"http://rdfs.org/ns/void#inDataset": ["https://gdi-de.github.io/apworkshop2026/gdide_dataset"], "http://www.opengis.net/ont/geosparql#asWKT": ["POINT (13.339380999999834 52.532935036823666)"], "http://www.opengis.net/ont/geosparql#inSRS": ["http://www.opengis.net/def/crs/EPSG/0/4326"], "http://www.w3.org/1999/02/22-rdf-syntax-ns#type": ["http://www.opengis.net/ont/sf#Point"], "http://www.w3.org/2000/01/rdf-schema#label": ["Geometry of 149"]}, "geometry": {"type": "Point", "coordinates": [13.339380999999834, 52.532935036823666]}}, {"type": "Feature", "id": "https://gdi-de.github.io/apworkshop2026/237_geom", "name": "", "dateprops": [], "properties": {"http://rdfs.org/ns/void#inDataset": ["https://gdi-de.github.io/apworkshop2026/gdide_dataset"], "http://www.opengis.net/ont/geosparql#asWKT": ["POINT (13.240514999999634 52.51202003684478)"], "http://www.opengis.net/ont/geosparql#inSRS": ["http://www.opengis.net/def/crs/EPSG/0/4326"], "http://www.w3.org/1999/02/22-rdf-syntax-ns#type": ["http://www.opengis.net/ont/sf#Point"], "http://www.w3.org/2000/01/rdf-schema#label": ["Geometry of 237"]}, "geometry": {"type": "Point", "coordinates": [13.240514999999634, 52.51202003684478]}}, {"type": "Feature", "id": "https://gdi-de.github.io/apworkshop2026/37_geom", "name": "", "dateprops": [], "properties": {"http://rdfs.org/ns/void#inDataset": ["https://gdi-de.github.io/apworkshop2026/gdide_dataset"], "http://www.opengis.net/ont/geosparql#asWKT": ["POINT (13.404666 52.5696940367854)"], "http://www.opengis.net/ont/geosparql#inSRS": ["http://www.opengis.net/def/crs/EPSG/0/4326"], "http://www.w3.org/1999/02/22-rdf-syntax-ns#type": ["http://www.opengis.net/ont/sf#Point"], "http://www.w3.org/2000/01/rdf-schema#label": ["Geometry of 37"]}, "geometry": {"type": "Point", "coordinates": [13.404666, 52.5696940367854]}}, {"type": "Feature", "id": "https://gdi-de.github.io/apworkshop2026/135_geom", "name": "", "dateprops": [], "properties": {"http://rdfs.org/ns/void#inDataset": ["https://gdi-de.github.io/apworkshop2026/gdide_dataset"], "http://www.opengis.net/ont/geosparql#asWKT": ["POINT (13.42995 52.54237403681435)"], "http://www.opengis.net/ont/geosparql#inSRS": ["http://www.opengis.net/def/crs/EPSG/0/4326"], "http://www.w3.org/1999/02/22-rdf-syntax-ns#type": ["http://www.opengis.net/ont/sf#Point"], "http://www.w3.org/2000/01/rdf-schema#label": ["Geometry of 135"]}, "geometry": {"type": "Point", "coordinates": [13.42995, 52.54237403681435]}}, {"type": "Feature", "id": "https://gdi-de.github.io/apworkshop2026/166_geom", "name": "", "dateprops": [], "properties": {"http://rdfs.org/ns/void#inDataset": ["https://gdi-de.github.io/apworkshop2026/gdide_dataset"], "http://www.opengis.net/ont/geosparql#asWKT": ["POINT (13.362864 52.54888703680706)"], "http://www.opengis.net/ont/geosparql#inSRS": ["http://www.opengis.net/def/crs/EPSG/0/4326"], "http://www.w3.org/1999/02/22-rdf-syntax-ns#type": ["http://www.opengis.net/ont/sf#Point"], "http://www.w3.org/2000/01/rdf-schema#label": ["Geometry of 166"]}, "geometry": {"type": "Point", "coordinates": [13.362864, 52.54888703680706]}}, {"type": "Feature", "id": "https://gdi-de.github.io/apworkshop2026/174_geom", "name": "", "dateprops": [], "properties": {"http://rdfs.org/ns/void#inDataset": ["https://gdi-de.github.io/apworkshop2026/gdide_dataset"], "http://www.opengis.net/ont/geosparql#asWKT": ["POINT (13.418498 52.476520036883315)"], "http://www.opengis.net/ont/geosparql#inSRS": ["http://www.opengis.net/def/crs/EPSG/0/4326"], "http://www.w3.org/1999/02/22-rdf-syntax-ns#type": ["http://www.opengis.net/ont/sf#Point"], "http://www.w3.org/2000/01/rdf-schema#label": ["Geometry of 174"]}, "geometry": {"type": "Point", "coordinates": [13.418498, 52.476520036883315]}}, {"type": "Feature", "id": "https://gdi-de.github.io/apworkshop2026/10_geom", "name": "", "dateprops": [], "properties": {"http://rdfs.org/ns/void#inDataset": ["https://gdi-de.github.io/apworkshop2026/gdide_dataset"], "http://www.opengis.net/ont/geosparql#asWKT": ["POINT (13.492139 52.42021703694232)"], "http://www.opengis.net/ont/geosparql#inSRS": ["http://www.opengis.net/def/crs/EPSG/0/4326"], "http://www.w3.org/1999/02/22-rdf-syntax-ns#type": ["http://www.opengis.net/ont/sf#Point"], "http://www.w3.org/2000/01/rdf-schema#label": ["Geometry of 10"]}, "geometry": {"type": "Point", "coordinates": [13.492139, 52.42021703694232]}}, {"type": "Feature", "id": "https://gdi-de.github.io/apworkshop2026/72_geom", "name": "", "dateprops": [], "properties": {"http://rdfs.org/ns/void#inDataset": ["https://gdi-de.github.io/apworkshop2026/gdide_dataset"], "http://www.opengis.net/ont/geosparql#asWKT": ["POINT (13.335246999999827 52.47203003688744)"], "http://www.opengis.net/ont/geosparql#inSRS": ["http://www.opengis.net/def/crs/EPSG/0/4326"], "http://www.w3.org/1999/02/22-rdf-syntax-ns#type": ["http://www.opengis.net/ont/sf#Point"], "http://www.w3.org/2000/01/rdf-schema#label": ["Geometry of 72"]}, "geometry": {"type": "Point", "coordinates": [13.335246999999827, 52.47203003688744]}}, {"type": "Feature", "id": "https://gdi-de.github.io/apworkshop2026/80_geom", "name": "", "dateprops": [], "properties": {"http://rdfs.org/ns/void#inDataset": ["https://gdi-de.github.io/apworkshop2026/gdide_dataset"], "http://www.opengis.net/ont/geosparql#asWKT": ["POINT (13.361911999999895 52.56332303679182)"], "http://www.opengis.net/ont/geosparql#inSRS": ["http://www.opengis.net/def/crs/EPSG/0/4326"], "http://www.w3.org/1999/02/22-rdf-syntax-ns#type": ["http://www.opengis.net/ont/sf#Point"], "http://www.w3.org/2000/01/rdf-schema#label": ["Geometry of 80"]}, "geometry": {"type": "Point", "coordinates": [13.361911999999895, 52.56332303679182]}}, {"type": "Feature", "id": "https://gdi-de.github.io/apworkshop2026/13_geom", "name": "", "dateprops": [], "properties": {"http://rdfs.org/ns/void#inDataset": ["https://gdi-de.github.io/apworkshop2026/gdide_dataset"], "http://www.opengis.net/ont/geosparql#asWKT": ["POINT (13.207019999999552 52.53467603682073)"], "http://www.opengis.net/ont/geosparql#inSRS": ["http://www.opengis.net/def/crs/EPSG/0/4326"], "http://www.w3.org/1999/02/22-rdf-syntax-ns#type": ["http://www.opengis.net/ont/sf#Point"], "http://www.w3.org/2000/01/rdf-schema#label": ["Geometry of 13"]}, "geometry": {"type": "Point", "coordinates": [13.207019999999552, 52.53467603682073]}}, {"type": "Feature", "id": "https://gdi-de.github.io/apworkshop2026/116_geom", "name": "", "dateprops": [], "properties": {"http://rdfs.org/ns/void#inDataset": ["https://gdi-de.github.io/apworkshop2026/gdide_dataset"], "http://www.opengis.net/ont/geosparql#asWKT": ["POINT (13.386741 52.47160503688827)"], "http://www.opengis.net/ont/geosparql#inSRS": ["http://www.opengis.net/def/crs/EPSG/0/4326"], "http://www.w3.org/1999/02/22-rdf-syntax-ns#type": ["http://www.opengis.net/ont/sf#Point"], "http://www.w3.org/2000/01/rdf-schema#label": ["Geometry of 116"]}, "geometry": {"type": "Point", "coordinates": [13.386741, 52.47160503688827]}}, {"type": "Feature", "id": "https://gdi-de.github.io/apworkshop2026/162_geom", "name": "", "dateprops": [], "properties": {"http://rdfs.org/ns/void#inDataset": ["https://gdi-de.github.io/apworkshop2026/gdide_dataset"], "http://www.opengis.net/ont/geosparql#asWKT": ["POINT (13.432122 52.550201036806094)"], "http://www.opengis.net/ont/geosparql#inSRS": ["http://www.opengis.net/def/crs/EPSG/0/4326"], "http://www.w3.org/1999/02/22-rdf-syntax-ns#type": ["http://www.opengis.net/ont/sf#Point"], "http://www.w3.org/2000/01/rdf-schema#label": ["Geometry of 162"]}, "geometry": {"type": "Point", "coordinates": [13.432122, 52.550201036806094]}}, {"type": "Feature", "id": "https://gdi-de.github.io/apworkshop2026/130_geom", "name": "", "dateprops": [], "properties": {"http://rdfs.org/ns/void#inDataset": ["https://gdi-de.github.io/apworkshop2026/gdide_dataset"], "http://www.opengis.net/ont/geosparql#asWKT": ["POINT (13.411902 52.56234503679318)"], "http://www.opengis.net/ont/geosparql#inSRS": ["http://www.opengis.net/def/crs/EPSG/0/4326"], "http://www.w3.org/1999/02/22-rdf-syntax-ns#type": ["http://www.opengis.net/ont/sf#Point"], "http://www.w3.org/2000/01/rdf-schema#label": ["Geometry of 130"]}, "geometry": {"type": "Point", "coordinates": [13.411902, 52.56234503679318]}}, {"type": "Feature", "id": "https://gdi-de.github.io/apworkshop2026/68_geom", "name": "", "dateprops": [], "properties": {"http://rdfs.org/ns/void#inDataset": ["https://gdi-de.github.io/apworkshop2026/gdide_dataset"], "http://www.opengis.net/ont/geosparql#asWKT": ["POINT (13.306012999999743 52.508771036848785)"], "http://www.opengis.net/ont/geosparql#inSRS": ["http://www.opengis.net/def/crs/EPSG/0/4326"], "http://www.w3.org/1999/02/22-rdf-syntax-ns#type": ["http://www.opengis.net/ont/sf#Point"], "http://www.w3.org/2000/01/rdf-schema#label": ["Geometry of 68"]}, "geometry": {"type": "Point", "coordinates": [13.306012999999743, 52.508771036848785]}}, {"type": "Feature", "id": "https://gdi-de.github.io/apworkshop2026/218_geom", "name": "", "dateprops": [], "properties": {"http://rdfs.org/ns/void#inDataset": ["https://gdi-de.github.io/apworkshop2026/gdide_dataset"], "http://www.opengis.net/ont/geosparql#asWKT": ["POINT (13.187080999999525 52.51890303683705)"], "http://www.opengis.net/ont/geosparql#inSRS": ["http://www.opengis.net/def/crs/EPSG/0/4326"], "http://www.w3.org/1999/02/22-rdf-syntax-ns#type": ["http://www.opengis.net/ont/sf#Point"], "http://www.w3.org/2000/01/rdf-schema#label": ["Geometry of 218"]}, "geometry": {"type": "Point", "coordinates": [13.187080999999525, 52.51890303683705]}}, {"type": "Feature", "id": "https://gdi-de.github.io/apworkshop2026/71_geom", "name": "", "dateprops": [], "properties": {"http://rdfs.org/ns/void#inDataset": ["https://gdi-de.github.io/apworkshop2026/gdide_dataset"], "http://www.opengis.net/ont/geosparql#asWKT": ["POINT (13.32459499999983 52.58879903676465)"], "http://www.opengis.net/ont/geosparql#inSRS": ["http://www.opengis.net/def/crs/EPSG/0/4326"], "http://www.w3.org/1999/02/22-rdf-syntax-ns#type": ["http://www.opengis.net/ont/sf#Point"], "http://www.w3.org/2000/01/rdf-schema#label": ["Geometry of 71"]}, "geometry": {"type": "Point", "coordinates": [13.32459499999983, 52.58879903676465]}}, {"type": "Feature", "id": "https://gdi-de.github.io/apworkshop2026/236_geom", "name": "", "dateprops": [], "properties": {"http://rdfs.org/ns/void#inDataset": ["https://gdi-de.github.io/apworkshop2026/gdide_dataset"], "http://www.opengis.net/ont/geosparql#asWKT": ["POINT (13.243663999999654 52.51437103684239)"], "http://www.opengis.net/ont/geosparql#inSRS": ["http://www.opengis.net/def/crs/EPSG/0/4326"], "http://www.w3.org/1999/02/22-rdf-syntax-ns#type": ["http://www.opengis.net/ont/sf#Point"], "http://www.w3.org/2000/01/rdf-schema#label": ["Geometry of 236"]}, "geometry": {"type": "Point", "coordinates": [13.243663999999654, 52.51437103684239]}}, {"type": "Feature", "id": "https://gdi-de.github.io/apworkshop2026/140_geom", "name": "", "dateprops": [], "properties": {"http://rdfs.org/ns/void#inDataset": ["https://gdi-de.github.io/apworkshop2026/gdide_dataset"], "http://www.opengis.net/ont/geosparql#asWKT": ["POINT (13.509175 52.57171803678375)"], "http://www.opengis.net/ont/geosparql#inSRS": ["http://www.opengis.net/def/crs/EPSG/0/4326"], "http://www.w3.org/1999/02/22-rdf-syntax-ns#type": ["http://www.opengis.net/ont/sf#Point"], "http://www.w3.org/2000/01/rdf-schema#label": ["Geometry of 140"]}, "geometry": {"type": "Point", "coordinates": [13.509175, 52.57171803678375]}}, {"type": "Feature", "id": "https://gdi-de.github.io/apworkshop2026/96_geom", "name": "", "dateprops": [], "properties": {"http://rdfs.org/ns/void#inDataset": ["https://gdi-de.github.io/apworkshop2026/gdide_dataset"], "http://www.opengis.net/ont/geosparql#asWKT": ["POINT (13.172287999999478 52.5213740368343)"], "http://www.opengis.net/ont/geosparql#inSRS": ["http://www.opengis.net/def/crs/EPSG/0/4326"], "http://www.w3.org/1999/02/22-rdf-syntax-ns#type": ["http://www.opengis.net/ont/sf#Point"], "http://www.w3.org/2000/01/rdf-schema#label": ["Geometry of 96"]}, "geometry": {"type": "Point", "coordinates": [13.172287999999478, 52.5213740368343]}}, {"type": "Feature", "id": "https://gdi-de.github.io/apworkshop2026/217_geom", "name": "", "dateprops": [], "properties": {"http://rdfs.org/ns/void#inDataset": ["https://gdi-de.github.io/apworkshop2026/gdide_dataset"], "http://www.opengis.net/ont/geosparql#asWKT": ["POINT (13.262448999999727 52.541768036813814)"], "http://www.opengis.net/ont/geosparql#inSRS": ["http://www.opengis.net/def/crs/EPSG/0/4326"], "http://www.w3.org/1999/02/22-rdf-syntax-ns#type": ["http://www.opengis.net/ont/sf#Point"], "http://www.w3.org/2000/01/rdf-schema#label": ["Geometry of 217"]}, "geometry": {"type": "Point", "coordinates": [13.262448999999727, 52.541768036813814]}}, {"type": "Feature", "id": "https://gdi-de.github.io/apworkshop2026/62_geom", "name": "", "dateprops": [], "properties": {"http://rdfs.org/ns/void#inDataset": ["https://gdi-de.github.io/apworkshop2026/gdide_dataset"], "http://www.opengis.net/ont/geosparql#asWKT": ["POINT (13.313540999999818 52.49043903686809)"], "http://www.opengis.net/ont/geosparql#inSRS": ["http://www.opengis.net/def/crs/EPSG/0/4326"], "http://www.w3.org/1999/02/22-rdf-syntax-ns#type": ["http://www.opengis.net/ont/sf#Point"], "http://www.w3.org/2000/01/rdf-schema#label": ["Geometry of 62"]}, "geometry": {"type": "Point", "coordinates": [13.313540999999818, 52.49043903686809]}}, {"type": "Feature", "id": "https://gdi-de.github.io/apworkshop2026/167_geom", "name": "", "dateprops": [], "properties": {"http://rdfs.org/ns/void#inDataset": ["https://gdi-de.github.io/apworkshop2026/gdide_dataset"], "http://www.opengis.net/ont/geosparql#asWKT": ["POINT (13.495309 52.542011036815026)"], "http://www.opengis.net/ont/geosparql#inSRS": ["http://www.opengis.net/def/crs/EPSG/0/4326"], "http://www.w3.org/1999/02/22-rdf-syntax-ns#type": ["http://www.opengis.net/ont/sf#Point"], "http://www.w3.org/2000/01/rdf-schema#label": ["Geometry of 167"]}, "geometry": {"type": "Point", "coordinates": [13.495309, 52.542011036815026]}}, {"type": "Feature", "id": "https://gdi-de.github.io/apworkshop2026/142_geom", "name": "", "dateprops": [], "properties": {"http://rdfs.org/ns/void#inDataset": ["https://gdi-de.github.io/apworkshop2026/gdide_dataset"], "http://www.opengis.net/ont/geosparql#asWKT": ["POINT (13.566124000000201 52.569912036785865)"], "http://www.opengis.net/ont/geosparql#inSRS": ["http://www.opengis.net/def/crs/EPSG/0/4326"], "http://www.w3.org/1999/02/22-rdf-syntax-ns#type": ["http://www.opengis.net/ont/sf#Point"], "http://www.w3.org/2000/01/rdf-schema#label": ["Geometry of 142"]}, "geometry": {"type": "Point", "coordinates": [13.566124000000201, 52.569912036785865]}}, {"type": "Feature", "id": "https://gdi-de.github.io/apworkshop2026/75_geom", "name": "", "dateprops": [], "properties": {"http://rdfs.org/ns/void#inDataset": ["https://gdi-de.github.io/apworkshop2026/gdide_dataset"], "http://www.opengis.net/ont/geosparql#asWKT": ["POINT (13.290010999999689 52.45792003690184)"], "http://www.opengis.net/ont/geosparql#inSRS": ["http://www.opengis.net/def/crs/EPSG/0/4326"], "http://www.w3.org/1999/02/22-rdf-syntax-ns#type": ["http://www.opengis.net/ont/sf#Point"], "http://www.w3.org/2000/01/rdf-schema#label": ["Geometry of 75"]}, "geometry": {"type": "Point", "coordinates": [13.290010999999689, 52.45792003690184]}}, {"type": "Feature", "id": "https://gdi-de.github.io/apworkshop2026/83_geom", "name": "", "dateprops": [], "properties": {"http://rdfs.org/ns/void#inDataset": ["https://gdi-de.github.io/apworkshop2026/gdide_dataset"], "http://www.opengis.net/ont/geosparql#asWKT": ["POINT (13.241331999999652 52.52579603683038)"], "http://www.opengis.net/ont/geosparql#inSRS": ["http://www.opengis.net/def/crs/EPSG/0/4326"], "http://www.w3.org/1999/02/22-rdf-syntax-ns#type": ["http://www.opengis.net/ont/sf#Point"], "http://www.w3.org/2000/01/rdf-schema#label": ["Geometry of 83"]}, "geometry": {"type": "Point", "coordinates": [13.241331999999652, 52.52579603683038]}}, {"type": "Feature", "id": "https://gdi-de.github.io/apworkshop2026/7_geom", "name": "", "dateprops": [], "properties": {"http://rdfs.org/ns/void#inDataset": ["https://gdi-de.github.io/apworkshop2026/gdide_dataset"], "http://www.opengis.net/ont/geosparql#asWKT": ["POINT (13.318057999999787 52.42522003693611)"], "http://www.opengis.net/ont/geosparql#inSRS": ["http://www.opengis.net/def/crs/EPSG/0/4326"], "http://www.w3.org/1999/02/22-rdf-syntax-ns#type": ["http://www.opengis.net/ont/sf#Point"], "http://www.w3.org/2000/01/rdf-schema#label": ["Geometry of 7"]}, "geometry": {"type": "Point", "coordinates": [13.318057999999787, 52.42522003693611]}}, {"type": "Feature", "id": "https://gdi-de.github.io/apworkshop2026/243_geom", "name": "", "dateprops": [], "properties": {"http://rdfs.org/ns/void#inDataset": ["https://gdi-de.github.io/apworkshop2026/gdide_dataset"], "http://www.opengis.net/ont/geosparql#asWKT": ["POINT (13.3831 52.55951503679599)"], "http://www.opengis.net/ont/geosparql#inSRS": ["http://www.opengis.net/def/crs/EPSG/0/4326"], "http://www.w3.org/1999/02/22-rdf-syntax-ns#type": ["http://www.opengis.net/ont/sf#Point"], "http://www.w3.org/2000/01/rdf-schema#label": ["Geometry of 243"]}, "geometry": {"type": "Point", "coordinates": [13.3831, 52.55951503679599]}}, {"type": "Feature", "id": "https://gdi-de.github.io/apworkshop2026/106_geom", "name": "", "dateprops": [], "properties": {"http://rdfs.org/ns/void#inDataset": ["https://gdi-de.github.io/apworkshop2026/gdide_dataset"], "http://www.opengis.net/ont/geosparql#asWKT": ["POINT (13.466938 52.520094036837946)"], "http://www.opengis.net/ont/geosparql#inSRS": ["http://www.opengis.net/def/crs/EPSG/0/4326"], "http://www.w3.org/1999/02/22-rdf-syntax-ns#type": ["http://www.opengis.net/ont/sf#Point"], "http://www.w3.org/2000/01/rdf-schema#label": ["Geometry of 106"]}, "geometry": {"type": "Point", "coordinates": [13.466938, 52.520094036837946]}}, {"type": "Feature", "id": "https://gdi-de.github.io/apworkshop2026/52_geom", "name": "", "dateprops": [], "properties": {"http://rdfs.org/ns/void#inDataset": ["https://gdi-de.github.io/apworkshop2026/gdide_dataset"], "http://www.opengis.net/ont/geosparql#asWKT": ["POINT (13.538564000000134 52.52794003682996)"], "http://www.opengis.net/ont/geosparql#inSRS": ["http://www.opengis.net/def/crs/EPSG/0/4326"], "http://www.w3.org/1999/02/22-rdf-syntax-ns#type": ["http://www.opengis.net/ont/sf#Point"], "http://www.w3.org/2000/01/rdf-schema#label": ["Geometry of 52"]}, "geometry": {"type": "Point", "coordinates": [13.538564000000134, 52.52794003682996]}}, {"type": "Feature", "id": "https://gdi-de.github.io/apworkshop2026/186_geom", "name": "", "dateprops": [], "properties": {"http://rdfs.org/ns/void#inDataset": ["https://gdi-de.github.io/apworkshop2026/gdide_dataset"], "http://www.opengis.net/ont/geosparql#asWKT": ["POINT (13.352907999999827 52.53987803681647)"], "http://www.opengis.net/ont/geosparql#inSRS": ["http://www.opengis.net/def/crs/EPSG/0/4326"], "http://www.w3.org/1999/02/22-rdf-syntax-ns#type": ["http://www.opengis.net/ont/sf#Point"], "http://www.w3.org/2000/01/rdf-schema#label": ["Geometry of 186"]}, "geometry": {"type": "Point", "coordinates": [13.352907999999827, 52.53987803681647]}}, {"type": "Feature", "id": "https://gdi-de.github.io/apworkshop2026/202_geom", "name": "", "dateprops": [], "properties": {"http://rdfs.org/ns/void#inDataset": ["https://gdi-de.github.io/apworkshop2026/gdide_dataset"], "http://www.opengis.net/ont/geosparql#asWKT": ["POINT (13.369113999999865 52.49259003686619)"], "http://www.opengis.net/ont/geosparql#inSRS": ["http://www.opengis.net/def/crs/EPSG/0/4326"], "http://www.w3.org/1999/02/22-rdf-syntax-ns#type": ["http://www.opengis.net/ont/sf#Point"], "http://www.w3.org/2000/01/rdf-schema#label": ["Geometry of 202"]}, "geometry": {"type": "Point", "coordinates": [13.369113999999865, 52.49259003686619]}}, {"type": "Feature", "id": "https://gdi-de.github.io/apworkshop2026/176_geom", "name": "", "dateprops": [], "properties": {"http://rdfs.org/ns/void#inDataset": ["https://gdi-de.github.io/apworkshop2026/gdide_dataset"], "http://www.opengis.net/ont/geosparql#asWKT": ["POINT (13.217566999999582 52.559422036794714)"], "http://www.opengis.net/ont/geosparql#inSRS": ["http://www.opengis.net/def/crs/EPSG/0/4326"], "http://www.w3.org/1999/02/22-rdf-syntax-ns#type": ["http://www.opengis.net/ont/sf#Point"], "http://www.w3.org/2000/01/rdf-schema#label": ["Geometry of 176"]}, "geometry": {"type": "Point", "coordinates": [13.217566999999582, 52.559422036794714]}}, {"type": "Feature", "id": "https://gdi-de.github.io/apworkshop2026/161_geom", "name": "", "dateprops": [], "properties": {"http://rdfs.org/ns/void#inDataset": ["https://gdi-de.github.io/apworkshop2026/gdide_dataset"], "http://www.opengis.net/ont/geosparql#asWKT": ["POINT (13.17826299999948 52.55023103680403)"], "http://www.opengis.net/ont/geosparql#inSRS": ["http://www.opengis.net/def/crs/EPSG/0/4326"], "http://www.w3.org/1999/02/22-rdf-syntax-ns#type": ["http://www.opengis.net/ont/sf#Point"], "http://www.w3.org/2000/01/rdf-schema#label": ["Geometry of 161"]}, "geometry": {"type": "Point", "coordinates": [13.17826299999948, 52.55023103680403]}}, {"type": "Feature", "id": "https://gdi-de.github.io/apworkshop2026/222_geom", "name": "", "dateprops": [], "properties": {"http://rdfs.org/ns/void#inDataset": ["https://gdi-de.github.io/apworkshop2026/gdide_dataset"], "http://www.opengis.net/ont/geosparql#asWKT": ["POINT (13.299112999999776 52.51527303684191)"], "http://www.opengis.net/ont/geosparql#inSRS": ["http://www.opengis.net/def/crs/EPSG/0/4326"], "http://www.w3.org/1999/02/22-rdf-syntax-ns#type": ["http://www.opengis.net/ont/sf#Point"], "http://www.w3.org/2000/01/rdf-schema#label": ["Geometry of 222"]}, "geometry": {"type": "Point", "coordinates": [13.299112999999776, 52.51527303684191]}}, {"type": "Feature", "id": "https://gdi-de.github.io/apworkshop2026/35_geom", "name": "", "dateprops": [], "properties": {"http://rdfs.org/ns/void#inDataset": ["https://gdi-de.github.io/apworkshop2026/gdide_dataset"], "http://www.opengis.net/ont/geosparql#asWKT": ["POINT (13.575449000000134 52.540248036817204)"], "http://www.opengis.net/ont/geosparql#inSRS": ["http://www.opengis.net/def/crs/EPSG/0/4326"], "http://www.w3.org/1999/02/22-rdf-syntax-ns#type": ["http://www.opengis.net/ont/sf#Point"], "http://www.w3.org/2000/01/rdf-schema#label": ["Geometry of 35"]}, "geometry": {"type": "Point", "coordinates": [13.575449000000134, 52.540248036817204]}}, {"type": "Feature", "id": "https://gdi-de.github.io/apworkshop2026/201_geom", "name": "", "dateprops": [], "properties": {"http://rdfs.org/ns/void#inDataset": ["https://gdi-de.github.io/apworkshop2026/gdide_dataset"], "http://www.opengis.net/ont/geosparql#asWKT": ["POINT (13.405684 52.503115036855384)"], "http://www.opengis.net/ont/geosparql#inSRS": ["http://www.opengis.net/def/crs/EPSG/0/4326"], "http://www.w3.org/1999/02/22-rdf-syntax-ns#type": ["http://www.opengis.net/ont/sf#Point"], "http://www.w3.org/2000/01/rdf-schema#label": ["Geometry of 201"]}, "geometry": {"type": "Point", "coordinates": [13.405684, 52.503115036855384]}}, {"type": "Feature", "id": "https://gdi-de.github.io/apworkshop2026/204_geom", "name": "", "dateprops": [], "properties": {"http://rdfs.org/ns/void#inDataset": ["https://gdi-de.github.io/apworkshop2026/gdide_dataset"], "http://www.opengis.net/ont/geosparql#asWKT": ["POINT (13.400392 52.543922036812525)"], "http://www.opengis.net/ont/geosparql#inSRS": ["http://www.opengis.net/def/crs/EPSG/0/4326"], "http://www.w3.org/1999/02/22-rdf-syntax-ns#type": ["http://www.opengis.net/ont/sf#Point"], "http://www.w3.org/2000/01/rdf-schema#label": ["Geometry of 204"]}, "geometry": {"type": "Point", "coordinates": [13.400392, 52.543922036812525]}}, {"type": "Feature", "id": "https://gdi-de.github.io/apworkshop2026/48_geom", "name": "", "dateprops": [], "properties": {"http://rdfs.org/ns/void#inDataset": ["https://gdi-de.github.io/apworkshop2026/gdide_dataset"], "http://www.opengis.net/ont/geosparql#asWKT": ["POINT (13.471391 52.52996003682762)"], "http://www.opengis.net/ont/geosparql#inSRS": ["http://www.opengis.net/def/crs/EPSG/0/4326"], "http://www.w3.org/1999/02/22-rdf-syntax-ns#type": ["http://www.opengis.net/ont/sf#Point"], "http://www.w3.org/2000/01/rdf-schema#label": ["Geometry of 48"]}, "geometry": {"type": "Point", "coordinates": [13.471391, 52.52996003682762]}}, {"type": "Feature", "id": "https://gdi-de.github.io/apworkshop2026/114_geom", "name": "", "dateprops": [], "properties": {"http://rdfs.org/ns/void#inDataset": ["https://gdi-de.github.io/apworkshop2026/gdide_dataset"], "http://www.opengis.net/ont/geosparql#asWKT": ["POINT (13.369038999999862 52.544441036811804)"], "http://www.opengis.net/ont/geosparql#inSRS": ["http://www.opengis.net/def/crs/EPSG/0/4326"], "http://www.w3.org/1999/02/22-rdf-syntax-ns#type": ["http://www.opengis.net/ont/sf#Point"], "http://www.w3.org/2000/01/rdf-schema#label": ["Geometry of 114"]}, "geometry": {"type": "Point", "coordinates": [13.369038999999862, 52.544441036811804]}}, {"type": "Feature", "id": "https://gdi-de.github.io/apworkshop2026/154_geom", "name": "", "dateprops": [], "properties": {"http://rdfs.org/ns/void#inDataset": ["https://gdi-de.github.io/apworkshop2026/gdide_dataset"], "http://www.opengis.net/ont/geosparql#asWKT": ["POINT (13.482354 52.503485036855466)"], "http://www.opengis.net/ont/geosparql#inSRS": ["http://www.opengis.net/def/crs/EPSG/0/4326"], "http://www.w3.org/1999/02/22-rdf-syntax-ns#type": ["http://www.opengis.net/ont/sf#Point"], "http://www.w3.org/2000/01/rdf-schema#label": ["Geometry of 154"]}, "geometry": {"type": "Point", "coordinates": [13.482354, 52.503485036855466]}}, {"type": "Feature", "id": "https://gdi-de.github.io/apworkshop2026/107_geom", "name": "", "dateprops": [], "properties": {"http://rdfs.org/ns/void#inDataset": ["https://gdi-de.github.io/apworkshop2026/gdide_dataset"], "http://www.opengis.net/ont/geosparql#asWKT": ["POINT (13.46673 52.517144036841074)"], "http://www.opengis.net/ont/geosparql#inSRS": ["http://www.opengis.net/def/crs/EPSG/0/4326"], "http://www.w3.org/1999/02/22-rdf-syntax-ns#type": ["http://www.opengis.net/ont/sf#Point"], "http://www.w3.org/2000/01/rdf-schema#label": ["Geometry of 107"]}, "geometry": {"type": "Point", "coordinates": [13.46673, 52.517144036841074]}}, {"type": "Feature", "id": "https://gdi-de.github.io/apworkshop2026/67_geom", "name": "", "dateprops": [], "properties": {"http://rdfs.org/ns/void#inDataset": ["https://gdi-de.github.io/apworkshop2026/gdide_dataset"], "http://www.opengis.net/ont/geosparql#asWKT": ["POINT (13.573770000000152 52.513234036845546)"], "http://www.opengis.net/ont/geosparql#inSRS": ["http://www.opengis.net/def/crs/EPSG/0/4326"], "http://www.w3.org/1999/02/22-rdf-syntax-ns#type": ["http://www.opengis.net/ont/sf#Point"], "http://www.w3.org/2000/01/rdf-schema#label": ["Geometry of 67"]}, "geometry": {"type": "Point", "coordinates": [13.573770000000152, 52.513234036845546]}}, {"type": "Feature", "id": "https://gdi-de.github.io/apworkshop2026/189_geom", "name": "", "dateprops": [], "properties": {"http://rdfs.org/ns/void#inDataset": ["https://gdi-de.github.io/apworkshop2026/gdide_dataset"], "http://www.opengis.net/ont/geosparql#asWKT": ["POINT (13.405741 52.49683603686203)"], "http://www.opengis.net/ont/geosparql#inSRS": ["http://www.opengis.net/def/crs/EPSG/0/4326"], "http://www.w3.org/1999/02/22-rdf-syntax-ns#type": ["http://www.opengis.net/ont/sf#Point"], "http://www.w3.org/2000/01/rdf-schema#label": ["Geometry of 189"]}, "geometry": {"type": "Point", "coordinates": [13.405741, 52.49683603686203]}}], "numberMatched": 242, "numberReturned": 242, "bbox": [13.172287999999478, 52.386558036976716, 13.720900000000293, 52.634398036716036], "crs": "http://www.opengis.net/def/crs/EPSG/0/4326"}