{"type": "FeatureCollection", "id": "https://gdi-de.github.io/apworkshop2026/Q12004_collection", "name": "Q12004 Instances Collection", "features": [{"type": "Feature", "id": "https://gdi-de.github.io/apworkshop2026/KTWK259", "name": "Baum KTWK259 (gdide:KTWK259)", "dateprops": [], "properties": {"http://www.w3.org/2000/01/rdf-schema#label": "Baum KTWK259", "http://rdfs.org/ns/void#inDataset.value": "72757", "http://www.w3.org/2000/01/rdf-schema#comment": "Wasserwirtschaft", "http://www.wikidata.org/prop/direct/P2547.value": "5.0", "http://www.wikidata.org/prop/direct/P2547.unit": "http://www.ontology-of-units-of-measure.org/resource/om-2/meter", "http://www.wikidata.org/prop/direct/P3018": "Kattwyk", "https://gdi-de.github.io/apworkshop2026/ont#stammdurchmesser.value": "29.0", "https://gdi-de.github.io/apworkshop2026/ont#stammdurchmesser.unit": "http://www.ontology-of-units-of-measure.org/resource/om-2/centimeter"}, "geometry": {"type": "MultiPoint", "coordinates": [[9.949781687888628, 53.49948991652937]]}}, {"type": "Feature", "id": "https://gdi-de.github.io/apworkshop2026/RDLD144", "name": "Baum RDLD144 (gdide:RDLD144)", "dateprops": [], "properties": {"http://www.w3.org/2000/01/rdf-schema#label": "Baum RDLD144", "http://rdfs.org/ns/void#inDataset.value": "72757", "http://www.w3.org/2000/01/rdf-schema#comment": "Stra\u00dfe", "http://www.wikidata.org/prop/direct/P2547.value": "8.0", "http://www.wikidata.org/prop/direct/P2547.unit": "http://www.ontology-of-units-of-measure.org/resource/om-2/meter", "http://www.wikidata.org/prop/direct/P3018": "Radeland", "https://gdi-de.github.io/apworkshop2026/ont#stammdurchmesser.value": "46.0", "https://gdi-de.github.io/apworkshop2026/ont#stammdurchmesser.unit": "http://www.ontology-of-units-of-measure.org/resource/om-2/centimeter"}, "geometry": {"type": "MultiPoint", "coordinates": [[9.963256120706376, 53.47067968459034]]}}, {"type": "Feature", "id": "https://gdi-de.github.io/apworkshop2026/KTWK269", "name": "Baum KTWK269 (gdide:KTWK269)", "dateprops": [], "properties": {"http://www.w3.org/2000/01/rdf-schema#label": "Baum KTWK269", "http://rdfs.org/ns/void#inDataset.value": "72757", "http://www.w3.org/2000/01/rdf-schema#comment": "Wasserwirtschaft", "http://www.wikidata.org/prop/direct/P2547.value": "6.0", "http://www.wikidata.org/prop/direct/P2547.unit": "http://www.ontology-of-units-of-measure.org/resource/om-2/meter", "http://www.wikidata.org/prop/direct/P3018": "Kattwyk", "https://gdi-de.github.io/apworkshop2026/ont#stammdurchmesser.value": "25.0", "https://gdi-de.github.io/apworkshop2026/ont#stammdurchmesser.unit": "http://www.ontology-of-units-of-measure.org/resource/om-2/centimeter"}, "geometry": {"type": "MultiPoint", "coordinates": [[9.949066071966993, 53.4998480596386]]}}, {"type": "Feature", "id": "https://gdi-de.github.io/apworkshop2026/RDLD31", "name": "Baum RDLD31 (gdide:RDLD31)", "dateprops": [], "properties": {"http://www.w3.org/2000/01/rdf-schema#label": "Baum RDLD31", "http://rdfs.org/ns/void#inDataset.value": "72757", "http://www.w3.org/2000/01/rdf-schema#comment": "Stra\u00dfe", "http://www.wikidata.org/prop/direct/P2547.value": "8.0", "http://www.wikidata.org/prop/direct/P2547.unit": "http://www.ontology-of-units-of-measure.org/resource/om-2/meter", "http://www.wikidata.org/prop/direct/P3018": "Radeland", "https://gdi-de.github.io/apworkshop2026/ont#stammdurchmesser.value": "30.0", "https://gdi-de.github.io/apworkshop2026/ont#stammdurchmesser.unit": "http://www.ontology-of-units-of-measure.org/resource/om-2/centimeter"}, "geometry": {"type": "MultiPoint", "coordinates": [[9.93785320177593, 53.476667631955976]]}}, {"type": "Feature", "id": "https://gdi-de.github.io/apworkshop2026/VHWN166", "name": "Baum VHWN166 (gdide:VHWN166)", "dateprops": [], "properties": {"http://www.w3.org/2000/01/rdf-schema#label": "Baum VHWN166", "http://rdfs.org/ns/void#inDataset.value": "72757", "http://www.w3.org/2000/01/rdf-schema#comment": "Stra\u00dfe", "http://www.wikidata.org/prop/direct/P2547.value": "6.0", "http://www.wikidata.org/prop/direct/P2547.unit": "http://www.ontology-of-units-of-measure.org/resource/om-2/meter", "http://www.wikidata.org/prop/direct/P3018": "Vollh\u00f6fner Weiden", "https://gdi-de.github.io/apworkshop2026/ont#stammdurchmesser.value": "23.0", "https://gdi-de.github.io/apworkshop2026/ont#stammdurchmesser.unit": "http://www.ontology-of-units-of-measure.org/resource/om-2/centimeter"}, "geometry": {"type": "MultiPoint", "coordinates": [[9.910901829840789, 53.49667273027987]]}}, {"type": "Feature", "id": "https://gdi-de.github.io/apworkshop2026/MOBG116", "name": "Baum MOBG116 (gdide:MOBG116)", "dateprops": [], "properties": {"http://www.w3.org/2000/01/rdf-schema#label": "Baum MOBG116", "http://rdfs.org/ns/void#inDataset.value": "72757", "http://www.w3.org/2000/01/rdf-schema#comment": "Stra\u00dfe", "http://www.wikidata.org/prop/direct/P2547.value": "11.0", "http://www.wikidata.org/prop/direct/P2547.unit": "http://www.ontology-of-units-of-measure.org/resource/om-2/meter", "http://www.wikidata.org/prop/direct/P3018": "Moorburg", "https://gdi-de.github.io/apworkshop2026/ont#stammdurchmesser.value": "67.0", "https://gdi-de.github.io/apworkshop2026/ont#stammdurchmesser.unit": "http://www.ontology-of-units-of-measure.org/resource/om-2/centimeter"}, "geometry": {"type": "MultiPoint", "coordinates": [[9.94790544861991, 53.48726476530651]]}}, {"type": "Feature", "id": "https://gdi-de.github.io/apworkshop2026/BFAS851", "name": "Baum BFAS851 (gdide:BFAS851)", "dateprops": [], "properties": {"http://www.w3.org/2000/01/rdf-schema#label": "Baum BFAS851", "http://rdfs.org/ns/void#inDataset.value": "72757", "http://www.w3.org/2000/01/rdf-schema#comment": "Bahn", "http://www.wikidata.org/prop/direct/P2547.value": "2.5", "http://www.wikidata.org/prop/direct/P2547.unit": "http://www.ontology-of-units-of-measure.org/resource/om-2/meter", "http://www.wikidata.org/prop/direct/P3018": "Bahnhof Alte S\u00fcderelbe S\u00fcd", "https://gdi-de.github.io/apworkshop2026/ont#stammdurchmesser.value": "18.0", "https://gdi-de.github.io/apworkshop2026/ont#stammdurchmesser.unit": "http://www.ontology-of-units-of-measure.org/resource/om-2/centimeter"}, "geometry": {"type": "MultiPoint", "coordinates": [[9.908254961822438, 53.49815081655317]]}}, {"type": "Feature", "id": "https://gdi-de.github.io/apworkshop2026/MOBG435", "name": "Baum MOBG435 (gdide:MOBG435)", "dateprops": [], "properties": {"http://www.w3.org/2000/01/rdf-schema#label": "Baum MOBG435", "http://rdfs.org/ns/void#inDataset.value": "72757", "http://www.w3.org/2000/01/rdf-schema#comment": "sonst. \u00f6ff. Fl\u00e4chen", "http://www.wikidata.org/prop/direct/P2547.value": "8.0", "http://www.wikidata.org/prop/direct/P2547.unit": "http://www.ontology-of-units-of-measure.org/resource/om-2/meter", "http://www.wikidata.org/prop/direct/P3018": "Moorburg", "https://gdi-de.github.io/apworkshop2026/ont#stammdurchmesser.value": "35.0", "https://gdi-de.github.io/apworkshop2026/ont#stammdurchmesser.unit": "http://www.ontology-of-units-of-measure.org/resource/om-2/centimeter"}, "geometry": {"type": "MultiPoint", "coordinates": [[9.94783861396277, 53.49337587089636]]}}, {"type": "Feature", "id": "https://gdi-de.github.io/apworkshop2026/BFASN123", "name": "Baum BFASN123 (gdide:BFASN123)", "dateprops": [], "properties": {"http://www.w3.org/2000/01/rdf-schema#label": "Baum BFASN123", "http://rdfs.org/ns/void#inDataset.value": "72757", "http://www.w3.org/2000/01/rdf-schema#comment": "sonst. \u00f6ff. Fl\u00e4chen", "http://www.wikidata.org/prop/direct/P2547.value": "6.0", "http://www.wikidata.org/prop/direct/P2547.unit": "http://www.ontology-of-units-of-measure.org/resource/om-2/meter", "http://www.wikidata.org/prop/direct/P3018": "Bahnhof Alte S\u00fcderelbe Nord", "https://gdi-de.github.io/apworkshop2026/ont#stammdurchmesser.value": "29.0", "https://gdi-de.github.io/apworkshop2026/ont#stammdurchmesser.unit": "http://www.ontology-of-units-of-measure.org/resource/om-2/centimeter"}, "geometry": {"type": "MultiPoint", "coordinates": [[9.913397556312589, 53.51149542557208]]}}, {"type": "Feature", "id": "https://gdi-de.github.io/apworkshop2026/MOBG1066", "name": "Baum MOBG1066 (gdide:MOBG1066)", "dateprops": [], "properties": {"http://www.w3.org/2000/01/rdf-schema#label": "Baum MOBG1066", "http://rdfs.org/ns/void#inDataset.value": "72757", "http://www.w3.org/2000/01/rdf-schema#comment": "sonst. \u00f6ff. Fl\u00e4chen", "http://www.wikidata.org/prop/direct/P2547.value": "1.8", "http://www.wikidata.org/prop/direct/P2547.unit": "http://www.ontology-of-units-of-measure.org/resource/om-2/meter", "http://www.wikidata.org/prop/direct/P3018": "Moorburg", "https://gdi-de.github.io/apworkshop2026/ont#stammdurchmesser.value": "10.0", "https://gdi-de.github.io/apworkshop2026/ont#stammdurchmesser.unit": "http://www.ontology-of-units-of-measure.org/resource/om-2/centimeter"}, "geometry": {"type": "MultiPoint", "coordinates": [[9.948414766436546, 53.49367604391729]]}}, {"type": "Feature", "id": "https://gdi-de.github.io/apworkshop2026/HOHS579", "name": "Baum HOHS579 (gdide:HOHS579)", "dateprops": [], "properties": {"http://www.w3.org/2000/01/rdf-schema#label": "Baum HOHS579", "http://rdfs.org/ns/void#inDataset.value": "72757", "http://www.w3.org/2000/01/rdf-schema#comment": "sonst. \u00f6ff. Fl\u00e4chen", "http://www.wikidata.org/prop/direct/P2547.value": "10.0", "http://www.wikidata.org/prop/direct/P2547.unit": "http://www.ontology-of-units-of-measure.org/resource/om-2/meter", "http://www.wikidata.org/prop/direct/P3018": "Hohe Schaar", "https://gdi-de.github.io/apworkshop2026/ont#stammdurchmesser.value": "33.0", "https://gdi-de.github.io/apworkshop2026/ont#stammdurchmesser.unit": "http://www.ontology-of-units-of-measure.org/resource/om-2/centimeter"}, "geometry": {"type": "MultiPoint", "coordinates": [[9.97830707888145, 53.49075638526799]]}}, {"type": "Feature", "id": "https://gdi-de.github.io/apworkshop2026/MOBG410", "name": "Baum MOBG410 (gdide:MOBG410)", "dateprops": [], "properties": {"http://www.w3.org/2000/01/rdf-schema#label": "Baum MOBG410", "http://rdfs.org/ns/void#inDataset.value": "72757", "http://www.w3.org/2000/01/rdf-schema#comment": "sonst. \u00f6ff. Fl\u00e4chen", "http://www.wikidata.org/prop/direct/P2547.value": "8.0", "http://www.wikidata.org/prop/direct/P2547.unit": "http://www.ontology-of-units-of-measure.org/resource/om-2/meter", "http://www.wikidata.org/prop/direct/P3018": "Moorburg", "https://gdi-de.github.io/apworkshop2026/ont#stammdurchmesser.value": "74.0", "https://gdi-de.github.io/apworkshop2026/ont#stammdurchmesser.unit": "http://www.ontology-of-units-of-measure.org/resource/om-2/centimeter"}, "geometry": {"type": "MultiPoint", "coordinates": [[9.946179632245517, 53.492745953832795]]}}, {"type": "Feature", "id": "https://gdi-de.github.io/apworkshop2026/GZAW594", "name": "Baum GZAW594 (gdide:GZAW594)", "dateprops": [], "properties": {"http://www.w3.org/2000/01/rdf-schema#label": "Baum GZAW594", "http://rdfs.org/ns/void#inDataset.value": "72757", "http://www.w3.org/2000/01/rdf-schema#comment": "sonst. \u00f6ff. Fl\u00e4chen", "http://www.wikidata.org/prop/direct/P2547.value": "3.0", "http://www.wikidata.org/prop/direct/P2547.unit": "http://www.ontology-of-units-of-measure.org/resource/om-2/meter", "http://www.wikidata.org/prop/direct/P3018": "Gr\u00fcnzug Altenwerder", "https://gdi-de.github.io/apworkshop2026/ont#stammdurchmesser.value": "14.0", "https://gdi-de.github.io/apworkshop2026/ont#stammdurchmesser.unit": "http://www.ontology-of-units-of-measure.org/resource/om-2/centimeter"}, "geometry": {"type": "MultiPoint", "coordinates": [[9.91929956857763, 53.50240262631889]]}}, {"type": "Feature", "id": "https://gdi-de.github.io/apworkshop2026/MOBG131", "name": "Baum MOBG131 (gdide:MOBG131)", "dateprops": [], "properties": {"http://www.w3.org/2000/01/rdf-schema#label": "Baum MOBG131", "http://rdfs.org/ns/void#inDataset.value": "72757", "http://www.w3.org/2000/01/rdf-schema#comment": "Stra\u00dfe", "http://www.wikidata.org/prop/direct/P2547.value": "8.0", "http://www.wikidata.org/prop/direct/P2547.unit": "http://www.ontology-of-units-of-measure.org/resource/om-2/meter", "http://www.wikidata.org/prop/direct/P3018": "Moorburg", "https://gdi-de.github.io/apworkshop2026/ont#stammdurchmesser.value": "45.0", "https://gdi-de.github.io/apworkshop2026/ont#stammdurchmesser.unit": "http://www.ontology-of-units-of-measure.org/resource/om-2/centimeter"}, "geometry": {"type": "MultiPoint", "coordinates": [[9.948697241677637, 53.4870684701336]]}}, {"type": "Feature", "id": "https://gdi-de.github.io/apworkshop2026/BFAS838", "name": "Baum BFAS838 (gdide:BFAS838)", "dateprops": [], "properties": {"http://www.w3.org/2000/01/rdf-schema#label": "Baum BFAS838", "http://rdfs.org/ns/void#inDataset.value": "72757", "http://www.w3.org/2000/01/rdf-schema#comment": "Bahn", "http://www.wikidata.org/prop/direct/P2547.value": "6.5", "http://www.wikidata.org/prop/direct/P2547.unit": "http://www.ontology-of-units-of-measure.org/resource/om-2/meter", "http://www.wikidata.org/prop/direct/P3018": "Bahnhof Alte S\u00fcderelbe S\u00fcd", "https://gdi-de.github.io/apworkshop2026/ont#stammdurchmesser.value": "34.0", "https://gdi-de.github.io/apworkshop2026/ont#stammdurchmesser.unit": "http://www.ontology-of-units-of-measure.org/resource/om-2/centimeter"}, "geometry": {"type": "MultiPoint", "coordinates": [[9.909049359994489, 53.49996913029444]]}}, {"type": "Feature", "id": "https://gdi-de.github.io/apworkshop2026/VHWN52", "name": "Baum VHWN52 (gdide:VHWN52)", "dateprops": [], "properties": {"http://www.w3.org/2000/01/rdf-schema#label": "Baum VHWN52", "http://rdfs.org/ns/void#inDataset.value": "72757", "http://www.w3.org/2000/01/rdf-schema#comment": "Stra\u00dfe", "http://www.wikidata.org/prop/direct/P2547.value": "5.0", "http://www.wikidata.org/prop/direct/P2547.unit": "http://www.ontology-of-units-of-measure.org/resource/om-2/meter", "http://www.wikidata.org/prop/direct/P3018": "Vollh\u00f6fner Weiden", "https://gdi-de.github.io/apworkshop2026/ont#stammdurchmesser.value": "39.0", "https://gdi-de.github.io/apworkshop2026/ont#stammdurchmesser.unit": "http://www.ontology-of-units-of-measure.org/resource/om-2/centimeter"}, "geometry": {"type": "MultiPoint", "coordinates": [[9.910211097252523, 53.49586492655268]]}}, {"type": "Feature", "id": "https://gdi-de.github.io/apworkshop2026/GEOW40", "name": "Baum GEOW40 (gdide:GEOW40)", "dateprops": [], "properties": {"http://www.w3.org/2000/01/rdf-schema#label": "Baum GEOW40", "http://rdfs.org/ns/void#inDataset.value": "72757", "http://www.w3.org/2000/01/rdf-schema#comment": "Stra\u00dfe", "http://www.wikidata.org/prop/direct/P2547.value": "13.0", "http://www.wikidata.org/prop/direct/P2547.unit": "http://www.ontology-of-units-of-measure.org/resource/om-2/meter", "http://www.wikidata.org/prop/direct/P3018": "Georgswerder", "https://gdi-de.github.io/apworkshop2026/ont#stammdurchmesser.value": "68.0", "https://gdi-de.github.io/apworkshop2026/ont#stammdurchmesser.unit": "http://www.ontology-of-units-of-measure.org/resource/om-2/centimeter"}, "geometry": {"type": "MultiPoint", "coordinates": [[10.02788261107867, 53.52042623190594]]}}, {"type": "Feature", "id": "https://gdi-de.github.io/apworkshop2026/FINW132", "name": "Baum FINW132 (gdide:FINW132)", "dateprops": [], "properties": {"http://www.w3.org/2000/01/rdf-schema#label": "Baum FINW132", "http://rdfs.org/ns/void#inDataset.value": "72757", "http://www.w3.org/2000/01/rdf-schema#comment": "Wasserwirtschaft", "http://www.wikidata.org/prop/direct/P2547.value": "12.0", "http://www.wikidata.org/prop/direct/P2547.unit": "http://www.ontology-of-units-of-measure.org/resource/om-2/meter", "http://www.wikidata.org/prop/direct/P3018": "Finkenwerder", "https://gdi-de.github.io/apworkshop2026/ont#stammdurchmesser.value": "53.0", "https://gdi-de.github.io/apworkshop2026/ont#stammdurchmesser.unit": "http://www.ontology-of-units-of-measure.org/resource/om-2/centimeter"}, "geometry": {"type": "MultiPoint", "coordinates": [[9.868464912762425, 53.541007278592396]]}}, {"type": "Feature", "id": "https://gdi-de.github.io/apworkshop2026/BFAS1030", "name": "Baum BFAS1030 (gdide:BFAS1030)", "dateprops": [], "properties": {"http://www.w3.org/2000/01/rdf-schema#label": "Baum BFAS1030", "http://rdfs.org/ns/void#inDataset.value": "72757", "http://www.w3.org/2000/01/rdf-schema#comment": "Bahn", "http://www.wikidata.org/prop/direct/P2547.value": "6.0", "http://www.wikidata.org/prop/direct/P2547.unit": "http://www.ontology-of-units-of-measure.org/resource/om-2/meter", "http://www.wikidata.org/prop/direct/P3018": "Bahnhof Alte S\u00fcderelbe S\u00fcd", "https://gdi-de.github.io/apworkshop2026/ont#stammdurchmesser.value": "41.0", "https://gdi-de.github.io/apworkshop2026/ont#stammdurchmesser.unit": "http://www.ontology-of-units-of-measure.org/resource/om-2/centimeter"}, "geometry": {"type": "MultiPoint", "coordinates": [[9.900294424151225, 53.48413357660183]]}}, {"type": "Feature", "id": "https://gdi-de.github.io/apworkshop2026/KTWK488", "name": "Baum KTWK488 (gdide:KTWK488)", "dateprops": [], "properties": {"http://www.w3.org/2000/01/rdf-schema#label": "Baum KTWK488", "http://rdfs.org/ns/void#inDataset.value": "72757", "http://www.w3.org/2000/01/rdf-schema#comment": "Wasserwirtschaft", "http://www.wikidata.org/prop/direct/P2547.value": "10.0", "http://www.wikidata.org/prop/direct/P2547.unit": "http://www.ontology-of-units-of-measure.org/resource/om-2/meter", "http://www.wikidata.org/prop/direct/P3018": "Kattwyk", "https://gdi-de.github.io/apworkshop2026/ont#stammdurchmesser.value": "34.0", "https://gdi-de.github.io/apworkshop2026/ont#stammdurchmesser.unit": "http://www.ontology-of-units-of-measure.org/resource/om-2/centimeter"}, "geometry": {"type": "MultiPoint", "coordinates": [[9.943506416639881, 53.50605492447766]]}}, {"type": "Feature", "id": "https://gdi-de.github.io/apworkshop2026/MEFC492", "name": "Baum MEFC492 (gdide:MEFC492)", "dateprops": [], "properties": {"http://www.w3.org/2000/01/rdf-schema#label": "Baum MEFC492", "http://rdfs.org/ns/void#inDataset.value": "72757", "http://www.w3.org/2000/01/rdf-schema#comment": "Francop", "http://www.wikidata.org/prop/direct/P2547.value": "5.0", "http://www.wikidata.org/prop/direct/P2547.unit": "http://www.ontology-of-units-of-measure.org/resource/om-2/meter", "http://www.wikidata.org/prop/direct/P3018": "METHA-Francop", "https://gdi-de.github.io/apworkshop2026/ont#stammdurchmesser.value": "29.0", "https://gdi-de.github.io/apworkshop2026/ont#stammdurchmesser.unit": "http://www.ontology-of-units-of-measure.org/resource/om-2/centimeter"}, "geometry": {"type": "MultiPoint", "coordinates": [[9.88896522213087, 53.517384729456154]]}}, {"type": "Feature", "id": "https://gdi-de.github.io/apworkshop2026/RDLD35", "name": "Baum RDLD35 (gdide:RDLD35)", "dateprops": [], "properties": {"http://www.w3.org/2000/01/rdf-schema#label": "Baum RDLD35", "http://rdfs.org/ns/void#inDataset.value": "72757", "http://www.w3.org/2000/01/rdf-schema#comment": "Stra\u00dfe", "http://www.wikidata.org/prop/direct/P2547.value": "14.0", "http://www.wikidata.org/prop/direct/P2547.unit": "http://www.ontology-of-units-of-measure.org/resource/om-2/meter", "http://www.wikidata.org/prop/direct/P3018": "Radeland", "https://gdi-de.github.io/apworkshop2026/ont#stammdurchmesser.value": "59.0", "https://gdi-de.github.io/apworkshop2026/ont#stammdurchmesser.unit": "http://www.ontology-of-units-of-measure.org/resource/om-2/centimeter"}, "geometry": {"type": "MultiPoint", "coordinates": [[9.937661779772037, 53.47647274195177]]}}, {"type": "Feature", "id": "https://gdi-de.github.io/apworkshop2026/VHWN140", "name": "Baum VHWN140 (gdide:VHWN140)", "dateprops": [], "properties": {"http://www.w3.org/2000/01/rdf-schema#label": "Baum VHWN140", "http://rdfs.org/ns/void#inDataset.value": "72757", "http://www.w3.org/2000/01/rdf-schema#comment": "Stra\u00dfe", "http://www.wikidata.org/prop/direct/P2547.value": "8.5", "http://www.wikidata.org/prop/direct/P2547.unit": "http://www.ontology-of-units-of-measure.org/resource/om-2/meter", "http://www.wikidata.org/prop/direct/P3018": "Vollh\u00f6fner Weiden", "https://gdi-de.github.io/apworkshop2026/ont#stammdurchmesser.value": "38.0", "https://gdi-de.github.io/apworkshop2026/ont#stammdurchmesser.unit": "http://www.ontology-of-units-of-measure.org/resource/om-2/centimeter"}, "geometry": {"type": "MultiPoint", "coordinates": [[9.910595935520242, 53.49713934862036]]}}, {"type": "Feature", "id": "https://gdi-de.github.io/apworkshop2026/VHWN160", "name": "Baum VHWN160 (gdide:VHWN160)", "dateprops": [], "properties": {"http://www.w3.org/2000/01/rdf-schema#label": "Baum VHWN160", "http://rdfs.org/ns/void#inDataset.value": "72757", "http://www.w3.org/2000/01/rdf-schema#comment": "Stra\u00dfe", "http://www.wikidata.org/prop/direct/P2547.value": "9.0", "http://www.wikidata.org/prop/direct/P2547.unit": "http://www.ontology-of-units-of-measure.org/resource/om-2/meter", "http://www.wikidata.org/prop/direct/P3018": "Vollh\u00f6fner Weiden", "https://gdi-de.github.io/apworkshop2026/ont#stammdurchmesser.value": "29.0", "https://gdi-de.github.io/apworkshop2026/ont#stammdurchmesser.unit": "http://www.ontology-of-units-of-measure.org/resource/om-2/centimeter"}, "geometry": {"type": "MultiPoint", "coordinates": [[9.910843960370185, 53.496270612515296]]}}, {"type": "Feature", "id": "https://gdi-de.github.io/apworkshop2026/PIOI217", "name": "Baum PIOI217 (gdide:PIOI217)", "dateprops": [], "properties": {"http://www.w3.org/2000/01/rdf-schema#label": "Baum PIOI217", "http://rdfs.org/ns/void#inDataset.value": "72757", "http://www.w3.org/2000/01/rdf-schema#comment": "Wasserwirtschaft", "http://www.wikidata.org/prop/direct/P2547.value": "12.0", "http://www.wikidata.org/prop/direct/P2547.unit": "http://www.ontology-of-units-of-measure.org/resource/om-2/meter", "http://www.wikidata.org/prop/direct/P3018": "Pionierinsel", "https://gdi-de.github.io/apworkshop2026/ont#stammdurchmesser.value": "59.0", "https://gdi-de.github.io/apworkshop2026/ont#stammdurchmesser.unit": "http://www.ontology-of-units-of-measure.org/resource/om-2/centimeter"}, "geometry": {"type": "MultiPoint", "coordinates": [[10.001868999451773, 53.47051435794387]]}}, {"type": "Feature", "id": "https://gdi-de.github.io/apworkshop2026/RDLD292", "name": "Baum RDLD292 (gdide:RDLD292)", "dateprops": [], "properties": {"http://www.w3.org/2000/01/rdf-schema#label": "Baum RDLD292", "http://rdfs.org/ns/void#inDataset.value": "72757", "http://www.w3.org/2000/01/rdf-schema#comment": "sonst. \u00f6ff. Fl\u00e4chen", "http://www.wikidata.org/prop/direct/P2547.value": "8.0", "http://www.wikidata.org/prop/direct/P2547.unit": "http://www.ontology-of-units-of-measure.org/resource/om-2/meter", "http://www.wikidata.org/prop/direct/P3018": "Radeland", "https://gdi-de.github.io/apworkshop2026/ont#stammdurchmesser.value": "38.0", "https://gdi-de.github.io/apworkshop2026/ont#stammdurchmesser.unit": "http://www.ontology-of-units-of-measure.org/resource/om-2/centimeter"}, "geometry": {"type": "MultiPoint", "coordinates": [[9.959064267180324, 53.472080082770226]]}}, {"type": "Feature", "id": "https://gdi-de.github.io/apworkshop2026/VHWN176", "name": "Baum VHWN176 (gdide:VHWN176)", "dateprops": [], "properties": {"http://www.w3.org/2000/01/rdf-schema#label": "Baum VHWN176", "http://rdfs.org/ns/void#inDataset.value": "72757", "http://www.w3.org/2000/01/rdf-schema#comment": "Stra\u00dfe", "http://www.wikidata.org/prop/direct/P2547.value": "5.0", "http://www.wikidata.org/prop/direct/P2547.unit": "http://www.ontology-of-units-of-measure.org/resource/om-2/meter", "http://www.wikidata.org/prop/direct/P3018": "Vollh\u00f6fner Weiden", "https://gdi-de.github.io/apworkshop2026/ont#stammdurchmesser.value": "22.0", "https://gdi-de.github.io/apworkshop2026/ont#stammdurchmesser.unit": "http://www.ontology-of-units-of-measure.org/resource/om-2/centimeter"}, "geometry": {"type": "MultiPoint", "coordinates": [[9.910560272403462, 53.49751854438087]]}}, {"type": "Feature", "id": "https://gdi-de.github.io/apworkshop2026/WITB598", "name": "Baum WITB598 (gdide:WITB598)", "dateprops": [], "properties": {"http://www.w3.org/2000/01/rdf-schema#label": "Baum WITB598", "http://rdfs.org/ns/void#inDataset.value": "72757", "http://www.w3.org/2000/01/rdf-schema#comment": "Wasserwirtschaft", "http://www.wikidata.org/prop/direct/P2547.value": "3.0", "http://www.wikidata.org/prop/direct/P2547.unit": "http://www.ontology-of-units-of-measure.org/resource/om-2/meter", "http://www.wikidata.org/prop/direct/P3018": "Wittenbergen", "https://gdi-de.github.io/apworkshop2026/ont#stammdurchmesser.value": "18.0", "https://gdi-de.github.io/apworkshop2026/ont#stammdurchmesser.unit": "http://www.ontology-of-units-of-measure.org/resource/om-2/centimeter"}, "geometry": {"type": "MultiPoint", "coordinates": [[9.770074191407616, 53.5634385846605]]}}, {"type": "Feature", "id": "https://gdi-de.github.io/apworkshop2026/MOBG896", "name": "Baum MOBG896 (gdide:MOBG896)", "dateprops": [], "properties": {"http://www.w3.org/2000/01/rdf-schema#label": "Baum MOBG896", "http://rdfs.org/ns/void#inDataset.value": "72757", "http://www.w3.org/2000/01/rdf-schema#comment": "sonst. \u00f6ff. Fl\u00e4chen", "http://www.wikidata.org/prop/direct/P2547.value": "3.0", "http://www.wikidata.org/prop/direct/P2547.unit": "http://www.ontology-of-units-of-measure.org/resource/om-2/meter", "http://www.wikidata.org/prop/direct/P3018": "Moorburg", "https://gdi-de.github.io/apworkshop2026/ont#stammdurchmesser.value": "12.0", "https://gdi-de.github.io/apworkshop2026/ont#stammdurchmesser.unit": "http://www.ontology-of-units-of-measure.org/resource/om-2/centimeter"}, "geometry": {"type": "MultiPoint", "coordinates": [[9.931012441055831, 53.49636590401314]]}}, {"type": "Feature", "id": "https://gdi-de.github.io/apworkshop2026/VHWN57", "name": "Baum VHWN57 (gdide:VHWN57)", "dateprops": [], "properties": {"http://www.w3.org/2000/01/rdf-schema#label": "Baum VHWN57", "http://rdfs.org/ns/void#inDataset.value": "72757", "http://www.w3.org/2000/01/rdf-schema#comment": "Stra\u00dfe", "http://www.wikidata.org/prop/direct/P2547.value": "6.0", "http://www.wikidata.org/prop/direct/P2547.unit": "http://www.ontology-of-units-of-measure.org/resource/om-2/meter", "http://www.wikidata.org/prop/direct/P3018": "Vollh\u00f6fner Weiden", "https://gdi-de.github.io/apworkshop2026/ont#stammdurchmesser.value": "35.0", "https://gdi-de.github.io/apworkshop2026/ont#stammdurchmesser.unit": "http://www.ontology-of-units-of-measure.org/resource/om-2/centimeter"}, "geometry": {"type": "MultiPoint", "coordinates": [[9.91024460441262, 53.49593650275783]]}}, {"type": "Feature", "id": "https://gdi-de.github.io/apworkshop2026/MOBG443", "name": "Baum MOBG443 (gdide:MOBG443)", "dateprops": [], "properties": {"http://www.w3.org/2000/01/rdf-schema#label": "Baum MOBG443", "http://rdfs.org/ns/void#inDataset.value": "72757", "http://www.w3.org/2000/01/rdf-schema#comment": "sonst. \u00f6ff. Fl\u00e4chen", "http://www.wikidata.org/prop/direct/P2547.value": "10.0", "http://www.wikidata.org/prop/direct/P2547.unit": "http://www.ontology-of-units-of-measure.org/resource/om-2/meter", "http://www.wikidata.org/prop/direct/P3018": "Moorburg", "https://gdi-de.github.io/apworkshop2026/ont#stammdurchmesser.value": "48.0", "https://gdi-de.github.io/apworkshop2026/ont#stammdurchmesser.unit": "http://www.ontology-of-units-of-measure.org/resource/om-2/centimeter"}, "geometry": {"type": "MultiPoint", "coordinates": [[9.948036881129127, 53.49352737388538]]}}, {"type": "Feature", "id": "https://gdi-de.github.io/apworkshop2026/RDLD15", "name": "Baum RDLD15 (gdide:RDLD15)", "dateprops": [], "properties": {"http://www.w3.org/2000/01/rdf-schema#label": "Baum RDLD15", "http://rdfs.org/ns/void#inDataset.value": "72757", "http://www.w3.org/2000/01/rdf-schema#comment": "Stra\u00dfe", "http://www.wikidata.org/prop/direct/P2547.value": "5.0", "http://www.wikidata.org/prop/direct/P2547.unit": "http://www.ontology-of-units-of-measure.org/resource/om-2/meter", "http://www.wikidata.org/prop/direct/P3018": "Radeland", "https://gdi-de.github.io/apworkshop2026/ont#stammdurchmesser.value": "16.0", "https://gdi-de.github.io/apworkshop2026/ont#stammdurchmesser.unit": "http://www.ontology-of-units-of-measure.org/resource/om-2/centimeter"}, "geometry": {"type": "MultiPoint", "coordinates": [[9.93784153266039, 53.47680074987384]]}}, {"type": "Feature", "id": "https://gdi-de.github.io/apworkshop2026/BFASN144", "name": "Baum BFASN144 (gdide:BFASN144)", "dateprops": [], "properties": {"http://www.w3.org/2000/01/rdf-schema#label": "Baum BFASN144", "http://rdfs.org/ns/void#inDataset.value": "72757", "http://www.w3.org/2000/01/rdf-schema#comment": "Stra\u00dfe", "http://www.wikidata.org/prop/direct/P2547.value": "3.5", "http://www.wikidata.org/prop/direct/P2547.unit": "http://www.ontology-of-units-of-measure.org/resource/om-2/meter", "http://www.wikidata.org/prop/direct/P3018": "Bahnhof Alte S\u00fcderelbe Nord", "https://gdi-de.github.io/apworkshop2026/ont#stammdurchmesser.value": "10.0", "https://gdi-de.github.io/apworkshop2026/ont#stammdurchmesser.unit": "http://www.ontology-of-units-of-measure.org/resource/om-2/centimeter"}, "geometry": {"type": "MultiPoint", "coordinates": [[9.911676123716784, 53.511450382351434]]}}, {"type": "Feature", "id": "https://gdi-de.github.io/apworkshop2026/MOBG424", "name": "Baum MOBG424 (gdide:MOBG424)", "dateprops": [], "properties": {"http://www.w3.org/2000/01/rdf-schema#label": "Baum MOBG424", "http://rdfs.org/ns/void#inDataset.value": "72757", "http://www.w3.org/2000/01/rdf-schema#comment": "sonst. \u00f6ff. Fl\u00e4chen", "http://www.wikidata.org/prop/direct/P2547.value": "8.0", "http://www.wikidata.org/prop/direct/P2547.unit": "http://www.ontology-of-units-of-measure.org/resource/om-2/meter", "http://www.wikidata.org/prop/direct/P3018": "Moorburg", "https://gdi-de.github.io/apworkshop2026/ont#stammdurchmesser.value": "64.0", "https://gdi-de.github.io/apworkshop2026/ont#stammdurchmesser.unit": "http://www.ontology-of-units-of-measure.org/resource/om-2/centimeter"}, "geometry": {"type": "MultiPoint", "coordinates": [[9.947187038937741, 53.49315061681861]]}}, {"type": "Feature", "id": "https://gdi-de.github.io/apworkshop2026/MEFC578", "name": "Baum MEFC578 (gdide:MEFC578)", "dateprops": [], "properties": {"http://www.w3.org/2000/01/rdf-schema#label": "Baum MEFC578", "http://rdfs.org/ns/void#inDataset.value": "72757", "http://www.w3.org/2000/01/rdf-schema#comment": "Francop", "http://www.wikidata.org/prop/direct/P2547.value": "4.0", "http://www.wikidata.org/prop/direct/P2547.unit": "http://www.ontology-of-units-of-measure.org/resource/om-2/meter", "http://www.wikidata.org/prop/direct/P3018": "METHA-Francop", "https://gdi-de.github.io/apworkshop2026/ont#stammdurchmesser.value": "17.0", "https://gdi-de.github.io/apworkshop2026/ont#stammdurchmesser.unit": "http://www.ontology-of-units-of-measure.org/resource/om-2/centimeter"}, "geometry": {"type": "MultiPoint", "coordinates": [[9.876674328683102, 53.51749798929616]]}}, {"type": "Feature", "id": "https://gdi-de.github.io/apworkshop2026/FRHD7", "name": "Baum FRHD7 (gdide:FRHD7)", "dateprops": [], "properties": {"http://www.w3.org/2000/01/rdf-schema#label": "Baum FRHD7", "http://rdfs.org/ns/void#inDataset.value": "72757", "http://www.w3.org/2000/01/rdf-schema#comment": "\u00f6ffentliche Gr\u00fcnfl\u00e4che", "http://www.wikidata.org/prop/direct/P2547.value": "10.0", "http://www.wikidata.org/prop/direct/P2547.unit": "http://www.ontology-of-units-of-measure.org/resource/om-2/meter", "http://www.wikidata.org/prop/direct/P3018": "Finkenrieker Hauptdeich", "https://gdi-de.github.io/apworkshop2026/ont#stammdurchmesser.value": "48.0", "https://gdi-de.github.io/apworkshop2026/ont#stammdurchmesser.unit": "http://www.ontology-of-units-of-measure.org/resource/om-2/centimeter"}, "geometry": {"type": "MultiPoint", "coordinates": [[10.013292308981292, 53.474453121335685]]}}, {"type": "Feature", "id": "https://gdi-de.github.io/apworkshop2026/FINW295", "name": "Baum FINW295 (gdide:FINW295)", "dateprops": [], "properties": {"http://www.w3.org/2000/01/rdf-schema#label": "Baum FINW295", "http://rdfs.org/ns/void#inDataset.value": "72757", "http://www.w3.org/2000/01/rdf-schema#comment": "Wasserwirtschaft", "http://www.wikidata.org/prop/direct/P2547.value": "4.0", "http://www.wikidata.org/prop/direct/P2547.unit": "http://www.ontology-of-units-of-measure.org/resource/om-2/meter", "http://www.wikidata.org/prop/direct/P3018": "Finkenwerder", "https://gdi-de.github.io/apworkshop2026/ont#stammdurchmesser.value": "18.0", "https://gdi-de.github.io/apworkshop2026/ont#stammdurchmesser.unit": "http://www.ontology-of-units-of-measure.org/resource/om-2/centimeter"}, "geometry": {"type": "MultiPoint", "coordinates": [[9.850514633024702, 53.54030712862161]]}}, {"type": "Feature", "id": "https://gdi-de.github.io/apworkshop2026/GZAW703", "name": "Baum GZAW703 (gdide:GZAW703)", "dateprops": [], "properties": {"http://www.w3.org/2000/01/rdf-schema#label": "Baum GZAW703", "http://rdfs.org/ns/void#inDataset.value": "72757", "http://www.w3.org/2000/01/rdf-schema#comment": "sonst. \u00f6ff. Fl\u00e4chen", "http://www.wikidata.org/prop/direct/P2547.value": "3.0", "http://www.wikidata.org/prop/direct/P2547.unit": "http://www.ontology-of-units-of-measure.org/resource/om-2/meter", "http://www.wikidata.org/prop/direct/P3018": "Gr\u00fcnzug Altenwerder", "https://gdi-de.github.io/apworkshop2026/ont#stammdurchmesser.value": "108.0", "https://gdi-de.github.io/apworkshop2026/ont#stammdurchmesser.unit": "http://www.ontology-of-units-of-measure.org/resource/om-2/centimeter"}, "geometry": {"type": "MultiPoint", "coordinates": [[9.919453809311914, 53.50353981643754]]}}, {"type": "Feature", "id": "https://gdi-de.github.io/apworkshop2026/RDLD318", "name": "Baum RDLD318 (gdide:RDLD318)", "dateprops": [], "properties": {"http://www.w3.org/2000/01/rdf-schema#label": "Baum RDLD318", "http://rdfs.org/ns/void#inDataset.value": "72757", "http://www.w3.org/2000/01/rdf-schema#comment": "sonst. \u00f6ff. Fl\u00e4chen", "http://www.wikidata.org/prop/direct/P2547.value": "3.0", "http://www.wikidata.org/prop/direct/P2547.unit": "http://www.ontology-of-units-of-measure.org/resource/om-2/meter", "http://www.wikidata.org/prop/direct/P3018": "Radeland", "https://gdi-de.github.io/apworkshop2026/ont#stammdurchmesser.value": "11.0", "https://gdi-de.github.io/apworkshop2026/ont#stammdurchmesser.unit": "http://www.ontology-of-units-of-measure.org/resource/om-2/centimeter"}, "geometry": {"type": "MultiPoint", "coordinates": [[9.94814669118946, 53.474845554851605]]}}, {"type": "Feature", "id": "https://gdi-de.github.io/apworkshop2026/VHWN169", "name": "Baum VHWN169 (gdide:VHWN169)", "dateprops": [], "properties": {"http://www.w3.org/2000/01/rdf-schema#label": "Baum VHWN169", "http://rdfs.org/ns/void#inDataset.value": "72757", "http://www.w3.org/2000/01/rdf-schema#comment": "Stra\u00dfe", "http://www.wikidata.org/prop/direct/P2547.value": "10.0", "http://www.wikidata.org/prop/direct/P2547.unit": "http://www.ontology-of-units-of-measure.org/resource/om-2/meter", "http://www.wikidata.org/prop/direct/P3018": "Vollh\u00f6fner Weiden", "https://gdi-de.github.io/apworkshop2026/ont#stammdurchmesser.value": "37.0", "https://gdi-de.github.io/apworkshop2026/ont#stammdurchmesser.unit": "http://www.ontology-of-units-of-measure.org/resource/om-2/centimeter"}, "geometry": {"type": "MultiPoint", "coordinates": [[9.910540859810173, 53.496917326141066]]}}, {"type": "Feature", "id": "https://gdi-de.github.io/apworkshop2026/BFAS348", "name": "Baum BFAS348 (gdide:BFAS348)", "dateprops": [], "properties": {"http://www.w3.org/2000/01/rdf-schema#label": "Baum BFAS348", "http://rdfs.org/ns/void#inDataset.value": "72757", "http://www.w3.org/2000/01/rdf-schema#comment": "sonst. \u00f6ff. Fl\u00e4chen", "http://www.wikidata.org/prop/direct/P2547.value": "4.0", "http://www.wikidata.org/prop/direct/P2547.unit": "http://www.ontology-of-units-of-measure.org/resource/om-2/meter", "http://www.wikidata.org/prop/direct/P3018": "Bahnhof Alte S\u00fcderelbe S\u00fcd", "https://gdi-de.github.io/apworkshop2026/ont#stammdurchmesser.value": "22.0", "https://gdi-de.github.io/apworkshop2026/ont#stammdurchmesser.unit": "http://www.ontology-of-units-of-measure.org/resource/om-2/centimeter"}, "geometry": {"type": "MultiPoint", "coordinates": [[9.907577587182447, 53.50446784252824]]}}, {"type": "Feature", "id": "https://gdi-de.github.io/apworkshop2026/VHWN209", "name": "Baum VHWN209 (gdide:VHWN209)", "dateprops": [], "properties": {"http://www.w3.org/2000/01/rdf-schema#label": "Baum VHWN209", "http://rdfs.org/ns/void#inDataset.value": "72757", "http://www.w3.org/2000/01/rdf-schema#comment": "Stra\u00dfe", "http://www.wikidata.org/prop/direct/P2547.value": "5.0", "http://www.wikidata.org/prop/direct/P2547.unit": "http://www.ontology-of-units-of-measure.org/resource/om-2/meter", "http://www.wikidata.org/prop/direct/P3018": "Vollh\u00f6fner Weiden", "https://gdi-de.github.io/apworkshop2026/ont#stammdurchmesser.value": "26.0", "https://gdi-de.github.io/apworkshop2026/ont#stammdurchmesser.unit": "http://www.ontology-of-units-of-measure.org/resource/om-2/centimeter"}, "geometry": {"type": "MultiPoint", "coordinates": [[9.91067756543011, 53.498247172546556]]}}, {"type": "Feature", "id": "https://gdi-de.github.io/apworkshop2026/FINW291", "name": "Baum FINW291 (gdide:FINW291)", "dateprops": [], "properties": {"http://www.w3.org/2000/01/rdf-schema#label": "Baum FINW291", "http://rdfs.org/ns/void#inDataset.value": "72757", "http://www.w3.org/2000/01/rdf-schema#comment": "Wasserwirtschaft", "http://www.wikidata.org/prop/direct/P2547.value": "8.5", "http://www.wikidata.org/prop/direct/P2547.unit": "http://www.ontology-of-units-of-measure.org/resource/om-2/meter", "http://www.wikidata.org/prop/direct/P3018": "Finkenwerder", "https://gdi-de.github.io/apworkshop2026/ont#stammdurchmesser.value": "40.0", "https://gdi-de.github.io/apworkshop2026/ont#stammdurchmesser.unit": "http://www.ontology-of-units-of-measure.org/resource/om-2/centimeter"}, "geometry": {"type": "MultiPoint", "coordinates": [[9.850277917964183, 53.53973731436202]]}}, {"type": "Feature", "id": "https://gdi-de.github.io/apworkshop2026/GZAW668", "name": "Baum GZAW668 (gdide:GZAW668)", "dateprops": [], "properties": {"http://www.w3.org/2000/01/rdf-schema#label": "Baum GZAW668", "http://rdfs.org/ns/void#inDataset.value": "72757", "http://www.w3.org/2000/01/rdf-schema#comment": "sonst. \u00f6ff. Fl\u00e4chen", "http://www.wikidata.org/prop/direct/P2547.value": "3.0", "http://www.wikidata.org/prop/direct/P2547.unit": "http://www.ontology-of-units-of-measure.org/resource/om-2/meter", "http://www.wikidata.org/prop/direct/P3018": "Gr\u00fcnzug Altenwerder", "https://gdi-de.github.io/apworkshop2026/ont#stammdurchmesser.value": "13.0", "https://gdi-de.github.io/apworkshop2026/ont#stammdurchmesser.unit": "http://www.ontology-of-units-of-measure.org/resource/om-2/centimeter"}, "geometry": {"type": "MultiPoint", "coordinates": [[9.91949180804843, 53.505865907472966]]}}, {"type": "Feature", "id": "https://gdi-de.github.io/apworkshop2026/KLGB633", "name": "Baum KLGB633 (gdide:KLGB633)", "dateprops": [], "properties": {"http://www.w3.org/2000/01/rdf-schema#label": "Baum KLGB633", "http://rdfs.org/ns/void#inDataset.value": "72757", "http://www.w3.org/2000/01/rdf-schema#comment": "Bahn", "http://www.wikidata.org/prop/direct/P2547.value": "5.0", "http://www.wikidata.org/prop/direct/P2547.unit": "http://www.ontology-of-units-of-measure.org/resource/om-2/meter", "http://www.wikidata.org/prop/direct/P3018": "Kleiner Grasbrook", "https://gdi-de.github.io/apworkshop2026/ont#stammdurchmesser.value": "28.0", "https://gdi-de.github.io/apworkshop2026/ont#stammdurchmesser.unit": "http://www.ontology-of-units-of-measure.org/resource/om-2/centimeter"}, "geometry": {"type": "MultiPoint", "coordinates": [[9.994821087227157, 53.525041571953416]]}}, {"type": "Feature", "id": "https://gdi-de.github.io/apworkshop2026/GZAW633", "name": "Baum GZAW633 (gdide:GZAW633)", "dateprops": [], "properties": {"http://www.w3.org/2000/01/rdf-schema#label": "Baum GZAW633", "http://rdfs.org/ns/void#inDataset.value": "72757", "http://www.w3.org/2000/01/rdf-schema#comment": "sonst. \u00f6ff. Fl\u00e4chen", "http://www.wikidata.org/prop/direct/P2547.value": "1.5", "http://www.wikidata.org/prop/direct/P2547.unit": "http://www.ontology-of-units-of-measure.org/resource/om-2/meter", "http://www.wikidata.org/prop/direct/P3018": "Gr\u00fcnzug Altenwerder", "https://gdi-de.github.io/apworkshop2026/ont#stammdurchmesser.value": "10.0", "https://gdi-de.github.io/apworkshop2026/ont#stammdurchmesser.unit": "http://www.ontology-of-units-of-measure.org/resource/om-2/centimeter"}, "geometry": {"type": "MultiPoint", "coordinates": [[9.919417032284182, 53.502938336283535]]}}, {"type": "Feature", "id": "https://gdi-de.github.io/apworkshop2026/KLGB776", "name": "Baum KLGB776 (gdide:KLGB776)", "dateprops": [], "properties": {"http://www.w3.org/2000/01/rdf-schema#label": "Baum KLGB776", "http://rdfs.org/ns/void#inDataset.value": "72757", "http://www.w3.org/2000/01/rdf-schema#comment": "HPA", "http://www.wikidata.org/prop/direct/P2547.value": "3.0", "http://www.wikidata.org/prop/direct/P2547.unit": "http://www.ontology-of-units-of-measure.org/resource/om-2/meter", "http://www.wikidata.org/prop/direct/P3018": "Kleiner Grasbrook", "https://gdi-de.github.io/apworkshop2026/ont#stammdurchmesser.value": "15.0", "https://gdi-de.github.io/apworkshop2026/ont#stammdurchmesser.unit": "http://www.ontology-of-units-of-measure.org/resource/om-2/centimeter"}, "geometry": {"type": "MultiPoint", "coordinates": [[9.981398469234994, 53.52999476513686]]}}, {"type": "Feature", "id": "https://gdi-de.github.io/apworkshop2026/GEOW60", "name": "Baum GEOW60 (gdide:GEOW60)", "dateprops": [], "properties": {"http://www.w3.org/2000/01/rdf-schema#label": "Baum GEOW60", "http://rdfs.org/ns/void#inDataset.value": "72757", "http://www.w3.org/2000/01/rdf-schema#comment": "Stra\u00dfe", "http://www.wikidata.org/prop/direct/P2547.value": "5.0", "http://www.wikidata.org/prop/direct/P2547.unit": "http://www.ontology-of-units-of-measure.org/resource/om-2/meter", "http://www.wikidata.org/prop/direct/P3018": "Georgswerder", "https://gdi-de.github.io/apworkshop2026/ont#stammdurchmesser.value": "16.0", "https://gdi-de.github.io/apworkshop2026/ont#stammdurchmesser.unit": "http://www.ontology-of-units-of-measure.org/resource/om-2/centimeter"}, "geometry": {"type": "MultiPoint", "coordinates": [[10.025415747476949, 53.52050121680193]]}}, {"type": "Feature", "id": "https://gdi-de.github.io/apworkshop2026/MEFC418", "name": "Baum MEFC418 (gdide:MEFC418)", "dateprops": [], "properties": {"http://www.w3.org/2000/01/rdf-schema#label": "Baum MEFC418", "http://rdfs.org/ns/void#inDataset.value": "72757", "http://www.w3.org/2000/01/rdf-schema#comment": "Francop", "http://www.wikidata.org/prop/direct/P2547.value": "1.5", "http://www.wikidata.org/prop/direct/P2547.unit": "http://www.ontology-of-units-of-measure.org/resource/om-2/meter", "http://www.wikidata.org/prop/direct/P3018": "METHA-Francop", "https://gdi-de.github.io/apworkshop2026/ont#stammdurchmesser.value": "7.0", "https://gdi-de.github.io/apworkshop2026/ont#stammdurchmesser.unit": "http://www.ontology-of-units-of-measure.org/resource/om-2/centimeter"}, "geometry": {"type": "MultiPoint", "coordinates": [[9.883253778470202, 53.51816057866421]]}}, {"type": "Feature", "id": "https://gdi-de.github.io/apworkshop2026/MOBG409", "name": "Baum MOBG409 (gdide:MOBG409)", "dateprops": [], "properties": {"http://www.w3.org/2000/01/rdf-schema#label": "Baum MOBG409", "http://rdfs.org/ns/void#inDataset.value": "72757", "http://www.w3.org/2000/01/rdf-schema#comment": "sonst. \u00f6ff. Fl\u00e4chen", "http://www.wikidata.org/prop/direct/P2547.value": "11.0", "http://www.wikidata.org/prop/direct/P2547.unit": "http://www.ontology-of-units-of-measure.org/resource/om-2/meter", "http://www.wikidata.org/prop/direct/P3018": "Moorburg", "https://gdi-de.github.io/apworkshop2026/ont#stammdurchmesser.value": "62.0", "https://gdi-de.github.io/apworkshop2026/ont#stammdurchmesser.unit": "http://www.ontology-of-units-of-measure.org/resource/om-2/centimeter"}, "geometry": {"type": "MultiPoint", "coordinates": [[9.945617718068997, 53.49245127889407]]}}, {"type": "Feature", "id": "https://gdi-de.github.io/apworkshop2026/RDLD145", "name": "Baum RDLD145 (gdide:RDLD145)", "dateprops": [], "properties": {"http://www.w3.org/2000/01/rdf-schema#label": "Baum RDLD145", "http://rdfs.org/ns/void#inDataset.value": "72757", "http://www.w3.org/2000/01/rdf-schema#comment": "Stra\u00dfe", "http://www.wikidata.org/prop/direct/P2547.value": "8.0", "http://www.wikidata.org/prop/direct/P2547.unit": "http://www.ontology-of-units-of-measure.org/resource/om-2/meter", "http://www.wikidata.org/prop/direct/P3018": "Radeland", "https://gdi-de.github.io/apworkshop2026/ont#stammdurchmesser.value": "46.0", "https://gdi-de.github.io/apworkshop2026/ont#stammdurchmesser.unit": "http://www.ontology-of-units-of-measure.org/resource/om-2/centimeter"}, "geometry": {"type": "MultiPoint", "coordinates": [[9.96332626116376, 53.47065512545103]]}}, {"type": "Feature", "id": "https://gdi-de.github.io/apworkshop2026/MOBG573", "name": "Baum MOBG573 (gdide:MOBG573)", "dateprops": [], "properties": {"http://www.w3.org/2000/01/rdf-schema#label": "Baum MOBG573", "http://rdfs.org/ns/void#inDataset.value": "72757", "http://www.w3.org/2000/01/rdf-schema#comment": "sonst. \u00f6ff. Fl\u00e4chen", "http://www.wikidata.org/prop/direct/P2547.value": "6.0", "http://www.wikidata.org/prop/direct/P2547.unit": "http://www.ontology-of-units-of-measure.org/resource/om-2/meter", "http://www.wikidata.org/prop/direct/P3018": "Moorburg", "https://gdi-de.github.io/apworkshop2026/ont#stammdurchmesser.value": "20.0", "https://gdi-de.github.io/apworkshop2026/ont#stammdurchmesser.unit": "http://www.ontology-of-units-of-measure.org/resource/om-2/centimeter"}, "geometry": {"type": "MultiPoint", "coordinates": [[9.927473626808723, 53.49500062124489]]}}, {"type": "Feature", "id": "https://gdi-de.github.io/apworkshop2026/RDLD264", "name": "Baum RDLD264 (gdide:RDLD264)", "dateprops": [], "properties": {"http://www.w3.org/2000/01/rdf-schema#label": "Baum RDLD264", "http://rdfs.org/ns/void#inDataset.value": "72757", "http://www.w3.org/2000/01/rdf-schema#comment": "sonst. \u00f6ff. Fl\u00e4chen", "http://www.wikidata.org/prop/direct/P2547.value": "10.0", "http://www.wikidata.org/prop/direct/P2547.unit": "http://www.ontology-of-units-of-measure.org/resource/om-2/meter", "http://www.wikidata.org/prop/direct/P3018": "Radeland", "https://gdi-de.github.io/apworkshop2026/ont#stammdurchmesser.value": "41.0", "https://gdi-de.github.io/apworkshop2026/ont#stammdurchmesser.unit": "http://www.ontology-of-units-of-measure.org/resource/om-2/centimeter"}, "geometry": {"type": "MultiPoint", "coordinates": [[9.966400583526909, 53.47047392850554]]}}, {"type": "Feature", "id": "https://gdi-de.github.io/apworkshop2026/RDLD291", "name": "Baum RDLD291 (gdide:RDLD291)", "dateprops": [], "properties": {"http://www.w3.org/2000/01/rdf-schema#label": "Baum RDLD291", "http://rdfs.org/ns/void#inDataset.value": "72757", "http://www.w3.org/2000/01/rdf-schema#comment": "sonst. \u00f6ff. Fl\u00e4chen", "http://www.wikidata.org/prop/direct/P2547.value": "6.0", "http://www.wikidata.org/prop/direct/P2547.unit": "http://www.ontology-of-units-of-measure.org/resource/om-2/meter", "http://www.wikidata.org/prop/direct/P3018": "Radeland", "https://gdi-de.github.io/apworkshop2026/ont#stammdurchmesser.value": "25.0", "https://gdi-de.github.io/apworkshop2026/ont#stammdurchmesser.unit": "http://www.ontology-of-units-of-measure.org/resource/om-2/centimeter"}, "geometry": {"type": "MultiPoint", "coordinates": [[9.959141953486096, 53.472077874499554]]}}, {"type": "Feature", "id": "https://gdi-de.github.io/apworkshop2026/VHWN108", "name": "Baum VHWN108 (gdide:VHWN108)", "dateprops": [], "properties": {"http://www.w3.org/2000/01/rdf-schema#label": "Baum VHWN108", "http://rdfs.org/ns/void#inDataset.value": "72757", "http://www.w3.org/2000/01/rdf-schema#comment": "Stra\u00dfe", "http://www.wikidata.org/prop/direct/P2547.value": "7.0", "http://www.wikidata.org/prop/direct/P2547.unit": "http://www.ontology-of-units-of-measure.org/resource/om-2/meter", "http://www.wikidata.org/prop/direct/P3018": "Vollh\u00f6fner Weiden", "https://gdi-de.github.io/apworkshop2026/ont#stammdurchmesser.value": "40.0", "https://gdi-de.github.io/apworkshop2026/ont#stammdurchmesser.unit": "http://www.ontology-of-units-of-measure.org/resource/om-2/centimeter"}, "geometry": {"type": "MultiPoint", "coordinates": [[9.909793012336142, 53.495883101170186]]}}, {"type": "Feature", "id": "https://gdi-de.github.io/apworkshop2026/RDLD298", "name": "Baum RDLD298 (gdide:RDLD298)", "dateprops": [], "properties": {"http://www.w3.org/2000/01/rdf-schema#label": "Baum RDLD298", "http://rdfs.org/ns/void#inDataset.value": "72757", "http://www.w3.org/2000/01/rdf-schema#comment": "sonst. \u00f6ff. Fl\u00e4chen", "http://www.wikidata.org/prop/direct/P2547.value": "6.0", "http://www.wikidata.org/prop/direct/P2547.unit": "http://www.ontology-of-units-of-measure.org/resource/om-2/meter", "http://www.wikidata.org/prop/direct/P3018": "Radeland", "https://gdi-de.github.io/apworkshop2026/ont#stammdurchmesser.value": "29.0", "https://gdi-de.github.io/apworkshop2026/ont#stammdurchmesser.unit": "http://www.ontology-of-units-of-measure.org/resource/om-2/centimeter"}, "geometry": {"type": "MultiPoint", "coordinates": [[9.958432149664349, 53.47215571463456]]}}, {"type": "Feature", "id": "https://gdi-de.github.io/apworkshop2026/MEFC982", "name": "Baum MEFC982 (gdide:MEFC982)", "dateprops": [], "properties": {"http://www.w3.org/2000/01/rdf-schema#label": "Baum MEFC982", "http://rdfs.org/ns/void#inDataset.value": "72757", "http://www.w3.org/2000/01/rdf-schema#comment": "Francop", "http://www.wikidata.org/prop/direct/P2547.value": "3.5", "http://www.wikidata.org/prop/direct/P2547.unit": "http://www.ontology-of-units-of-measure.org/resource/om-2/meter", "http://www.wikidata.org/prop/direct/P3018": "METHA-Francop", "https://gdi-de.github.io/apworkshop2026/ont#stammdurchmesser.value": "14.0", "https://gdi-de.github.io/apworkshop2026/ont#stammdurchmesser.unit": "http://www.ontology-of-units-of-measure.org/resource/om-2/centimeter"}, "geometry": {"type": "MultiPoint", "coordinates": [[9.87609199580017, 53.517487947879516]]}}, {"type": "Feature", "id": "https://gdi-de.github.io/apworkshop2026/VHWN56", "name": "Baum VHWN56 (gdide:VHWN56)", "dateprops": [], "properties": {"http://www.w3.org/2000/01/rdf-schema#label": "Baum VHWN56", "http://rdfs.org/ns/void#inDataset.value": "72757", "http://www.w3.org/2000/01/rdf-schema#comment": "Stra\u00dfe", "http://www.wikidata.org/prop/direct/P2547.value": "4.5", "http://www.wikidata.org/prop/direct/P2547.unit": "http://www.ontology-of-units-of-measure.org/resource/om-2/meter", "http://www.wikidata.org/prop/direct/P3018": "Vollh\u00f6fner Weiden", "https://gdi-de.github.io/apworkshop2026/ont#stammdurchmesser.value": "28.0", "https://gdi-de.github.io/apworkshop2026/ont#stammdurchmesser.unit": "http://www.ontology-of-units-of-measure.org/resource/om-2/centimeter"}, "geometry": {"type": "MultiPoint", "coordinates": [[9.910215220519678, 53.495926782209665]]}}, {"type": "Feature", "id": "https://gdi-de.github.io/apworkshop2026/PIOI71", "name": "Baum PIOI71 (gdide:PIOI71)", "dateprops": [], "properties": {"http://www.w3.org/2000/01/rdf-schema#label": "Baum PIOI71", "http://rdfs.org/ns/void#inDataset.value": "72757", "http://www.w3.org/2000/01/rdf-schema#comment": "Wasserwirtschaft", "http://www.wikidata.org/prop/direct/P2547.value": "4.0", "http://www.wikidata.org/prop/direct/P2547.unit": "http://www.ontology-of-units-of-measure.org/resource/om-2/meter", "http://www.wikidata.org/prop/direct/P3018": "Pionierinsel", "https://gdi-de.github.io/apworkshop2026/ont#stammdurchmesser.value": "25.0", "https://gdi-de.github.io/apworkshop2026/ont#stammdurchmesser.unit": "http://www.ontology-of-units-of-measure.org/resource/om-2/centimeter"}, "geometry": {"type": "MultiPoint", "coordinates": [[10.002832289880391, 53.47038954576457]]}}, {"type": "Feature", "id": "https://gdi-de.github.io/apworkshop2026/RDLD140", "name": "Baum RDLD140 (gdide:RDLD140)", "dateprops": [], "properties": {"http://www.w3.org/2000/01/rdf-schema#label": "Baum RDLD140", "http://rdfs.org/ns/void#inDataset.value": "72757", "http://www.w3.org/2000/01/rdf-schema#comment": "Stra\u00dfe", "http://www.wikidata.org/prop/direct/P2547.value": "10.0", "http://www.wikidata.org/prop/direct/P2547.unit": "http://www.ontology-of-units-of-measure.org/resource/om-2/meter", "http://www.wikidata.org/prop/direct/P3018": "Radeland", "https://gdi-de.github.io/apworkshop2026/ont#stammdurchmesser.value": "48.0", "https://gdi-de.github.io/apworkshop2026/ont#stammdurchmesser.unit": "http://www.ontology-of-units-of-measure.org/resource/om-2/centimeter"}, "geometry": {"type": "MultiPoint", "coordinates": [[9.964458048590222, 53.47040482246993]]}}, {"type": "Feature", "id": "https://gdi-de.github.io/apworkshop2026/RDLD297", "name": "Baum RDLD297 (gdide:RDLD297)", "dateprops": [], "properties": {"http://www.w3.org/2000/01/rdf-schema#label": "Baum RDLD297", "http://rdfs.org/ns/void#inDataset.value": "72757", "http://www.w3.org/2000/01/rdf-schema#comment": "nan", "http://www.wikidata.org/prop/direct/P2547.value": "nan", "http://www.wikidata.org/prop/direct/P2547.unit": "http://www.ontology-of-units-of-measure.org/resource/om-2/meter", "http://www.wikidata.org/prop/direct/P3018": "Radeland", "https://gdi-de.github.io/apworkshop2026/ont#stammdurchmesser.value": "nan", "https://gdi-de.github.io/apworkshop2026/ont#stammdurchmesser.unit": "http://www.ontology-of-units-of-measure.org/resource/om-2/centimeter"}, "geometry": {"type": "MultiPoint", "coordinates": [[9.958468567365966, 53.47215026615058]]}}, {"type": "Feature", "id": "https://gdi-de.github.io/apworkshop2026/RDLD304", "name": "Baum RDLD304 (gdide:RDLD304)", "dateprops": [], "properties": {"http://www.w3.org/2000/01/rdf-schema#label": "Baum RDLD304", "http://rdfs.org/ns/void#inDataset.value": "72757", "http://www.w3.org/2000/01/rdf-schema#comment": "sonst. \u00f6ff. Fl\u00e4chen", "http://www.wikidata.org/prop/direct/P2547.value": "6.0", "http://www.wikidata.org/prop/direct/P2547.unit": "http://www.ontology-of-units-of-measure.org/resource/om-2/meter", "http://www.wikidata.org/prop/direct/P3018": "Radeland", "https://gdi-de.github.io/apworkshop2026/ont#stammdurchmesser.value": "32.0", "https://gdi-de.github.io/apworkshop2026/ont#stammdurchmesser.unit": "http://www.ontology-of-units-of-measure.org/resource/om-2/centimeter"}, "geometry": {"type": "MultiPoint", "coordinates": [[9.958141230259585, 53.472218294620355]]}}, {"type": "Feature", "id": "https://gdi-de.github.io/apworkshop2026/STWR175", "name": "Baum STWR175 (gdide:STWR175)", "dateprops": [], "properties": {"http://www.w3.org/2000/01/rdf-schema#label": "Baum STWR175", "http://rdfs.org/ns/void#inDataset.value": "72757", "http://www.w3.org/2000/01/rdf-schema#comment": "sonst. \u00f6ff. Fl\u00e4chen", "http://www.wikidata.org/prop/direct/P2547.value": "8.0", "http://www.wikidata.org/prop/direct/P2547.unit": "http://www.ontology-of-units-of-measure.org/resource/om-2/meter", "http://www.wikidata.org/prop/direct/P3018": "Steinwerder", "https://gdi-de.github.io/apworkshop2026/ont#stammdurchmesser.value": "30.0", "https://gdi-de.github.io/apworkshop2026/ont#stammdurchmesser.unit": "http://www.ontology-of-units-of-measure.org/resource/om-2/centimeter"}, "geometry": {"type": "MultiPoint", "coordinates": [[9.965848775397331, 53.54130481893881]]}}, {"type": "Feature", "id": "https://gdi-de.github.io/apworkshop2026/GZAW580", "name": "Baum GZAW580 (gdide:GZAW580)", "dateprops": [], "properties": {"http://www.w3.org/2000/01/rdf-schema#label": "Baum GZAW580", "http://rdfs.org/ns/void#inDataset.value": "72757", "http://www.w3.org/2000/01/rdf-schema#comment": "sonst. \u00f6ff. Fl\u00e4chen", "http://www.wikidata.org/prop/direct/P2547.value": "3.0", "http://www.wikidata.org/prop/direct/P2547.unit": "http://www.ontology-of-units-of-measure.org/resource/om-2/meter", "http://www.wikidata.org/prop/direct/P3018": "Gr\u00fcnzug Altenwerder", "https://gdi-de.github.io/apworkshop2026/ont#stammdurchmesser.value": "11.0", "https://gdi-de.github.io/apworkshop2026/ont#stammdurchmesser.unit": "http://www.ontology-of-units-of-measure.org/resource/om-2/centimeter"}, "geometry": {"type": "MultiPoint", "coordinates": [[9.919233461555871, 53.50150750116295]]}}, {"type": "Feature", "id": "https://gdi-de.github.io/apworkshop2026/RDLD92", "name": "Baum RDLD92 (gdide:RDLD92)", "dateprops": [], "properties": {"http://www.w3.org/2000/01/rdf-schema#label": "Baum RDLD92", "http://rdfs.org/ns/void#inDataset.value": "72757", "http://www.w3.org/2000/01/rdf-schema#comment": "Stra\u00dfe", "http://www.wikidata.org/prop/direct/P2547.value": "8.0", "http://www.wikidata.org/prop/direct/P2547.unit": "http://www.ontology-of-units-of-measure.org/resource/om-2/meter", "http://www.wikidata.org/prop/direct/P3018": "Radeland", "https://gdi-de.github.io/apworkshop2026/ont#stammdurchmesser.value": "32.0", "https://gdi-de.github.io/apworkshop2026/ont#stammdurchmesser.unit": "http://www.ontology-of-units-of-measure.org/resource/om-2/centimeter"}, "geometry": {"type": "MultiPoint", "coordinates": [[9.948231519101737, 53.474841764144806]]}}, {"type": "Feature", "id": "https://gdi-de.github.io/apworkshop2026/GZAW581", "name": "Baum GZAW581 (gdide:GZAW581)", "dateprops": [], "properties": {"http://www.w3.org/2000/01/rdf-schema#label": "Baum GZAW581", "http://rdfs.org/ns/void#inDataset.value": "72757", "http://www.w3.org/2000/01/rdf-schema#comment": "sonst. \u00f6ff. Fl\u00e4chen", "http://www.wikidata.org/prop/direct/P2547.value": "3.0", "http://www.wikidata.org/prop/direct/P2547.unit": "http://www.ontology-of-units-of-measure.org/resource/om-2/meter", "http://www.wikidata.org/prop/direct/P3018": "Gr\u00fcnzug Altenwerder", "https://gdi-de.github.io/apworkshop2026/ont#stammdurchmesser.value": "11.0", "https://gdi-de.github.io/apworkshop2026/ont#stammdurchmesser.unit": "http://www.ontology-of-units-of-measure.org/resource/om-2/centimeter"}, "geometry": {"type": "MultiPoint", "coordinates": [[9.9192191693597, 53.50143458787478]]}}, {"type": "Feature", "id": "https://gdi-de.github.io/apworkshop2026/GZAW681", "name": "Baum GZAW681 (gdide:GZAW681)", "dateprops": [], "properties": {"http://www.w3.org/2000/01/rdf-schema#label": "Baum GZAW681", "http://rdfs.org/ns/void#inDataset.value": "72757", "http://www.w3.org/2000/01/rdf-schema#comment": "sonst. \u00f6ff. Fl\u00e4chen", "http://www.wikidata.org/prop/direct/P2547.value": "4.0", "http://www.wikidata.org/prop/direct/P2547.unit": "http://www.ontology-of-units-of-measure.org/resource/om-2/meter", "http://www.wikidata.org/prop/direct/P3018": "Gr\u00fcnzug Altenwerder", "https://gdi-de.github.io/apworkshop2026/ont#stammdurchmesser.value": "13.0", "https://gdi-de.github.io/apworkshop2026/ont#stammdurchmesser.unit": "http://www.ontology-of-units-of-measure.org/resource/om-2/centimeter"}, "geometry": {"type": "MultiPoint", "coordinates": [[9.919423042013431, 53.5049625047145]]}}, {"type": "Feature", "id": "https://gdi-de.github.io/apworkshop2026/BFASN1355", "name": "Baum BFASN1355 (gdide:BFASN1355)", "dateprops": [], "properties": {"http://www.w3.org/2000/01/rdf-schema#label": "Baum BFASN1355", "http://rdfs.org/ns/void#inDataset.value": "72757", "http://www.w3.org/2000/01/rdf-schema#comment": "Bahn", "http://www.wikidata.org/prop/direct/P2547.value": "5.0", "http://www.wikidata.org/prop/direct/P2547.unit": "http://www.ontology-of-units-of-measure.org/resource/om-2/meter", "http://www.wikidata.org/prop/direct/P3018": "Bahnhof Alte S\u00fcderelbe S\u00fcd", "https://gdi-de.github.io/apworkshop2026/ont#stammdurchmesser.value": "22.0", "https://gdi-de.github.io/apworkshop2026/ont#stammdurchmesser.unit": "http://www.ontology-of-units-of-measure.org/resource/om-2/centimeter"}, "geometry": {"type": "MultiPoint", "coordinates": [[9.908592081582261, 53.498858460511805]]}}, {"type": "Feature", "id": "https://gdi-de.github.io/apworkshop2026/GZAW635", "name": "Baum GZAW635 (gdide:GZAW635)", "dateprops": [], "properties": {"http://www.w3.org/2000/01/rdf-schema#label": "Baum GZAW635", "http://rdfs.org/ns/void#inDataset.value": "72757", "http://www.w3.org/2000/01/rdf-schema#comment": "sonst. \u00f6ff. Fl\u00e4chen", "http://www.wikidata.org/prop/direct/P2547.value": "4.0", "http://www.wikidata.org/prop/direct/P2547.unit": "http://www.ontology-of-units-of-measure.org/resource/om-2/meter", "http://www.wikidata.org/prop/direct/P3018": "Gr\u00fcnzug Altenwerder", "https://gdi-de.github.io/apworkshop2026/ont#stammdurchmesser.value": "18.0", "https://gdi-de.github.io/apworkshop2026/ont#stammdurchmesser.unit": "http://www.ontology-of-units-of-measure.org/resource/om-2/centimeter"}, "geometry": {"type": "MultiPoint", "coordinates": [[9.919311246676322, 53.50265819046503]]}}, {"type": "Feature", "id": "https://gdi-de.github.io/apworkshop2026/VHWN573", "name": "Baum VHWN573 (gdide:VHWN573)", "dateprops": [], "properties": {"http://www.w3.org/2000/01/rdf-schema#label": "Baum VHWN573", "http://rdfs.org/ns/void#inDataset.value": "72757", "http://www.w3.org/2000/01/rdf-schema#comment": "sonst. \u00f6ff. Fl\u00e4chen", "http://www.wikidata.org/prop/direct/P2547.value": "5.0", "http://www.wikidata.org/prop/direct/P2547.unit": "http://www.ontology-of-units-of-measure.org/resource/om-2/meter", "http://www.wikidata.org/prop/direct/P3018": "Vollh\u00f6fner Weiden", "https://gdi-de.github.io/apworkshop2026/ont#stammdurchmesser.value": "18.0", "https://gdi-de.github.io/apworkshop2026/ont#stammdurchmesser.unit": "http://www.ontology-of-units-of-measure.org/resource/om-2/centimeter"}, "geometry": {"type": "MultiPoint", "coordinates": [[9.892896294729942, 53.514427165105765]]}}, {"type": "Feature", "id": "https://gdi-de.github.io/apworkshop2026/RDLD90", "name": "Baum RDLD90 (gdide:RDLD90)", "dateprops": [], "properties": {"http://www.w3.org/2000/01/rdf-schema#label": "Baum RDLD90", "http://rdfs.org/ns/void#inDataset.value": "72757", "http://www.w3.org/2000/01/rdf-schema#comment": "Stra\u00dfe", "http://www.wikidata.org/prop/direct/P2547.value": "10.0", "http://www.wikidata.org/prop/direct/P2547.unit": "http://www.ontology-of-units-of-measure.org/resource/om-2/meter", "http://www.wikidata.org/prop/direct/P3018": "Radeland", "https://gdi-de.github.io/apworkshop2026/ont#stammdurchmesser.value": "22.0", "https://gdi-de.github.io/apworkshop2026/ont#stammdurchmesser.unit": "http://www.ontology-of-units-of-measure.org/resource/om-2/centimeter"}, "geometry": {"type": "MultiPoint", "coordinates": [[9.948264316592763, 53.47483044548792]]}}, {"type": "Feature", "id": "https://gdi-de.github.io/apworkshop2026/WITB211", "name": "Baum WITB211 (gdide:WITB211)", "dateprops": [], "properties": {"http://www.w3.org/2000/01/rdf-schema#label": "Baum WITB211", "http://rdfs.org/ns/void#inDataset.value": "72757", "http://www.w3.org/2000/01/rdf-schema#comment": "Wasserwirtschaft", "http://www.wikidata.org/prop/direct/P2547.value": "10.0", "http://www.wikidata.org/prop/direct/P2547.unit": "http://www.ontology-of-units-of-measure.org/resource/om-2/meter", "http://www.wikidata.org/prop/direct/P3018": "Wittenbergen", "https://gdi-de.github.io/apworkshop2026/ont#stammdurchmesser.value": "24.0", "https://gdi-de.github.io/apworkshop2026/ont#stammdurchmesser.unit": "http://www.ontology-of-units-of-measure.org/resource/om-2/centimeter"}, "geometry": {"type": "MultiPoint", "coordinates": [[9.739586268979885, 53.564881429657675]]}}, {"type": "Feature", "id": "https://gdi-de.github.io/apworkshop2026/MOBG103", "name": "Baum MOBG103 (gdide:MOBG103)", "dateprops": [], "properties": {"http://www.w3.org/2000/01/rdf-schema#label": "Baum MOBG103", "http://rdfs.org/ns/void#inDataset.value": "72757", "http://www.w3.org/2000/01/rdf-schema#comment": "Francop", "http://www.wikidata.org/prop/direct/P2547.value": "8.0", "http://www.wikidata.org/prop/direct/P2547.unit": "http://www.ontology-of-units-of-measure.org/resource/om-2/meter", "http://www.wikidata.org/prop/direct/P3018": "Moorburg", "https://gdi-de.github.io/apworkshop2026/ont#stammdurchmesser.value": "28.0", "https://gdi-de.github.io/apworkshop2026/ont#stammdurchmesser.unit": "http://www.ontology-of-units-of-measure.org/resource/om-2/centimeter"}, "geometry": {"type": "MultiPoint", "coordinates": [[9.950648229761146, 53.48578373388145]]}}, {"type": "Feature", "id": "https://gdi-de.github.io/apworkshop2026/FINW277", "name": "Baum FINW277 (gdide:FINW277)", "dateprops": [], "properties": {"http://www.w3.org/2000/01/rdf-schema#label": "Baum FINW277", "http://rdfs.org/ns/void#inDataset.value": "72757", "http://www.w3.org/2000/01/rdf-schema#comment": "Wasserwirtschaft", "http://www.wikidata.org/prop/direct/P2547.value": "7.0", "http://www.wikidata.org/prop/direct/P2547.unit": "http://www.ontology-of-units-of-measure.org/resource/om-2/meter", "http://www.wikidata.org/prop/direct/P3018": "Finkenwerder", "https://gdi-de.github.io/apworkshop2026/ont#stammdurchmesser.value": "27.0", "https://gdi-de.github.io/apworkshop2026/ont#stammdurchmesser.unit": "http://www.ontology-of-units-of-measure.org/resource/om-2/centimeter"}, "geometry": {"type": "MultiPoint", "coordinates": [[9.851048438915985, 53.53884378916216]]}}, {"type": "Feature", "id": "https://gdi-de.github.io/apworkshop2026/KTWK484", "name": "Baum KTWK484 (gdide:KTWK484)", "dateprops": [], "properties": {"http://www.w3.org/2000/01/rdf-schema#label": "Baum KTWK484", "http://rdfs.org/ns/void#inDataset.value": "72757", "http://www.w3.org/2000/01/rdf-schema#comment": "Stra\u00dfe", "http://www.wikidata.org/prop/direct/P2547.value": "5.0", "http://www.wikidata.org/prop/direct/P2547.unit": "http://www.ontology-of-units-of-measure.org/resource/om-2/meter", "http://www.wikidata.org/prop/direct/P3018": "Kattwyk", "https://gdi-de.github.io/apworkshop2026/ont#stammdurchmesser.value": "24.0", "https://gdi-de.github.io/apworkshop2026/ont#stammdurchmesser.unit": "http://www.ontology-of-units-of-measure.org/resource/om-2/centimeter"}, "geometry": {"type": "MultiPoint", "coordinates": [[9.943691460605256, 53.50587695071808]]}}, {"type": "Feature", "id": "https://gdi-de.github.io/apworkshop2026/BFASN184", "name": "Baum BFASN184 (gdide:BFASN184)", "dateprops": [], "properties": {"http://www.w3.org/2000/01/rdf-schema#label": "Baum BFASN184", "http://rdfs.org/ns/void#inDataset.value": "72757", "http://www.w3.org/2000/01/rdf-schema#comment": "sonst. \u00f6ff. Fl\u00e4chen", "http://www.wikidata.org/prop/direct/P2547.value": "7.0", "http://www.wikidata.org/prop/direct/P2547.unit": "http://www.ontology-of-units-of-measure.org/resource/om-2/meter", "http://www.wikidata.org/prop/direct/P3018": "Bahnhof Alte S\u00fcderelbe Nord", "https://gdi-de.github.io/apworkshop2026/ont#stammdurchmesser.value": "38.0", "https://gdi-de.github.io/apworkshop2026/ont#stammdurchmesser.unit": "http://www.ontology-of-units-of-measure.org/resource/om-2/centimeter"}, "geometry": {"type": "MultiPoint", "coordinates": [[9.910881959106705, 53.51060842001876]]}}, {"type": "Feature", "id": "https://gdi-de.github.io/apworkshop2026/BUUF340", "name": "Baum BUUF340 (gdide:BUUF340)", "dateprops": [], "properties": {"http://www.w3.org/2000/01/rdf-schema#label": "Baum BUUF340", "http://rdfs.org/ns/void#inDataset.value": "72757", "http://www.w3.org/2000/01/rdf-schema#comment": "Wasserwirtschaft", "http://www.wikidata.org/prop/direct/P2547.value": "5.0", "http://www.wikidata.org/prop/direct/P2547.unit": "http://www.ontology-of-units-of-measure.org/resource/om-2/meter", "http://www.wikidata.org/prop/direct/P3018": "Bubendey-Ufer", "https://gdi-de.github.io/apworkshop2026/ont#stammdurchmesser.value": "34.0", "https://gdi-de.github.io/apworkshop2026/ont#stammdurchmesser.unit": "http://www.ontology-of-units-of-measure.org/resource/om-2/centimeter"}, "geometry": {"type": "MultiPoint", "coordinates": [[9.883489397586073, 53.53977754967153]]}}, {"type": "Feature", "id": "https://gdi-de.github.io/apworkshop2026/MOBG444", "name": "Baum MOBG444 (gdide:MOBG444)", "dateprops": [], "properties": {"http://www.w3.org/2000/01/rdf-schema#label": "Baum MOBG444", "http://rdfs.org/ns/void#inDataset.value": "72757", "http://www.w3.org/2000/01/rdf-schema#comment": "sonst. \u00f6ff. Fl\u00e4chen", "http://www.wikidata.org/prop/direct/P2547.value": "10.0", "http://www.wikidata.org/prop/direct/P2547.unit": "http://www.ontology-of-units-of-measure.org/resource/om-2/meter", "http://www.wikidata.org/prop/direct/P3018": "Moorburg", "https://gdi-de.github.io/apworkshop2026/ont#stammdurchmesser.value": "44.0", "https://gdi-de.github.io/apworkshop2026/ont#stammdurchmesser.unit": "http://www.ontology-of-units-of-measure.org/resource/om-2/centimeter"}, "geometry": {"type": "MultiPoint", "coordinates": [[9.947868267350298, 53.49347797741843]]}}, {"type": "Feature", "id": "https://gdi-de.github.io/apworkshop2026/MOBG826", "name": "Baum MOBG826 (gdide:MOBG826)", "dateprops": [], "properties": {"http://www.w3.org/2000/01/rdf-schema#label": "Baum MOBG826", "http://rdfs.org/ns/void#inDataset.value": "72757", "http://www.w3.org/2000/01/rdf-schema#comment": "sonst. \u00f6ff. Fl\u00e4chen", "http://www.wikidata.org/prop/direct/P2547.value": "5.0", "http://www.wikidata.org/prop/direct/P2547.unit": "http://www.ontology-of-units-of-measure.org/resource/om-2/meter", "http://www.wikidata.org/prop/direct/P3018": "Moorburg", "https://gdi-de.github.io/apworkshop2026/ont#stammdurchmesser.value": "13.0", "https://gdi-de.github.io/apworkshop2026/ont#stammdurchmesser.unit": "http://www.ontology-of-units-of-measure.org/resource/om-2/centimeter"}, "geometry": {"type": "MultiPoint", "coordinates": [[9.927132464630121, 53.49628253465195]]}}, {"type": "Feature", "id": "https://gdi-de.github.io/apworkshop2026/VHWN211", "name": "Baum VHWN211 (gdide:VHWN211)", "dateprops": [], "properties": {"http://www.w3.org/2000/01/rdf-schema#label": "Baum VHWN211", "http://rdfs.org/ns/void#inDataset.value": "72757", "http://www.w3.org/2000/01/rdf-schema#comment": "Stra\u00dfe", "http://www.wikidata.org/prop/direct/P2547.value": "5.5", "http://www.wikidata.org/prop/direct/P2547.unit": "http://www.ontology-of-units-of-measure.org/resource/om-2/meter", "http://www.wikidata.org/prop/direct/P3018": "Vollh\u00f6fner Weiden", "https://gdi-de.github.io/apworkshop2026/ont#stammdurchmesser.value": "23.0", "https://gdi-de.github.io/apworkshop2026/ont#stammdurchmesser.unit": "http://www.ontology-of-units-of-measure.org/resource/om-2/centimeter"}, "geometry": {"type": "MultiPoint", "coordinates": [[9.910667899557652, 53.49810310871321]]}}, {"type": "Feature", "id": "https://gdi-de.github.io/apworkshop2026/BFASN1353", "name": "Baum BFASN1353 (gdide:BFASN1353)", "dateprops": [], "properties": {"http://www.w3.org/2000/01/rdf-schema#label": "Baum BFASN1353", "http://rdfs.org/ns/void#inDataset.value": "72757", "http://www.w3.org/2000/01/rdf-schema#comment": "Bahn", "http://www.wikidata.org/prop/direct/P2547.value": "1.5", "http://www.wikidata.org/prop/direct/P2547.unit": "http://www.ontology-of-units-of-measure.org/resource/om-2/meter", "http://www.wikidata.org/prop/direct/P3018": "Bahnhof Alte S\u00fcderelbe S\u00fcd", "https://gdi-de.github.io/apworkshop2026/ont#stammdurchmesser.value": "11.0", "https://gdi-de.github.io/apworkshop2026/ont#stammdurchmesser.unit": "http://www.ontology-of-units-of-measure.org/resource/om-2/centimeter"}, "geometry": {"type": "MultiPoint", "coordinates": [[9.908649995968627, 53.498982937810986]]}}, {"type": "Feature", "id": "https://gdi-de.github.io/apworkshop2026/GZAW702", "name": "Baum GZAW702 (gdide:GZAW702)", "dateprops": [], "properties": {"http://www.w3.org/2000/01/rdf-schema#label": "Baum GZAW702", "http://rdfs.org/ns/void#inDataset.value": "72757", "http://www.w3.org/2000/01/rdf-schema#comment": "sonst. \u00f6ff. Fl\u00e4chen", "http://www.wikidata.org/prop/direct/P2547.value": "3.0", "http://www.wikidata.org/prop/direct/P2547.unit": "http://www.ontology-of-units-of-measure.org/resource/om-2/meter", "http://www.wikidata.org/prop/direct/P3018": "Gr\u00fcnzug Altenwerder", "https://gdi-de.github.io/apworkshop2026/ont#stammdurchmesser.value": "16.0", "https://gdi-de.github.io/apworkshop2026/ont#stammdurchmesser.unit": "http://www.ontology-of-units-of-measure.org/resource/om-2/centimeter"}, "geometry": {"type": "MultiPoint", "coordinates": [[9.91945401592443, 53.503623166186244]]}}, {"type": "Feature", "id": "https://gdi-de.github.io/apworkshop2026/MOBG440", "name": "Baum MOBG440 (gdide:MOBG440)", "dateprops": [], "properties": {"http://www.w3.org/2000/01/rdf-schema#label": "Baum MOBG440", "http://rdfs.org/ns/void#inDataset.value": "72757", "http://www.w3.org/2000/01/rdf-schema#comment": "sonst. \u00f6ff. Fl\u00e4chen", "http://www.wikidata.org/prop/direct/P2547.value": "12.0", "http://www.wikidata.org/prop/direct/P2547.unit": "http://www.ontology-of-units-of-measure.org/resource/om-2/meter", "http://www.wikidata.org/prop/direct/P3018": "Moorburg", "https://gdi-de.github.io/apworkshop2026/ont#stammdurchmesser.value": "64.0", "https://gdi-de.github.io/apworkshop2026/ont#stammdurchmesser.unit": "http://www.ontology-of-units-of-measure.org/resource/om-2/centimeter"}, "geometry": {"type": "MultiPoint", "coordinates": [[9.94822071236887, 53.493573879085986]]}}, {"type": "Feature", "id": "https://gdi-de.github.io/apworkshop2026/VHWN159", "name": "Baum VHWN159 (gdide:VHWN159)", "dateprops": [], "properties": {"http://www.w3.org/2000/01/rdf-schema#label": "Baum VHWN159", "http://rdfs.org/ns/void#inDataset.value": "72757", "http://www.w3.org/2000/01/rdf-schema#comment": "Stra\u00dfe", "http://www.wikidata.org/prop/direct/P2547.value": "7.0", "http://www.wikidata.org/prop/direct/P2547.unit": "http://www.ontology-of-units-of-measure.org/resource/om-2/meter", "http://www.wikidata.org/prop/direct/P3018": "Vollh\u00f6fner Weiden", "https://gdi-de.github.io/apworkshop2026/ont#stammdurchmesser.value": "33.0", "https://gdi-de.github.io/apworkshop2026/ont#stammdurchmesser.unit": "http://www.ontology-of-units-of-measure.org/resource/om-2/centimeter"}, "geometry": {"type": "MultiPoint", "coordinates": [[9.91079474167577, 53.49624668807409]]}}, {"type": "Feature", "id": "https://gdi-de.github.io/apworkshop2026/MEFC564", "name": "Baum MEFC564 (gdide:MEFC564)", "dateprops": [], "properties": {"http://www.w3.org/2000/01/rdf-schema#label": "Baum MEFC564", "http://rdfs.org/ns/void#inDataset.value": "72757", "http://www.w3.org/2000/01/rdf-schema#comment": "Francop", "http://www.wikidata.org/prop/direct/P2547.value": "3.0", "http://www.wikidata.org/prop/direct/P2547.unit": "http://www.ontology-of-units-of-measure.org/resource/om-2/meter", "http://www.wikidata.org/prop/direct/P3018": "METHA-Francop", "https://gdi-de.github.io/apworkshop2026/ont#stammdurchmesser.value": "16.0", "https://gdi-de.github.io/apworkshop2026/ont#stammdurchmesser.unit": "http://www.ontology-of-units-of-measure.org/resource/om-2/centimeter"}, "geometry": {"type": "MultiPoint", "coordinates": [[9.877293582324208, 53.517490105716064]]}}, {"type": "Feature", "id": "https://gdi-de.github.io/apworkshop2026/PIOI260", "name": "Baum PIOI260 (gdide:PIOI260)", "dateprops": [], "properties": {"http://www.w3.org/2000/01/rdf-schema#label": "Baum PIOI260", "http://rdfs.org/ns/void#inDataset.value": "72757", "http://www.w3.org/2000/01/rdf-schema#comment": "Wasserwirtschaft", "http://www.wikidata.org/prop/direct/P2547.value": "10.0", "http://www.wikidata.org/prop/direct/P2547.unit": "http://www.ontology-of-units-of-measure.org/resource/om-2/meter", "http://www.wikidata.org/prop/direct/P3018": "Pionierinsel", "https://gdi-de.github.io/apworkshop2026/ont#stammdurchmesser.value": "44.0", "https://gdi-de.github.io/apworkshop2026/ont#stammdurchmesser.unit": "http://www.ontology-of-units-of-measure.org/resource/om-2/centimeter"}, "geometry": {"type": "MultiPoint", "coordinates": [[10.002022009494116, 53.47064246355961]]}}, {"type": "Feature", "id": "https://gdi-de.github.io/apworkshop2026/DRHF161", "name": "Baum DRHF161 (gdide:DRHF161)", "dateprops": [], "properties": {"http://www.w3.org/2000/01/rdf-schema#label": "Baum DRHF161", "http://rdfs.org/ns/void#inDataset.value": "72757", "http://www.w3.org/2000/01/rdf-schema#comment": "Privatgrund", "http://www.wikidata.org/prop/direct/P2547.value": "14.0", "http://www.wikidata.org/prop/direct/P2547.unit": "http://www.ontology-of-units-of-measure.org/resource/om-2/meter", "http://www.wikidata.org/prop/direct/P3018": "Dradenauhafen", "https://gdi-de.github.io/apworkshop2026/ont#stammdurchmesser.value": "52.0", "https://gdi-de.github.io/apworkshop2026/ont#stammdurchmesser.unit": "http://www.ontology-of-units-of-measure.org/resource/om-2/centimeter"}, "geometry": {"type": "MultiPoint", "coordinates": [[9.917252891950055, 53.516021410813984]]}}, {"type": "Feature", "id": "https://gdi-de.github.io/apworkshop2026/RDLD319", "name": "Baum RDLD319 (gdide:RDLD319)", "dateprops": [], "properties": {"http://www.w3.org/2000/01/rdf-schema#label": "Baum RDLD319", "http://rdfs.org/ns/void#inDataset.value": "72757", "http://www.w3.org/2000/01/rdf-schema#comment": "sonst. \u00f6ff. Fl\u00e4chen", "http://www.wikidata.org/prop/direct/P2547.value": "4.0", "http://www.wikidata.org/prop/direct/P2547.unit": "http://www.ontology-of-units-of-measure.org/resource/om-2/meter", "http://www.wikidata.org/prop/direct/P3018": "Radeland", "https://gdi-de.github.io/apworkshop2026/ont#stammdurchmesser.value": "32.0", "https://gdi-de.github.io/apworkshop2026/ont#stammdurchmesser.unit": "http://www.ontology-of-units-of-measure.org/resource/om-2/centimeter"}, "geometry": {"type": "MultiPoint", "coordinates": [[9.948199979252113, 53.47485147348623]]}}, {"type": "Feature", "id": "https://gdi-de.github.io/apworkshop2026/MOBG416", "name": "Baum MOBG416 (gdide:MOBG416)", "dateprops": [], "properties": {"http://www.w3.org/2000/01/rdf-schema#label": "Baum MOBG416", "http://rdfs.org/ns/void#inDataset.value": "72757", "http://www.w3.org/2000/01/rdf-schema#comment": "sonst. \u00f6ff. Fl\u00e4chen", "http://www.wikidata.org/prop/direct/P2547.value": "6.0", "http://www.wikidata.org/prop/direct/P2547.unit": "http://www.ontology-of-units-of-measure.org/resource/om-2/meter", "http://www.wikidata.org/prop/direct/P3018": "Moorburg", "https://gdi-de.github.io/apworkshop2026/ont#stammdurchmesser.value": "36.0", "https://gdi-de.github.io/apworkshop2026/ont#stammdurchmesser.unit": "http://www.ontology-of-units-of-measure.org/resource/om-2/centimeter"}, "geometry": {"type": "MultiPoint", "coordinates": [[9.946620148094544, 53.4929911548703]]}}, {"type": "Feature", "id": "https://gdi-de.github.io/apworkshop2026/RDLD299", "name": "Baum RDLD299 (gdide:RDLD299)", "dateprops": [], "properties": {"http://www.w3.org/2000/01/rdf-schema#label": "Baum RDLD299", "http://rdfs.org/ns/void#inDataset.value": "72757", "http://www.w3.org/2000/01/rdf-schema#comment": "sonst. \u00f6ff. Fl\u00e4chen", "http://www.wikidata.org/prop/direct/P2547.value": "2.0", "http://www.wikidata.org/prop/direct/P2547.unit": "http://www.ontology-of-units-of-measure.org/resource/om-2/meter", "http://www.wikidata.org/prop/direct/P3018": "Radeland", "https://gdi-de.github.io/apworkshop2026/ont#stammdurchmesser.value": "18.0", "https://gdi-de.github.io/apworkshop2026/ont#stammdurchmesser.unit": "http://www.ontology-of-units-of-measure.org/resource/om-2/centimeter"}, "geometry": {"type": "MultiPoint", "coordinates": [[9.958379885681117, 53.47216564381311]]}}, {"type": "Feature", "id": "https://gdi-de.github.io/apworkshop2026/VHWN53", "name": "Baum VHWN53 (gdide:VHWN53)", "dateprops": [], "properties": {"http://www.w3.org/2000/01/rdf-schema#label": "Baum VHWN53", "http://rdfs.org/ns/void#inDataset.value": "72757", "http://www.w3.org/2000/01/rdf-schema#comment": "Stra\u00dfe", "http://www.wikidata.org/prop/direct/P2547.value": "4.0", "http://www.wikidata.org/prop/direct/P2547.unit": "http://www.ontology-of-units-of-measure.org/resource/om-2/meter", "http://www.wikidata.org/prop/direct/P3018": "Vollh\u00f6fner Weiden", "https://gdi-de.github.io/apworkshop2026/ont#stammdurchmesser.value": "30.0", "https://gdi-de.github.io/apworkshop2026/ont#stammdurchmesser.unit": "http://www.ontology-of-units-of-measure.org/resource/om-2/centimeter"}, "geometry": {"type": "MultiPoint", "coordinates": [[9.910216810537731, 53.49588240111891]]}}, {"type": "Feature", "id": "https://gdi-de.github.io/apworkshop2026/VHWN100", "name": "Baum VHWN100 (gdide:VHWN100)", "dateprops": [], "properties": {"http://www.w3.org/2000/01/rdf-schema#label": "Baum VHWN100", "http://rdfs.org/ns/void#inDataset.value": "72757", "http://www.w3.org/2000/01/rdf-schema#comment": "Stra\u00dfe", "http://www.wikidata.org/prop/direct/P2547.value": "3.0", "http://www.wikidata.org/prop/direct/P2547.unit": "http://www.ontology-of-units-of-measure.org/resource/om-2/meter", "http://www.wikidata.org/prop/direct/P3018": "Vollh\u00f6fner Weiden", "https://gdi-de.github.io/apworkshop2026/ont#stammdurchmesser.value": "23.0", "https://gdi-de.github.io/apworkshop2026/ont#stammdurchmesser.unit": "http://www.ontology-of-units-of-measure.org/resource/om-2/centimeter"}, "geometry": {"type": "MultiPoint", "coordinates": [[9.910537598925691, 53.496903234610585]]}}, {"type": "Feature", "id": "https://gdi-de.github.io/apworkshop2026/GZAW742", "name": "Baum GZAW742 (gdide:GZAW742)", "dateprops": [], "properties": {"http://www.w3.org/2000/01/rdf-schema#label": "Baum GZAW742", "http://rdfs.org/ns/void#inDataset.value": "72757", "http://www.w3.org/2000/01/rdf-schema#comment": "sonst. \u00f6ff. Fl\u00e4chen", "http://www.wikidata.org/prop/direct/P2547.value": "4.0", "http://www.wikidata.org/prop/direct/P2547.unit": "http://www.ontology-of-units-of-measure.org/resource/om-2/meter", "http://www.wikidata.org/prop/direct/P3018": "Gr\u00fcnzug Altenwerder", "https://gdi-de.github.io/apworkshop2026/ont#stammdurchmesser.value": "14.0", "https://gdi-de.github.io/apworkshop2026/ont#stammdurchmesser.unit": "http://www.ontology-of-units-of-measure.org/resource/om-2/centimeter"}, "geometry": {"type": "MultiPoint", "coordinates": [[9.919351724763025, 53.50334288597639]]}}, {"type": "Feature", "id": "https://gdi-de.github.io/apworkshop2026/KTWK462", "name": "Baum KTWK462 (gdide:KTWK462)", "dateprops": [], "properties": {"http://www.w3.org/2000/01/rdf-schema#label": "Baum KTWK462", "http://rdfs.org/ns/void#inDataset.value": "72757", "http://www.w3.org/2000/01/rdf-schema#comment": "Wasserwirtschaft", "http://www.wikidata.org/prop/direct/P2547.value": "8.0", "http://www.wikidata.org/prop/direct/P2547.unit": "http://www.ontology-of-units-of-measure.org/resource/om-2/meter", "http://www.wikidata.org/prop/direct/P3018": "Kattwyk", "https://gdi-de.github.io/apworkshop2026/ont#stammdurchmesser.value": "35.0", "https://gdi-de.github.io/apworkshop2026/ont#stammdurchmesser.unit": "http://www.ontology-of-units-of-measure.org/resource/om-2/centimeter"}, "geometry": {"type": "MultiPoint", "coordinates": [[9.94409959218829, 53.50461210378973]]}}, {"type": "Feature", "id": "https://gdi-de.github.io/apworkshop2026/KTWK514", "name": "Baum KTWK514 (gdide:KTWK514)", "dateprops": [], "properties": {"http://www.w3.org/2000/01/rdf-schema#label": "Baum KTWK514", "http://rdfs.org/ns/void#inDataset.value": "72757", "http://www.w3.org/2000/01/rdf-schema#comment": "Wasserwirtschaft", "http://www.wikidata.org/prop/direct/P2547.value": "8.0", "http://www.wikidata.org/prop/direct/P2547.unit": "http://www.ontology-of-units-of-measure.org/resource/om-2/meter", "http://www.wikidata.org/prop/direct/P3018": "Kattwyk", "https://gdi-de.github.io/apworkshop2026/ont#stammdurchmesser.value": "35.0", "https://gdi-de.github.io/apworkshop2026/ont#stammdurchmesser.unit": "http://www.ontology-of-units-of-measure.org/resource/om-2/centimeter"}, "geometry": {"type": "MultiPoint", "coordinates": [[9.944118914950053, 53.50457271128704]]}}, {"type": "Feature", "id": "https://gdi-de.github.io/apworkshop2026/MOBG808", "name": "Baum MOBG808 (gdide:MOBG808)", "dateprops": [], "properties": {"http://www.w3.org/2000/01/rdf-schema#label": "Baum MOBG808", "http://rdfs.org/ns/void#inDataset.value": "72757", "http://www.w3.org/2000/01/rdf-schema#comment": "sonst. \u00f6ff. Fl\u00e4chen", "http://www.wikidata.org/prop/direct/P2547.value": "6.0", "http://www.wikidata.org/prop/direct/P2547.unit": "http://www.ontology-of-units-of-measure.org/resource/om-2/meter", "http://www.wikidata.org/prop/direct/P3018": "Moorburg", "https://gdi-de.github.io/apworkshop2026/ont#stammdurchmesser.value": "38.0", "https://gdi-de.github.io/apworkshop2026/ont#stammdurchmesser.unit": "http://www.ontology-of-units-of-measure.org/resource/om-2/centimeter"}, "geometry": {"type": "MultiPoint", "coordinates": [[9.942284195813768, 53.489275507828125]]}}, {"type": "Feature", "id": "https://gdi-de.github.io/apworkshop2026/MOBG341", "name": "Baum MOBG341 (gdide:MOBG341)", "dateprops": [], "properties": {"http://www.w3.org/2000/01/rdf-schema#label": "Baum MOBG341", "http://rdfs.org/ns/void#inDataset.value": "72757", "http://www.w3.org/2000/01/rdf-schema#comment": "Wasserwirtschaft", "http://www.wikidata.org/prop/direct/P2547.value": "14.0", "http://www.wikidata.org/prop/direct/P2547.unit": "http://www.ontology-of-units-of-measure.org/resource/om-2/meter", "http://www.wikidata.org/prop/direct/P3018": "Moorburg", "https://gdi-de.github.io/apworkshop2026/ont#stammdurchmesser.value": "87.0", "https://gdi-de.github.io/apworkshop2026/ont#stammdurchmesser.unit": "http://www.ontology-of-units-of-measure.org/resource/om-2/centimeter"}, "geometry": {"type": "MultiPoint", "coordinates": [[9.954147634916739, 53.483892702246806]]}}, {"type": "Feature", "id": "https://gdi-de.github.io/apworkshop2026/GZAW687", "name": "Baum GZAW687 (gdide:GZAW687)", "dateprops": [], "properties": {"http://www.w3.org/2000/01/rdf-schema#label": "Baum GZAW687", "http://rdfs.org/ns/void#inDataset.value": "72757", "http://www.w3.org/2000/01/rdf-schema#comment": "sonst. \u00f6ff. Fl\u00e4chen", "http://www.wikidata.org/prop/direct/P2547.value": "2.0", "http://www.wikidata.org/prop/direct/P2547.unit": "http://www.ontology-of-units-of-measure.org/resource/om-2/meter", "http://www.wikidata.org/prop/direct/P3018": "Gr\u00fcnzug Altenwerder", "https://gdi-de.github.io/apworkshop2026/ont#stammdurchmesser.value": "13.0", "https://gdi-de.github.io/apworkshop2026/ont#stammdurchmesser.unit": "http://www.ontology-of-units-of-measure.org/resource/om-2/centimeter"}, "geometry": {"type": "MultiPoint", "coordinates": [[9.919415388367211, 53.504562234039895]]}}, {"type": "Feature", "id": "https://gdi-de.github.io/apworkshop2026/VHWN889", "name": "Baum VHWN889 (gdide:VHWN889)", "dateprops": [], "properties": {"http://www.w3.org/2000/01/rdf-schema#label": "Baum VHWN889", "http://rdfs.org/ns/void#inDataset.value": "72757", "http://www.w3.org/2000/01/rdf-schema#comment": "\u00f6ffentliche Gr\u00fcnfl\u00e4che", "http://www.wikidata.org/prop/direct/P2547.value": "2.0", "http://www.wikidata.org/prop/direct/P2547.unit": "http://www.ontology-of-units-of-measure.org/resource/om-2/meter", "http://www.wikidata.org/prop/direct/P3018": "Vollh\u00f6fner Weiden", "https://gdi-de.github.io/apworkshop2026/ont#stammdurchmesser.value": "20.0", "https://gdi-de.github.io/apworkshop2026/ont#stammdurchmesser.unit": "http://www.ontology-of-units-of-measure.org/resource/om-2/centimeter"}, "geometry": {"type": "MultiPoint", "coordinates": [[9.911070380737549, 53.497926998561766]]}}, {"type": "Feature", "id": "https://gdi-de.github.io/apworkshop2026/MOBG807", "name": "Baum MOBG807 (gdide:MOBG807)", "dateprops": [], "properties": {"http://www.w3.org/2000/01/rdf-schema#label": "Baum MOBG807", "http://rdfs.org/ns/void#inDataset.value": "72757", "http://www.w3.org/2000/01/rdf-schema#comment": "sonst. \u00f6ff. Fl\u00e4chen", "http://www.wikidata.org/prop/direct/P2547.value": "5.0", "http://www.wikidata.org/prop/direct/P2547.unit": "http://www.ontology-of-units-of-measure.org/resource/om-2/meter", "http://www.wikidata.org/prop/direct/P3018": "Moorburg", "https://gdi-de.github.io/apworkshop2026/ont#stammdurchmesser.value": "29.0", "https://gdi-de.github.io/apworkshop2026/ont#stammdurchmesser.unit": "http://www.ontology-of-units-of-measure.org/resource/om-2/centimeter"}, "geometry": {"type": "MultiPoint", "coordinates": [[9.942324943395054, 53.48931459920596]]}}, {"type": "Feature", "id": "https://gdi-de.github.io/apworkshop2026/GZAW711", "name": "Baum GZAW711 (gdide:GZAW711)", "dateprops": [], "properties": {"http://www.w3.org/2000/01/rdf-schema#label": "Baum GZAW711", "http://rdfs.org/ns/void#inDataset.value": "72757", "http://www.w3.org/2000/01/rdf-schema#comment": "sonst. \u00f6ff. Fl\u00e4chen", "http://www.wikidata.org/prop/direct/P2547.value": "6.0", "http://www.wikidata.org/prop/direct/P2547.unit": "http://www.ontology-of-units-of-measure.org/resource/om-2/meter", "http://www.wikidata.org/prop/direct/P3018": "Gr\u00fcnzug Altenwerder", "https://gdi-de.github.io/apworkshop2026/ont#stammdurchmesser.value": "25.0", "https://gdi-de.github.io/apworkshop2026/ont#stammdurchmesser.unit": "http://www.ontology-of-units-of-measure.org/resource/om-2/centimeter"}, "geometry": {"type": "MultiPoint", "coordinates": [[9.919379599486293, 53.50277600453135]]}}, {"type": "Feature", "id": "https://gdi-de.github.io/apworkshop2026/NEUW228", "name": "Baum NEUW228 (gdide:NEUW228)", "dateprops": [], "properties": {"http://www.w3.org/2000/01/rdf-schema#label": "Baum NEUW228", "http://rdfs.org/ns/void#inDataset.value": "72757", "http://www.w3.org/2000/01/rdf-schema#comment": "\u00f6ffentliche Gr\u00fcnfl\u00e4che", "http://www.wikidata.org/prop/direct/P2547.value": "10.0", "http://www.wikidata.org/prop/direct/P2547.unit": "http://www.ontology-of-units-of-measure.org/resource/om-2/meter", "http://www.wikidata.org/prop/direct/P3018": "Neuwerk", "https://gdi-de.github.io/apworkshop2026/ont#stammdurchmesser.value": "37.0", "https://gdi-de.github.io/apworkshop2026/ont#stammdurchmesser.unit": "http://www.ontology-of-units-of-measure.org/resource/om-2/centimeter"}, "geometry": {"type": "MultiPoint", "coordinates": [[8.497356431108978, 53.91602215743626]]}}, {"type": "Feature", "id": "https://gdi-de.github.io/apworkshop2026/MEFC536", "name": "Baum MEFC536 (gdide:MEFC536)", "dateprops": [], "properties": {"http://www.w3.org/2000/01/rdf-schema#label": "Baum MEFC536", "http://rdfs.org/ns/void#inDataset.value": "72757", "http://www.w3.org/2000/01/rdf-schema#comment": "Francop", "http://www.wikidata.org/prop/direct/P2547.value": "8.0", "http://www.wikidata.org/prop/direct/P2547.unit": "http://www.ontology-of-units-of-measure.org/resource/om-2/meter", "http://www.wikidata.org/prop/direct/P3018": "METHA-Francop", "https://gdi-de.github.io/apworkshop2026/ont#stammdurchmesser.value": "22.0", "https://gdi-de.github.io/apworkshop2026/ont#stammdurchmesser.unit": "http://www.ontology-of-units-of-measure.org/resource/om-2/centimeter"}, "geometry": {"type": "MultiPoint", "coordinates": [[9.886679369058898, 53.51758093237482]]}}, {"type": "Feature", "id": "https://gdi-de.github.io/apworkshop2026/VHWN182", "name": "Baum VHWN182 (gdide:VHWN182)", "dateprops": [], "properties": {"http://www.w3.org/2000/01/rdf-schema#label": "Baum VHWN182", "http://rdfs.org/ns/void#inDataset.value": "72757", "http://www.w3.org/2000/01/rdf-schema#comment": "Stra\u00dfe", "http://www.wikidata.org/prop/direct/P2547.value": "5.0", "http://www.wikidata.org/prop/direct/P2547.unit": "http://www.ontology-of-units-of-measure.org/resource/om-2/meter", "http://www.wikidata.org/prop/direct/P3018": "Vollh\u00f6fner Weiden", "https://gdi-de.github.io/apworkshop2026/ont#stammdurchmesser.value": "24.0", "https://gdi-de.github.io/apworkshop2026/ont#stammdurchmesser.unit": "http://www.ontology-of-units-of-measure.org/resource/om-2/centimeter"}, "geometry": {"type": "MultiPoint", "coordinates": [[9.910618438318107, 53.49761340023573]]}}, {"type": "Feature", "id": "https://gdi-de.github.io/apworkshop2026/KTWK482", "name": "Baum KTWK482 (gdide:KTWK482)", "dateprops": [], "properties": {"http://www.w3.org/2000/01/rdf-schema#label": "Baum KTWK482", "http://rdfs.org/ns/void#inDataset.value": "72757", "http://www.w3.org/2000/01/rdf-schema#comment": "Wasserwirtschaft", "http://www.wikidata.org/prop/direct/P2547.value": "10.0", "http://www.wikidata.org/prop/direct/P2547.unit": "http://www.ontology-of-units-of-measure.org/resource/om-2/meter", "http://www.wikidata.org/prop/direct/P3018": "Kattwyk", "https://gdi-de.github.io/apworkshop2026/ont#stammdurchmesser.value": "45.0", "https://gdi-de.github.io/apworkshop2026/ont#stammdurchmesser.unit": "http://www.ontology-of-units-of-measure.org/resource/om-2/centimeter"}, "geometry": {"type": "MultiPoint", "coordinates": [[9.943609273739913, 53.50579871832022]]}}, {"type": "Feature", "id": "https://gdi-de.github.io/apworkshop2026/GZAW582", "name": "Baum GZAW582 (gdide:GZAW582)", "dateprops": [], "properties": {"http://www.w3.org/2000/01/rdf-schema#label": "Baum GZAW582", "http://rdfs.org/ns/void#inDataset.value": "72757", "http://www.w3.org/2000/01/rdf-schema#comment": "sonst. \u00f6ff. Fl\u00e4chen", "http://www.wikidata.org/prop/direct/P2547.value": "4.0", "http://www.wikidata.org/prop/direct/P2547.unit": "http://www.ontology-of-units-of-measure.org/resource/om-2/meter", "http://www.wikidata.org/prop/direct/P3018": "Gr\u00fcnzug Altenwerder", "https://gdi-de.github.io/apworkshop2026/ont#stammdurchmesser.value": "14.0", "https://gdi-de.github.io/apworkshop2026/ont#stammdurchmesser.unit": "http://www.ontology-of-units-of-measure.org/resource/om-2/centimeter"}, "geometry": {"type": "MultiPoint", "coordinates": [[9.919226517578727, 53.50134071303384]]}}, {"type": "Feature", "id": "https://gdi-de.github.io/apworkshop2026/GZAW682", "name": "Baum GZAW682 (gdide:GZAW682)", "dateprops": [], "properties": {"http://www.w3.org/2000/01/rdf-schema#label": "Baum GZAW682", "http://rdfs.org/ns/void#inDataset.value": "72757", "http://www.w3.org/2000/01/rdf-schema#comment": "sonst. \u00f6ff. Fl\u00e4chen", "http://www.wikidata.org/prop/direct/P2547.value": "4.0", "http://www.wikidata.org/prop/direct/P2547.unit": "http://www.ontology-of-units-of-measure.org/resource/om-2/meter", "http://www.wikidata.org/prop/direct/P3018": "Gr\u00fcnzug Altenwerder", "https://gdi-de.github.io/apworkshop2026/ont#stammdurchmesser.value": "13.0", "https://gdi-de.github.io/apworkshop2026/ont#stammdurchmesser.unit": "http://www.ontology-of-units-of-measure.org/resource/om-2/centimeter"}, "geometry": {"type": "MultiPoint", "coordinates": [[9.919424748812471, 53.50489914489355]]}}, {"type": "Feature", "id": "https://gdi-de.github.io/apworkshop2026/VHWN668", "name": "Baum VHWN668 (gdide:VHWN668)", "dateprops": [], "properties": {"http://www.w3.org/2000/01/rdf-schema#label": "Baum VHWN668", "http://rdfs.org/ns/void#inDataset.value": "72757", "http://www.w3.org/2000/01/rdf-schema#comment": "Stra\u00dfe", "http://www.wikidata.org/prop/direct/P2547.value": "8.0", "http://www.wikidata.org/prop/direct/P2547.unit": "http://www.ontology-of-units-of-measure.org/resource/om-2/meter", "http://www.wikidata.org/prop/direct/P3018": "Vollh\u00f6fner Weiden", "https://gdi-de.github.io/apworkshop2026/ont#stammdurchmesser.value": "32.0", "https://gdi-de.github.io/apworkshop2026/ont#stammdurchmesser.unit": "http://www.ontology-of-units-of-measure.org/resource/om-2/centimeter"}, "geometry": {"type": "MultiPoint", "coordinates": [[9.910977485954017, 53.49714745508006]]}}, {"type": "Feature", "id": "https://gdi-de.github.io/apworkshop2026/MOBG419", "name": "Baum MOBG419 (gdide:MOBG419)", "dateprops": [], "properties": {"http://www.w3.org/2000/01/rdf-schema#label": "Baum MOBG419", "http://rdfs.org/ns/void#inDataset.value": "72757", "http://www.w3.org/2000/01/rdf-schema#comment": "sonst. \u00f6ff. Fl\u00e4chen", "http://www.wikidata.org/prop/direct/P2547.value": "5.0", "http://www.wikidata.org/prop/direct/P2547.unit": "http://www.ontology-of-units-of-measure.org/resource/om-2/meter", "http://www.wikidata.org/prop/direct/P3018": "Moorburg", "https://gdi-de.github.io/apworkshop2026/ont#stammdurchmesser.value": "18.0", "https://gdi-de.github.io/apworkshop2026/ont#stammdurchmesser.unit": "http://www.ontology-of-units-of-measure.org/resource/om-2/centimeter"}, "geometry": {"type": "MultiPoint", "coordinates": [[9.94684167264361, 53.49305877048645]]}}, {"type": "Feature", "id": "https://gdi-de.github.io/apworkshop2026/KTWK478", "name": "Baum KTWK478 (gdide:KTWK478)", "dateprops": [], "properties": {"http://www.w3.org/2000/01/rdf-schema#label": "Baum KTWK478", "http://rdfs.org/ns/void#inDataset.value": "72757", "http://www.w3.org/2000/01/rdf-schema#comment": "Wasserwirtschaft", "http://www.wikidata.org/prop/direct/P2547.value": "11.0", "http://www.wikidata.org/prop/direct/P2547.unit": "http://www.ontology-of-units-of-measure.org/resource/om-2/meter", "http://www.wikidata.org/prop/direct/P3018": "Kattwyk", "https://gdi-de.github.io/apworkshop2026/ont#stammdurchmesser.value": "39.0", "https://gdi-de.github.io/apworkshop2026/ont#stammdurchmesser.unit": "http://www.ontology-of-units-of-measure.org/resource/om-2/centimeter"}, "geometry": {"type": "MultiPoint", "coordinates": [[9.943741326086679, 53.5055174266986]]}}, {"type": "Feature", "id": "https://gdi-de.github.io/apworkshop2026/BFASN364", "name": "Baum BFASN364 (gdide:BFASN364)", "dateprops": [], "properties": {"http://www.w3.org/2000/01/rdf-schema#label": "Baum BFASN364", "http://rdfs.org/ns/void#inDataset.value": "72757", "http://www.w3.org/2000/01/rdf-schema#comment": "sonst. \u00f6ff. Fl\u00e4chen", "http://www.wikidata.org/prop/direct/P2547.value": "6.0", "http://www.wikidata.org/prop/direct/P2547.unit": "http://www.ontology-of-units-of-measure.org/resource/om-2/meter", "http://www.wikidata.org/prop/direct/P3018": "Bahnhof Alte S\u00fcderelbe Nord", "https://gdi-de.github.io/apworkshop2026/ont#stammdurchmesser.value": "32.0", "https://gdi-de.github.io/apworkshop2026/ont#stammdurchmesser.unit": "http://www.ontology-of-units-of-measure.org/resource/om-2/centimeter"}, "geometry": {"type": "MultiPoint", "coordinates": [[9.911548904306247, 53.50736537966176]]}}, {"type": "Feature", "id": "https://gdi-de.github.io/apworkshop2026/MOBG822", "name": "Baum MOBG822 (gdide:MOBG822)", "dateprops": [], "properties": {"http://www.w3.org/2000/01/rdf-schema#label": "Baum MOBG822", "http://rdfs.org/ns/void#inDataset.value": "72757", "http://www.w3.org/2000/01/rdf-schema#comment": "sonst. \u00f6ff. Fl\u00e4chen", "http://www.wikidata.org/prop/direct/P2547.value": "3.0", "http://www.wikidata.org/prop/direct/P2547.unit": "http://www.ontology-of-units-of-measure.org/resource/om-2/meter", "http://www.wikidata.org/prop/direct/P3018": "Moorburg", "https://gdi-de.github.io/apworkshop2026/ont#stammdurchmesser.value": "18.0", "https://gdi-de.github.io/apworkshop2026/ont#stammdurchmesser.unit": "http://www.ontology-of-units-of-measure.org/resource/om-2/centimeter"}, "geometry": {"type": "MultiPoint", "coordinates": [[9.926706034364749, 53.4962069564784]]}}, {"type": "Feature", "id": "https://gdi-de.github.io/apworkshop2026/ROSD715", "name": "Baum ROSD715 (gdide:ROSD715)", "dateprops": [], "properties": {"http://www.w3.org/2000/01/rdf-schema#label": "Baum ROSD715", "http://rdfs.org/ns/void#inDataset.value": "72757", "http://www.w3.org/2000/01/rdf-schema#comment": "Stra\u00dfe", "http://www.wikidata.org/prop/direct/P2547.value": "8.0", "http://www.wikidata.org/prop/direct/P2547.unit": "http://www.ontology-of-units-of-measure.org/resource/om-2/meter", "http://www.wikidata.org/prop/direct/P3018": "Ro\u00dfdamm", "https://gdi-de.github.io/apworkshop2026/ont#stammdurchmesser.value": "48.0", "https://gdi-de.github.io/apworkshop2026/ont#stammdurchmesser.unit": "http://www.ontology-of-units-of-measure.org/resource/om-2/centimeter"}, "geometry": {"type": "MultiPoint", "coordinates": [[9.974232069224405, 53.52722260886706]]}}, {"type": "Feature", "id": "https://gdi-de.github.io/apworkshop2026/VHWN69", "name": "Baum VHWN69 (gdide:VHWN69)", "dateprops": [], "properties": {"http://www.w3.org/2000/01/rdf-schema#label": "Baum VHWN69", "http://rdfs.org/ns/void#inDataset.value": "72757", "http://www.w3.org/2000/01/rdf-schema#comment": "Stra\u00dfe", "http://www.wikidata.org/prop/direct/P2547.value": "9.0", "http://www.wikidata.org/prop/direct/P2547.unit": "http://www.ontology-of-units-of-measure.org/resource/om-2/meter", "http://www.wikidata.org/prop/direct/P3018": "Vollh\u00f6fner Weiden", "https://gdi-de.github.io/apworkshop2026/ont#stammdurchmesser.value": "33.0", "https://gdi-de.github.io/apworkshop2026/ont#stammdurchmesser.unit": "http://www.ontology-of-units-of-measure.org/resource/om-2/centimeter"}, "geometry": {"type": "MultiPoint", "coordinates": [[9.910298700959032, 53.49625219224648]]}}, {"type": "Feature", "id": "https://gdi-de.github.io/apworkshop2026/VHWN165", "name": "Baum VHWN165 (gdide:VHWN165)", "dateprops": [], "properties": {"http://www.w3.org/2000/01/rdf-schema#label": "Baum VHWN165", "http://rdfs.org/ns/void#inDataset.value": "72757", "http://www.w3.org/2000/01/rdf-schema#comment": "Stra\u00dfe", "http://www.wikidata.org/prop/direct/P2547.value": "7.0", "http://www.wikidata.org/prop/direct/P2547.unit": "http://www.ontology-of-units-of-measure.org/resource/om-2/meter", "http://www.wikidata.org/prop/direct/P3018": "Vollh\u00f6fner Weiden", "https://gdi-de.github.io/apworkshop2026/ont#stammdurchmesser.value": "25.0", "https://gdi-de.github.io/apworkshop2026/ont#stammdurchmesser.unit": "http://www.ontology-of-units-of-measure.org/resource/om-2/centimeter"}, "geometry": {"type": "MultiPoint", "coordinates": [[9.910914630833588, 53.49661126046544]]}}, {"type": "Feature", "id": "https://gdi-de.github.io/apworkshop2026/STWR174", "name": "Baum STWR174 (gdide:STWR174)", "dateprops": [], "properties": {"http://www.w3.org/2000/01/rdf-schema#label": "Baum STWR174", "http://rdfs.org/ns/void#inDataset.value": "72757", "http://www.w3.org/2000/01/rdf-schema#comment": "sonst. \u00f6ff. Fl\u00e4chen", "http://www.wikidata.org/prop/direct/P2547.value": "9.0", "http://www.wikidata.org/prop/direct/P2547.unit": "http://www.ontology-of-units-of-measure.org/resource/om-2/meter", "http://www.wikidata.org/prop/direct/P3018": "Steinwerder", "https://gdi-de.github.io/apworkshop2026/ont#stammdurchmesser.value": "41.0", "https://gdi-de.github.io/apworkshop2026/ont#stammdurchmesser.unit": "http://www.ontology-of-units-of-measure.org/resource/om-2/centimeter"}, "geometry": {"type": "MultiPoint", "coordinates": [[9.965487122647097, 53.54129148417097]]}}, {"type": "Feature", "id": "https://gdi-de.github.io/apworkshop2026/MOBG986", "name": "Baum MOBG986 (gdide:MOBG986)", "dateprops": [], "properties": {"http://www.w3.org/2000/01/rdf-schema#label": "Baum MOBG986", "http://rdfs.org/ns/void#inDataset.value": "72757", "http://www.w3.org/2000/01/rdf-schema#comment": "Bahn", "http://www.wikidata.org/prop/direct/P2547.value": "16.0", "http://www.wikidata.org/prop/direct/P2547.unit": "http://www.ontology-of-units-of-measure.org/resource/om-2/meter", "http://www.wikidata.org/prop/direct/P3018": "Moorburg", "https://gdi-de.github.io/apworkshop2026/ont#stammdurchmesser.value": "83.0", "https://gdi-de.github.io/apworkshop2026/ont#stammdurchmesser.unit": "http://www.ontology-of-units-of-measure.org/resource/om-2/centimeter"}, "geometry": {"type": "MultiPoint", "coordinates": [[9.908724475288835, 53.472196163858406]]}}, {"type": "Feature", "id": "https://gdi-de.github.io/apworkshop2026/GZAW697", "name": "Baum GZAW697 (gdide:GZAW697)", "dateprops": [], "properties": {"http://www.w3.org/2000/01/rdf-schema#label": "Baum GZAW697", "http://rdfs.org/ns/void#inDataset.value": "72757", "http://www.w3.org/2000/01/rdf-schema#comment": "sonst. \u00f6ff. Fl\u00e4chen", "http://www.wikidata.org/prop/direct/P2547.value": "3.0", "http://www.wikidata.org/prop/direct/P2547.unit": "http://www.ontology-of-units-of-measure.org/resource/om-2/meter", "http://www.wikidata.org/prop/direct/P3018": "Gr\u00fcnzug Altenwerder", "https://gdi-de.github.io/apworkshop2026/ont#stammdurchmesser.value": "11.0", "https://gdi-de.github.io/apworkshop2026/ont#stammdurchmesser.unit": "http://www.ontology-of-units-of-measure.org/resource/om-2/centimeter"}, "geometry": {"type": "MultiPoint", "coordinates": [[9.919458031393749, 53.50396175148361]]}}, {"type": "Feature", "id": "https://gdi-de.github.io/apworkshop2026/BFHS425", "name": "Baum BFHS425 (gdide:BFHS425)", "dateprops": [], "properties": {"http://www.w3.org/2000/01/rdf-schema#label": "Baum BFHS425", "http://rdfs.org/ns/void#inDataset.value": "72757", "http://www.w3.org/2000/01/rdf-schema#comment": "sonst. \u00f6ff. Fl\u00e4chen", "http://www.wikidata.org/prop/direct/P2547.value": "5.0", "http://www.wikidata.org/prop/direct/P2547.unit": "http://www.ontology-of-units-of-measure.org/resource/om-2/meter", "http://www.wikidata.org/prop/direct/P3018": "Bahnhof Hohe Schaar", "https://gdi-de.github.io/apworkshop2026/ont#stammdurchmesser.value": "29.0", "https://gdi-de.github.io/apworkshop2026/ont#stammdurchmesser.unit": "http://www.ontology-of-units-of-measure.org/resource/om-2/centimeter"}, "geometry": {"type": "MultiPoint", "coordinates": [[9.96361799803543, 53.49763742009207]]}}, {"type": "Feature", "id": "https://gdi-de.github.io/apworkshop2026/KLGB771", "name": "Baum KLGB771 (gdide:KLGB771)", "dateprops": [], "properties": {"http://www.w3.org/2000/01/rdf-schema#label": "Baum KLGB771", "http://rdfs.org/ns/void#inDataset.value": "72757", "http://www.w3.org/2000/01/rdf-schema#comment": "HPA", "http://www.wikidata.org/prop/direct/P2547.value": "6.0", "http://www.wikidata.org/prop/direct/P2547.unit": "http://www.ontology-of-units-of-measure.org/resource/om-2/meter", "http://www.wikidata.org/prop/direct/P3018": "Kleiner Grasbrook", "https://gdi-de.github.io/apworkshop2026/ont#stammdurchmesser.value": "21.0", "https://gdi-de.github.io/apworkshop2026/ont#stammdurchmesser.unit": "http://www.ontology-of-units-of-measure.org/resource/om-2/centimeter"}, "geometry": {"type": "MultiPoint", "coordinates": [[9.980536041646475, 53.53013694784525]]}}, {"type": "Feature", "id": "https://gdi-de.github.io/apworkshop2026/VHWN575", "name": "Baum VHWN575 (gdide:VHWN575)", "dateprops": [], "properties": {"http://www.w3.org/2000/01/rdf-schema#label": "Baum VHWN575", "http://rdfs.org/ns/void#inDataset.value": "72757", "http://www.w3.org/2000/01/rdf-schema#comment": "sonst. \u00f6ff. Fl\u00e4chen", "http://www.wikidata.org/prop/direct/P2547.value": "5.0", "http://www.wikidata.org/prop/direct/P2547.unit": "http://www.ontology-of-units-of-measure.org/resource/om-2/meter", "http://www.wikidata.org/prop/direct/P3018": "Vollh\u00f6fner Weiden", "https://gdi-de.github.io/apworkshop2026/ont#stammdurchmesser.value": "19.0", "https://gdi-de.github.io/apworkshop2026/ont#stammdurchmesser.unit": "http://www.ontology-of-units-of-measure.org/resource/om-2/centimeter"}, "geometry": {"type": "MultiPoint", "coordinates": [[9.91055239417842, 53.49711526970064]]}}, {"type": "Feature", "id": "https://gdi-de.github.io/apworkshop2026/RDLD294", "name": "Baum RDLD294 (gdide:RDLD294)", "dateprops": [], "properties": {"http://www.w3.org/2000/01/rdf-schema#label": "Baum RDLD294", "http://rdfs.org/ns/void#inDataset.value": "72757", "http://www.w3.org/2000/01/rdf-schema#comment": "sonst. \u00f6ff. Fl\u00e4chen", "http://www.wikidata.org/prop/direct/P2547.value": "5.0", "http://www.wikidata.org/prop/direct/P2547.unit": "http://www.ontology-of-units-of-measure.org/resource/om-2/meter", "http://www.wikidata.org/prop/direct/P3018": "Radeland", "https://gdi-de.github.io/apworkshop2026/ont#stammdurchmesser.value": "25.0", "https://gdi-de.github.io/apworkshop2026/ont#stammdurchmesser.unit": "http://www.ontology-of-units-of-measure.org/resource/om-2/centimeter"}, "geometry": {"type": "MultiPoint", "coordinates": [[9.95896867745094, 53.47208362241933]]}}, {"type": "Feature", "id": "https://gdi-de.github.io/apworkshop2026/MOBG423", "name": "Baum MOBG423 (gdide:MOBG423)", "dateprops": [], "properties": {"http://www.w3.org/2000/01/rdf-schema#label": "Baum MOBG423", "http://rdfs.org/ns/void#inDataset.value": "72757", "http://www.w3.org/2000/01/rdf-schema#comment": "sonst. \u00f6ff. Fl\u00e4chen", "http://www.wikidata.org/prop/direct/P2547.value": "3.0", "http://www.wikidata.org/prop/direct/P2547.unit": "http://www.ontology-of-units-of-measure.org/resource/om-2/meter", "http://www.wikidata.org/prop/direct/P3018": "Moorburg", "https://gdi-de.github.io/apworkshop2026/ont#stammdurchmesser.value": "22.0", "https://gdi-de.github.io/apworkshop2026/ont#stammdurchmesser.unit": "http://www.ontology-of-units-of-measure.org/resource/om-2/centimeter"}, "geometry": {"type": "MultiPoint", "coordinates": [[9.947103208155426, 53.49317704411287]]}}, {"type": "Feature", "id": "https://gdi-de.github.io/apworkshop2026/RDLD300", "name": "Baum RDLD300 (gdide:RDLD300)", "dateprops": [], "properties": {"http://www.w3.org/2000/01/rdf-schema#label": "Baum RDLD300", "http://rdfs.org/ns/void#inDataset.value": "72757", "http://www.w3.org/2000/01/rdf-schema#comment": "nan", "http://www.wikidata.org/prop/direct/P2547.value": "nan", "http://www.wikidata.org/prop/direct/P2547.unit": "http://www.ontology-of-units-of-measure.org/resource/om-2/meter", "http://www.wikidata.org/prop/direct/P3018": "Radeland", "https://gdi-de.github.io/apworkshop2026/ont#stammdurchmesser.value": "nan", "https://gdi-de.github.io/apworkshop2026/ont#stammdurchmesser.unit": "http://www.ontology-of-units-of-measure.org/resource/om-2/centimeter"}, "geometry": {"type": "MultiPoint", "coordinates": [[9.958382993852002, 53.472185438000565]]}}, {"type": "Feature", "id": "https://gdi-de.github.io/apworkshop2026/FINW269", "name": "Baum FINW269 (gdide:FINW269)", "dateprops": [], "properties": {"http://www.w3.org/2000/01/rdf-schema#label": "Baum FINW269", "http://rdfs.org/ns/void#inDataset.value": "72757", "http://www.w3.org/2000/01/rdf-schema#comment": "Wasserwirtschaft", "http://www.wikidata.org/prop/direct/P2547.value": "14.0", "http://www.wikidata.org/prop/direct/P2547.unit": "http://www.ontology-of-units-of-measure.org/resource/om-2/meter", "http://www.wikidata.org/prop/direct/P3018": "Finkenwerder", "https://gdi-de.github.io/apworkshop2026/ont#stammdurchmesser.value": "46.0", "https://gdi-de.github.io/apworkshop2026/ont#stammdurchmesser.unit": "http://www.ontology-of-units-of-measure.org/resource/om-2/centimeter"}, "geometry": {"type": "MultiPoint", "coordinates": [[9.851557828597844, 53.53836331191316]]}}, {"type": "Feature", "id": "https://gdi-de.github.io/apworkshop2026/KTWK485", "name": "Baum KTWK485 (gdide:KTWK485)", "dateprops": [], "properties": {"http://www.w3.org/2000/01/rdf-schema#label": "Baum KTWK485", "http://rdfs.org/ns/void#inDataset.value": "72757", "http://www.w3.org/2000/01/rdf-schema#comment": "Stra\u00dfe", "http://www.wikidata.org/prop/direct/P2547.value": "8.0", "http://www.wikidata.org/prop/direct/P2547.unit": "http://www.ontology-of-units-of-measure.org/resource/om-2/meter", "http://www.wikidata.org/prop/direct/P3018": "Kattwyk", "https://gdi-de.github.io/apworkshop2026/ont#stammdurchmesser.value": "30.0", "https://gdi-de.github.io/apworkshop2026/ont#stammdurchmesser.unit": "http://www.ontology-of-units-of-measure.org/resource/om-2/centimeter"}, "geometry": {"type": "MultiPoint", "coordinates": [[9.943648718764038, 53.50589829457264]]}}, {"type": "Feature", "id": "https://gdi-de.github.io/apworkshop2026/VHWN183", "name": "Baum VHWN183 (gdide:VHWN183)", "dateprops": [], "properties": {"http://www.w3.org/2000/01/rdf-schema#label": "Baum VHWN183", "http://rdfs.org/ns/void#inDataset.value": "72757", "http://www.w3.org/2000/01/rdf-schema#comment": "Stra\u00dfe", "http://www.wikidata.org/prop/direct/P2547.value": "4.0", "http://www.wikidata.org/prop/direct/P2547.unit": "http://www.ontology-of-units-of-measure.org/resource/om-2/meter", "http://www.wikidata.org/prop/direct/P3018": "Vollh\u00f6fner Weiden", "https://gdi-de.github.io/apworkshop2026/ont#stammdurchmesser.value": "21.0", "https://gdi-de.github.io/apworkshop2026/ont#stammdurchmesser.unit": "http://www.ontology-of-units-of-measure.org/resource/om-2/centimeter"}, "geometry": {"type": "MultiPoint", "coordinates": [[9.910587203895679, 53.49762214250315]]}}, {"type": "Feature", "id": "https://gdi-de.github.io/apworkshop2026/RDLD301", "name": "Baum RDLD301 (gdide:RDLD301)", "dateprops": [], "properties": {"http://www.w3.org/2000/01/rdf-schema#label": "Baum RDLD301", "http://rdfs.org/ns/void#inDataset.value": "72757", "http://www.w3.org/2000/01/rdf-schema#comment": "sonst. \u00f6ff. Fl\u00e4chen", "http://www.wikidata.org/prop/direct/P2547.value": "6.0", "http://www.wikidata.org/prop/direct/P2547.unit": "http://www.ontology-of-units-of-measure.org/resource/om-2/meter", "http://www.wikidata.org/prop/direct/P3018": "Radeland", "https://gdi-de.github.io/apworkshop2026/ont#stammdurchmesser.value": "19.0", "https://gdi-de.github.io/apworkshop2026/ont#stammdurchmesser.unit": "http://www.ontology-of-units-of-measure.org/resource/om-2/centimeter"}, "geometry": {"type": "MultiPoint", "coordinates": [[9.958331457504153, 53.47216880917272]]}}, {"type": "Feature", "id": "https://gdi-de.github.io/apworkshop2026/BFAS1029", "name": "Baum BFAS1029 (gdide:BFAS1029)", "dateprops": [], "properties": {"http://www.w3.org/2000/01/rdf-schema#label": "Baum BFAS1029", "http://rdfs.org/ns/void#inDataset.value": "72757", "http://www.w3.org/2000/01/rdf-schema#comment": "Bahn", "http://www.wikidata.org/prop/direct/P2547.value": "6.0", "http://www.wikidata.org/prop/direct/P2547.unit": "http://www.ontology-of-units-of-measure.org/resource/om-2/meter", "http://www.wikidata.org/prop/direct/P3018": "Bahnhof Alte S\u00fcderelbe S\u00fcd", "https://gdi-de.github.io/apworkshop2026/ont#stammdurchmesser.value": "50.0", "https://gdi-de.github.io/apworkshop2026/ont#stammdurchmesser.unit": "http://www.ontology-of-units-of-measure.org/resource/om-2/centimeter"}, "geometry": {"type": "MultiPoint", "coordinates": [[9.900313180974356, 53.48415858229846]]}}, {"type": "Feature", "id": "https://gdi-de.github.io/apworkshop2026/RDLD23", "name": "Baum RDLD23 (gdide:RDLD23)", "dateprops": [], "properties": {"http://www.w3.org/2000/01/rdf-schema#label": "Baum RDLD23", "http://rdfs.org/ns/void#inDataset.value": "72757", "http://www.w3.org/2000/01/rdf-schema#comment": "Stra\u00dfe", "http://www.wikidata.org/prop/direct/P2547.value": "8.0", "http://www.wikidata.org/prop/direct/P2547.unit": "http://www.ontology-of-units-of-measure.org/resource/om-2/meter", "http://www.wikidata.org/prop/direct/P3018": "Radeland", "https://gdi-de.github.io/apworkshop2026/ont#stammdurchmesser.value": "27.0", "https://gdi-de.github.io/apworkshop2026/ont#stammdurchmesser.unit": "http://www.ontology-of-units-of-measure.org/resource/om-2/centimeter"}, "geometry": {"type": "MultiPoint", "coordinates": [[9.93752166055402, 53.47673595257813]]}}, {"type": "Feature", "id": "https://gdi-de.github.io/apworkshop2026/BFHS685", "name": "Baum BFHS685 (gdide:BFHS685)", "dateprops": [], "properties": {"http://www.w3.org/2000/01/rdf-schema#label": "Baum BFHS685", "http://rdfs.org/ns/void#inDataset.value": "72757", "http://www.w3.org/2000/01/rdf-schema#comment": "sonst. \u00f6ff. Fl\u00e4chen", "http://www.wikidata.org/prop/direct/P2547.value": "8.0", "http://www.wikidata.org/prop/direct/P2547.unit": "http://www.ontology-of-units-of-measure.org/resource/om-2/meter", "http://www.wikidata.org/prop/direct/P3018": "Bahnhof Hohe Schaar", "https://gdi-de.github.io/apworkshop2026/ont#stammdurchmesser.value": "32.0", "https://gdi-de.github.io/apworkshop2026/ont#stammdurchmesser.unit": "http://www.ontology-of-units-of-measure.org/resource/om-2/centimeter"}, "geometry": {"type": "MultiPoint", "coordinates": [[9.965163792026885, 53.49734796255015]]}}, {"type": "Feature", "id": "https://gdi-de.github.io/apworkshop2026/BFHS686", "name": "Baum BFHS686 (gdide:BFHS686)", "dateprops": [], "properties": {"http://www.w3.org/2000/01/rdf-schema#label": "Baum BFHS686", "http://rdfs.org/ns/void#inDataset.value": "72757", "http://www.w3.org/2000/01/rdf-schema#comment": "sonst. \u00f6ff. Fl\u00e4chen", "http://www.wikidata.org/prop/direct/P2547.value": "4.0", "http://www.wikidata.org/prop/direct/P2547.unit": "http://www.ontology-of-units-of-measure.org/resource/om-2/meter", "http://www.wikidata.org/prop/direct/P3018": "Bahnhof Hohe Schaar", "https://gdi-de.github.io/apworkshop2026/ont#stammdurchmesser.value": "25.0", "https://gdi-de.github.io/apworkshop2026/ont#stammdurchmesser.unit": "http://www.ontology-of-units-of-measure.org/resource/om-2/centimeter"}, "geometry": {"type": "MultiPoint", "coordinates": [[9.964888539240677, 53.497404889142416]]}}, {"type": "Feature", "id": "https://gdi-de.github.io/apworkshop2026/MOBG267", "name": "Baum MOBG267 (gdide:MOBG267)", "dateprops": [], "properties": {"http://www.w3.org/2000/01/rdf-schema#label": "Baum MOBG267", "http://rdfs.org/ns/void#inDataset.value": "72757", "http://www.w3.org/2000/01/rdf-schema#comment": "sonst. \u00f6ff. Fl\u00e4chen", "http://www.wikidata.org/prop/direct/P2547.value": "10.0", "http://www.wikidata.org/prop/direct/P2547.unit": "http://www.ontology-of-units-of-measure.org/resource/om-2/meter", "http://www.wikidata.org/prop/direct/P3018": "Moorburg", "https://gdi-de.github.io/apworkshop2026/ont#stammdurchmesser.value": "37.0", "https://gdi-de.github.io/apworkshop2026/ont#stammdurchmesser.unit": "http://www.ontology-of-units-of-measure.org/resource/om-2/centimeter"}, "geometry": {"type": "MultiPoint", "coordinates": [[9.942960941633057, 53.49029867562698]]}}, {"type": "Feature", "id": "https://gdi-de.github.io/apworkshop2026/KTWK469", "name": "Baum KTWK469 (gdide:KTWK469)", "dateprops": [], "properties": {"http://www.w3.org/2000/01/rdf-schema#label": "Baum KTWK469", "http://rdfs.org/ns/void#inDataset.value": "72757", "http://www.w3.org/2000/01/rdf-schema#comment": "Wasserwirtschaft", "http://www.wikidata.org/prop/direct/P2547.value": "5.0", "http://www.wikidata.org/prop/direct/P2547.unit": "http://www.ontology-of-units-of-measure.org/resource/om-2/meter", "http://www.wikidata.org/prop/direct/P3018": "Kattwyk", "https://gdi-de.github.io/apworkshop2026/ont#stammdurchmesser.value": "33.0", "https://gdi-de.github.io/apworkshop2026/ont#stammdurchmesser.unit": "http://www.ontology-of-units-of-measure.org/resource/om-2/centimeter"}, "geometry": {"type": "MultiPoint", "coordinates": [[9.943990473830729, 53.504992953084525]]}}, {"type": "Feature", "id": "https://gdi-de.github.io/apworkshop2026/MEFC577", "name": "Baum MEFC577 (gdide:MEFC577)", "dateprops": [], "properties": {"http://www.w3.org/2000/01/rdf-schema#label": "Baum MEFC577", "http://rdfs.org/ns/void#inDataset.value": "72757", "http://www.w3.org/2000/01/rdf-schema#comment": "Francop", "http://www.wikidata.org/prop/direct/P2547.value": "4.0", "http://www.wikidata.org/prop/direct/P2547.unit": "http://www.ontology-of-units-of-measure.org/resource/om-2/meter", "http://www.wikidata.org/prop/direct/P3018": "METHA-Francop", "https://gdi-de.github.io/apworkshop2026/ont#stammdurchmesser.value": "13.0", "https://gdi-de.github.io/apworkshop2026/ont#stammdurchmesser.unit": "http://www.ontology-of-units-of-measure.org/resource/om-2/centimeter"}, "geometry": {"type": "MultiPoint", "coordinates": [[9.87662885596342, 53.517486030395965]]}}, {"type": "Feature", "id": "https://gdi-de.github.io/apworkshop2026/VHWN144", "name": "Baum VHWN144 (gdide:VHWN144)", "dateprops": [], "properties": {"http://www.w3.org/2000/01/rdf-schema#label": "Baum VHWN144", "http://rdfs.org/ns/void#inDataset.value": "72757", "http://www.w3.org/2000/01/rdf-schema#comment": "Stra\u00dfe", "http://www.wikidata.org/prop/direct/P2547.value": "8.0", "http://www.wikidata.org/prop/direct/P2547.unit": "http://www.ontology-of-units-of-measure.org/resource/om-2/meter", "http://www.wikidata.org/prop/direct/P3018": "Vollh\u00f6fner Weiden", "https://gdi-de.github.io/apworkshop2026/ont#stammdurchmesser.value": "33.0", "https://gdi-de.github.io/apworkshop2026/ont#stammdurchmesser.unit": "http://www.ontology-of-units-of-measure.org/resource/om-2/centimeter"}, "geometry": {"type": "MultiPoint", "coordinates": [[9.910580610261494, 53.49730060114889]]}}, {"type": "Feature", "id": "https://gdi-de.github.io/apworkshop2026/FRHD2", "name": "Baum FRHD2 (gdide:FRHD2)", "dateprops": [], "properties": {"http://www.w3.org/2000/01/rdf-schema#label": "Baum FRHD2", "http://rdfs.org/ns/void#inDataset.value": "72757", "http://www.w3.org/2000/01/rdf-schema#comment": "\u00f6ffentliche Gr\u00fcnfl\u00e4che", "http://www.wikidata.org/prop/direct/P2547.value": "10.0", "http://www.wikidata.org/prop/direct/P2547.unit": "http://www.ontology-of-units-of-measure.org/resource/om-2/meter", "http://www.wikidata.org/prop/direct/P3018": "Finkenrieker Hauptdeich", "https://gdi-de.github.io/apworkshop2026/ont#stammdurchmesser.value": "46.0", "https://gdi-de.github.io/apworkshop2026/ont#stammdurchmesser.unit": "http://www.ontology-of-units-of-measure.org/resource/om-2/centimeter"}, "geometry": {"type": "MultiPoint", "coordinates": [[10.013264775617834, 53.47451139392428]]}}, {"type": "Feature", "id": "https://gdi-de.github.io/apworkshop2026/BFHS350", "name": "Baum BFHS350 (gdide:BFHS350)", "dateprops": [], "properties": {"http://www.w3.org/2000/01/rdf-schema#label": "Baum BFHS350", "http://rdfs.org/ns/void#inDataset.value": "72757", "http://www.w3.org/2000/01/rdf-schema#comment": "sonst. \u00f6ff. Fl\u00e4chen", "http://www.wikidata.org/prop/direct/P2547.value": "3.0", "http://www.wikidata.org/prop/direct/P2547.unit": "http://www.ontology-of-units-of-measure.org/resource/om-2/meter", "http://www.wikidata.org/prop/direct/P3018": "Bahnhof Hohe Schaar", "https://gdi-de.github.io/apworkshop2026/ont#stammdurchmesser.value": "30.0", "https://gdi-de.github.io/apworkshop2026/ont#stammdurchmesser.unit": "http://www.ontology-of-units-of-measure.org/resource/om-2/centimeter"}, "geometry": {"type": "MultiPoint", "coordinates": [[9.963011087246326, 53.49777523342084]]}}, {"type": "Feature", "id": "https://gdi-de.github.io/apworkshop2026/GZAW367", "name": "Baum GZAW367 (gdide:GZAW367)", "dateprops": [], "properties": {"http://www.w3.org/2000/01/rdf-schema#label": "Baum GZAW367", "http://rdfs.org/ns/void#inDataset.value": "72757", "http://www.w3.org/2000/01/rdf-schema#comment": "sonst. \u00f6ff. Fl\u00e4chen", "http://www.wikidata.org/prop/direct/P2547.value": "8.0", "http://www.wikidata.org/prop/direct/P2547.unit": "http://www.ontology-of-units-of-measure.org/resource/om-2/meter", "http://www.wikidata.org/prop/direct/P3018": "Gr\u00fcnzug Altenwerder", "https://gdi-de.github.io/apworkshop2026/ont#stammdurchmesser.value": "32.0", "https://gdi-de.github.io/apworkshop2026/ont#stammdurchmesser.unit": "http://www.ontology-of-units-of-measure.org/resource/om-2/centimeter"}, "geometry": {"type": "MultiPoint", "coordinates": [[9.917111272545514, 53.50537796092587]]}}, {"type": "Feature", "id": "https://gdi-de.github.io/apworkshop2026/ALTW473", "name": "Baum ALTW473 (gdide:ALTW473)", "dateprops": [], "properties": {"http://www.w3.org/2000/01/rdf-schema#label": "Baum ALTW473", "http://rdfs.org/ns/void#inDataset.value": "72757", "http://www.w3.org/2000/01/rdf-schema#comment": "sonst. \u00f6ff. Fl\u00e4chen", "http://www.wikidata.org/prop/direct/P2547.value": "2.0", "http://www.wikidata.org/prop/direct/P2547.unit": "http://www.ontology-of-units-of-measure.org/resource/om-2/meter", "http://www.wikidata.org/prop/direct/P3018": "Altenwerder Logistik", "https://gdi-de.github.io/apworkshop2026/ont#stammdurchmesser.value": "11.0", "https://gdi-de.github.io/apworkshop2026/ont#stammdurchmesser.unit": "http://www.ontology-of-units-of-measure.org/resource/om-2/centimeter"}, "geometry": {"type": "MultiPoint", "coordinates": [[9.93344391103536, 53.510282035722376]]}}, {"type": "Feature", "id": "https://gdi-de.github.io/apworkshop2026/MOBG77", "name": "Baum MOBG77 (gdide:MOBG77)", "dateprops": [], "properties": {"http://www.w3.org/2000/01/rdf-schema#label": "Baum MOBG77", "http://rdfs.org/ns/void#inDataset.value": "72757", "http://www.w3.org/2000/01/rdf-schema#comment": "Stra\u00dfe", "http://www.wikidata.org/prop/direct/P2547.value": "9.0", "http://www.wikidata.org/prop/direct/P2547.unit": "http://www.ontology-of-units-of-measure.org/resource/om-2/meter", "http://www.wikidata.org/prop/direct/P3018": "Moorburg", "https://gdi-de.github.io/apworkshop2026/ont#stammdurchmesser.value": "36.0", "https://gdi-de.github.io/apworkshop2026/ont#stammdurchmesser.unit": "http://www.ontology-of-units-of-measure.org/resource/om-2/centimeter"}, "geometry": {"type": "MultiPoint", "coordinates": [[9.954464848009868, 53.48327207912287]]}}, {"type": "Feature", "id": "https://gdi-de.github.io/apworkshop2026/RDLD314", "name": "Baum RDLD314 (gdide:RDLD314)", "dateprops": [], "properties": {"http://www.w3.org/2000/01/rdf-schema#label": "Baum RDLD314", "http://rdfs.org/ns/void#inDataset.value": "72757", "http://www.w3.org/2000/01/rdf-schema#comment": "sonst. \u00f6ff. Fl\u00e4chen", "http://www.wikidata.org/prop/direct/P2547.value": "4.0", "http://www.wikidata.org/prop/direct/P2547.unit": "http://www.ontology-of-units-of-measure.org/resource/om-2/meter", "http://www.wikidata.org/prop/direct/P3018": "Radeland", "https://gdi-de.github.io/apworkshop2026/ont#stammdurchmesser.value": "12.0", "https://gdi-de.github.io/apworkshop2026/ont#stammdurchmesser.unit": "http://www.ontology-of-units-of-measure.org/resource/om-2/centimeter"}, "geometry": {"type": "MultiPoint", "coordinates": [[9.95787603860456, 53.47223144260803]]}}, {"type": "Feature", "id": "https://gdi-de.github.io/apworkshop2026/VHWN45", "name": "Baum VHWN45 (gdide:VHWN45)", "dateprops": [], "properties": {"http://www.w3.org/2000/01/rdf-schema#label": "Baum VHWN45", "http://rdfs.org/ns/void#inDataset.value": "72757", "http://www.w3.org/2000/01/rdf-schema#comment": "Stra\u00dfe", "http://www.wikidata.org/prop/direct/P2547.value": "6.0", "http://www.wikidata.org/prop/direct/P2547.unit": "http://www.ontology-of-units-of-measure.org/resource/om-2/meter", "http://www.wikidata.org/prop/direct/P3018": "Vollh\u00f6fner Weiden", "https://gdi-de.github.io/apworkshop2026/ont#stammdurchmesser.value": "34.0", "https://gdi-de.github.io/apworkshop2026/ont#stammdurchmesser.unit": "http://www.ontology-of-units-of-measure.org/resource/om-2/centimeter"}, "geometry": {"type": "MultiPoint", "coordinates": [[9.910008877498916, 53.495831666073975]]}}, {"type": "Feature", "id": "https://gdi-de.github.io/apworkshop2026/RDLD295", "name": "Baum RDLD295 (gdide:RDLD295)", "dateprops": [], "properties": {"http://www.w3.org/2000/01/rdf-schema#label": "Baum RDLD295", "http://rdfs.org/ns/void#inDataset.value": "72757", "http://www.w3.org/2000/01/rdf-schema#comment": "nan", "http://www.wikidata.org/prop/direct/P2547.value": "nan", "http://www.wikidata.org/prop/direct/P2547.unit": "http://www.ontology-of-units-of-measure.org/resource/om-2/meter", "http://www.wikidata.org/prop/direct/P3018": "Radeland", "https://gdi-de.github.io/apworkshop2026/ont#stammdurchmesser.value": "nan", "https://gdi-de.github.io/apworkshop2026/ont#stammdurchmesser.unit": "http://www.ontology-of-units-of-measure.org/resource/om-2/centimeter"}, "geometry": {"type": "MultiPoint", "coordinates": [[9.95878538520037, 53.47214613834869]]}}, {"type": "Feature", "id": "https://gdi-de.github.io/apworkshop2026/BFASN255", "name": "Baum BFASN255 (gdide:BFASN255)", "dateprops": [], "properties": {"http://www.w3.org/2000/01/rdf-schema#label": "Baum BFASN255", "http://rdfs.org/ns/void#inDataset.value": "72757", "http://www.w3.org/2000/01/rdf-schema#comment": "sonst. \u00f6ff. Fl\u00e4chen", "http://www.wikidata.org/prop/direct/P2547.value": "7.0", "http://www.wikidata.org/prop/direct/P2547.unit": "http://www.ontology-of-units-of-measure.org/resource/om-2/meter", "http://www.wikidata.org/prop/direct/P3018": "Bahnhof Alte S\u00fcderelbe Nord", "https://gdi-de.github.io/apworkshop2026/ont#stammdurchmesser.value": "32.0", "https://gdi-de.github.io/apworkshop2026/ont#stammdurchmesser.unit": "http://www.ontology-of-units-of-measure.org/resource/om-2/centimeter"}, "geometry": {"type": "MultiPoint", "coordinates": [[9.911191051429665, 53.509236234295685]]}}, {"type": "Feature", "id": "https://gdi-de.github.io/apworkshop2026/MOBG994", "name": "Baum MOBG994 (gdide:MOBG994)", "dateprops": [], "properties": {"http://www.w3.org/2000/01/rdf-schema#label": "Baum MOBG994", "http://rdfs.org/ns/void#inDataset.value": "72757", "http://www.w3.org/2000/01/rdf-schema#comment": "Bahn", "http://www.wikidata.org/prop/direct/P2547.value": "4.0", "http://www.wikidata.org/prop/direct/P2547.unit": "http://www.ontology-of-units-of-measure.org/resource/om-2/meter", "http://www.wikidata.org/prop/direct/P3018": "Moorburg", "https://gdi-de.github.io/apworkshop2026/ont#stammdurchmesser.value": "27.0", "https://gdi-de.github.io/apworkshop2026/ont#stammdurchmesser.unit": "http://www.ontology-of-units-of-measure.org/resource/om-2/centimeter"}, "geometry": {"type": "MultiPoint", "coordinates": [[9.914851605364076, 53.47237151467445]]}}, {"type": "Feature", "id": "https://gdi-de.github.io/apworkshop2026/VHWN50", "name": "Baum VHWN50 (gdide:VHWN50)", "dateprops": [], "properties": {"http://www.w3.org/2000/01/rdf-schema#label": "Baum VHWN50", "http://rdfs.org/ns/void#inDataset.value": "72757", "http://www.w3.org/2000/01/rdf-schema#comment": "Stra\u00dfe", "http://www.wikidata.org/prop/direct/P2547.value": "5.0", "http://www.wikidata.org/prop/direct/P2547.unit": "http://www.ontology-of-units-of-measure.org/resource/om-2/meter", "http://www.wikidata.org/prop/direct/P3018": "Vollh\u00f6fner Weiden", "https://gdi-de.github.io/apworkshop2026/ont#stammdurchmesser.value": "21.0", "https://gdi-de.github.io/apworkshop2026/ont#stammdurchmesser.unit": "http://www.ontology-of-units-of-measure.org/resource/om-2/centimeter"}, "geometry": {"type": "MultiPoint", "coordinates": [[9.91018756139208, 53.49584892689764]]}}, {"type": "Feature", "id": "https://gdi-de.github.io/apworkshop2026/MOBG78", "name": "Baum MOBG78 (gdide:MOBG78)", "dateprops": [], "properties": {"http://www.w3.org/2000/01/rdf-schema#label": "Baum MOBG78", "http://rdfs.org/ns/void#inDataset.value": "72757", "http://www.w3.org/2000/01/rdf-schema#comment": "Stra\u00dfe", "http://www.wikidata.org/prop/direct/P2547.value": "6.5", "http://www.wikidata.org/prop/direct/P2547.unit": "http://www.ontology-of-units-of-measure.org/resource/om-2/meter", "http://www.wikidata.org/prop/direct/P3018": "Moorburg", "https://gdi-de.github.io/apworkshop2026/ont#stammdurchmesser.value": "26.0", "https://gdi-de.github.io/apworkshop2026/ont#stammdurchmesser.unit": "http://www.ontology-of-units-of-measure.org/resource/om-2/centimeter"}, "geometry": {"type": "MultiPoint", "coordinates": [[9.954509844622448, 53.48325134929963]]}}, {"type": "Feature", "id": "https://gdi-de.github.io/apworkshop2026/DRHF143", "name": "Baum DRHF143 (gdide:DRHF143)", "dateprops": [], "properties": {"http://www.w3.org/2000/01/rdf-schema#label": "Baum DRHF143", "http://rdfs.org/ns/void#inDataset.value": "72757", "http://www.w3.org/2000/01/rdf-schema#comment": "Stra\u00dfe", "http://www.wikidata.org/prop/direct/P2547.value": "8.0", "http://www.wikidata.org/prop/direct/P2547.unit": "http://www.ontology-of-units-of-measure.org/resource/om-2/meter", "http://www.wikidata.org/prop/direct/P3018": "Dradenauhafen", "https://gdi-de.github.io/apworkshop2026/ont#stammdurchmesser.value": "35.0", "https://gdi-de.github.io/apworkshop2026/ont#stammdurchmesser.unit": "http://www.ontology-of-units-of-measure.org/resource/om-2/centimeter"}, "geometry": {"type": "MultiPoint", "coordinates": [[9.915943354878324, 53.5155543272735]]}}, {"type": "Feature", "id": "https://gdi-de.github.io/apworkshop2026/DRHF309", "name": "Baum DRHF309 (gdide:DRHF309)", "dateprops": [], "properties": {"http://www.w3.org/2000/01/rdf-schema#label": "Baum DRHF309", "http://rdfs.org/ns/void#inDataset.value": "72757", "http://www.w3.org/2000/01/rdf-schema#comment": "sonst. \u00f6ff. Fl\u00e4chen", "http://www.wikidata.org/prop/direct/P2547.value": "9.0", "http://www.wikidata.org/prop/direct/P2547.unit": "http://www.ontology-of-units-of-measure.org/resource/om-2/meter", "http://www.wikidata.org/prop/direct/P3018": "Dradenauhafen", "https://gdi-de.github.io/apworkshop2026/ont#stammdurchmesser.value": "35.0", "https://gdi-de.github.io/apworkshop2026/ont#stammdurchmesser.unit": "http://www.ontology-of-units-of-measure.org/resource/om-2/centimeter"}, "geometry": {"type": "MultiPoint", "coordinates": [[9.916064322014483, 53.51569397855943]]}}, {"type": "Feature", "id": "https://gdi-de.github.io/apworkshop2026/GZAW583", "name": "Baum GZAW583 (gdide:GZAW583)", "dateprops": [], "properties": {"http://www.w3.org/2000/01/rdf-schema#label": "Baum GZAW583", "http://rdfs.org/ns/void#inDataset.value": "72757", "http://www.w3.org/2000/01/rdf-schema#comment": "sonst. \u00f6ff. Fl\u00e4chen", "http://www.wikidata.org/prop/direct/P2547.value": "3.0", "http://www.wikidata.org/prop/direct/P2547.unit": "http://www.ontology-of-units-of-measure.org/resource/om-2/meter", "http://www.wikidata.org/prop/direct/P3018": "Gr\u00fcnzug Altenwerder", "https://gdi-de.github.io/apworkshop2026/ont#stammdurchmesser.value": "11.0", "https://gdi-de.github.io/apworkshop2026/ont#stammdurchmesser.unit": "http://www.ontology-of-units-of-measure.org/resource/om-2/centimeter"}, "geometry": {"type": "MultiPoint", "coordinates": [[9.919178673306693, 53.5013908911365]]}}, {"type": "Feature", "id": "https://gdi-de.github.io/apworkshop2026/HHBG230", "name": "Baum HHBG230 (gdide:HHBG230)", "dateprops": [], "properties": {"http://www.w3.org/2000/01/rdf-schema#label": "Baum HHBG230", "http://rdfs.org/ns/void#inDataset.value": "72757", "http://www.w3.org/2000/01/rdf-schema#comment": "Privatgrund", "http://www.wikidata.org/prop/direct/P2547.value": "13.0", "http://www.wikidata.org/prop/direct/P2547.unit": "http://www.ontology-of-units-of-measure.org/resource/om-2/meter", "http://www.wikidata.org/prop/direct/P3018": "Harburg", "https://gdi-de.github.io/apworkshop2026/ont#stammdurchmesser.value": "48.0", "https://gdi-de.github.io/apworkshop2026/ont#stammdurchmesser.unit": "http://www.ontology-of-units-of-measure.org/resource/om-2/centimeter"}, "geometry": {"type": "MultiPoint", "coordinates": [[9.988117651964542, 53.46132043107614]]}}, {"type": "Feature", "id": "https://gdi-de.github.io/apworkshop2026/KTWK270", "name": "Baum KTWK270 (gdide:KTWK270)", "dateprops": [], "properties": {"http://www.w3.org/2000/01/rdf-schema#label": "Baum KTWK270", "http://rdfs.org/ns/void#inDataset.value": "72757", "http://www.w3.org/2000/01/rdf-schema#comment": "Wasserwirtschaft", "http://www.wikidata.org/prop/direct/P2547.value": "6.0", "http://www.wikidata.org/prop/direct/P2547.unit": "http://www.ontology-of-units-of-measure.org/resource/om-2/meter", "http://www.wikidata.org/prop/direct/P3018": "Kattwyk", "https://gdi-de.github.io/apworkshop2026/ont#stammdurchmesser.value": "32.0", "https://gdi-de.github.io/apworkshop2026/ont#stammdurchmesser.unit": "http://www.ontology-of-units-of-measure.org/resource/om-2/centimeter"}, "geometry": {"type": "MultiPoint", "coordinates": [[9.950036207558076, 53.499306865626]]}}, {"type": "Feature", "id": "https://gdi-de.github.io/apworkshop2026/GZAW627", "name": "Baum GZAW627 (gdide:GZAW627)", "dateprops": [], "properties": {"http://www.w3.org/2000/01/rdf-schema#label": "Baum GZAW627", "http://rdfs.org/ns/void#inDataset.value": "72757", "http://www.w3.org/2000/01/rdf-schema#comment": "sonst. \u00f6ff. Fl\u00e4chen", "http://www.wikidata.org/prop/direct/P2547.value": "2.0", "http://www.wikidata.org/prop/direct/P2547.unit": "http://www.ontology-of-units-of-measure.org/resource/om-2/meter", "http://www.wikidata.org/prop/direct/P3018": "Gr\u00fcnzug Altenwerder", "https://gdi-de.github.io/apworkshop2026/ont#stammdurchmesser.value": "11.0", "https://gdi-de.github.io/apworkshop2026/ont#stammdurchmesser.unit": "http://www.ontology-of-units-of-measure.org/resource/om-2/centimeter"}, "geometry": {"type": "MultiPoint", "coordinates": [[9.919362989636687, 53.503086342846885]]}}, {"type": "Feature", "id": "https://gdi-de.github.io/apworkshop2026/BFAS819", "name": "Baum BFAS819 (gdide:BFAS819)", "dateprops": [], "properties": {"http://www.w3.org/2000/01/rdf-schema#label": "Baum BFAS819", "http://rdfs.org/ns/void#inDataset.value": "72757", "http://www.w3.org/2000/01/rdf-schema#comment": "Stra\u00dfe", "http://www.wikidata.org/prop/direct/P2547.value": "3.0", "http://www.wikidata.org/prop/direct/P2547.unit": "http://www.ontology-of-units-of-measure.org/resource/om-2/meter", "http://www.wikidata.org/prop/direct/P3018": "Bahnhof Alte S\u00fcderelbe S\u00fcd", "https://gdi-de.github.io/apworkshop2026/ont#stammdurchmesser.value": "6.0", "https://gdi-de.github.io/apworkshop2026/ont#stammdurchmesser.unit": "http://www.ontology-of-units-of-measure.org/resource/om-2/centimeter"}, "geometry": {"type": "MultiPoint", "coordinates": [[9.911588537976582, 53.511056642093834]]}}, {"type": "Feature", "id": "https://gdi-de.github.io/apworkshop2026/RDLD137", "name": "Baum RDLD137 (gdide:RDLD137)", "dateprops": [], "properties": {"http://www.w3.org/2000/01/rdf-schema#label": "Baum RDLD137", "http://rdfs.org/ns/void#inDataset.value": "72757", "http://www.w3.org/2000/01/rdf-schema#comment": "Stra\u00dfe", "http://www.wikidata.org/prop/direct/P2547.value": "8.0", "http://www.wikidata.org/prop/direct/P2547.unit": "http://www.ontology-of-units-of-measure.org/resource/om-2/meter", "http://www.wikidata.org/prop/direct/P3018": "Radeland", "https://gdi-de.github.io/apworkshop2026/ont#stammdurchmesser.value": "38.0", "https://gdi-de.github.io/apworkshop2026/ont#stammdurchmesser.unit": "http://www.ontology-of-units-of-measure.org/resource/om-2/centimeter"}, "geometry": {"type": "MultiPoint", "coordinates": [[9.964286335623664, 53.470449267652135]]}}, {"type": "Feature", "id": "https://gdi-de.github.io/apworkshop2026/VHWN46", "name": "Baum VHWN46 (gdide:VHWN46)", "dateprops": [], "properties": {"http://www.w3.org/2000/01/rdf-schema#label": "Baum VHWN46", "http://rdfs.org/ns/void#inDataset.value": "72757", "http://www.w3.org/2000/01/rdf-schema#comment": "Stra\u00dfe", "http://www.wikidata.org/prop/direct/P2547.value": "7.0", "http://www.wikidata.org/prop/direct/P2547.unit": "http://www.ontology-of-units-of-measure.org/resource/om-2/meter", "http://www.wikidata.org/prop/direct/P3018": "Vollh\u00f6fner Weiden", "https://gdi-de.github.io/apworkshop2026/ont#stammdurchmesser.value": "38.0", "https://gdi-de.github.io/apworkshop2026/ont#stammdurchmesser.unit": "http://www.ontology-of-units-of-measure.org/resource/om-2/centimeter"}, "geometry": {"type": "MultiPoint", "coordinates": [[9.90997884681897, 53.49583792379135]]}}, {"type": "Feature", "id": "https://gdi-de.github.io/apworkshop2026/MEFC491", "name": "Baum MEFC491 (gdide:MEFC491)", "dateprops": [], "properties": {"http://www.w3.org/2000/01/rdf-schema#label": "Baum MEFC491", "http://rdfs.org/ns/void#inDataset.value": "72757", "http://www.w3.org/2000/01/rdf-schema#comment": "Francop", "http://www.wikidata.org/prop/direct/P2547.value": "8.0", "http://www.wikidata.org/prop/direct/P2547.unit": "http://www.ontology-of-units-of-measure.org/resource/om-2/meter", "http://www.wikidata.org/prop/direct/P3018": "METHA-Francop", "https://gdi-de.github.io/apworkshop2026/ont#stammdurchmesser.value": "42.0", "https://gdi-de.github.io/apworkshop2026/ont#stammdurchmesser.unit": "http://www.ontology-of-units-of-measure.org/resource/om-2/centimeter"}, "geometry": {"type": "MultiPoint", "coordinates": [[9.88890353482031, 53.517392719879695]]}}, {"type": "Feature", "id": "https://gdi-de.github.io/apworkshop2026/KTWK466", "name": "Baum KTWK466 (gdide:KTWK466)", "dateprops": [], "properties": {"http://www.w3.org/2000/01/rdf-schema#label": "Baum KTWK466", "http://rdfs.org/ns/void#inDataset.value": "72757", "http://www.w3.org/2000/01/rdf-schema#comment": "Wasserwirtschaft", "http://www.wikidata.org/prop/direct/P2547.value": "6.0", "http://www.wikidata.org/prop/direct/P2547.unit": "http://www.ontology-of-units-of-measure.org/resource/om-2/meter", "http://www.wikidata.org/prop/direct/P3018": "Kattwyk", "https://gdi-de.github.io/apworkshop2026/ont#stammdurchmesser.value": "29.0", "https://gdi-de.github.io/apworkshop2026/ont#stammdurchmesser.unit": "http://www.ontology-of-units-of-measure.org/resource/om-2/centimeter"}, "geometry": {"type": "MultiPoint", "coordinates": [[9.944011638138823, 53.50483799154371]]}}, {"type": "Feature", "id": "https://gdi-de.github.io/apworkshop2026/FINW292", "name": "Baum FINW292 (gdide:FINW292)", "dateprops": [], "properties": {"http://www.w3.org/2000/01/rdf-schema#label": "Baum FINW292", "http://rdfs.org/ns/void#inDataset.value": "72757", "http://www.w3.org/2000/01/rdf-schema#comment": "Wasserwirtschaft", "http://www.wikidata.org/prop/direct/P2547.value": "5.0", "http://www.wikidata.org/prop/direct/P2547.unit": "http://www.ontology-of-units-of-measure.org/resource/om-2/meter", "http://www.wikidata.org/prop/direct/P3018": "Finkenwerder", "https://gdi-de.github.io/apworkshop2026/ont#stammdurchmesser.value": "24.0", "https://gdi-de.github.io/apworkshop2026/ont#stammdurchmesser.unit": "http://www.ontology-of-units-of-measure.org/resource/om-2/centimeter"}, "geometry": {"type": "MultiPoint", "coordinates": [[9.850282831748789, 53.53982458068007]]}}, {"type": "Feature", "id": "https://gdi-de.github.io/apworkshop2026/PIOI105", "name": "Baum PIOI105 (gdide:PIOI105)", "dateprops": [], "properties": {"http://www.w3.org/2000/01/rdf-schema#label": "Baum PIOI105", "http://rdfs.org/ns/void#inDataset.value": "72757", "http://www.w3.org/2000/01/rdf-schema#comment": "Wasserwirtschaft", "http://www.wikidata.org/prop/direct/P2547.value": "8.0", "http://www.wikidata.org/prop/direct/P2547.unit": "http://www.ontology-of-units-of-measure.org/resource/om-2/meter", "http://www.wikidata.org/prop/direct/P3018": "Pionierinsel", "https://gdi-de.github.io/apworkshop2026/ont#stammdurchmesser.value": "57.0", "https://gdi-de.github.io/apworkshop2026/ont#stammdurchmesser.unit": "http://www.ontology-of-units-of-measure.org/resource/om-2/centimeter"}, "geometry": {"type": "MultiPoint", "coordinates": [[10.00500747050936, 53.469092887953614]]}}, {"type": "Feature", "id": "https://gdi-de.github.io/apworkshop2026/MEFC311", "name": "Baum MEFC311 (gdide:MEFC311)", "dateprops": [], "properties": {"http://www.w3.org/2000/01/rdf-schema#label": "Baum MEFC311", "http://rdfs.org/ns/void#inDataset.value": "72757", "http://www.w3.org/2000/01/rdf-schema#comment": "Francop", "http://www.wikidata.org/prop/direct/P2547.value": "4.0", "http://www.wikidata.org/prop/direct/P2547.unit": "http://www.ontology-of-units-of-measure.org/resource/om-2/meter", "http://www.wikidata.org/prop/direct/P3018": "METHA-Francop", "https://gdi-de.github.io/apworkshop2026/ont#stammdurchmesser.value": "22.0", "https://gdi-de.github.io/apworkshop2026/ont#stammdurchmesser.unit": "http://www.ontology-of-units-of-measure.org/resource/om-2/centimeter"}, "geometry": {"type": "MultiPoint", "coordinates": [[9.882769882976106, 53.51794142763247]]}}, {"type": "Feature", "id": "https://gdi-de.github.io/apworkshop2026/RDLD317", "name": "Baum RDLD317 (gdide:RDLD317)", "dateprops": [], "properties": {"http://www.w3.org/2000/01/rdf-schema#label": "Baum RDLD317", "http://rdfs.org/ns/void#inDataset.value": "72757", "http://www.w3.org/2000/01/rdf-schema#comment": "sonst. \u00f6ff. Fl\u00e4chen", "http://www.wikidata.org/prop/direct/P2547.value": "2.0", "http://www.wikidata.org/prop/direct/P2547.unit": "http://www.ontology-of-units-of-measure.org/resource/om-2/meter", "http://www.wikidata.org/prop/direct/P3018": "Radeland", "https://gdi-de.github.io/apworkshop2026/ont#stammdurchmesser.value": "11.0", "https://gdi-de.github.io/apworkshop2026/ont#stammdurchmesser.unit": "http://www.ontology-of-units-of-measure.org/resource/om-2/centimeter"}, "geometry": {"type": "MultiPoint", "coordinates": [[9.948131114402432, 53.47486232698752]]}}, {"type": "Feature", "id": "https://gdi-de.github.io/apworkshop2026/KTWK460", "name": "Baum KTWK460 (gdide:KTWK460)", "dateprops": [], "properties": {"http://www.w3.org/2000/01/rdf-schema#label": "Baum KTWK460", "http://rdfs.org/ns/void#inDataset.value": "72757", "http://www.w3.org/2000/01/rdf-schema#comment": "Wasserwirtschaft", "http://www.wikidata.org/prop/direct/P2547.value": "13.0", "http://www.wikidata.org/prop/direct/P2547.unit": "http://www.ontology-of-units-of-measure.org/resource/om-2/meter", "http://www.wikidata.org/prop/direct/P3018": "Kattwyk", "https://gdi-de.github.io/apworkshop2026/ont#stammdurchmesser.value": "53.0", "https://gdi-de.github.io/apworkshop2026/ont#stammdurchmesser.unit": "http://www.ontology-of-units-of-measure.org/resource/om-2/centimeter"}, "geometry": {"type": "MultiPoint", "coordinates": [[9.944046618535987, 53.50491784991505]]}}, {"type": "Feature", "id": "https://gdi-de.github.io/apworkshop2026/VHWN154", "name": "Baum VHWN154 (gdide:VHWN154)", "dateprops": [], "properties": {"http://www.w3.org/2000/01/rdf-schema#label": "Baum VHWN154", "http://rdfs.org/ns/void#inDataset.value": "72757", "http://www.w3.org/2000/01/rdf-schema#comment": "Stra\u00dfe", "http://www.wikidata.org/prop/direct/P2547.value": "4.0", "http://www.wikidata.org/prop/direct/P2547.unit": "http://www.ontology-of-units-of-measure.org/resource/om-2/meter", "http://www.wikidata.org/prop/direct/P3018": "Vollh\u00f6fner Weiden", "https://gdi-de.github.io/apworkshop2026/ont#stammdurchmesser.value": "18.0", "https://gdi-de.github.io/apworkshop2026/ont#stammdurchmesser.unit": "http://www.ontology-of-units-of-measure.org/resource/om-2/centimeter"}, "geometry": {"type": "MultiPoint", "coordinates": [[9.91080959981057, 53.49615734937803]]}}, {"type": "Feature", "id": "https://gdi-de.github.io/apworkshop2026/MEFC446", "name": "Baum MEFC446 (gdide:MEFC446)", "dateprops": [], "properties": {"http://www.w3.org/2000/01/rdf-schema#label": "Baum MEFC446", "http://rdfs.org/ns/void#inDataset.value": "72757", "http://www.w3.org/2000/01/rdf-schema#comment": "Francop", "http://www.wikidata.org/prop/direct/P2547.value": "6.0", "http://www.wikidata.org/prop/direct/P2547.unit": "http://www.ontology-of-units-of-measure.org/resource/om-2/meter", "http://www.wikidata.org/prop/direct/P3018": "METHA-Francop", "https://gdi-de.github.io/apworkshop2026/ont#stammdurchmesser.value": "39.0", "https://gdi-de.github.io/apworkshop2026/ont#stammdurchmesser.unit": "http://www.ontology-of-units-of-measure.org/resource/om-2/centimeter"}, "geometry": {"type": "MultiPoint", "coordinates": [[9.888208229807248, 53.52036099921111]]}}, {"type": "Feature", "id": "https://gdi-de.github.io/apworkshop2026/VHWN156", "name": "Baum VHWN156 (gdide:VHWN156)", "dateprops": [], "properties": {"http://www.w3.org/2000/01/rdf-schema#label": "Baum VHWN156", "http://rdfs.org/ns/void#inDataset.value": "72757", "http://www.w3.org/2000/01/rdf-schema#comment": "Stra\u00dfe", "http://www.wikidata.org/prop/direct/P2547.value": "14.5", "http://www.wikidata.org/prop/direct/P2547.unit": "http://www.ontology-of-units-of-measure.org/resource/om-2/meter", "http://www.wikidata.org/prop/direct/P3018": "Vollh\u00f6fner Weiden", "https://gdi-de.github.io/apworkshop2026/ont#stammdurchmesser.value": "21.0", "https://gdi-de.github.io/apworkshop2026/ont#stammdurchmesser.unit": "http://www.ontology-of-units-of-measure.org/resource/om-2/centimeter"}, "geometry": {"type": "MultiPoint", "coordinates": [[9.910786701753977, 53.49621294160348]]}}, {"type": "Feature", "id": "https://gdi-de.github.io/apworkshop2026/HOHS605", "name": "Baum HOHS605 (gdide:HOHS605)", "dateprops": [], "properties": {"http://www.w3.org/2000/01/rdf-schema#label": "Baum HOHS605", "http://rdfs.org/ns/void#inDataset.value": "72757", "http://www.w3.org/2000/01/rdf-schema#comment": "sonst. \u00f6ff. Fl\u00e4chen", "http://www.wikidata.org/prop/direct/P2547.value": "5.0", "http://www.wikidata.org/prop/direct/P2547.unit": "http://www.ontology-of-units-of-measure.org/resource/om-2/meter", "http://www.wikidata.org/prop/direct/P3018": "Hohe Schaar", "https://gdi-de.github.io/apworkshop2026/ont#stammdurchmesser.value": "29.0", "https://gdi-de.github.io/apworkshop2026/ont#stammdurchmesser.unit": "http://www.ontology-of-units-of-measure.org/resource/om-2/centimeter"}, "geometry": {"type": "MultiPoint", "coordinates": [[9.987523883528045, 53.48087188529536]]}}, {"type": "Feature", "id": "https://gdi-de.github.io/apworkshop2026/RDLD302", "name": "Baum RDLD302 (gdide:RDLD302)", "dateprops": [], "properties": {"http://www.w3.org/2000/01/rdf-schema#label": "Baum RDLD302", "http://rdfs.org/ns/void#inDataset.value": "72757", "http://www.w3.org/2000/01/rdf-schema#comment": "sonst. \u00f6ff. Fl\u00e4chen", "http://www.wikidata.org/prop/direct/P2547.value": "6.0", "http://www.wikidata.org/prop/direct/P2547.unit": "http://www.ontology-of-units-of-measure.org/resource/om-2/meter", "http://www.wikidata.org/prop/direct/P3018": "Radeland", "https://gdi-de.github.io/apworkshop2026/ont#stammdurchmesser.value": "22.0", "https://gdi-de.github.io/apworkshop2026/ont#stammdurchmesser.unit": "http://www.ontology-of-units-of-measure.org/resource/om-2/centimeter"}, "geometry": {"type": "MultiPoint", "coordinates": [[9.958274594146665, 53.47218075947249]]}}, {"type": "Feature", "id": "https://gdi-de.github.io/apworkshop2026/AEST334", "name": "Baum AEST334 (gdide:AEST334)", "dateprops": [], "properties": {"http://www.w3.org/2000/01/rdf-schema#label": "Baum AEST334", "http://rdfs.org/ns/void#inDataset.value": "72757", "http://www.w3.org/2000/01/rdf-schema#comment": "Wasserwirtschaft", "http://www.wikidata.org/prop/direct/P2547.value": "5.0", "http://www.wikidata.org/prop/direct/P2547.unit": "http://www.ontology-of-units-of-measure.org/resource/om-2/meter", "http://www.wikidata.org/prop/direct/P3018": "Altes Estesperrwerk", "https://gdi-de.github.io/apworkshop2026/ont#stammdurchmesser.value": "35.0", "https://gdi-de.github.io/apworkshop2026/ont#stammdurchmesser.unit": "http://www.ontology-of-units-of-measure.org/resource/om-2/centimeter"}, "geometry": {"type": "MultiPoint", "coordinates": [[9.809470877187868, 53.5297973969335]]}}, {"type": "Feature", "id": "https://gdi-de.github.io/apworkshop2026/VHWN888", "name": "Baum VHWN888 (gdide:VHWN888)", "dateprops": [], "properties": {"http://www.w3.org/2000/01/rdf-schema#label": "Baum VHWN888", "http://rdfs.org/ns/void#inDataset.value": "72757", "http://www.w3.org/2000/01/rdf-schema#comment": "Stra\u00dfe", "http://www.wikidata.org/prop/direct/P2547.value": "4.0", "http://www.wikidata.org/prop/direct/P2547.unit": "http://www.ontology-of-units-of-measure.org/resource/om-2/meter", "http://www.wikidata.org/prop/direct/P3018": "Vollh\u00f6fner Weiden", "https://gdi-de.github.io/apworkshop2026/ont#stammdurchmesser.value": "25.0", "https://gdi-de.github.io/apworkshop2026/ont#stammdurchmesser.unit": "http://www.ontology-of-units-of-measure.org/resource/om-2/centimeter"}, "geometry": {"type": "MultiPoint", "coordinates": [[9.91055732592933, 53.49729330162099]]}}, {"type": "Feature", "id": "https://gdi-de.github.io/apworkshop2026/GZAW578", "name": "Baum GZAW578 (gdide:GZAW578)", "dateprops": [], "properties": {"http://www.w3.org/2000/01/rdf-schema#label": "Baum GZAW578", "http://rdfs.org/ns/void#inDataset.value": "72757", "http://www.w3.org/2000/01/rdf-schema#comment": "sonst. \u00f6ff. Fl\u00e4chen", "http://www.wikidata.org/prop/direct/P2547.value": "3.0", "http://www.wikidata.org/prop/direct/P2547.unit": "http://www.ontology-of-units-of-measure.org/resource/om-2/meter", "http://www.wikidata.org/prop/direct/P3018": "Gr\u00fcnzug Altenwerder", "https://gdi-de.github.io/apworkshop2026/ont#stammdurchmesser.value": "11.0", "https://gdi-de.github.io/apworkshop2026/ont#stammdurchmesser.unit": "http://www.ontology-of-units-of-measure.org/resource/om-2/centimeter"}, "geometry": {"type": "MultiPoint", "coordinates": [[9.919209503487243, 53.501261083025454]]}}, {"type": "Feature", "id": "https://gdi-de.github.io/apworkshop2026/VHWN158", "name": "Baum VHWN158 (gdide:VHWN158)", "dateprops": [], "properties": {"http://www.w3.org/2000/01/rdf-schema#label": "Baum VHWN158", "http://rdfs.org/ns/void#inDataset.value": "72757", "http://www.w3.org/2000/01/rdf-schema#comment": "Stra\u00dfe", "http://www.wikidata.org/prop/direct/P2547.value": "9.0", "http://www.wikidata.org/prop/direct/P2547.unit": "http://www.ontology-of-units-of-measure.org/resource/om-2/meter", "http://www.wikidata.org/prop/direct/P3018": "Vollh\u00f6fner Weiden", "https://gdi-de.github.io/apworkshop2026/ont#stammdurchmesser.value": "47.0", "https://gdi-de.github.io/apworkshop2026/ont#stammdurchmesser.unit": "http://www.ontology-of-units-of-measure.org/resource/om-2/centimeter"}, "geometry": {"type": "MultiPoint", "coordinates": [[9.910546465297545, 53.49684544699599]]}}, {"type": "Feature", "id": "https://gdi-de.github.io/apworkshop2026/VHWN590", "name": "Baum VHWN590 (gdide:VHWN590)", "dateprops": [], "properties": {"http://www.w3.org/2000/01/rdf-schema#label": "Baum VHWN590", "http://rdfs.org/ns/void#inDataset.value": "72757", "http://www.w3.org/2000/01/rdf-schema#comment": "sonst. \u00f6ff. Fl\u00e4chen", "http://www.wikidata.org/prop/direct/P2547.value": "3.0", "http://www.wikidata.org/prop/direct/P2547.unit": "http://www.ontology-of-units-of-measure.org/resource/om-2/meter", "http://www.wikidata.org/prop/direct/P3018": "Vollh\u00f6fner Weiden", "https://gdi-de.github.io/apworkshop2026/ont#stammdurchmesser.value": "14.0", "https://gdi-de.github.io/apworkshop2026/ont#stammdurchmesser.unit": "http://www.ontology-of-units-of-measure.org/resource/om-2/centimeter"}, "geometry": {"type": "MultiPoint", "coordinates": [[9.897257606451188, 53.51466475193317]]}}, {"type": "Feature", "id": "https://gdi-de.github.io/apworkshop2026/KTWK465", "name": "Baum KTWK465 (gdide:KTWK465)", "dateprops": [], "properties": {"http://www.w3.org/2000/01/rdf-schema#label": "Baum KTWK465", "http://rdfs.org/ns/void#inDataset.value": "72757", "http://www.w3.org/2000/01/rdf-schema#comment": "Wasserwirtschaft", "http://www.wikidata.org/prop/direct/P2547.value": "6.0", "http://www.wikidata.org/prop/direct/P2547.unit": "http://www.ontology-of-units-of-measure.org/resource/om-2/meter", "http://www.wikidata.org/prop/direct/P3018": "Kattwyk", "https://gdi-de.github.io/apworkshop2026/ont#stammdurchmesser.value": "28.0", "https://gdi-de.github.io/apworkshop2026/ont#stammdurchmesser.unit": "http://www.ontology-of-units-of-measure.org/resource/om-2/centimeter"}, "geometry": {"type": "MultiPoint", "coordinates": [[9.944025768638243, 53.50478595289066]]}}, {"type": "Feature", "id": "https://gdi-de.github.io/apworkshop2026/RDLD296", "name": "Baum RDLD296 (gdide:RDLD296)", "dateprops": [], "properties": {"http://www.w3.org/2000/01/rdf-schema#label": "Baum RDLD296", "http://rdfs.org/ns/void#inDataset.value": "72757", "http://www.w3.org/2000/01/rdf-schema#comment": "sonst. \u00f6ff. Fl\u00e4chen", "http://www.wikidata.org/prop/direct/P2547.value": "10.0", "http://www.wikidata.org/prop/direct/P2547.unit": "http://www.ontology-of-units-of-measure.org/resource/om-2/meter", "http://www.wikidata.org/prop/direct/P3018": "Radeland", "https://gdi-de.github.io/apworkshop2026/ont#stammdurchmesser.value": "41.0", "https://gdi-de.github.io/apworkshop2026/ont#stammdurchmesser.unit": "http://www.ontology-of-units-of-measure.org/resource/om-2/centimeter"}, "geometry": {"type": "MultiPoint", "coordinates": [[9.958591564694668, 53.4721317605486]]}}, {"type": "Feature", "id": "https://gdi-de.github.io/apworkshop2026/VHWN49", "name": "Baum VHWN49 (gdide:VHWN49)", "dateprops": [], "properties": {"http://www.w3.org/2000/01/rdf-schema#label": "Baum VHWN49", "http://rdfs.org/ns/void#inDataset.value": "72757", "http://www.w3.org/2000/01/rdf-schema#comment": "Stra\u00dfe", "http://www.wikidata.org/prop/direct/P2547.value": "6.5", "http://www.wikidata.org/prop/direct/P2547.unit": "http://www.ontology-of-units-of-measure.org/resource/om-2/meter", "http://www.wikidata.org/prop/direct/P3018": "Vollh\u00f6fner Weiden", "https://gdi-de.github.io/apworkshop2026/ont#stammdurchmesser.value": "40.0", "https://gdi-de.github.io/apworkshop2026/ont#stammdurchmesser.unit": "http://www.ontology-of-units-of-measure.org/resource/om-2/centimeter"}, "geometry": {"type": "MultiPoint", "coordinates": [[9.9101556891658, 53.4958369565439]]}}, {"type": "Feature", "id": "https://gdi-de.github.io/apworkshop2026/VHWN60", "name": "Baum VHWN60 (gdide:VHWN60)", "dateprops": [], "properties": {"http://www.w3.org/2000/01/rdf-schema#label": "Baum VHWN60", "http://rdfs.org/ns/void#inDataset.value": "72757", "http://www.w3.org/2000/01/rdf-schema#comment": "Stra\u00dfe", "http://www.wikidata.org/prop/direct/P2547.value": "6.0", "http://www.wikidata.org/prop/direct/P2547.unit": "http://www.ontology-of-units-of-measure.org/resource/om-2/meter", "http://www.wikidata.org/prop/direct/P3018": "Vollh\u00f6fner Weiden", "https://gdi-de.github.io/apworkshop2026/ont#stammdurchmesser.value": "25.0", "https://gdi-de.github.io/apworkshop2026/ont#stammdurchmesser.unit": "http://www.ontology-of-units-of-measure.org/resource/om-2/centimeter"}, "geometry": {"type": "MultiPoint", "coordinates": [[9.910249958371715, 53.495993500715635]]}}, {"type": "Feature", "id": "https://gdi-de.github.io/apworkshop2026/DRHF170", "name": "Baum DRHF170 (gdide:DRHF170)", "dateprops": [], "properties": {"http://www.w3.org/2000/01/rdf-schema#label": "Baum DRHF170", "http://rdfs.org/ns/void#inDataset.value": "72757", "http://www.w3.org/2000/01/rdf-schema#comment": "Privatgrund", "http://www.wikidata.org/prop/direct/P2547.value": "7.0", "http://www.wikidata.org/prop/direct/P2547.unit": "http://www.ontology-of-units-of-measure.org/resource/om-2/meter", "http://www.wikidata.org/prop/direct/P3018": "Dradenauhafen", "https://gdi-de.github.io/apworkshop2026/ont#stammdurchmesser.value": "41.0", "https://gdi-de.github.io/apworkshop2026/ont#stammdurchmesser.unit": "http://www.ontology-of-units-of-measure.org/resource/om-2/centimeter"}, "geometry": {"type": "MultiPoint", "coordinates": [[9.917116581588845, 53.51596167295053]]}}, {"type": "Feature", "id": "https://gdi-de.github.io/apworkshop2026/KTWK55", "name": "Baum KTWK55 (gdide:KTWK55)", "dateprops": [], "properties": {"http://www.w3.org/2000/01/rdf-schema#label": "Baum KTWK55", "http://rdfs.org/ns/void#inDataset.value": "72757", "http://www.w3.org/2000/01/rdf-schema#comment": "Wasserwirtschaft", "http://www.wikidata.org/prop/direct/P2547.value": "10.0", "http://www.wikidata.org/prop/direct/P2547.unit": "http://www.ontology-of-units-of-measure.org/resource/om-2/meter", "http://www.wikidata.org/prop/direct/P3018": "Kattwyk", "https://gdi-de.github.io/apworkshop2026/ont#stammdurchmesser.value": "41.0", "https://gdi-de.github.io/apworkshop2026/ont#stammdurchmesser.unit": "http://www.ontology-of-units-of-measure.org/resource/om-2/centimeter"}, "geometry": {"type": "MultiPoint", "coordinates": [[9.943798342157761, 53.50530054504261]]}}, {"type": "Feature", "id": "https://gdi-de.github.io/apworkshop2026/KTWK430", "name": "Baum KTWK430 (gdide:KTWK430)", "dateprops": [], "properties": {"http://www.w3.org/2000/01/rdf-schema#label": "Baum KTWK430", "http://rdfs.org/ns/void#inDataset.value": "72757", "http://www.w3.org/2000/01/rdf-schema#comment": "Wasserwirtschaft", "http://www.wikidata.org/prop/direct/P2547.value": "3.0", "http://www.wikidata.org/prop/direct/P2547.unit": "http://www.ontology-of-units-of-measure.org/resource/om-2/meter", "http://www.wikidata.org/prop/direct/P3018": "Kattwyk", "https://gdi-de.github.io/apworkshop2026/ont#stammdurchmesser.value": "22.0", "https://gdi-de.github.io/apworkshop2026/ont#stammdurchmesser.unit": "http://www.ontology-of-units-of-measure.org/resource/om-2/centimeter"}, "geometry": {"type": "MultiPoint", "coordinates": [[9.948978576058318, 53.49984563907689]]}}, {"type": "Feature", "id": "https://gdi-de.github.io/apworkshop2026/MOBG51", "name": "Baum MOBG51 (gdide:MOBG51)", "dateprops": [], "properties": {"http://www.w3.org/2000/01/rdf-schema#label": "Baum MOBG51", "http://rdfs.org/ns/void#inDataset.value": "72757", "http://www.w3.org/2000/01/rdf-schema#comment": "Stra\u00dfe", "http://www.wikidata.org/prop/direct/P2547.value": "9.0", "http://www.wikidata.org/prop/direct/P2547.unit": "http://www.ontology-of-units-of-measure.org/resource/om-2/meter", "http://www.wikidata.org/prop/direct/P3018": "Moorburg", "https://gdi-de.github.io/apworkshop2026/ont#stammdurchmesser.value": "45.0", "https://gdi-de.github.io/apworkshop2026/ont#stammdurchmesser.unit": "http://www.ontology-of-units-of-measure.org/resource/om-2/centimeter"}, "geometry": {"type": "MultiPoint", "coordinates": [[9.947171857409439, 53.487484481197676]]}}, {"type": "Feature", "id": "https://gdi-de.github.io/apworkshop2026/RDLD146", "name": "Baum RDLD146 (gdide:RDLD146)", "dateprops": [], "properties": {"http://www.w3.org/2000/01/rdf-schema#label": "Baum RDLD146", "http://rdfs.org/ns/void#inDataset.value": "72757", "http://www.w3.org/2000/01/rdf-schema#comment": "Stra\u00dfe", "http://www.wikidata.org/prop/direct/P2547.value": "8.0", "http://www.wikidata.org/prop/direct/P2547.unit": "http://www.ontology-of-units-of-measure.org/resource/om-2/meter", "http://www.wikidata.org/prop/direct/P3018": "Radeland", "https://gdi-de.github.io/apworkshop2026/ont#stammdurchmesser.value": "43.0", "https://gdi-de.github.io/apworkshop2026/ont#stammdurchmesser.unit": "http://www.ontology-of-units-of-measure.org/resource/om-2/centimeter"}, "geometry": {"type": "MultiPoint", "coordinates": [[9.963392628696951, 53.470651147222036]]}}, {"type": "Feature", "id": "https://gdi-de.github.io/apworkshop2026/VHWN565", "name": "Baum VHWN565 (gdide:VHWN565)", "dateprops": [], "properties": {"http://www.w3.org/2000/01/rdf-schema#label": "Baum VHWN565", "http://rdfs.org/ns/void#inDataset.value": "72757", "http://www.w3.org/2000/01/rdf-schema#comment": "sonst. \u00f6ff. Fl\u00e4chen", "http://www.wikidata.org/prop/direct/P2547.value": "8.0", "http://www.wikidata.org/prop/direct/P2547.unit": "http://www.ontology-of-units-of-measure.org/resource/om-2/meter", "http://www.wikidata.org/prop/direct/P3018": "Vollh\u00f6fner Weiden", "https://gdi-de.github.io/apworkshop2026/ont#stammdurchmesser.value": "26.0", "https://gdi-de.github.io/apworkshop2026/ont#stammdurchmesser.unit": "http://www.ontology-of-units-of-measure.org/resource/om-2/centimeter"}, "geometry": {"type": "MultiPoint", "coordinates": [[9.893284528629431, 53.51428124396719]]}}, {"type": "Feature", "id": "https://gdi-de.github.io/apworkshop2026/DRHF140", "name": "Baum DRHF140 (gdide:DRHF140)", "dateprops": [], "properties": {"http://www.w3.org/2000/01/rdf-schema#label": "Baum DRHF140", "http://rdfs.org/ns/void#inDataset.value": "72757", "http://www.w3.org/2000/01/rdf-schema#comment": "Privatgrund", "http://www.wikidata.org/prop/direct/P2547.value": "7.0", "http://www.wikidata.org/prop/direct/P2547.unit": "http://www.ontology-of-units-of-measure.org/resource/om-2/meter", "http://www.wikidata.org/prop/direct/P3018": "Dradenauhafen", "https://gdi-de.github.io/apworkshop2026/ont#stammdurchmesser.value": "27.0", "https://gdi-de.github.io/apworkshop2026/ont#stammdurchmesser.unit": "http://www.ontology-of-units-of-measure.org/resource/om-2/centimeter"}, "geometry": {"type": "MultiPoint", "coordinates": [[9.915498868475742, 53.51529871268337]]}}, {"type": "Feature", "id": "https://gdi-de.github.io/apworkshop2026/FINW262", "name": "Baum FINW262 (gdide:FINW262)", "dateprops": [], "properties": {"http://www.w3.org/2000/01/rdf-schema#label": "Baum FINW262", "http://rdfs.org/ns/void#inDataset.value": "72757", "http://www.w3.org/2000/01/rdf-schema#comment": "Wasserwirtschaft", "http://www.wikidata.org/prop/direct/P2547.value": "8.0", "http://www.wikidata.org/prop/direct/P2547.unit": "http://www.ontology-of-units-of-measure.org/resource/om-2/meter", "http://www.wikidata.org/prop/direct/P3018": "Finkenwerder", "https://gdi-de.github.io/apworkshop2026/ont#stammdurchmesser.value": "29.0", "https://gdi-de.github.io/apworkshop2026/ont#stammdurchmesser.unit": "http://www.ontology-of-units-of-measure.org/resource/om-2/centimeter"}, "geometry": {"type": "MultiPoint", "coordinates": [[9.851912555337238, 53.53802483595512]]}}, {"type": "Feature", "id": "https://gdi-de.github.io/apworkshop2026/VHWN97", "name": "Baum VHWN97 (gdide:VHWN97)", "dateprops": [], "properties": {"http://www.w3.org/2000/01/rdf-schema#label": "Baum VHWN97", "http://rdfs.org/ns/void#inDataset.value": "72757", "http://www.w3.org/2000/01/rdf-schema#comment": "Stra\u00dfe", "http://www.wikidata.org/prop/direct/P2547.value": "2.0", "http://www.wikidata.org/prop/direct/P2547.unit": "http://www.ontology-of-units-of-measure.org/resource/om-2/meter", "http://www.wikidata.org/prop/direct/P3018": "Vollh\u00f6fner Weiden", "https://gdi-de.github.io/apworkshop2026/ont#stammdurchmesser.value": "17.0", "https://gdi-de.github.io/apworkshop2026/ont#stammdurchmesser.unit": "http://www.ontology-of-units-of-measure.org/resource/om-2/centimeter"}, "geometry": {"type": "MultiPoint", "coordinates": [[9.91052697185588, 53.496869323005356]]}}, {"type": "Feature", "id": "https://gdi-de.github.io/apworkshop2026/KTWK463", "name": "Baum KTWK463 (gdide:KTWK463)", "dateprops": [], "properties": {"http://www.w3.org/2000/01/rdf-schema#label": "Baum KTWK463", "http://rdfs.org/ns/void#inDataset.value": "72757", "http://www.w3.org/2000/01/rdf-schema#comment": "Wasserwirtschaft", "http://www.wikidata.org/prop/direct/P2547.value": "8.0", "http://www.wikidata.org/prop/direct/P2547.unit": "http://www.ontology-of-units-of-measure.org/resource/om-2/meter", "http://www.wikidata.org/prop/direct/P3018": "Kattwyk", "https://gdi-de.github.io/apworkshop2026/ont#stammdurchmesser.value": "42.0", "https://gdi-de.github.io/apworkshop2026/ont#stammdurchmesser.unit": "http://www.ontology-of-units-of-measure.org/resource/om-2/centimeter"}, "geometry": {"type": "MultiPoint", "coordinates": [[9.94407814940246, 53.504689617100595]]}}, {"type": "Feature", "id": "https://gdi-de.github.io/apworkshop2026/RDLD303", "name": "Baum RDLD303 (gdide:RDLD303)", "dateprops": [], "properties": {"http://www.w3.org/2000/01/rdf-schema#label": "Baum RDLD303", "http://rdfs.org/ns/void#inDataset.value": "72757", "http://www.w3.org/2000/01/rdf-schema#comment": "sonst. \u00f6ff. Fl\u00e4chen", "http://www.wikidata.org/prop/direct/P2547.value": "5.0", "http://www.wikidata.org/prop/direct/P2547.unit": "http://www.ontology-of-units-of-measure.org/resource/om-2/meter", "http://www.wikidata.org/prop/direct/P3018": "Radeland", "https://gdi-de.github.io/apworkshop2026/ont#stammdurchmesser.value": "13.0", "https://gdi-de.github.io/apworkshop2026/ont#stammdurchmesser.unit": "http://www.ontology-of-units-of-measure.org/resource/om-2/centimeter"}, "geometry": {"type": "MultiPoint", "coordinates": [[9.958286173430679, 53.47220080495658]]}}, {"type": "Feature", "id": "https://gdi-de.github.io/apworkshop2026/KSBK204", "name": "Baum KSBK204 (gdide:KSBK204)", "dateprops": [], "properties": {"http://www.w3.org/2000/01/rdf-schema#label": "Baum KSBK204", "http://rdfs.org/ns/void#inDataset.value": "72757", "http://www.w3.org/2000/01/rdf-schema#comment": "sonst. \u00f6ff. Fl\u00e4chen", "http://www.wikidata.org/prop/direct/P2547.value": "12.0", "http://www.wikidata.org/prop/direct/P2547.unit": "http://www.ontology-of-units-of-measure.org/resource/om-2/meter", "http://www.wikidata.org/prop/direct/P3018": "Kirchsteinbek", "https://gdi-de.github.io/apworkshop2026/ont#stammdurchmesser.value": "62.0", "https://gdi-de.github.io/apworkshop2026/ont#stammdurchmesser.unit": "http://www.ontology-of-units-of-measure.org/resource/om-2/centimeter"}, "geometry": {"type": "MultiPoint", "coordinates": [[10.123487378259682, 53.52842018841216]]}}, {"type": "Feature", "id": "https://gdi-de.github.io/apworkshop2026/MEFC445", "name": "Baum MEFC445 (gdide:MEFC445)", "dateprops": [], "properties": {"http://www.w3.org/2000/01/rdf-schema#label": "Baum MEFC445", "http://rdfs.org/ns/void#inDataset.value": "72757", "http://www.w3.org/2000/01/rdf-schema#comment": "Francop", "http://www.wikidata.org/prop/direct/P2547.value": "8.0", "http://www.wikidata.org/prop/direct/P2547.unit": "http://www.ontology-of-units-of-measure.org/resource/om-2/meter", "http://www.wikidata.org/prop/direct/P3018": "METHA-Francop", "https://gdi-de.github.io/apworkshop2026/ont#stammdurchmesser.value": "45.0", "https://gdi-de.github.io/apworkshop2026/ont#stammdurchmesser.unit": "http://www.ontology-of-units-of-measure.org/resource/om-2/centimeter"}, "geometry": {"type": "MultiPoint", "coordinates": [[9.888158894331845, 53.520323709606856]]}}, {"type": "Feature", "id": "https://gdi-de.github.io/apworkshop2026/GZAW666", "name": "Baum GZAW666 (gdide:GZAW666)", "dateprops": [], "properties": {"http://www.w3.org/2000/01/rdf-schema#label": "Baum GZAW666", "http://rdfs.org/ns/void#inDataset.value": "72757", "http://www.w3.org/2000/01/rdf-schema#comment": "sonst. \u00f6ff. Fl\u00e4chen", "http://www.wikidata.org/prop/direct/P2547.value": "3.0", "http://www.wikidata.org/prop/direct/P2547.unit": "http://www.ontology-of-units-of-measure.org/resource/om-2/meter", "http://www.wikidata.org/prop/direct/P3018": "Gr\u00fcnzug Altenwerder", "https://gdi-de.github.io/apworkshop2026/ont#stammdurchmesser.value": "13.0", "https://gdi-de.github.io/apworkshop2026/ont#stammdurchmesser.unit": "http://www.ontology-of-units-of-measure.org/resource/om-2/centimeter"}, "geometry": {"type": "MultiPoint", "coordinates": [[9.9194879093601, 53.50592595875663]]}}, {"type": "Feature", "id": "https://gdi-de.github.io/apworkshop2026/GZAW690", "name": "Baum GZAW690 (gdide:GZAW690)", "dateprops": [], "properties": {"http://www.w3.org/2000/01/rdf-schema#label": "Baum GZAW690", "http://rdfs.org/ns/void#inDataset.value": "72757", "http://www.w3.org/2000/01/rdf-schema#comment": "sonst. \u00f6ff. Fl\u00e4chen", "http://www.wikidata.org/prop/direct/P2547.value": "3.0", "http://www.wikidata.org/prop/direct/P2547.unit": "http://www.ontology-of-units-of-measure.org/resource/om-2/meter", "http://www.wikidata.org/prop/direct/P3018": "Gr\u00fcnzug Altenwerder", "https://gdi-de.github.io/apworkshop2026/ont#stammdurchmesser.value": "13.0", "https://gdi-de.github.io/apworkshop2026/ont#stammdurchmesser.unit": "http://www.ontology-of-units-of-measure.org/resource/om-2/centimeter"}, "geometry": {"type": "MultiPoint", "coordinates": [[9.919465110118187, 53.5044301328816]]}}, {"type": "Feature", "id": "https://gdi-de.github.io/apworkshop2026/RDLD293", "name": "Baum RDLD293 (gdide:RDLD293)", "dateprops": [], "properties": {"http://www.w3.org/2000/01/rdf-schema#label": "Baum RDLD293", "http://rdfs.org/ns/void#inDataset.value": "72757", "http://www.w3.org/2000/01/rdf-schema#comment": "sonst. \u00f6ff. Fl\u00e4chen", "http://www.wikidata.org/prop/direct/P2547.value": "4.0", "http://www.wikidata.org/prop/direct/P2547.unit": "http://www.ontology-of-units-of-measure.org/resource/om-2/meter", "http://www.wikidata.org/prop/direct/P3018": "Radeland", "https://gdi-de.github.io/apworkshop2026/ont#stammdurchmesser.value": "22.0", "https://gdi-de.github.io/apworkshop2026/ont#stammdurchmesser.unit": "http://www.ontology-of-units-of-measure.org/resource/om-2/centimeter"}, "geometry": {"type": "MultiPoint", "coordinates": [[9.959019126837298, 53.472081633371836]]}}, {"type": "Feature", "id": "https://gdi-de.github.io/apworkshop2026/MEFC422", "name": "Baum MEFC422 (gdide:MEFC422)", "dateprops": [], "properties": {"http://www.w3.org/2000/01/rdf-schema#label": "Baum MEFC422", "http://rdfs.org/ns/void#inDataset.value": "72757", "http://www.w3.org/2000/01/rdf-schema#comment": "Francop", "http://www.wikidata.org/prop/direct/P2547.value": "5.0", "http://www.wikidata.org/prop/direct/P2547.unit": "http://www.ontology-of-units-of-measure.org/resource/om-2/meter", "http://www.wikidata.org/prop/direct/P3018": "METHA-Francop", "https://gdi-de.github.io/apworkshop2026/ont#stammdurchmesser.value": "26.0", "https://gdi-de.github.io/apworkshop2026/ont#stammdurchmesser.unit": "http://www.ontology-of-units-of-measure.org/resource/om-2/centimeter"}, "geometry": {"type": "MultiPoint", "coordinates": [[9.878319844654245, 53.51734071800538]]}}, {"type": "Feature", "id": "https://gdi-de.github.io/apworkshop2026/MOBG451", "name": "Baum MOBG451 (gdide:MOBG451)", "dateprops": [], "properties": {"http://www.w3.org/2000/01/rdf-schema#label": "Baum MOBG451", "http://rdfs.org/ns/void#inDataset.value": "72757", "http://www.w3.org/2000/01/rdf-schema#comment": "sonst. \u00f6ff. Fl\u00e4chen", "http://www.wikidata.org/prop/direct/P2547.value": "7.0", "http://www.wikidata.org/prop/direct/P2547.unit": "http://www.ontology-of-units-of-measure.org/resource/om-2/meter", "http://www.wikidata.org/prop/direct/P3018": "Moorburg", "https://gdi-de.github.io/apworkshop2026/ont#stammdurchmesser.value": "41.0", "https://gdi-de.github.io/apworkshop2026/ont#stammdurchmesser.unit": "http://www.ontology-of-units-of-measure.org/resource/om-2/centimeter"}, "geometry": {"type": "MultiPoint", "coordinates": [[9.945938245945522, 53.49269287422972]]}}, {"type": "Feature", "id": "https://gdi-de.github.io/apworkshop2026/PIOI114", "name": "Baum PIOI114 (gdide:PIOI114)", "dateprops": [], "properties": {"http://www.w3.org/2000/01/rdf-schema#label": "Baum PIOI114", "http://rdfs.org/ns/void#inDataset.value": "72757", "http://www.w3.org/2000/01/rdf-schema#comment": "Wasserwirtschaft", "http://www.wikidata.org/prop/direct/P2547.value": "10.0", "http://www.wikidata.org/prop/direct/P2547.unit": "http://www.ontology-of-units-of-measure.org/resource/om-2/meter", "http://www.wikidata.org/prop/direct/P3018": "Pionierinsel", "https://gdi-de.github.io/apworkshop2026/ont#stammdurchmesser.value": "39.0", "https://gdi-de.github.io/apworkshop2026/ont#stammdurchmesser.unit": "http://www.ontology-of-units-of-measure.org/resource/om-2/centimeter"}, "geometry": {"type": "MultiPoint", "coordinates": [[10.003329013316748, 53.46930651119413]]}}, {"type": "Feature", "id": "https://gdi-de.github.io/apworkshop2026/VHWN184", "name": "Baum VHWN184 (gdide:VHWN184)", "dateprops": [], "properties": {"http://www.w3.org/2000/01/rdf-schema#label": "Baum VHWN184", "http://rdfs.org/ns/void#inDataset.value": "72757", "http://www.w3.org/2000/01/rdf-schema#comment": "Stra\u00dfe", "http://www.wikidata.org/prop/direct/P2547.value": "8.5", "http://www.wikidata.org/prop/direct/P2547.unit": "http://www.ontology-of-units-of-measure.org/resource/om-2/meter", "http://www.wikidata.org/prop/direct/P3018": "Vollh\u00f6fner Weiden", "https://gdi-de.github.io/apworkshop2026/ont#stammdurchmesser.value": "30.0", "https://gdi-de.github.io/apworkshop2026/ont#stammdurchmesser.unit": "http://www.ontology-of-units-of-measure.org/resource/om-2/centimeter"}, "geometry": {"type": "MultiPoint", "coordinates": [[9.91062390905819, 53.497641700380946]]}}, {"type": "Feature", "id": "https://gdi-de.github.io/apworkshop2026/MOBG434", "name": "Baum MOBG434 (gdide:MOBG434)", "dateprops": [], "properties": {"http://www.w3.org/2000/01/rdf-schema#label": "Baum MOBG434", "http://rdfs.org/ns/void#inDataset.value": "72757", "http://www.w3.org/2000/01/rdf-schema#comment": "sonst. \u00f6ff. Fl\u00e4chen", "http://www.wikidata.org/prop/direct/P2547.value": "10.0", "http://www.wikidata.org/prop/direct/P2547.unit": "http://www.ontology-of-units-of-measure.org/resource/om-2/meter", "http://www.wikidata.org/prop/direct/P3018": "Moorburg", "https://gdi-de.github.io/apworkshop2026/ont#stammdurchmesser.value": "45.0", "https://gdi-de.github.io/apworkshop2026/ont#stammdurchmesser.unit": "http://www.ontology-of-units-of-measure.org/resource/om-2/centimeter"}, "geometry": {"type": "MultiPoint", "coordinates": [[9.947681489636425, 53.4933644289223]]}}, {"type": "Feature", "id": "https://gdi-de.github.io/apworkshop2026/MOBG991", "name": "Baum MOBG991 (gdide:MOBG991)", "dateprops": [], "properties": {"http://www.w3.org/2000/01/rdf-schema#label": "Baum MOBG991", "http://rdfs.org/ns/void#inDataset.value": "72757", "http://www.w3.org/2000/01/rdf-schema#comment": "Bahn", "http://www.wikidata.org/prop/direct/P2547.value": "8.0", "http://www.wikidata.org/prop/direct/P2547.unit": "http://www.ontology-of-units-of-measure.org/resource/om-2/meter", "http://www.wikidata.org/prop/direct/P3018": "Moorburg", "https://gdi-de.github.io/apworkshop2026/ont#stammdurchmesser.value": "36.0", "https://gdi-de.github.io/apworkshop2026/ont#stammdurchmesser.unit": "http://www.ontology-of-units-of-measure.org/resource/om-2/centimeter"}, "geometry": {"type": "MultiPoint", "coordinates": [[9.914576972415414, 53.47227630293385]]}}, {"type": "Feature", "id": "https://gdi-de.github.io/apworkshop2026/GZAW689", "name": "Baum GZAW689 (gdide:GZAW689)", "dateprops": [], "properties": {"http://www.w3.org/2000/01/rdf-schema#label": "Baum GZAW689", "http://rdfs.org/ns/void#inDataset.value": "72757", "http://www.w3.org/2000/01/rdf-schema#comment": "sonst. \u00f6ff. Fl\u00e4chen", "http://www.wikidata.org/prop/direct/P2547.value": "2.0", "http://www.wikidata.org/prop/direct/P2547.unit": "http://www.ontology-of-units-of-measure.org/resource/om-2/meter", "http://www.wikidata.org/prop/direct/P3018": "Gr\u00fcnzug Altenwerder", "https://gdi-de.github.io/apworkshop2026/ont#stammdurchmesser.value": "11.0", "https://gdi-de.github.io/apworkshop2026/ont#stammdurchmesser.unit": "http://www.ontology-of-units-of-measure.org/resource/om-2/centimeter"}, "geometry": {"type": "MultiPoint", "coordinates": [[9.919431046002613, 53.50449260649586]]}}, {"type": "Feature", "id": "https://gdi-de.github.io/apworkshop2026/HOHS607", "name": "Baum HOHS607 (gdide:HOHS607)", "dateprops": [], "properties": {"http://www.w3.org/2000/01/rdf-schema#label": "Baum HOHS607", "http://rdfs.org/ns/void#inDataset.value": "72757", "http://www.w3.org/2000/01/rdf-schema#comment": "sonst. \u00f6ff. Fl\u00e4chen", "http://www.wikidata.org/prop/direct/P2547.value": "5.0", "http://www.wikidata.org/prop/direct/P2547.unit": "http://www.ontology-of-units-of-measure.org/resource/om-2/meter", "http://www.wikidata.org/prop/direct/P3018": "Hohe Schaar", "https://gdi-de.github.io/apworkshop2026/ont#stammdurchmesser.value": "19.0", "https://gdi-de.github.io/apworkshop2026/ont#stammdurchmesser.unit": "http://www.ontology-of-units-of-measure.org/resource/om-2/centimeter"}, "geometry": {"type": "MultiPoint", "coordinates": [[9.987069434808959, 53.48081599497719]]}}, {"type": "Feature", "id": "https://gdi-de.github.io/apworkshop2026/DRHF304", "name": "Baum DRHF304 (gdide:DRHF304)", "dateprops": [], "properties": {"http://www.w3.org/2000/01/rdf-schema#label": "Baum DRHF304", "http://rdfs.org/ns/void#inDataset.value": "72757", "http://www.w3.org/2000/01/rdf-schema#comment": "sonst. \u00f6ff. Fl\u00e4chen", "http://www.wikidata.org/prop/direct/P2547.value": "5.0", "http://www.wikidata.org/prop/direct/P2547.unit": "http://www.ontology-of-units-of-measure.org/resource/om-2/meter", "http://www.wikidata.org/prop/direct/P3018": "Dradenauhafen", "https://gdi-de.github.io/apworkshop2026/ont#stammdurchmesser.value": "24.0", "https://gdi-de.github.io/apworkshop2026/ont#stammdurchmesser.unit": "http://www.ontology-of-units-of-measure.org/resource/om-2/centimeter"}, "geometry": {"type": "MultiPoint", "coordinates": [[9.91636723392829, 53.51583242223134]]}}, {"type": "Feature", "id": "https://gdi-de.github.io/apworkshop2026/MEFC308", "name": "Baum MEFC308 (gdide:MEFC308)", "dateprops": [], "properties": {"http://www.w3.org/2000/01/rdf-schema#label": "Baum MEFC308", "http://rdfs.org/ns/void#inDataset.value": "72757", "http://www.w3.org/2000/01/rdf-schema#comment": "Francop", "http://www.wikidata.org/prop/direct/P2547.value": "4.0", "http://www.wikidata.org/prop/direct/P2547.unit": "http://www.ontology-of-units-of-measure.org/resource/om-2/meter", "http://www.wikidata.org/prop/direct/P3018": "METHA-Francop", "https://gdi-de.github.io/apworkshop2026/ont#stammdurchmesser.value": "26.0", "https://gdi-de.github.io/apworkshop2026/ont#stammdurchmesser.unit": "http://www.ontology-of-units-of-measure.org/resource/om-2/centimeter"}, "geometry": {"type": "MultiPoint", "coordinates": [[9.882607189095, 53.51790628837278]]}}, {"type": "Feature", "id": "https://gdi-de.github.io/apworkshop2026/MOBG62", "name": "Baum MOBG62 (gdide:MOBG62)", "dateprops": [], "properties": {"http://www.w3.org/2000/01/rdf-schema#label": "Baum MOBG62", "http://rdfs.org/ns/void#inDataset.value": "72757", "http://www.w3.org/2000/01/rdf-schema#comment": "Stra\u00dfe", "http://www.wikidata.org/prop/direct/P2547.value": "12.0", "http://www.wikidata.org/prop/direct/P2547.unit": "http://www.ontology-of-units-of-measure.org/resource/om-2/meter", "http://www.wikidata.org/prop/direct/P3018": "Moorburg", "https://gdi-de.github.io/apworkshop2026/ont#stammdurchmesser.value": "52.0", "https://gdi-de.github.io/apworkshop2026/ont#stammdurchmesser.unit": "http://www.ontology-of-units-of-measure.org/resource/om-2/centimeter"}, "geometry": {"type": "MultiPoint", "coordinates": [[9.954931226355924, 53.48301254399885]]}}, {"type": "Feature", "id": "https://gdi-de.github.io/apworkshop2026/VHWN48", "name": "Baum VHWN48 (gdide:VHWN48)", "dateprops": [], "properties": {"http://www.w3.org/2000/01/rdf-schema#label": "Baum VHWN48", "http://rdfs.org/ns/void#inDataset.value": "72757", "http://www.w3.org/2000/01/rdf-schema#comment": "Stra\u00dfe", "http://www.wikidata.org/prop/direct/P2547.value": "7.0", "http://www.wikidata.org/prop/direct/P2547.unit": "http://www.ontology-of-units-of-measure.org/resource/om-2/meter", "http://www.wikidata.org/prop/direct/P3018": "Vollh\u00f6fner Weiden", "https://gdi-de.github.io/apworkshop2026/ont#stammdurchmesser.value": "37.0", "https://gdi-de.github.io/apworkshop2026/ont#stammdurchmesser.unit": "http://www.ontology-of-units-of-measure.org/resource/om-2/centimeter"}, "geometry": {"type": "MultiPoint", "coordinates": [[9.910079332366651, 53.49584823753361]]}}, {"type": "Feature", "id": "https://gdi-de.github.io/apworkshop2026/VHWN71", "name": "Baum VHWN71 (gdide:VHWN71)", "dateprops": [], "properties": {"http://www.w3.org/2000/01/rdf-schema#label": "Baum VHWN71", "http://rdfs.org/ns/void#inDataset.value": "72757", "http://www.w3.org/2000/01/rdf-schema#comment": "Stra\u00dfe", "http://www.wikidata.org/prop/direct/P2547.value": "7.0", "http://www.wikidata.org/prop/direct/P2547.unit": "http://www.ontology-of-units-of-measure.org/resource/om-2/meter", "http://www.wikidata.org/prop/direct/P3018": "Vollh\u00f6fner Weiden", "https://gdi-de.github.io/apworkshop2026/ont#stammdurchmesser.value": "28.0", "https://gdi-de.github.io/apworkshop2026/ont#stammdurchmesser.unit": "http://www.ontology-of-units-of-measure.org/resource/om-2/centimeter"}, "geometry": {"type": "MultiPoint", "coordinates": [[9.910332935754509, 53.49635198330241]]}}, {"type": "Feature", "id": "https://gdi-de.github.io/apworkshop2026/VHWN72", "name": "Baum VHWN72 (gdide:VHWN72)", "dateprops": [], "properties": {"http://www.w3.org/2000/01/rdf-schema#label": "Baum VHWN72", "http://rdfs.org/ns/void#inDataset.value": "72757", "http://www.w3.org/2000/01/rdf-schema#comment": "Stra\u00dfe", "http://www.wikidata.org/prop/direct/P2547.value": "3.5", "http://www.wikidata.org/prop/direct/P2547.unit": "http://www.ontology-of-units-of-measure.org/resource/om-2/meter", "http://www.wikidata.org/prop/direct/P3018": "Vollh\u00f6fner Weiden", "https://gdi-de.github.io/apworkshop2026/ont#stammdurchmesser.value": "22.0", "https://gdi-de.github.io/apworkshop2026/ont#stammdurchmesser.unit": "http://www.ontology-of-units-of-measure.org/resource/om-2/centimeter"}, "geometry": {"type": "MultiPoint", "coordinates": [[9.910344622836355, 53.496392297240625]]}}, {"type": "Feature", "id": "https://gdi-de.github.io/apworkshop2026/FINW283", "name": "Baum FINW283 (gdide:FINW283)", "dateprops": [], "properties": {"http://www.w3.org/2000/01/rdf-schema#label": "Baum FINW283", "http://rdfs.org/ns/void#inDataset.value": "72757", "http://www.w3.org/2000/01/rdf-schema#comment": "Wasserwirtschaft", "http://www.wikidata.org/prop/direct/P2547.value": "13.0", "http://www.wikidata.org/prop/direct/P2547.unit": "http://www.ontology-of-units-of-measure.org/resource/om-2/meter", "http://www.wikidata.org/prop/direct/P3018": "Finkenwerder", "https://gdi-de.github.io/apworkshop2026/ont#stammdurchmesser.value": "79.0", "https://gdi-de.github.io/apworkshop2026/ont#stammdurchmesser.unit": "http://www.ontology-of-units-of-measure.org/resource/om-2/centimeter"}, "geometry": {"type": "MultiPoint", "coordinates": [[9.850738053019017, 53.539301364440455]]}}, {"type": "Feature", "id": "https://gdi-de.github.io/apworkshop2026/MEFC571", "name": "Baum MEFC571 (gdide:MEFC571)", "dateprops": [], "properties": {"http://www.w3.org/2000/01/rdf-schema#label": "Baum MEFC571", "http://rdfs.org/ns/void#inDataset.value": "72757", "http://www.w3.org/2000/01/rdf-schema#comment": "Francop", "http://www.wikidata.org/prop/direct/P2547.value": "5.0", "http://www.wikidata.org/prop/direct/P2547.unit": "http://www.ontology-of-units-of-measure.org/resource/om-2/meter", "http://www.wikidata.org/prop/direct/P3018": "METHA-Francop", "https://gdi-de.github.io/apworkshop2026/ont#stammdurchmesser.value": "17.0", "https://gdi-de.github.io/apworkshop2026/ont#stammdurchmesser.unit": "http://www.ontology-of-units-of-measure.org/resource/om-2/centimeter"}, "geometry": {"type": "MultiPoint", "coordinates": [[9.8760269577736, 53.51748456157146]]}}, {"type": "Feature", "id": "https://gdi-de.github.io/apworkshop2026/KTWK487", "name": "Baum KTWK487 (gdide:KTWK487)", "dateprops": [], "properties": {"http://www.w3.org/2000/01/rdf-schema#label": "Baum KTWK487", "http://rdfs.org/ns/void#inDataset.value": "72757", "http://www.w3.org/2000/01/rdf-schema#comment": "Stra\u00dfe", "http://www.wikidata.org/prop/direct/P2547.value": "10.0", "http://www.wikidata.org/prop/direct/P2547.unit": "http://www.ontology-of-units-of-measure.org/resource/om-2/meter", "http://www.wikidata.org/prop/direct/P3018": "Kattwyk", "https://gdi-de.github.io/apworkshop2026/ont#stammdurchmesser.value": "53.0", "https://gdi-de.github.io/apworkshop2026/ont#stammdurchmesser.unit": "http://www.ontology-of-units-of-measure.org/resource/om-2/centimeter"}, "geometry": {"type": "MultiPoint", "coordinates": [[9.943600048041946, 53.50604943226306]]}}, {"type": "Feature", "id": "https://gdi-de.github.io/apworkshop2026/NEUW174", "name": "Baum NEUW174 (gdide:NEUW174)", "dateprops": [], "properties": {"http://www.w3.org/2000/01/rdf-schema#label": "Baum NEUW174", "http://rdfs.org/ns/void#inDataset.value": "72757", "http://www.w3.org/2000/01/rdf-schema#comment": "BUKEA", "http://www.wikidata.org/prop/direct/P2547.value": "10.0", "http://www.wikidata.org/prop/direct/P2547.unit": "http://www.ontology-of-units-of-measure.org/resource/om-2/meter", "http://www.wikidata.org/prop/direct/P3018": "Neuwerk", "https://gdi-de.github.io/apworkshop2026/ont#stammdurchmesser.value": "48.0", "https://gdi-de.github.io/apworkshop2026/ont#stammdurchmesser.unit": "http://www.ontology-of-units-of-measure.org/resource/om-2/centimeter"}, "geometry": {"type": "MultiPoint", "coordinates": [[8.501387108906753, 53.91360200685516]]}}, {"type": "Feature", "id": "https://gdi-de.github.io/apworkshop2026/VHWN890", "name": "Baum VHWN890 (gdide:VHWN890)", "dateprops": [], "properties": {"http://www.w3.org/2000/01/rdf-schema#label": "Baum VHWN890", "http://rdfs.org/ns/void#inDataset.value": "72757", "http://www.w3.org/2000/01/rdf-schema#comment": "sonst. \u00f6ff. Fl\u00e4chen", "http://www.wikidata.org/prop/direct/P2547.value": "4.0", "http://www.wikidata.org/prop/direct/P2547.unit": "http://www.ontology-of-units-of-measure.org/resource/om-2/meter", "http://www.wikidata.org/prop/direct/P3018": "Vollh\u00f6fner Weiden", "https://gdi-de.github.io/apworkshop2026/ont#stammdurchmesser.value": "19.0", "https://gdi-de.github.io/apworkshop2026/ont#stammdurchmesser.unit": "http://www.ontology-of-units-of-measure.org/resource/om-2/centimeter"}, "geometry": {"type": "MultiPoint", "coordinates": [[9.911067039004692, 53.49795715274131]]}}, {"type": "Feature", "id": "https://gdi-de.github.io/apworkshop2026/FINW261", "name": "Baum FINW261 (gdide:FINW261)", "dateprops": [], "properties": {"http://www.w3.org/2000/01/rdf-schema#label": "Baum FINW261", "http://rdfs.org/ns/void#inDataset.value": "72757", "http://www.w3.org/2000/01/rdf-schema#comment": "Wasserwirtschaft", "http://www.wikidata.org/prop/direct/P2547.value": "10.0", "http://www.wikidata.org/prop/direct/P2547.unit": "http://www.ontology-of-units-of-measure.org/resource/om-2/meter", "http://www.wikidata.org/prop/direct/P3018": "Finkenwerder", "https://gdi-de.github.io/apworkshop2026/ont#stammdurchmesser.value": "33.0", "https://gdi-de.github.io/apworkshop2026/ont#stammdurchmesser.unit": "http://www.ontology-of-units-of-measure.org/resource/om-2/centimeter"}, "geometry": {"type": "MultiPoint", "coordinates": [[9.851905719157926, 53.538040419297744]]}}, {"type": "Feature", "id": "https://gdi-de.github.io/apworkshop2026/GZAW700", "name": "Baum GZAW700 (gdide:GZAW700)", "dateprops": [], "properties": {"http://www.w3.org/2000/01/rdf-schema#label": "Baum GZAW700", "http://rdfs.org/ns/void#inDataset.value": "72757", "http://www.w3.org/2000/01/rdf-schema#comment": "sonst. \u00f6ff. Fl\u00e4chen", "http://www.wikidata.org/prop/direct/P2547.value": "2.0", "http://www.wikidata.org/prop/direct/P2547.unit": "http://www.ontology-of-units-of-measure.org/resource/om-2/meter", "http://www.wikidata.org/prop/direct/P3018": "Gr\u00fcnzug Altenwerder", "https://gdi-de.github.io/apworkshop2026/ont#stammdurchmesser.value": "14.0", "https://gdi-de.github.io/apworkshop2026/ont#stammdurchmesser.unit": "http://www.ontology-of-units-of-measure.org/resource/om-2/centimeter"}, "geometry": {"type": "MultiPoint", "coordinates": [[9.919466233012292, 53.503779649553856]]}}, {"type": "Feature", "id": "https://gdi-de.github.io/apworkshop2026/MEFC493", "name": "Baum MEFC493 (gdide:MEFC493)", "dateprops": [], "properties": {"http://www.w3.org/2000/01/rdf-schema#label": "Baum MEFC493", "http://rdfs.org/ns/void#inDataset.value": "72757", "http://www.w3.org/2000/01/rdf-schema#comment": "Francop", "http://www.wikidata.org/prop/direct/P2547.value": "6.0", "http://www.wikidata.org/prop/direct/P2547.unit": "http://www.ontology-of-units-of-measure.org/resource/om-2/meter", "http://www.wikidata.org/prop/direct/P3018": "METHA-Francop", "https://gdi-de.github.io/apworkshop2026/ont#stammdurchmesser.value": "38.0", "https://gdi-de.github.io/apworkshop2026/ont#stammdurchmesser.unit": "http://www.ontology-of-units-of-measure.org/resource/om-2/centimeter"}, "geometry": {"type": "MultiPoint", "coordinates": [[9.888938551150085, 53.51735004373651]]}}, {"type": "Feature", "id": "https://gdi-de.github.io/apworkshop2026/MOBG1001", "name": "Baum MOBG1001 (gdide:MOBG1001)", "dateprops": [], "properties": {"http://www.w3.org/2000/01/rdf-schema#label": "Baum MOBG1001", "http://rdfs.org/ns/void#inDataset.value": "72757", "http://www.w3.org/2000/01/rdf-schema#comment": "Bahn", "http://www.wikidata.org/prop/direct/P2547.value": "10.0", "http://www.wikidata.org/prop/direct/P2547.unit": "http://www.ontology-of-units-of-measure.org/resource/om-2/meter", "http://www.wikidata.org/prop/direct/P3018": "Moorburg", "https://gdi-de.github.io/apworkshop2026/ont#stammdurchmesser.value": "40.0", "https://gdi-de.github.io/apworkshop2026/ont#stammdurchmesser.unit": "http://www.ontology-of-units-of-measure.org/resource/om-2/centimeter"}, "geometry": {"type": "MultiPoint", "coordinates": [[9.935365587091146, 53.48395151244921]]}}, {"type": "Feature", "id": "https://gdi-de.github.io/apworkshop2026/VHWN70", "name": "Baum VHWN70 (gdide:VHWN70)", "dateprops": [], "properties": {"http://www.w3.org/2000/01/rdf-schema#label": "Baum VHWN70", "http://rdfs.org/ns/void#inDataset.value": "72757", "http://www.w3.org/2000/01/rdf-schema#comment": "Stra\u00dfe", "http://www.wikidata.org/prop/direct/P2547.value": "8.0", "http://www.wikidata.org/prop/direct/P2547.unit": "http://www.ontology-of-units-of-measure.org/resource/om-2/meter", "http://www.wikidata.org/prop/direct/P3018": "Vollh\u00f6fner Weiden", "https://gdi-de.github.io/apworkshop2026/ont#stammdurchmesser.value": "45.0", "https://gdi-de.github.io/apworkshop2026/ont#stammdurchmesser.unit": "http://www.ontology-of-units-of-measure.org/resource/om-2/centimeter"}, "geometry": {"type": "MultiPoint", "coordinates": [[9.910359471988002, 53.49629337732732]]}}, {"type": "Feature", "id": "https://gdi-de.github.io/apworkshop2026/GZAW431", "name": "Baum GZAW431 (gdide:GZAW431)", "dateprops": [], "properties": {"http://www.w3.org/2000/01/rdf-schema#label": "Baum GZAW431", "http://rdfs.org/ns/void#inDataset.value": "72757", "http://www.w3.org/2000/01/rdf-schema#comment": "Friedhof", "http://www.wikidata.org/prop/direct/P2547.value": "15.0", "http://www.wikidata.org/prop/direct/P2547.unit": "http://www.ontology-of-units-of-measure.org/resource/om-2/meter", "http://www.wikidata.org/prop/direct/P3018": "Gr\u00fcnzug Altenwerder", "https://gdi-de.github.io/apworkshop2026/ont#stammdurchmesser.value": "62.0", "https://gdi-de.github.io/apworkshop2026/ont#stammdurchmesser.unit": "http://www.ontology-of-units-of-measure.org/resource/om-2/centimeter"}, "geometry": {"type": "MultiPoint", "coordinates": [[9.917872370169986, 53.50631297762209]]}}, {"type": "Feature", "id": "https://gdi-de.github.io/apworkshop2026/MEFC568", "name": "Baum MEFC568 (gdide:MEFC568)", "dateprops": [], "properties": {"http://www.w3.org/2000/01/rdf-schema#label": "Baum MEFC568", "http://rdfs.org/ns/void#inDataset.value": "72757", "http://www.w3.org/2000/01/rdf-schema#comment": "Francop", "http://www.wikidata.org/prop/direct/P2547.value": "6.0", "http://www.wikidata.org/prop/direct/P2547.unit": "http://www.ontology-of-units-of-measure.org/resource/om-2/meter", "http://www.wikidata.org/prop/direct/P3018": "METHA-Francop", "https://gdi-de.github.io/apworkshop2026/ont#stammdurchmesser.value": "19.0", "https://gdi-de.github.io/apworkshop2026/ont#stammdurchmesser.unit": "http://www.ontology-of-units-of-measure.org/resource/om-2/centimeter"}, "geometry": {"type": "MultiPoint", "coordinates": [[9.876867637149092, 53.51748388858275]]}}, {"type": "Feature", "id": "https://gdi-de.github.io/apworkshop2026/FINW263", "name": "Baum FINW263 (gdide:FINW263)", "dateprops": [], "properties": {"http://www.w3.org/2000/01/rdf-schema#label": "Baum FINW263", "http://rdfs.org/ns/void#inDataset.value": "72757", "http://www.w3.org/2000/01/rdf-schema#comment": "Wasserwirtschaft", "http://www.wikidata.org/prop/direct/P2547.value": "9.0", "http://www.wikidata.org/prop/direct/P2547.unit": "http://www.ontology-of-units-of-measure.org/resource/om-2/meter", "http://www.wikidata.org/prop/direct/P3018": "Finkenwerder", "https://gdi-de.github.io/apworkshop2026/ont#stammdurchmesser.value": "35.0", "https://gdi-de.github.io/apworkshop2026/ont#stammdurchmesser.unit": "http://www.ontology-of-units-of-measure.org/resource/om-2/centimeter"}, "geometry": {"type": "MultiPoint", "coordinates": [[9.851783476414063, 53.538124453935524]]}}, {"type": "Feature", "id": "https://gdi-de.github.io/apworkshop2026/FINW271", "name": "Baum FINW271 (gdide:FINW271)", "dateprops": [], "properties": {"http://www.w3.org/2000/01/rdf-schema#label": "Baum FINW271", "http://rdfs.org/ns/void#inDataset.value": "72757", "http://www.w3.org/2000/01/rdf-schema#comment": "Wasserwirtschaft", "http://www.wikidata.org/prop/direct/P2547.value": "6.0", "http://www.wikidata.org/prop/direct/P2547.unit": "http://www.ontology-of-units-of-measure.org/resource/om-2/meter", "http://www.wikidata.org/prop/direct/P3018": "Finkenwerder", "https://gdi-de.github.io/apworkshop2026/ont#stammdurchmesser.value": "25.0", "https://gdi-de.github.io/apworkshop2026/ont#stammdurchmesser.unit": "http://www.ontology-of-units-of-measure.org/resource/om-2/centimeter"}, "geometry": {"type": "MultiPoint", "coordinates": [[9.85141778124505, 53.53848045016605]]}}, {"type": "Feature", "id": "https://gdi-de.github.io/apworkshop2026/VHWN216", "name": "Baum VHWN216 (gdide:VHWN216)", "dateprops": [], "properties": {"http://www.w3.org/2000/01/rdf-schema#label": "Baum VHWN216", "http://rdfs.org/ns/void#inDataset.value": "72757", "http://www.w3.org/2000/01/rdf-schema#comment": "Stra\u00dfe", "http://www.wikidata.org/prop/direct/P2547.value": "5.0", "http://www.wikidata.org/prop/direct/P2547.unit": "http://www.ontology-of-units-of-measure.org/resource/om-2/meter", "http://www.wikidata.org/prop/direct/P3018": "Vollh\u00f6fner Weiden", "https://gdi-de.github.io/apworkshop2026/ont#stammdurchmesser.value": "21.0", "https://gdi-de.github.io/apworkshop2026/ont#stammdurchmesser.unit": "http://www.ontology-of-units-of-measure.org/resource/om-2/centimeter"}, "geometry": {"type": "MultiPoint", "coordinates": [[9.910694408841687, 53.49836840273803]]}}, {"type": "Feature", "id": "https://gdi-de.github.io/apworkshop2026/RDLD320", "name": "Baum RDLD320 (gdide:RDLD320)", "dateprops": [], "properties": {"http://www.w3.org/2000/01/rdf-schema#label": "Baum RDLD320", "http://rdfs.org/ns/void#inDataset.value": "72757", "http://www.w3.org/2000/01/rdf-schema#comment": "sonst. \u00f6ff. Fl\u00e4chen", "http://www.wikidata.org/prop/direct/P2547.value": "2.0", "http://www.wikidata.org/prop/direct/P2547.unit": "http://www.ontology-of-units-of-measure.org/resource/om-2/meter", "http://www.wikidata.org/prop/direct/P3018": "Radeland", "https://gdi-de.github.io/apworkshop2026/ont#stammdurchmesser.value": "10.0", "https://gdi-de.github.io/apworkshop2026/ont#stammdurchmesser.unit": "http://www.ontology-of-units-of-measure.org/resource/om-2/centimeter"}, "geometry": {"type": "MultiPoint", "coordinates": [[9.948010847952196, 53.474891823902844]]}}, {"type": "Feature", "id": "https://gdi-de.github.io/apworkshop2026/VHWN141", "name": "Baum VHWN141 (gdide:VHWN141)", "dateprops": [], "properties": {"http://www.w3.org/2000/01/rdf-schema#label": "Baum VHWN141", "http://rdfs.org/ns/void#inDataset.value": "72757", "http://www.w3.org/2000/01/rdf-schema#comment": "Stra\u00dfe", "http://www.wikidata.org/prop/direct/P2547.value": "5.0", "http://www.wikidata.org/prop/direct/P2547.unit": "http://www.ontology-of-units-of-measure.org/resource/om-2/meter", "http://www.wikidata.org/prop/direct/P3018": "Vollh\u00f6fner Weiden", "https://gdi-de.github.io/apworkshop2026/ont#stammdurchmesser.value": "31.0", "https://gdi-de.github.io/apworkshop2026/ont#stammdurchmesser.unit": "http://www.ontology-of-units-of-measure.org/resource/om-2/centimeter"}, "geometry": {"type": "MultiPoint", "coordinates": [[9.910541569479246, 53.49716227862198]]}}, {"type": "Feature", "id": "https://gdi-de.github.io/apworkshop2026/DRHF137", "name": "Baum DRHF137 (gdide:DRHF137)", "dateprops": [], "properties": {"http://www.w3.org/2000/01/rdf-schema#label": "Baum DRHF137", "http://rdfs.org/ns/void#inDataset.value": "72757", "http://www.w3.org/2000/01/rdf-schema#comment": "Privatgrund", "http://www.wikidata.org/prop/direct/P2547.value": "7.0", "http://www.wikidata.org/prop/direct/P2547.unit": "http://www.ontology-of-units-of-measure.org/resource/om-2/meter", "http://www.wikidata.org/prop/direct/P3018": "Dradenauhafen", "https://gdi-de.github.io/apworkshop2026/ont#stammdurchmesser.value": "22.0", "https://gdi-de.github.io/apworkshop2026/ont#stammdurchmesser.unit": "http://www.ontology-of-units-of-measure.org/resource/om-2/centimeter"}, "geometry": {"type": "MultiPoint", "coordinates": [[9.915802633789069, 53.51538834221473]]}}, {"type": "Feature", "id": "https://gdi-de.github.io/apworkshop2026/VHWN155", "name": "Baum VHWN155 (gdide:VHWN155)", "dateprops": [], "properties": {"http://www.w3.org/2000/01/rdf-schema#label": "Baum VHWN155", "http://rdfs.org/ns/void#inDataset.value": "72757", "http://www.w3.org/2000/01/rdf-schema#comment": "Stra\u00dfe", "http://www.wikidata.org/prop/direct/P2547.value": "3.0", "http://www.wikidata.org/prop/direct/P2547.unit": "http://www.ontology-of-units-of-measure.org/resource/om-2/meter", "http://www.wikidata.org/prop/direct/P3018": "Vollh\u00f6fner Weiden", "https://gdi-de.github.io/apworkshop2026/ont#stammdurchmesser.value": "17.0", "https://gdi-de.github.io/apworkshop2026/ont#stammdurchmesser.unit": "http://www.ontology-of-units-of-measure.org/resource/om-2/centimeter"}, "geometry": {"type": "MultiPoint", "coordinates": [[9.910847059557918, 53.496082524468136]]}}, {"type": "Feature", "id": "https://gdi-de.github.io/apworkshop2026/NEUW175", "name": "Baum NEUW175 (gdide:NEUW175)", "dateprops": [], "properties": {"http://www.w3.org/2000/01/rdf-schema#label": "Baum NEUW175", "http://rdfs.org/ns/void#inDataset.value": "72757", "http://www.w3.org/2000/01/rdf-schema#comment": "BUKEA", "http://www.wikidata.org/prop/direct/P2547.value": "8.0", "http://www.wikidata.org/prop/direct/P2547.unit": "http://www.ontology-of-units-of-measure.org/resource/om-2/meter", "http://www.wikidata.org/prop/direct/P3018": "Neuwerk", "https://gdi-de.github.io/apworkshop2026/ont#stammdurchmesser.value": "38.0", "https://gdi-de.github.io/apworkshop2026/ont#stammdurchmesser.unit": "http://www.ontology-of-units-of-measure.org/resource/om-2/centimeter"}, "geometry": {"type": "MultiPoint", "coordinates": [[8.501408893052393, 53.913633409626684]]}}, {"type": "Feature", "id": "https://gdi-de.github.io/apworkshop2026/KTWK515", "name": "Baum KTWK515 (gdide:KTWK515)", "dateprops": [], "properties": {"http://www.w3.org/2000/01/rdf-schema#label": "Baum KTWK515", "http://rdfs.org/ns/void#inDataset.value": "72757", "http://www.w3.org/2000/01/rdf-schema#comment": "Wasserwirtschaft", "http://www.wikidata.org/prop/direct/P2547.value": "8.0", "http://www.wikidata.org/prop/direct/P2547.unit": "http://www.ontology-of-units-of-measure.org/resource/om-2/meter", "http://www.wikidata.org/prop/direct/P3018": "Kattwyk", "https://gdi-de.github.io/apworkshop2026/ont#stammdurchmesser.value": "34.0", "https://gdi-de.github.io/apworkshop2026/ont#stammdurchmesser.unit": "http://www.ontology-of-units-of-measure.org/resource/om-2/centimeter"}, "geometry": {"type": "MultiPoint", "coordinates": [[9.943999690545544, 53.504892348893975]]}}, {"type": "Feature", "id": "https://gdi-de.github.io/apworkshop2026/VHWN153", "name": "Baum VHWN153 (gdide:VHWN153)", "dateprops": [], "properties": {"http://www.w3.org/2000/01/rdf-schema#label": "Baum VHWN153", "http://rdfs.org/ns/void#inDataset.value": "72757", "http://www.w3.org/2000/01/rdf-schema#comment": "Stra\u00dfe", "http://www.wikidata.org/prop/direct/P2547.value": "8.0", "http://www.wikidata.org/prop/direct/P2547.unit": "http://www.ontology-of-units-of-measure.org/resource/om-2/meter", "http://www.wikidata.org/prop/direct/P3018": "Vollh\u00f6fner Weiden", "https://gdi-de.github.io/apworkshop2026/ont#stammdurchmesser.value": "25.0", "https://gdi-de.github.io/apworkshop2026/ont#stammdurchmesser.unit": "http://www.ontology-of-units-of-measure.org/resource/om-2/centimeter"}, "geometry": {"type": "MultiPoint", "coordinates": [[9.91080223362524, 53.49611517020459]]}}, {"type": "Feature", "id": "https://gdi-de.github.io/apworkshop2026/BFAS1035", "name": "Baum BFAS1035 (gdide:BFAS1035)", "dateprops": [], "properties": {"http://www.w3.org/2000/01/rdf-schema#label": "Baum BFAS1035", "http://rdfs.org/ns/void#inDataset.value": "72757", "http://www.w3.org/2000/01/rdf-schema#comment": "sonst. \u00f6ff. Fl\u00e4chen", "http://www.wikidata.org/prop/direct/P2547.value": "3.0", "http://www.wikidata.org/prop/direct/P2547.unit": "http://www.ontology-of-units-of-measure.org/resource/om-2/meter", "http://www.wikidata.org/prop/direct/P3018": "Bahnhof Alte S\u00fcderelbe S\u00fcd", "https://gdi-de.github.io/apworkshop2026/ont#stammdurchmesser.value": "12.0", "https://gdi-de.github.io/apworkshop2026/ont#stammdurchmesser.unit": "http://www.ontology-of-units-of-measure.org/resource/om-2/centimeter"}, "geometry": {"type": "MultiPoint", "coordinates": [[9.911356197711497, 53.504004750997716]]}}, {"type": "Feature", "id": "https://gdi-de.github.io/apworkshop2026/VHWN98", "name": "Baum VHWN98 (gdide:VHWN98)", "dateprops": [], "properties": {"http://www.w3.org/2000/01/rdf-schema#label": "Baum VHWN98", "http://rdfs.org/ns/void#inDataset.value": "72757", "http://www.w3.org/2000/01/rdf-schema#comment": "Stra\u00dfe", "http://www.wikidata.org/prop/direct/P2547.value": "4.0", "http://www.wikidata.org/prop/direct/P2547.unit": "http://www.ontology-of-units-of-measure.org/resource/om-2/meter", "http://www.wikidata.org/prop/direct/P3018": "Vollh\u00f6fner Weiden", "https://gdi-de.github.io/apworkshop2026/ont#stammdurchmesser.value": "19.0", "https://gdi-de.github.io/apworkshop2026/ont#stammdurchmesser.unit": "http://www.ontology-of-units-of-measure.org/resource/om-2/centimeter"}, "geometry": {"type": "MultiPoint", "coordinates": [[9.91049877373911, 53.49688942095179]]}}, {"type": "Feature", "id": "https://gdi-de.github.io/apworkshop2026/DRHF311", "name": "Baum DRHF311 (gdide:DRHF311)", "dateprops": [], "properties": {"http://www.w3.org/2000/01/rdf-schema#label": "Baum DRHF311", "http://rdfs.org/ns/void#inDataset.value": "72757", "http://www.w3.org/2000/01/rdf-schema#comment": "sonst. \u00f6ff. Fl\u00e4chen", "http://www.wikidata.org/prop/direct/P2547.value": "6.0", "http://www.wikidata.org/prop/direct/P2547.unit": "http://www.ontology-of-units-of-measure.org/resource/om-2/meter", "http://www.wikidata.org/prop/direct/P3018": "Dradenauhafen", "https://gdi-de.github.io/apworkshop2026/ont#stammdurchmesser.value": "37.0", "https://gdi-de.github.io/apworkshop2026/ont#stammdurchmesser.unit": "http://www.ontology-of-units-of-measure.org/resource/om-2/centimeter"}, "geometry": {"type": "MultiPoint", "coordinates": [[9.915918040353617, 53.51566769349313]]}}, {"type": "Feature", "id": "https://gdi-de.github.io/apworkshop2026/ALTW412", "name": "Baum ALTW412 (gdide:ALTW412)", "dateprops": [], "properties": {"http://www.w3.org/2000/01/rdf-schema#label": "Baum ALTW412", "http://rdfs.org/ns/void#inDataset.value": "72757", "http://www.w3.org/2000/01/rdf-schema#comment": "sonst. \u00f6ff. Fl\u00e4chen", "http://www.wikidata.org/prop/direct/P2547.value": "14.0", "http://www.wikidata.org/prop/direct/P2547.unit": "http://www.ontology-of-units-of-measure.org/resource/om-2/meter", "http://www.wikidata.org/prop/direct/P3018": "Altenwerder Logistik", "https://gdi-de.github.io/apworkshop2026/ont#stammdurchmesser.value": "46.0", "https://gdi-de.github.io/apworkshop2026/ont#stammdurchmesser.unit": "http://www.ontology-of-units-of-measure.org/resource/om-2/centimeter"}, "geometry": {"type": "MultiPoint", "coordinates": [[9.927621534420254, 53.51015226552096]]}}, {"type": "Feature", "id": "https://gdi-de.github.io/apworkshop2026/BFASN1354", "name": "Baum BFASN1354 (gdide:BFASN1354)", "dateprops": [], "properties": {"http://www.w3.org/2000/01/rdf-schema#label": "Baum BFASN1354", "http://rdfs.org/ns/void#inDataset.value": "72757", "http://www.w3.org/2000/01/rdf-schema#comment": "Bahn", "http://www.wikidata.org/prop/direct/P2547.value": "2.5", "http://www.wikidata.org/prop/direct/P2547.unit": "http://www.ontology-of-units-of-measure.org/resource/om-2/meter", "http://www.wikidata.org/prop/direct/P3018": "Bahnhof Alte S\u00fcderelbe S\u00fcd", "https://gdi-de.github.io/apworkshop2026/ont#stammdurchmesser.value": "16.0", "https://gdi-de.github.io/apworkshop2026/ont#stammdurchmesser.unit": "http://www.ontology-of-units-of-measure.org/resource/om-2/centimeter"}, "geometry": {"type": "MultiPoint", "coordinates": [[9.908610308399375, 53.49890349574084]]}}, {"type": "Feature", "id": "https://gdi-de.github.io/apworkshop2026/MOBG408", "name": "Baum MOBG408 (gdide:MOBG408)", "dateprops": [], "properties": {"http://www.w3.org/2000/01/rdf-schema#label": "Baum MOBG408", "http://rdfs.org/ns/void#inDataset.value": "72757", "http://www.w3.org/2000/01/rdf-schema#comment": "sonst. \u00f6ff. Fl\u00e4chen", "http://www.wikidata.org/prop/direct/P2547.value": "8.0", "http://www.wikidata.org/prop/direct/P2547.unit": "http://www.ontology-of-units-of-measure.org/resource/om-2/meter", "http://www.wikidata.org/prop/direct/P3018": "Moorburg", "https://gdi-de.github.io/apworkshop2026/ont#stammdurchmesser.value": "59.0", "https://gdi-de.github.io/apworkshop2026/ont#stammdurchmesser.unit": "http://www.ontology-of-units-of-measure.org/resource/om-2/centimeter"}, "geometry": {"type": "MultiPoint", "coordinates": [[9.945565768496115, 53.49241680791706]]}}, {"type": "Feature", "id": "https://gdi-de.github.io/apworkshop2026/VHWN54", "name": "Baum VHWN54 (gdide:VHWN54)", "dateprops": [], "properties": {"http://www.w3.org/2000/01/rdf-schema#label": "Baum VHWN54", "http://rdfs.org/ns/void#inDataset.value": "72757", "http://www.w3.org/2000/01/rdf-schema#comment": "Stra\u00dfe", "http://www.wikidata.org/prop/direct/P2547.value": "7.0", "http://www.wikidata.org/prop/direct/P2547.unit": "http://www.ontology-of-units-of-measure.org/resource/om-2/meter", "http://www.wikidata.org/prop/direct/P3018": "Vollh\u00f6fner Weiden", "https://gdi-de.github.io/apworkshop2026/ont#stammdurchmesser.value": "41.0", "https://gdi-de.github.io/apworkshop2026/ont#stammdurchmesser.unit": "http://www.ontology-of-units-of-measure.org/resource/om-2/centimeter"}, "geometry": {"type": "MultiPoint", "coordinates": [[9.910222541789244, 53.495893195801486]]}}, {"type": "Feature", "id": "https://gdi-de.github.io/apworkshop2026/VHWN47", "name": "Baum VHWN47 (gdide:VHWN47)", "dateprops": [], "properties": {"http://www.w3.org/2000/01/rdf-schema#label": "Baum VHWN47", "http://rdfs.org/ns/void#inDataset.value": "72757", "http://www.w3.org/2000/01/rdf-schema#comment": "Stra\u00dfe", "http://www.wikidata.org/prop/direct/P2547.value": "6.5", "http://www.wikidata.org/prop/direct/P2547.unit": "http://www.ontology-of-units-of-measure.org/resource/om-2/meter", "http://www.wikidata.org/prop/direct/P3018": "Vollh\u00f6fner Weiden", "https://gdi-de.github.io/apworkshop2026/ont#stammdurchmesser.value": "36.0", "https://gdi-de.github.io/apworkshop2026/ont#stammdurchmesser.unit": "http://www.ontology-of-units-of-measure.org/resource/om-2/centimeter"}, "geometry": {"type": "MultiPoint", "coordinates": [[9.910060782156032, 53.49583882156798]]}}, {"type": "Feature", "id": "https://gdi-de.github.io/apworkshop2026/VHWN208", "name": "Baum VHWN208 (gdide:VHWN208)", "dateprops": [], "properties": {"http://www.w3.org/2000/01/rdf-schema#label": "Baum VHWN208", "http://rdfs.org/ns/void#inDataset.value": "72757", "http://www.w3.org/2000/01/rdf-schema#comment": "Stra\u00dfe", "http://www.wikidata.org/prop/direct/P2547.value": "7.0", "http://www.wikidata.org/prop/direct/P2547.unit": "http://www.ontology-of-units-of-measure.org/resource/om-2/meter", "http://www.wikidata.org/prop/direct/P3018": "Vollh\u00f6fner Weiden", "https://gdi-de.github.io/apworkshop2026/ont#stammdurchmesser.value": "32.0", "https://gdi-de.github.io/apworkshop2026/ont#stammdurchmesser.unit": "http://www.ontology-of-units-of-measure.org/resource/om-2/centimeter"}, "geometry": {"type": "MultiPoint", "coordinates": [[9.910677933739375, 53.49821821019801]]}}, {"type": "Feature", "id": "https://gdi-de.github.io/apworkshop2026/BFASN253", "name": "Baum BFASN253 (gdide:BFASN253)", "dateprops": [], "properties": {"http://www.w3.org/2000/01/rdf-schema#label": "Baum BFASN253", "http://rdfs.org/ns/void#inDataset.value": "72757", "http://www.w3.org/2000/01/rdf-schema#comment": "sonst. \u00f6ff. Fl\u00e4chen", "http://www.wikidata.org/prop/direct/P2547.value": "7.0", "http://www.wikidata.org/prop/direct/P2547.unit": "http://www.ontology-of-units-of-measure.org/resource/om-2/meter", "http://www.wikidata.org/prop/direct/P3018": "Bahnhof Alte S\u00fcderelbe Nord", "https://gdi-de.github.io/apworkshop2026/ont#stammdurchmesser.value": "29.0", "https://gdi-de.github.io/apworkshop2026/ont#stammdurchmesser.unit": "http://www.ontology-of-units-of-measure.org/resource/om-2/centimeter"}, "geometry": {"type": "MultiPoint", "coordinates": [[9.91111818907697, 53.50928637099947]]}}, {"type": "Feature", "id": "https://gdi-de.github.io/apworkshop2026/DRHF138", "name": "Baum DRHF138 (gdide:DRHF138)", "dateprops": [], "properties": {"http://www.w3.org/2000/01/rdf-schema#label": "Baum DRHF138", "http://rdfs.org/ns/void#inDataset.value": "72757", "http://www.w3.org/2000/01/rdf-schema#comment": "Privatgrund", "http://www.wikidata.org/prop/direct/P2547.value": "8.0", "http://www.wikidata.org/prop/direct/P2547.unit": "http://www.ontology-of-units-of-measure.org/resource/om-2/meter", "http://www.wikidata.org/prop/direct/P3018": "Dradenauhafen", "https://gdi-de.github.io/apworkshop2026/ont#stammdurchmesser.value": "26.0", "https://gdi-de.github.io/apworkshop2026/ont#stammdurchmesser.unit": "http://www.ontology-of-units-of-measure.org/resource/om-2/centimeter"}, "geometry": {"type": "MultiPoint", "coordinates": [[9.91563393017871, 53.51533991131093]]}}, {"type": "Feature", "id": "https://gdi-de.github.io/apworkshop2026/GZAW628", "name": "Baum GZAW628 (gdide:GZAW628)", "dateprops": [], "properties": {"http://www.w3.org/2000/01/rdf-schema#label": "Baum GZAW628", "http://rdfs.org/ns/void#inDataset.value": "72757", "http://www.w3.org/2000/01/rdf-schema#comment": "sonst. \u00f6ff. Fl\u00e4chen", "http://www.wikidata.org/prop/direct/P2547.value": "4.0", "http://www.wikidata.org/prop/direct/P2547.unit": "http://www.ontology-of-units-of-measure.org/resource/om-2/meter", "http://www.wikidata.org/prop/direct/P3018": "Gr\u00fcnzug Altenwerder", "https://gdi-de.github.io/apworkshop2026/ont#stammdurchmesser.value": "21.0", "https://gdi-de.github.io/apworkshop2026/ont#stammdurchmesser.unit": "http://www.ontology-of-units-of-measure.org/resource/om-2/centimeter"}, "geometry": {"type": "MultiPoint", "coordinates": [[9.919284306200954, 53.50307833369661]]}}, {"type": "Feature", "id": "https://gdi-de.github.io/apworkshop2026/MOBG1022", "name": "Baum MOBG1022 (gdide:MOBG1022)", "dateprops": [], "properties": {"http://www.w3.org/2000/01/rdf-schema#label": "Baum MOBG1022", "http://rdfs.org/ns/void#inDataset.value": "72757", "http://www.w3.org/2000/01/rdf-schema#comment": "sonst. \u00f6ff. Fl\u00e4chen", "http://www.wikidata.org/prop/direct/P2547.value": "5.0", "http://www.wikidata.org/prop/direct/P2547.unit": "http://www.ontology-of-units-of-measure.org/resource/om-2/meter", "http://www.wikidata.org/prop/direct/P3018": "Moorburg", "https://gdi-de.github.io/apworkshop2026/ont#stammdurchmesser.value": "23.0", "https://gdi-de.github.io/apworkshop2026/ont#stammdurchmesser.unit": "http://www.ontology-of-units-of-measure.org/resource/om-2/centimeter"}, "geometry": {"type": "MultiPoint", "coordinates": [[9.939488162542485, 53.495763504455546]]}}, {"type": "Feature", "id": "https://gdi-de.github.io/apworkshop2026/VHWN96", "name": "Baum VHWN96 (gdide:VHWN96)", "dateprops": [], "properties": {"http://www.w3.org/2000/01/rdf-schema#label": "Baum VHWN96", "http://rdfs.org/ns/void#inDataset.value": "72757", "http://www.w3.org/2000/01/rdf-schema#comment": "Stra\u00dfe", "http://www.wikidata.org/prop/direct/P2547.value": "4.5", "http://www.wikidata.org/prop/direct/P2547.unit": "http://www.ontology-of-units-of-measure.org/resource/om-2/meter", "http://www.wikidata.org/prop/direct/P3018": "Vollh\u00f6fner Weiden", "https://gdi-de.github.io/apworkshop2026/ont#stammdurchmesser.value": "27.0", "https://gdi-de.github.io/apworkshop2026/ont#stammdurchmesser.unit": "http://www.ontology-of-units-of-measure.org/resource/om-2/centimeter"}, "geometry": {"type": "MultiPoint", "coordinates": [[9.910485676302269, 53.4968256589682]]}}, {"type": "Feature", "id": "https://gdi-de.github.io/apworkshop2026/MOBG102", "name": "Baum MOBG102 (gdide:MOBG102)", "dateprops": [], "properties": {"http://www.w3.org/2000/01/rdf-schema#label": "Baum MOBG102", "http://rdfs.org/ns/void#inDataset.value": "72757", "http://www.w3.org/2000/01/rdf-schema#comment": "Francop", "http://www.wikidata.org/prop/direct/P2547.value": "8.0", "http://www.wikidata.org/prop/direct/P2547.unit": "http://www.ontology-of-units-of-measure.org/resource/om-2/meter", "http://www.wikidata.org/prop/direct/P3018": "Moorburg", "https://gdi-de.github.io/apworkshop2026/ont#stammdurchmesser.value": "39.0", "https://gdi-de.github.io/apworkshop2026/ont#stammdurchmesser.unit": "http://www.ontology-of-units-of-measure.org/resource/om-2/centimeter"}, "geometry": {"type": "MultiPoint", "coordinates": [[9.95067805382858, 53.485751898003855]]}}, {"type": "Feature", "id": "https://gdi-de.github.io/apworkshop2026/GZAW692", "name": "Baum GZAW692 (gdide:GZAW692)", "dateprops": [], "properties": {"http://www.w3.org/2000/01/rdf-schema#label": "Baum GZAW692", "http://rdfs.org/ns/void#inDataset.value": "72757", "http://www.w3.org/2000/01/rdf-schema#comment": "sonst. \u00f6ff. Fl\u00e4chen", "http://www.wikidata.org/prop/direct/P2547.value": "3.0", "http://www.wikidata.org/prop/direct/P2547.unit": "http://www.ontology-of-units-of-measure.org/resource/om-2/meter", "http://www.wikidata.org/prop/direct/P3018": "Gr\u00fcnzug Altenwerder", "https://gdi-de.github.io/apworkshop2026/ont#stammdurchmesser.value": "13.0", "https://gdi-de.github.io/apworkshop2026/ont#stammdurchmesser.unit": "http://www.ontology-of-units-of-measure.org/resource/om-2/centimeter"}, "geometry": {"type": "MultiPoint", "coordinates": [[9.919451482675326, 53.50432339377643]]}}, {"type": "Feature", "id": "https://gdi-de.github.io/apworkshop2026/MEFC227", "name": "Baum MEFC227 (gdide:MEFC227)", "dateprops": [], "properties": {"http://www.w3.org/2000/01/rdf-schema#label": "Baum MEFC227", "http://rdfs.org/ns/void#inDataset.value": "72757", "http://www.w3.org/2000/01/rdf-schema#comment": "Francop", "http://www.wikidata.org/prop/direct/P2547.value": "10.0", "http://www.wikidata.org/prop/direct/P2547.unit": "http://www.ontology-of-units-of-measure.org/resource/om-2/meter", "http://www.wikidata.org/prop/direct/P3018": "METHA-Francop", "https://gdi-de.github.io/apworkshop2026/ont#stammdurchmesser.value": "32.0", "https://gdi-de.github.io/apworkshop2026/ont#stammdurchmesser.unit": "http://www.ontology-of-units-of-measure.org/resource/om-2/centimeter"}, "geometry": {"type": "MultiPoint", "coordinates": [[9.879583962905212, 53.51677851577064]]}}, {"type": "Feature", "id": "https://gdi-de.github.io/apworkshop2026/MOBG438", "name": "Baum MOBG438 (gdide:MOBG438)", "dateprops": [], "properties": {"http://www.w3.org/2000/01/rdf-schema#label": "Baum MOBG438", "http://rdfs.org/ns/void#inDataset.value": "72757", "http://www.w3.org/2000/01/rdf-schema#comment": "sonst. \u00f6ff. Fl\u00e4chen", "http://www.wikidata.org/prop/direct/P2547.value": "5.0", "http://www.wikidata.org/prop/direct/P2547.unit": "http://www.ontology-of-units-of-measure.org/resource/om-2/meter", "http://www.wikidata.org/prop/direct/P3018": "Moorburg", "https://gdi-de.github.io/apworkshop2026/ont#stammdurchmesser.value": "32.0", "https://gdi-de.github.io/apworkshop2026/ont#stammdurchmesser.unit": "http://www.ontology-of-units-of-measure.org/resource/om-2/centimeter"}, "geometry": {"type": "MultiPoint", "coordinates": [[9.948177692049914, 53.49343858525797]]}}, {"type": "Feature", "id": "https://gdi-de.github.io/apworkshop2026/MOBG706", "name": "Baum MOBG706 (gdide:MOBG706)", "dateprops": [], "properties": {"http://www.w3.org/2000/01/rdf-schema#label": "Baum MOBG706", "http://rdfs.org/ns/void#inDataset.value": "72757", "http://www.w3.org/2000/01/rdf-schema#comment": "sonst. \u00f6ff. Fl\u00e4chen", "http://www.wikidata.org/prop/direct/P2547.value": "3.0", "http://www.wikidata.org/prop/direct/P2547.unit": "http://www.ontology-of-units-of-measure.org/resource/om-2/meter", "http://www.wikidata.org/prop/direct/P3018": "Moorburg", "https://gdi-de.github.io/apworkshop2026/ont#stammdurchmesser.value": "14.0", "https://gdi-de.github.io/apworkshop2026/ont#stammdurchmesser.unit": "http://www.ontology-of-units-of-measure.org/resource/om-2/centimeter"}, "geometry": {"type": "MultiPoint", "coordinates": [[9.945931778075476, 53.4926581896767]]}}, {"type": "Feature", "id": "https://gdi-de.github.io/apworkshop2026/VHWN205", "name": "Baum VHWN205 (gdide:VHWN205)", "dateprops": [], "properties": {"http://www.w3.org/2000/01/rdf-schema#label": "Baum VHWN205", "http://rdfs.org/ns/void#inDataset.value": "72757", "http://www.w3.org/2000/01/rdf-schema#comment": "Stra\u00dfe", "http://www.wikidata.org/prop/direct/P2547.value": "5.0", "http://www.wikidata.org/prop/direct/P2547.unit": "http://www.ontology-of-units-of-measure.org/resource/om-2/meter", "http://www.wikidata.org/prop/direct/P3018": "Vollh\u00f6fner Weiden", "https://gdi-de.github.io/apworkshop2026/ont#stammdurchmesser.value": "30.0", "https://gdi-de.github.io/apworkshop2026/ont#stammdurchmesser.unit": "http://www.ontology-of-units-of-measure.org/resource/om-2/centimeter"}, "geometry": {"type": "MultiPoint", "coordinates": [[9.91067382843853, 53.49815430059136]]}}, {"type": "Feature", "id": "https://gdi-de.github.io/apworkshop2026/MOBG579", "name": "Baum MOBG579 (gdide:MOBG579)", "dateprops": [], "properties": {"http://www.w3.org/2000/01/rdf-schema#label": "Baum MOBG579", "http://rdfs.org/ns/void#inDataset.value": "72757", "http://www.w3.org/2000/01/rdf-schema#comment": "sonst. \u00f6ff. Fl\u00e4chen", "http://www.wikidata.org/prop/direct/P2547.value": "2.0", "http://www.wikidata.org/prop/direct/P2547.unit": "http://www.ontology-of-units-of-measure.org/resource/om-2/meter", "http://www.wikidata.org/prop/direct/P3018": "Moorburg", "https://gdi-de.github.io/apworkshop2026/ont#stammdurchmesser.value": "11.0", "https://gdi-de.github.io/apworkshop2026/ont#stammdurchmesser.unit": "http://www.ontology-of-units-of-measure.org/resource/om-2/centimeter"}, "geometry": {"type": "MultiPoint", "coordinates": [[9.92709894848687, 53.49501725181342]]}}, {"type": "Feature", "id": "https://gdi-de.github.io/apworkshop2026/VHWN511", "name": "Baum VHWN511 (gdide:VHWN511)", "dateprops": [], "properties": {"http://www.w3.org/2000/01/rdf-schema#label": "Baum VHWN511", "http://rdfs.org/ns/void#inDataset.value": "72757", "http://www.w3.org/2000/01/rdf-schema#comment": "sonst. \u00f6ff. Fl\u00e4chen", "http://www.wikidata.org/prop/direct/P2547.value": "6.0", "http://www.wikidata.org/prop/direct/P2547.unit": "http://www.ontology-of-units-of-measure.org/resource/om-2/meter", "http://www.wikidata.org/prop/direct/P3018": "Vollh\u00f6fner Weiden", "https://gdi-de.github.io/apworkshop2026/ont#stammdurchmesser.value": "25.0", "https://gdi-de.github.io/apworkshop2026/ont#stammdurchmesser.unit": "http://www.ontology-of-units-of-measure.org/resource/om-2/centimeter"}, "geometry": {"type": "MultiPoint", "coordinates": [[9.910976596621886, 53.4973957086458]]}}, {"type": "Feature", "id": "https://gdi-de.github.io/apworkshop2026/FINW265", "name": "Baum FINW265 (gdide:FINW265)", "dateprops": [], "properties": {"http://www.w3.org/2000/01/rdf-schema#label": "Baum FINW265", "http://rdfs.org/ns/void#inDataset.value": "72757", "http://www.w3.org/2000/01/rdf-schema#comment": "Wasserwirtschaft", "http://www.wikidata.org/prop/direct/P2547.value": "7.0", "http://www.wikidata.org/prop/direct/P2547.unit": "http://www.ontology-of-units-of-measure.org/resource/om-2/meter", "http://www.wikidata.org/prop/direct/P3018": "Finkenwerder", "https://gdi-de.github.io/apworkshop2026/ont#stammdurchmesser.value": "24.0", "https://gdi-de.github.io/apworkshop2026/ont#stammdurchmesser.unit": "http://www.ontology-of-units-of-measure.org/resource/om-2/centimeter"}, "geometry": {"type": "MultiPoint", "coordinates": [[9.851731886167297, 53.53817357416208]]}}, {"type": "Feature", "id": "https://gdi-de.github.io/apworkshop2026/MOBG428", "name": "Baum MOBG428 (gdide:MOBG428)", "dateprops": [], "properties": {"http://www.w3.org/2000/01/rdf-schema#label": "Baum MOBG428", "http://rdfs.org/ns/void#inDataset.value": "72757", "http://www.w3.org/2000/01/rdf-schema#comment": "sonst. \u00f6ff. Fl\u00e4chen", "http://www.wikidata.org/prop/direct/P2547.value": "13.0", "http://www.wikidata.org/prop/direct/P2547.unit": "http://www.ontology-of-units-of-measure.org/resource/om-2/meter", "http://www.wikidata.org/prop/direct/P3018": "Moorburg", "https://gdi-de.github.io/apworkshop2026/ont#stammdurchmesser.value": "38.0", "https://gdi-de.github.io/apworkshop2026/ont#stammdurchmesser.unit": "http://www.ontology-of-units-of-measure.org/resource/om-2/centimeter"}, "geometry": {"type": "MultiPoint", "coordinates": [[9.947400433733483, 53.49322039125289]]}}, {"type": "Feature", "id": "https://gdi-de.github.io/apworkshop2026/VHWN207", "name": "Baum VHWN207 (gdide:VHWN207)", "dateprops": [], "properties": {"http://www.w3.org/2000/01/rdf-schema#label": "Baum VHWN207", "http://rdfs.org/ns/void#inDataset.value": "72757", "http://www.w3.org/2000/01/rdf-schema#comment": "Stra\u00dfe", "http://www.wikidata.org/prop/direct/P2547.value": "7.0", "http://www.wikidata.org/prop/direct/P2547.unit": "http://www.ontology-of-units-of-measure.org/resource/om-2/meter", "http://www.wikidata.org/prop/direct/P3018": "Vollh\u00f6fner Weiden", "https://gdi-de.github.io/apworkshop2026/ont#stammdurchmesser.value": "25.0", "https://gdi-de.github.io/apworkshop2026/ont#stammdurchmesser.unit": "http://www.ontology-of-units-of-measure.org/resource/om-2/centimeter"}, "geometry": {"type": "MultiPoint", "coordinates": [[9.910674969298936, 53.498178555260274]]}}, {"type": "Feature", "id": "https://gdi-de.github.io/apworkshop2026/VHWN58", "name": "Baum VHWN58 (gdide:VHWN58)", "dateprops": [], "properties": {"http://www.w3.org/2000/01/rdf-schema#label": "Baum VHWN58", "http://rdfs.org/ns/void#inDataset.value": "72757", "http://www.w3.org/2000/01/rdf-schema#comment": "Stra\u00dfe", "http://www.wikidata.org/prop/direct/P2547.value": "6.0", "http://www.wikidata.org/prop/direct/P2547.unit": "http://www.ontology-of-units-of-measure.org/resource/om-2/meter", "http://www.wikidata.org/prop/direct/P3018": "Vollh\u00f6fner Weiden", "https://gdi-de.github.io/apworkshop2026/ont#stammdurchmesser.value": "27.0", "https://gdi-de.github.io/apworkshop2026/ont#stammdurchmesser.unit": "http://www.ontology-of-units-of-measure.org/resource/om-2/centimeter"}, "geometry": {"type": "MultiPoint", "coordinates": [[9.910234561247744, 53.49596694692315]]}}, {"type": "Feature", "id": "https://gdi-de.github.io/apworkshop2026/BFAS1345", "name": "Baum BFAS1345 (gdide:BFAS1345)", "dateprops": [], "properties": {"http://www.w3.org/2000/01/rdf-schema#label": "Baum BFAS1345", "http://rdfs.org/ns/void#inDataset.value": "72757", "http://www.w3.org/2000/01/rdf-schema#comment": "Bahn", "http://www.wikidata.org/prop/direct/P2547.value": "6.0", "http://www.wikidata.org/prop/direct/P2547.unit": "http://www.ontology-of-units-of-measure.org/resource/om-2/meter", "http://www.wikidata.org/prop/direct/P3018": "Bahnhof Alte S\u00fcderelbe S\u00fcd", "https://gdi-de.github.io/apworkshop2026/ont#stammdurchmesser.value": "33.0", "https://gdi-de.github.io/apworkshop2026/ont#stammdurchmesser.unit": "http://www.ontology-of-units-of-measure.org/resource/om-2/centimeter"}, "geometry": {"type": "MultiPoint", "coordinates": [[9.898401664864432, 53.47910750121351]]}}, {"type": "Feature", "id": "https://gdi-de.github.io/apworkshop2026/FINW273", "name": "Baum FINW273 (gdide:FINW273)", "dateprops": [], "properties": {"http://www.w3.org/2000/01/rdf-schema#label": "Baum FINW273", "http://rdfs.org/ns/void#inDataset.value": "72757", "http://www.w3.org/2000/01/rdf-schema#comment": "Wasserwirtschaft", "http://www.wikidata.org/prop/direct/P2547.value": "9.0", "http://www.wikidata.org/prop/direct/P2547.unit": "http://www.ontology-of-units-of-measure.org/resource/om-2/meter", "http://www.wikidata.org/prop/direct/P3018": "Finkenwerder", "https://gdi-de.github.io/apworkshop2026/ont#stammdurchmesser.value": "25.0", "https://gdi-de.github.io/apworkshop2026/ont#stammdurchmesser.unit": "http://www.ontology-of-units-of-measure.org/resource/om-2/centimeter"}, "geometry": {"type": "MultiPoint", "coordinates": [[9.851225335161734, 53.53867248210068]]}}, {"type": "Feature", "id": "https://gdi-de.github.io/apworkshop2026/HOHS608", "name": "Baum HOHS608 (gdide:HOHS608)", "dateprops": [], "properties": {"http://www.w3.org/2000/01/rdf-schema#label": "Baum HOHS608", "http://rdfs.org/ns/void#inDataset.value": "72757", "http://www.w3.org/2000/01/rdf-schema#comment": "sonst. \u00f6ff. Fl\u00e4chen", "http://www.wikidata.org/prop/direct/P2547.value": "3.0", "http://www.wikidata.org/prop/direct/P2547.unit": "http://www.ontology-of-units-of-measure.org/resource/om-2/meter", "http://www.wikidata.org/prop/direct/P3018": "Hohe Schaar", "https://gdi-de.github.io/apworkshop2026/ont#stammdurchmesser.value": "13.0", "https://gdi-de.github.io/apworkshop2026/ont#stammdurchmesser.unit": "http://www.ontology-of-units-of-measure.org/resource/om-2/centimeter"}, "geometry": {"type": "MultiPoint", "coordinates": [[9.98700737020598, 53.48079189609706]]}}, {"type": "Feature", "id": "https://gdi-de.github.io/apworkshop2026/VHWN568", "name": "Baum VHWN568 (gdide:VHWN568)", "dateprops": [], "properties": {"http://www.w3.org/2000/01/rdf-schema#label": "Baum VHWN568", "http://rdfs.org/ns/void#inDataset.value": "72757", "http://www.w3.org/2000/01/rdf-schema#comment": "sonst. \u00f6ff. Fl\u00e4chen", "http://www.wikidata.org/prop/direct/P2547.value": "2.0", "http://www.wikidata.org/prop/direct/P2547.unit": "http://www.ontology-of-units-of-measure.org/resource/om-2/meter", "http://www.wikidata.org/prop/direct/P3018": "Vollh\u00f6fner Weiden", "https://gdi-de.github.io/apworkshop2026/ont#stammdurchmesser.value": "14.0", "https://gdi-de.github.io/apworkshop2026/ont#stammdurchmesser.unit": "http://www.ontology-of-units-of-measure.org/resource/om-2/centimeter"}, "geometry": {"type": "MultiPoint", "coordinates": [[9.893106563388494, 53.51432824987971]]}}, {"type": "Feature", "id": "https://gdi-de.github.io/apworkshop2026/FINW267", "name": "Baum FINW267 (gdide:FINW267)", "dateprops": [], "properties": {"http://www.w3.org/2000/01/rdf-schema#label": "Baum FINW267", "http://rdfs.org/ns/void#inDataset.value": "72757", "http://www.w3.org/2000/01/rdf-schema#comment": "Wasserwirtschaft", "http://www.wikidata.org/prop/direct/P2547.value": "9.0", "http://www.wikidata.org/prop/direct/P2547.unit": "http://www.ontology-of-units-of-measure.org/resource/om-2/meter", "http://www.wikidata.org/prop/direct/P3018": "Finkenwerder", "https://gdi-de.github.io/apworkshop2026/ont#stammdurchmesser.value": "35.0", "https://gdi-de.github.io/apworkshop2026/ont#stammdurchmesser.unit": "http://www.ontology-of-units-of-measure.org/resource/om-2/centimeter"}, "geometry": {"type": "MultiPoint", "coordinates": [[9.851663946582356, 53.538236291655785]]}}, {"type": "Feature", "id": "https://gdi-de.github.io/apworkshop2026/GEOW28", "name": "Baum GEOW28 (gdide:GEOW28)", "dateprops": [], "properties": {"http://www.w3.org/2000/01/rdf-schema#label": "Baum GEOW28", "http://rdfs.org/ns/void#inDataset.value": "72757", "http://www.w3.org/2000/01/rdf-schema#comment": "Privatgrund", "http://www.wikidata.org/prop/direct/P2547.value": "20.0", "http://www.wikidata.org/prop/direct/P2547.unit": "http://www.ontology-of-units-of-measure.org/resource/om-2/meter", "http://www.wikidata.org/prop/direct/P3018": "Georgswerder", "https://gdi-de.github.io/apworkshop2026/ont#stammdurchmesser.value": "83.0", "https://gdi-de.github.io/apworkshop2026/ont#stammdurchmesser.unit": "http://www.ontology-of-units-of-measure.org/resource/om-2/centimeter"}, "geometry": {"type": "MultiPoint", "coordinates": [[10.025856425022726, 53.51940679800946]]}}, {"type": "Feature", "id": "https://gdi-de.github.io/apworkshop2026/MOBG420", "name": "Baum MOBG420 (gdide:MOBG420)", "dateprops": [], "properties": {"http://www.w3.org/2000/01/rdf-schema#label": "Baum MOBG420", "http://rdfs.org/ns/void#inDataset.value": "72757", "http://www.w3.org/2000/01/rdf-schema#comment": "sonst. \u00f6ff. Fl\u00e4chen", "http://www.wikidata.org/prop/direct/P2547.value": "8.0", "http://www.wikidata.org/prop/direct/P2547.unit": "http://www.ontology-of-units-of-measure.org/resource/om-2/meter", "http://www.wikidata.org/prop/direct/P3018": "Moorburg", "https://gdi-de.github.io/apworkshop2026/ont#stammdurchmesser.value": "54.0", "https://gdi-de.github.io/apworkshop2026/ont#stammdurchmesser.unit": "http://www.ontology-of-units-of-measure.org/resource/om-2/centimeter"}, "geometry": {"type": "MultiPoint", "coordinates": [[9.946987505146831, 53.49307069352614]]}}, {"type": "Feature", "id": "https://gdi-de.github.io/apworkshop2026/MOBG486", "name": "Baum MOBG486 (gdide:MOBG486)", "dateprops": [], "properties": {"http://www.w3.org/2000/01/rdf-schema#label": "Baum MOBG486", "http://rdfs.org/ns/void#inDataset.value": "72757", "http://www.w3.org/2000/01/rdf-schema#comment": "sonst. \u00f6ff. Fl\u00e4chen", "http://www.wikidata.org/prop/direct/P2547.value": "15.0", "http://www.wikidata.org/prop/direct/P2547.unit": "http://www.ontology-of-units-of-measure.org/resource/om-2/meter", "http://www.wikidata.org/prop/direct/P3018": "Moorburg", "https://gdi-de.github.io/apworkshop2026/ont#stammdurchmesser.value": "48.0", "https://gdi-de.github.io/apworkshop2026/ont#stammdurchmesser.unit": "http://www.ontology-of-units-of-measure.org/resource/om-2/centimeter"}, "geometry": {"type": "MultiPoint", "coordinates": [[9.954512144309577, 53.483890606844525]]}}, {"type": "Feature", "id": "https://gdi-de.github.io/apworkshop2026/RDLD17", "name": "Baum RDLD17 (gdide:RDLD17)", "dateprops": [], "properties": {"http://www.w3.org/2000/01/rdf-schema#label": "Baum RDLD17", "http://rdfs.org/ns/void#inDataset.value": "72757", "http://www.w3.org/2000/01/rdf-schema#comment": "Stra\u00dfe", "http://www.wikidata.org/prop/direct/P2547.value": "8.0", "http://www.wikidata.org/prop/direct/P2547.unit": "http://www.ontology-of-units-of-measure.org/resource/om-2/meter", "http://www.wikidata.org/prop/direct/P3018": "Radeland", "https://gdi-de.github.io/apworkshop2026/ont#stammdurchmesser.value": "25.0", "https://gdi-de.github.io/apworkshop2026/ont#stammdurchmesser.unit": "http://www.ontology-of-units-of-measure.org/resource/om-2/centimeter"}, "geometry": {"type": "MultiPoint", "coordinates": [[9.937626610728664, 53.476816558901994]]}}, {"type": "Feature", "id": "https://gdi-de.github.io/apworkshop2026/MOBG442", "name": "Baum MOBG442 (gdide:MOBG442)", "dateprops": [], "properties": {"http://www.w3.org/2000/01/rdf-schema#label": "Baum MOBG442", "http://rdfs.org/ns/void#inDataset.value": "72757", "http://www.w3.org/2000/01/rdf-schema#comment": "sonst. \u00f6ff. Fl\u00e4chen", "http://www.wikidata.org/prop/direct/P2547.value": "6.0", "http://www.wikidata.org/prop/direct/P2547.unit": "http://www.ontology-of-units-of-measure.org/resource/om-2/meter", "http://www.wikidata.org/prop/direct/P3018": "Moorburg", "https://gdi-de.github.io/apworkshop2026/ont#stammdurchmesser.value": "32.0", "https://gdi-de.github.io/apworkshop2026/ont#stammdurchmesser.unit": "http://www.ontology-of-units-of-measure.org/resource/om-2/centimeter"}, "geometry": {"type": "MultiPoint", "coordinates": [[9.948107767188198, 53.49354663437686]]}}, {"type": "Feature", "id": "https://gdi-de.github.io/apworkshop2026/ALTW475", "name": "Baum ALTW475 (gdide:ALTW475)", "dateprops": [], "properties": {"http://www.w3.org/2000/01/rdf-schema#label": "Baum ALTW475", "http://rdfs.org/ns/void#inDataset.value": "72757", "http://www.w3.org/2000/01/rdf-schema#comment": "sonst. \u00f6ff. Fl\u00e4chen", "http://www.wikidata.org/prop/direct/P2547.value": "4.0", "http://www.wikidata.org/prop/direct/P2547.unit": "http://www.ontology-of-units-of-measure.org/resource/om-2/meter", "http://www.wikidata.org/prop/direct/P3018": "Altenwerder Logistik", "https://gdi-de.github.io/apworkshop2026/ont#stammdurchmesser.value": "22.0", "https://gdi-de.github.io/apworkshop2026/ont#stammdurchmesser.unit": "http://www.ontology-of-units-of-measure.org/resource/om-2/centimeter"}, "geometry": {"type": "MultiPoint", "coordinates": [[9.933455409470996, 53.51038144118011]]}}, {"type": "Feature", "id": "https://gdi-de.github.io/apworkshop2026/VHWN143", "name": "Baum VHWN143 (gdide:VHWN143)", "dateprops": [], "properties": {"http://www.w3.org/2000/01/rdf-schema#label": "Baum VHWN143", "http://rdfs.org/ns/void#inDataset.value": "72757", "http://www.w3.org/2000/01/rdf-schema#comment": "Stra\u00dfe", "http://www.wikidata.org/prop/direct/P2547.value": "7.0", "http://www.wikidata.org/prop/direct/P2547.unit": "http://www.ontology-of-units-of-measure.org/resource/om-2/meter", "http://www.wikidata.org/prop/direct/P3018": "Vollh\u00f6fner Weiden", "https://gdi-de.github.io/apworkshop2026/ont#stammdurchmesser.value": "30.0", "https://gdi-de.github.io/apworkshop2026/ont#stammdurchmesser.unit": "http://www.ontology-of-units-of-measure.org/resource/om-2/centimeter"}, "geometry": {"type": "MultiPoint", "coordinates": [[9.910556409647741, 53.49725888267342]]}}, {"type": "Feature", "id": "https://gdi-de.github.io/apworkshop2026/VHWN59", "name": "Baum VHWN59 (gdide:VHWN59)", "dateprops": [], "properties": {"http://www.w3.org/2000/01/rdf-schema#label": "Baum VHWN59", "http://rdfs.org/ns/void#inDataset.value": "72757", "http://www.w3.org/2000/01/rdf-schema#comment": "Stra\u00dfe", "http://www.wikidata.org/prop/direct/P2547.value": "7.5", "http://www.wikidata.org/prop/direct/P2547.unit": "http://www.ontology-of-units-of-measure.org/resource/om-2/meter", "http://www.wikidata.org/prop/direct/P3018": "Vollh\u00f6fner Weiden", "https://gdi-de.github.io/apworkshop2026/ont#stammdurchmesser.value": "35.0", "https://gdi-de.github.io/apworkshop2026/ont#stammdurchmesser.unit": "http://www.ontology-of-units-of-measure.org/resource/om-2/centimeter"}, "geometry": {"type": "MultiPoint", "coordinates": [[9.910241747770018, 53.49598351832991]]}}, {"type": "Feature", "id": "https://gdi-de.github.io/apworkshop2026/RDLD315", "name": "Baum RDLD315 (gdide:RDLD315)", "dateprops": [], "properties": {"http://www.w3.org/2000/01/rdf-schema#label": "Baum RDLD315", "http://rdfs.org/ns/void#inDataset.value": "72757", "http://www.w3.org/2000/01/rdf-schema#comment": "sonst. \u00f6ff. Fl\u00e4chen", "http://www.wikidata.org/prop/direct/P2547.value": "2.0", "http://www.wikidata.org/prop/direct/P2547.unit": "http://www.ontology-of-units-of-measure.org/resource/om-2/meter", "http://www.wikidata.org/prop/direct/P3018": "Radeland", "https://gdi-de.github.io/apworkshop2026/ont#stammdurchmesser.value": "8.0", "https://gdi-de.github.io/apworkshop2026/ont#stammdurchmesser.unit": "http://www.ontology-of-units-of-measure.org/resource/om-2/centimeter"}, "geometry": {"type": "MultiPoint", "coordinates": [[9.957887689753797, 53.47221787221644]]}}, {"type": "Feature", "id": "https://gdi-de.github.io/apworkshop2026/WITB577", "name": "Baum WITB577 (gdide:WITB577)", "dateprops": [], "properties": {"http://www.w3.org/2000/01/rdf-schema#label": "Baum WITB577", "http://rdfs.org/ns/void#inDataset.value": "72757", "http://www.w3.org/2000/01/rdf-schema#comment": "Wasserwirtschaft", "http://www.wikidata.org/prop/direct/P2547.value": "6.0", "http://www.wikidata.org/prop/direct/P2547.unit": "http://www.ontology-of-units-of-measure.org/resource/om-2/meter", "http://www.wikidata.org/prop/direct/P3018": "Wittenbergen", "https://gdi-de.github.io/apworkshop2026/ont#stammdurchmesser.value": "23.0", "https://gdi-de.github.io/apworkshop2026/ont#stammdurchmesser.unit": "http://www.ontology-of-units-of-measure.org/resource/om-2/centimeter"}, "geometry": {"type": "MultiPoint", "coordinates": [[9.751050901012473, 53.56395684481387]]}}, {"type": "Feature", "id": "https://gdi-de.github.io/apworkshop2026/FINW279", "name": "Baum FINW279 (gdide:FINW279)", "dateprops": [], "properties": {"http://www.w3.org/2000/01/rdf-schema#label": "Baum FINW279", "http://rdfs.org/ns/void#inDataset.value": "72757", "http://www.w3.org/2000/01/rdf-schema#comment": "Wasserwirtschaft", "http://www.wikidata.org/prop/direct/P2547.value": "10.0", "http://www.wikidata.org/prop/direct/P2547.unit": "http://www.ontology-of-units-of-measure.org/resource/om-2/meter", "http://www.wikidata.org/prop/direct/P3018": "Finkenwerder", "https://gdi-de.github.io/apworkshop2026/ont#stammdurchmesser.value": "29.0", "https://gdi-de.github.io/apworkshop2026/ont#stammdurchmesser.unit": "http://www.ontology-of-units-of-measure.org/resource/om-2/centimeter"}, "geometry": {"type": "MultiPoint", "coordinates": [[9.851000037688475, 53.53888535460289]]}}, {"type": "Feature", "id": "https://gdi-de.github.io/apworkshop2026/MEFC421", "name": "Baum MEFC421 (gdide:MEFC421)", "dateprops": [], "properties": {"http://www.w3.org/2000/01/rdf-schema#label": "Baum MEFC421", "http://rdfs.org/ns/void#inDataset.value": "72757", "http://www.w3.org/2000/01/rdf-schema#comment": "Francop", "http://www.wikidata.org/prop/direct/P2547.value": "6.0", "http://www.wikidata.org/prop/direct/P2547.unit": "http://www.ontology-of-units-of-measure.org/resource/om-2/meter", "http://www.wikidata.org/prop/direct/P3018": "METHA-Francop", "https://gdi-de.github.io/apworkshop2026/ont#stammdurchmesser.value": "27.0", "https://gdi-de.github.io/apworkshop2026/ont#stammdurchmesser.unit": "http://www.ontology-of-units-of-measure.org/resource/om-2/centimeter"}, "geometry": {"type": "MultiPoint", "coordinates": [[9.878028053883659, 53.51744723204713]]}}, {"type": "Feature", "id": "https://gdi-de.github.io/apworkshop2026/VHWN109", "name": "Baum VHWN109 (gdide:VHWN109)", "dateprops": [], "properties": {"http://www.w3.org/2000/01/rdf-schema#label": "Baum VHWN109", "http://rdfs.org/ns/void#inDataset.value": "72757", "http://www.w3.org/2000/01/rdf-schema#comment": "Stra\u00dfe", "http://www.wikidata.org/prop/direct/P2547.value": "8.5", "http://www.wikidata.org/prop/direct/P2547.unit": "http://www.ontology-of-units-of-measure.org/resource/om-2/meter", "http://www.wikidata.org/prop/direct/P3018": "Vollh\u00f6fner Weiden", "https://gdi-de.github.io/apworkshop2026/ont#stammdurchmesser.value": "42.0", "https://gdi-de.github.io/apworkshop2026/ont#stammdurchmesser.unit": "http://www.ontology-of-units-of-measure.org/resource/om-2/centimeter"}, "geometry": {"type": "MultiPoint", "coordinates": [[9.909917976975317, 53.495851208745925]]}}, {"type": "Feature", "id": "https://gdi-de.github.io/apworkshop2026/GZAW585", "name": "Baum GZAW585 (gdide:GZAW585)", "dateprops": [], "properties": {"http://www.w3.org/2000/01/rdf-schema#label": "Baum GZAW585", "http://rdfs.org/ns/void#inDataset.value": "72757", "http://www.w3.org/2000/01/rdf-schema#comment": "sonst. \u00f6ff. Fl\u00e4chen", "http://www.wikidata.org/prop/direct/P2547.value": "1.5", "http://www.wikidata.org/prop/direct/P2547.unit": "http://www.ontology-of-units-of-measure.org/resource/om-2/meter", "http://www.wikidata.org/prop/direct/P3018": "Gr\u00fcnzug Altenwerder", "https://gdi-de.github.io/apworkshop2026/ont#stammdurchmesser.value": "11.0", "https://gdi-de.github.io/apworkshop2026/ont#stammdurchmesser.unit": "http://www.ontology-of-units-of-measure.org/resource/om-2/centimeter"}, "geometry": {"type": "MultiPoint", "coordinates": [[9.919186821026319, 53.50153903133907]]}}, {"type": "Feature", "id": "https://gdi-de.github.io/apworkshop2026/BFASN143", "name": "Baum BFASN143 (gdide:BFASN143)", "dateprops": [], "properties": {"http://www.w3.org/2000/01/rdf-schema#label": "Baum BFASN143", "http://rdfs.org/ns/void#inDataset.value": "72757", "http://www.w3.org/2000/01/rdf-schema#comment": "Stra\u00dfe", "http://www.wikidata.org/prop/direct/P2547.value": "1.0", "http://www.wikidata.org/prop/direct/P2547.unit": "http://www.ontology-of-units-of-measure.org/resource/om-2/meter", "http://www.wikidata.org/prop/direct/P3018": "Bahnhof Alte S\u00fcderelbe Nord", "https://gdi-de.github.io/apworkshop2026/ont#stammdurchmesser.value": "9.0", "https://gdi-de.github.io/apworkshop2026/ont#stammdurchmesser.unit": "http://www.ontology-of-units-of-measure.org/resource/om-2/centimeter"}, "geometry": {"type": "MultiPoint", "coordinates": [[9.911661076935776, 53.51143107123113]]}}, {"type": "Feature", "id": "https://gdi-de.github.io/apworkshop2026/GZAW630", "name": "Baum GZAW630 (gdide:GZAW630)", "dateprops": [], "properties": {"http://www.w3.org/2000/01/rdf-schema#label": "Baum GZAW630", "http://rdfs.org/ns/void#inDataset.value": "72757", "http://www.w3.org/2000/01/rdf-schema#comment": "sonst. \u00f6ff. Fl\u00e4chen", "http://www.wikidata.org/prop/direct/P2547.value": "3.0", "http://www.wikidata.org/prop/direct/P2547.unit": "http://www.ontology-of-units-of-measure.org/resource/om-2/meter", "http://www.wikidata.org/prop/direct/P3018": "Gr\u00fcnzug Altenwerder", "https://gdi-de.github.io/apworkshop2026/ont#stammdurchmesser.value": "13.0", "https://gdi-de.github.io/apworkshop2026/ont#stammdurchmesser.unit": "http://www.ontology-of-units-of-measure.org/resource/om-2/centimeter"}, "geometry": {"type": "MultiPoint", "coordinates": [[9.919346334871321, 53.503024337344364]]}}, {"type": "Feature", "id": "https://gdi-de.github.io/apworkshop2026/FINW275", "name": "Baum FINW275 (gdide:FINW275)", "dateprops": [], "properties": {"http://www.w3.org/2000/01/rdf-schema#label": "Baum FINW275", "http://rdfs.org/ns/void#inDataset.value": "72757", "http://www.w3.org/2000/01/rdf-schema#comment": "Wasserwirtschaft", "http://www.wikidata.org/prop/direct/P2547.value": "10.0", "http://www.wikidata.org/prop/direct/P2547.unit": "http://www.ontology-of-units-of-measure.org/resource/om-2/meter", "http://www.wikidata.org/prop/direct/P3018": "Finkenwerder", "https://gdi-de.github.io/apworkshop2026/ont#stammdurchmesser.value": "40.0", "https://gdi-de.github.io/apworkshop2026/ont#stammdurchmesser.unit": "http://www.ontology-of-units-of-measure.org/resource/om-2/centimeter"}, "geometry": {"type": "MultiPoint", "coordinates": [[9.851143076431166, 53.538751550680296]]}}, {"type": "Feature", "id": "https://gdi-de.github.io/apworkshop2026/GZAW587", "name": "Baum GZAW587 (gdide:GZAW587)", "dateprops": [], "properties": {"http://www.w3.org/2000/01/rdf-schema#label": "Baum GZAW587", "http://rdfs.org/ns/void#inDataset.value": "72757", "http://www.w3.org/2000/01/rdf-schema#comment": "sonst. \u00f6ff. Fl\u00e4chen", "http://www.wikidata.org/prop/direct/P2547.value": "3.0", "http://www.wikidata.org/prop/direct/P2547.unit": "http://www.ontology-of-units-of-measure.org/resource/om-2/meter", "http://www.wikidata.org/prop/direct/P3018": "Gr\u00fcnzug Altenwerder", "https://gdi-de.github.io/apworkshop2026/ont#stammdurchmesser.value": "11.0", "https://gdi-de.github.io/apworkshop2026/ont#stammdurchmesser.unit": "http://www.ontology-of-units-of-measure.org/resource/om-2/centimeter"}, "geometry": {"type": "MultiPoint", "coordinates": [[9.919163006688139, 53.50147871202385]]}}, {"type": "Feature", "id": "https://gdi-de.github.io/apworkshop2026/MEFC490", "name": "Baum MEFC490 (gdide:MEFC490)", "dateprops": [], "properties": {"http://www.w3.org/2000/01/rdf-schema#label": "Baum MEFC490", "http://rdfs.org/ns/void#inDataset.value": "72757", "http://www.w3.org/2000/01/rdf-schema#comment": "Francop", "http://www.wikidata.org/prop/direct/P2547.value": "6.0", "http://www.wikidata.org/prop/direct/P2547.unit": "http://www.ontology-of-units-of-measure.org/resource/om-2/meter", "http://www.wikidata.org/prop/direct/P3018": "METHA-Francop", "https://gdi-de.github.io/apworkshop2026/ont#stammdurchmesser.value": "32.0", "https://gdi-de.github.io/apworkshop2026/ont#stammdurchmesser.unit": "http://www.ontology-of-units-of-measure.org/resource/om-2/centimeter"}, "geometry": {"type": "MultiPoint", "coordinates": [[9.888994588057509, 53.5174530859853]]}}, {"type": "Feature", "id": "https://gdi-de.github.io/apworkshop2026/MOBG441", "name": "Baum MOBG441 (gdide:MOBG441)", "dateprops": [], "properties": {"http://www.w3.org/2000/01/rdf-schema#label": "Baum MOBG441", "http://rdfs.org/ns/void#inDataset.value": "72757", "http://www.w3.org/2000/01/rdf-schema#comment": "sonst. \u00f6ff. Fl\u00e4chen", "http://www.wikidata.org/prop/direct/P2547.value": "12.0", "http://www.wikidata.org/prop/direct/P2547.unit": "http://www.ontology-of-units-of-measure.org/resource/om-2/meter", "http://www.wikidata.org/prop/direct/P3018": "Moorburg", "https://gdi-de.github.io/apworkshop2026/ont#stammdurchmesser.value": "48.0", "https://gdi-de.github.io/apworkshop2026/ont#stammdurchmesser.unit": "http://www.ontology-of-units-of-measure.org/resource/om-2/centimeter"}, "geometry": {"type": "MultiPoint", "coordinates": [[9.948147957814008, 53.49356058272955]]}}, {"type": "Feature", "id": "https://gdi-de.github.io/apworkshop2026/MOBG273", "name": "Baum MOBG273 (gdide:MOBG273)", "dateprops": [], "properties": {"http://www.w3.org/2000/01/rdf-schema#label": "Baum MOBG273", "http://rdfs.org/ns/void#inDataset.value": "72757", "http://www.w3.org/2000/01/rdf-schema#comment": "sonst. \u00f6ff. Fl\u00e4chen", "http://www.wikidata.org/prop/direct/P2547.value": "9.0", "http://www.wikidata.org/prop/direct/P2547.unit": "http://www.ontology-of-units-of-measure.org/resource/om-2/meter", "http://www.wikidata.org/prop/direct/P3018": "Moorburg", "https://gdi-de.github.io/apworkshop2026/ont#stammdurchmesser.value": "41.0", "https://gdi-de.github.io/apworkshop2026/ont#stammdurchmesser.unit": "http://www.ontology-of-units-of-measure.org/resource/om-2/centimeter"}, "geometry": {"type": "MultiPoint", "coordinates": [[9.943296767818874, 53.490632942041486]]}}, {"type": "Feature", "id": "https://gdi-de.github.io/apworkshop2026/VHWN181", "name": "Baum VHWN181 (gdide:VHWN181)", "dateprops": [], "properties": {"http://www.w3.org/2000/01/rdf-schema#label": "Baum VHWN181", "http://rdfs.org/ns/void#inDataset.value": "72757", "http://www.w3.org/2000/01/rdf-schema#comment": "Stra\u00dfe", "http://www.wikidata.org/prop/direct/P2547.value": "4.5", "http://www.wikidata.org/prop/direct/P2547.unit": "http://www.ontology-of-units-of-measure.org/resource/om-2/meter", "http://www.wikidata.org/prop/direct/P3018": "Vollh\u00f6fner Weiden", "https://gdi-de.github.io/apworkshop2026/ont#stammdurchmesser.value": "19.0", "https://gdi-de.github.io/apworkshop2026/ont#stammdurchmesser.unit": "http://www.ontology-of-units-of-measure.org/resource/om-2/centimeter"}, "geometry": {"type": "MultiPoint", "coordinates": [[9.910614674377067, 53.49759957612091]]}}, {"type": "Feature", "id": "https://gdi-de.github.io/apworkshop2026/DRHF465", "name": "Baum DRHF465 (gdide:DRHF465)", "dateprops": [], "properties": {"http://www.w3.org/2000/01/rdf-schema#label": "Baum DRHF465", "http://rdfs.org/ns/void#inDataset.value": "72757", "http://www.w3.org/2000/01/rdf-schema#comment": "\u00f6ffentliche Gr\u00fcnfl\u00e4che", "http://www.wikidata.org/prop/direct/P2547.value": "2.0", "http://www.wikidata.org/prop/direct/P2547.unit": "http://www.ontology-of-units-of-measure.org/resource/om-2/meter", "http://www.wikidata.org/prop/direct/P3018": "Dradenauhafen", "https://gdi-de.github.io/apworkshop2026/ont#stammdurchmesser.value": "18.0", "https://gdi-de.github.io/apworkshop2026/ont#stammdurchmesser.unit": "http://www.ontology-of-units-of-measure.org/resource/om-2/centimeter"}, "geometry": {"type": "MultiPoint", "coordinates": [[9.913287422858756, 53.51478257536132]]}}, {"type": "Feature", "id": "https://gdi-de.github.io/apworkshop2026/MEFC419", "name": "Baum MEFC419 (gdide:MEFC419)", "dateprops": [], "properties": {"http://www.w3.org/2000/01/rdf-schema#label": "Baum MEFC419", "http://rdfs.org/ns/void#inDataset.value": "72757", "http://www.w3.org/2000/01/rdf-schema#comment": "Francop", "http://www.wikidata.org/prop/direct/P2547.value": "1.0", "http://www.wikidata.org/prop/direct/P2547.unit": "http://www.ontology-of-units-of-measure.org/resource/om-2/meter", "http://www.wikidata.org/prop/direct/P3018": "METHA-Francop", "https://gdi-de.github.io/apworkshop2026/ont#stammdurchmesser.value": "5.0", "https://gdi-de.github.io/apworkshop2026/ont#stammdurchmesser.unit": "http://www.ontology-of-units-of-measure.org/resource/om-2/centimeter"}, "geometry": {"type": "MultiPoint", "coordinates": [[9.883283279144132, 53.518171853714044]]}}, {"type": "Feature", "id": "https://gdi-de.github.io/apworkshop2026/VHWN139", "name": "Baum VHWN139 (gdide:VHWN139)", "dateprops": [], "properties": {"http://www.w3.org/2000/01/rdf-schema#label": "Baum VHWN139", "http://rdfs.org/ns/void#inDataset.value": "72757", "http://www.w3.org/2000/01/rdf-schema#comment": "Stra\u00dfe", "http://www.wikidata.org/prop/direct/P2547.value": "8.0", "http://www.wikidata.org/prop/direct/P2547.unit": "http://www.ontology-of-units-of-measure.org/resource/om-2/meter", "http://www.wikidata.org/prop/direct/P3018": "Vollh\u00f6fner Weiden", "https://gdi-de.github.io/apworkshop2026/ont#stammdurchmesser.value": "30.0", "https://gdi-de.github.io/apworkshop2026/ont#stammdurchmesser.unit": "http://www.ontology-of-units-of-measure.org/resource/om-2/centimeter"}, "geometry": {"type": "MultiPoint", "coordinates": [[9.910564719064118, 53.49706927069659]]}}, {"type": "Feature", "id": "https://gdi-de.github.io/apworkshop2026/VHWN157", "name": "Baum VHWN157 (gdide:VHWN157)", "dateprops": [], "properties": {"http://www.w3.org/2000/01/rdf-schema#label": "Baum VHWN157", "http://rdfs.org/ns/void#inDataset.value": "72757", "http://www.w3.org/2000/01/rdf-schema#comment": "Stra\u00dfe", "http://www.wikidata.org/prop/direct/P2547.value": "3.5", "http://www.wikidata.org/prop/direct/P2547.unit": "http://www.ontology-of-units-of-measure.org/resource/om-2/meter", "http://www.wikidata.org/prop/direct/P3018": "Vollh\u00f6fner Weiden", "https://gdi-de.github.io/apworkshop2026/ont#stammdurchmesser.value": "17.0", "https://gdi-de.github.io/apworkshop2026/ont#stammdurchmesser.unit": "http://www.ontology-of-units-of-measure.org/resource/om-2/centimeter"}, "geometry": {"type": "MultiPoint", "coordinates": [[9.910823101489289, 53.49619749784153]]}}, {"type": "Feature", "id": "https://gdi-de.github.io/apworkshop2026/PIOI125", "name": "Baum PIOI125 (gdide:PIOI125)", "dateprops": [], "properties": {"http://www.w3.org/2000/01/rdf-schema#label": "Baum PIOI125", "http://rdfs.org/ns/void#inDataset.value": "72757", "http://www.w3.org/2000/01/rdf-schema#comment": "Wasserwirtschaft", "http://www.wikidata.org/prop/direct/P2547.value": "10.0", "http://www.wikidata.org/prop/direct/P2547.unit": "http://www.ontology-of-units-of-measure.org/resource/om-2/meter", "http://www.wikidata.org/prop/direct/P3018": "Pionierinsel", "https://gdi-de.github.io/apworkshop2026/ont#stammdurchmesser.value": "59.0", "https://gdi-de.github.io/apworkshop2026/ont#stammdurchmesser.unit": "http://www.ontology-of-units-of-measure.org/resource/om-2/centimeter"}, "geometry": {"type": "MultiPoint", "coordinates": [[10.005055620208589, 53.46908784012236]]}}, {"type": "Feature", "id": "https://gdi-de.github.io/apworkshop2026/KTWK494", "name": "Baum KTWK494 (gdide:KTWK494)", "dateprops": [], "properties": {"http://www.w3.org/2000/01/rdf-schema#label": "Baum KTWK494", "http://rdfs.org/ns/void#inDataset.value": "72757", "http://www.w3.org/2000/01/rdf-schema#comment": "Stra\u00dfe", "http://www.wikidata.org/prop/direct/P2547.value": "6.0", "http://www.wikidata.org/prop/direct/P2547.unit": "http://www.ontology-of-units-of-measure.org/resource/om-2/meter", "http://www.wikidata.org/prop/direct/P3018": "Kattwyk", "https://gdi-de.github.io/apworkshop2026/ont#stammdurchmesser.value": "35.0", "https://gdi-de.github.io/apworkshop2026/ont#stammdurchmesser.unit": "http://www.ontology-of-units-of-measure.org/resource/om-2/centimeter"}, "geometry": {"type": "MultiPoint", "coordinates": [[9.943468552650655, 53.506356086945395]]}}, {"type": "Feature", "id": "https://gdi-de.github.io/apworkshop2026/KLGB784", "name": "Baum KLGB784 (gdide:KLGB784)", "dateprops": [], "properties": {"http://www.w3.org/2000/01/rdf-schema#label": "Baum KLGB784", "http://rdfs.org/ns/void#inDataset.value": "72757", "http://www.w3.org/2000/01/rdf-schema#comment": "HPA", "http://www.wikidata.org/prop/direct/P2547.value": "15.0", "http://www.wikidata.org/prop/direct/P2547.unit": "http://www.ontology-of-units-of-measure.org/resource/om-2/meter", "http://www.wikidata.org/prop/direct/P3018": "Kleiner Grasbrook", "https://gdi-de.github.io/apworkshop2026/ont#stammdurchmesser.value": "62.0", "https://gdi-de.github.io/apworkshop2026/ont#stammdurchmesser.unit": "http://www.ontology-of-units-of-measure.org/resource/om-2/centimeter"}, "geometry": {"type": "MultiPoint", "coordinates": [[9.979785283630925, 53.52896436942298]]}}, {"type": "Feature", "id": "https://gdi-de.github.io/apworkshop2026/RDLD305", "name": "Baum RDLD305 (gdide:RDLD305)", "dateprops": [], "properties": {"http://www.w3.org/2000/01/rdf-schema#label": "Baum RDLD305", "http://rdfs.org/ns/void#inDataset.value": "72757", "http://www.w3.org/2000/01/rdf-schema#comment": "sonst. \u00f6ff. Fl\u00e4chen", "http://www.wikidata.org/prop/direct/P2547.value": "6.0", "http://www.wikidata.org/prop/direct/P2547.unit": "http://www.ontology-of-units-of-measure.org/resource/om-2/meter", "http://www.wikidata.org/prop/direct/P3018": "Radeland", "https://gdi-de.github.io/apworkshop2026/ont#stammdurchmesser.value": "29.0", "https://gdi-de.github.io/apworkshop2026/ont#stammdurchmesser.unit": "http://www.ontology-of-units-of-measure.org/resource/om-2/centimeter"}, "geometry": {"type": "MultiPoint", "coordinates": [[9.958067864850332, 53.472235137304104]]}}], "numberMatched": 291, "numberReturned": 291, "bbox": [8.497356431108978, 53.46132043107614, 10.123487378259682, 53.91602215743626], "crs": "http://www.opengis.net/def/crs/EPSG/0/4326"}