{"type": "FeatureCollection", "id": "https://gdi-de.github.io/apworkshop2026/Q158776_collection", "name": "Q158776 Instances Collection", "features": [{"type": "Feature", "id": "https://gdi-de.github.io/apworkshop2026/BFAS1430", "name": "Baum BFAS1430 (gdide:BFAS1430)", "dateprops": [], "properties": {"http://www.w3.org/2000/01/rdf-schema#label": "Baum BFAS1430", "http://rdfs.org/ns/void#inDataset.value": "72757", "http://www.w3.org/2000/01/rdf-schema#comment": "Bahn", "http://www.wikidata.org/prop/direct/P2547.value": "6.0", "http://www.wikidata.org/prop/direct/P2547.unit": "http://www.ontology-of-units-of-measure.org/resource/om-2/meter", "http://www.wikidata.org/prop/direct/P3018": "Bahnhof Alte S\u00fcderelbe S\u00fcd", "https://gdi-de.github.io/apworkshop2026/ont#stammdurchmesser.value": "17.0", "https://gdi-de.github.io/apworkshop2026/ont#stammdurchmesser.unit": "http://www.ontology-of-units-of-measure.org/resource/om-2/centimeter"}, "geometry": {"type": "MultiPoint", "coordinates": [[9.897470120897953, 53.47506983149716]]}}, {"type": "Feature", "id": "https://gdi-de.github.io/apworkshop2026/NHKL295", "name": "Baum NHKL295 (gdide:NHKL295)", "dateprops": [], "properties": {"http://www.w3.org/2000/01/rdf-schema#label": "Baum NHKL295", "http://rdfs.org/ns/void#inDataset.value": "72757", "http://www.w3.org/2000/01/rdf-schema#comment": "Privatgrund", "http://www.wikidata.org/prop/direct/P2547.value": "7.0", "http://www.wikidata.org/prop/direct/P2547.unit": "http://www.ontology-of-units-of-measure.org/resource/om-2/meter", "http://www.wikidata.org/prop/direct/P3018": "Neuh\u00f6fer Kanal", "https://gdi-de.github.io/apworkshop2026/ont#stammdurchmesser.value": "19.0", "https://gdi-de.github.io/apworkshop2026/ont#stammdurchmesser.unit": "http://www.ontology-of-units-of-measure.org/resource/om-2/centimeter"}, "geometry": {"type": "MultiPoint", "coordinates": [[9.946235408641508, 53.52021534418565]]}}, {"type": "Feature", "id": "https://gdi-de.github.io/apworkshop2026/SCHG110", "name": "Baum SCHG110 (gdide:SCHG110)", "dateprops": [], "properties": {"http://www.w3.org/2000/01/rdf-schema#label": "Baum SCHG110", "http://rdfs.org/ns/void#inDataset.value": "72757", "http://www.w3.org/2000/01/rdf-schema#comment": "Stra\u00dfe", "http://www.wikidata.org/prop/direct/P2547.value": "8.0", "http://www.wikidata.org/prop/direct/P2547.unit": "http://www.ontology-of-units-of-measure.org/resource/om-2/meter", "http://www.wikidata.org/prop/direct/P3018": "Schluisgrove", "https://gdi-de.github.io/apworkshop2026/ont#stammdurchmesser.value": "33.0", "https://gdi-de.github.io/apworkshop2026/ont#stammdurchmesser.unit": "http://www.ontology-of-units-of-measure.org/resource/om-2/centimeter"}, "geometry": {"type": "MultiPoint", "coordinates": [[9.983961201043837, 53.50237586815984]]}}, {"type": "Feature", "id": "https://gdi-de.github.io/apworkshop2026/MEFC898", "name": "Baum MEFC898 (gdide:MEFC898)", "dateprops": [], "properties": {"http://www.w3.org/2000/01/rdf-schema#label": "Baum MEFC898", "http://rdfs.org/ns/void#inDataset.value": "72757", "http://www.w3.org/2000/01/rdf-schema#comment": "Francop", "http://www.wikidata.org/prop/direct/P2547.value": "2.0", "http://www.wikidata.org/prop/direct/P2547.unit": "http://www.ontology-of-units-of-measure.org/resource/om-2/meter", "http://www.wikidata.org/prop/direct/P3018": "METHA-Francop", "https://gdi-de.github.io/apworkshop2026/ont#stammdurchmesser.value": "10.0", "https://gdi-de.github.io/apworkshop2026/ont#stammdurchmesser.unit": "http://www.ontology-of-units-of-measure.org/resource/om-2/centimeter"}, "geometry": {"type": "MultiPoint", "coordinates": [[9.887446422513703, 53.51771152373055]]}}, {"type": "Feature", "id": "https://gdi-de.github.io/apworkshop2026/GZAW636", "name": "Baum GZAW636 (gdide:GZAW636)", "dateprops": [], "properties": {"http://www.w3.org/2000/01/rdf-schema#label": "Baum GZAW636", "http://rdfs.org/ns/void#inDataset.value": "72757", "http://www.w3.org/2000/01/rdf-schema#comment": "sonst. \u00f6ff. Fl\u00e4chen", "http://www.wikidata.org/prop/direct/P2547.value": "3.0", "http://www.wikidata.org/prop/direct/P2547.unit": "http://www.ontology-of-units-of-measure.org/resource/om-2/meter", "http://www.wikidata.org/prop/direct/P3018": "Gr\u00fcnzug Altenwerder", "https://gdi-de.github.io/apworkshop2026/ont#stammdurchmesser.value": "14.0", "https://gdi-de.github.io/apworkshop2026/ont#stammdurchmesser.unit": "http://www.ontology-of-units-of-measure.org/resource/om-2/centimeter"}, "geometry": {"type": "MultiPoint", "coordinates": [[9.919477551784873, 53.50700177056853]]}}, {"type": "Feature", "id": "https://gdi-de.github.io/apworkshop2026/ROSD280", "name": "Baum ROSD280 (gdide:ROSD280)", "dateprops": [], "properties": {"http://www.w3.org/2000/01/rdf-schema#label": "Baum ROSD280", "http://rdfs.org/ns/void#inDataset.value": "72757", "http://www.w3.org/2000/01/rdf-schema#comment": "sonst. \u00f6ff. Fl\u00e4chen", "http://www.wikidata.org/prop/direct/P2547.value": "7.0", "http://www.wikidata.org/prop/direct/P2547.unit": "http://www.ontology-of-units-of-measure.org/resource/om-2/meter", "http://www.wikidata.org/prop/direct/P3018": "Ro\u00dfdamm", "https://gdi-de.github.io/apworkshop2026/ont#stammdurchmesser.value": "25.0", "https://gdi-de.github.io/apworkshop2026/ont#stammdurchmesser.unit": "http://www.ontology-of-units-of-measure.org/resource/om-2/centimeter"}, "geometry": {"type": "MultiPoint", "coordinates": [[9.974530947702583, 53.52519748494645]]}}, {"type": "Feature", "id": "https://gdi-de.github.io/apworkshop2026/WITB404", "name": "Baum WITB404 (gdide:WITB404)", "dateprops": [], "properties": {"http://www.w3.org/2000/01/rdf-schema#label": "Baum WITB404", "http://rdfs.org/ns/void#inDataset.value": "72757", "http://www.w3.org/2000/01/rdf-schema#comment": "Wasserwirtschaft", "http://www.wikidata.org/prop/direct/P2547.value": "10.0", "http://www.wikidata.org/prop/direct/P2547.unit": "http://www.ontology-of-units-of-measure.org/resource/om-2/meter", "http://www.wikidata.org/prop/direct/P3018": "Wittenbergen", "https://gdi-de.github.io/apworkshop2026/ont#stammdurchmesser.value": "50.0", "https://gdi-de.github.io/apworkshop2026/ont#stammdurchmesser.unit": "http://www.ontology-of-units-of-measure.org/resource/om-2/centimeter"}, "geometry": {"type": "MultiPoint", "coordinates": [[9.773496763656958, 53.56314683944713]]}}, {"type": "Feature", "id": "https://gdi-de.github.io/apworkshop2026/MOBG370", "name": "Baum MOBG370 (gdide:MOBG370)", "dateprops": [], "properties": {"http://www.w3.org/2000/01/rdf-schema#label": "Baum MOBG370", "http://rdfs.org/ns/void#inDataset.value": "72757", "http://www.w3.org/2000/01/rdf-schema#comment": "sonst. \u00f6ff. Fl\u00e4chen", "http://www.wikidata.org/prop/direct/P2547.value": "8.0", "http://www.wikidata.org/prop/direct/P2547.unit": "http://www.ontology-of-units-of-measure.org/resource/om-2/meter", "http://www.wikidata.org/prop/direct/P3018": "Moorburg", "https://gdi-de.github.io/apworkshop2026/ont#stammdurchmesser.value": "38.0", "https://gdi-de.github.io/apworkshop2026/ont#stammdurchmesser.unit": "http://www.ontology-of-units-of-measure.org/resource/om-2/centimeter"}, "geometry": {"type": "MultiPoint", "coordinates": [[9.943123375002735, 53.49084494969598]]}}, {"type": "Feature", "id": "https://gdi-de.github.io/apworkshop2026/ROSD159", "name": "Baum ROSD159 (gdide:ROSD159)", "dateprops": [], "properties": {"http://www.w3.org/2000/01/rdf-schema#label": "Baum ROSD159", "http://rdfs.org/ns/void#inDataset.value": "72757", "http://www.w3.org/2000/01/rdf-schema#comment": "Stra\u00dfe", "http://www.wikidata.org/prop/direct/P2547.value": "4.0", "http://www.wikidata.org/prop/direct/P2547.unit": "http://www.ontology-of-units-of-measure.org/resource/om-2/meter", "http://www.wikidata.org/prop/direct/P3018": "Ro\u00dfdamm", "https://gdi-de.github.io/apworkshop2026/ont#stammdurchmesser.value": "16.0", "https://gdi-de.github.io/apworkshop2026/ont#stammdurchmesser.unit": "http://www.ontology-of-units-of-measure.org/resource/om-2/centimeter"}, "geometry": {"type": "MultiPoint", "coordinates": [[9.974850568280672, 53.52789918077882]]}}, {"type": "Feature", "id": "https://gdi-de.github.io/apworkshop2026/BUUF470", "name": "Baum BUUF470 (gdide:BUUF470)", "dateprops": [], "properties": {"http://www.w3.org/2000/01/rdf-schema#label": "Baum BUUF470", "http://rdfs.org/ns/void#inDataset.value": "72757", "http://www.w3.org/2000/01/rdf-schema#comment": "Wasserwirtschaft", "http://www.wikidata.org/prop/direct/P2547.value": "7.0", "http://www.wikidata.org/prop/direct/P2547.unit": "http://www.ontology-of-units-of-measure.org/resource/om-2/meter", "http://www.wikidata.org/prop/direct/P3018": "Bubendey-Ufer", "https://gdi-de.github.io/apworkshop2026/ont#stammdurchmesser.value": "26.0", "https://gdi-de.github.io/apworkshop2026/ont#stammdurchmesser.unit": "http://www.ontology-of-units-of-measure.org/resource/om-2/centimeter"}, "geometry": {"type": "MultiPoint", "coordinates": [[9.900729909434661, 53.53756921150244]]}}, {"type": "Feature", "id": "https://gdi-de.github.io/apworkshop2026/FINW352", "name": "Baum FINW352 (gdide:FINW352)", "dateprops": [], "properties": {"http://www.w3.org/2000/01/rdf-schema#label": "Baum FINW352", "http://rdfs.org/ns/void#inDataset.value": "72757", "http://www.w3.org/2000/01/rdf-schema#comment": "Wasserwirtschaft", "http://www.wikidata.org/prop/direct/P2547.value": "10.0", "http://www.wikidata.org/prop/direct/P2547.unit": "http://www.ontology-of-units-of-measure.org/resource/om-2/meter", "http://www.wikidata.org/prop/direct/P3018": "Finkenwerder", "https://gdi-de.github.io/apworkshop2026/ont#stammdurchmesser.value": "38.0", "https://gdi-de.github.io/apworkshop2026/ont#stammdurchmesser.unit": "http://www.ontology-of-units-of-measure.org/resource/om-2/centimeter"}, "geometry": {"type": "MultiPoint", "coordinates": [[9.829030354009797, 53.52902540786524]]}}, {"type": "Feature", "id": "https://gdi-de.github.io/apworkshop2026/VEDL356", "name": "Baum VEDL356 (gdide:VEDL356)", "dateprops": [], "properties": {"http://www.w3.org/2000/01/rdf-schema#label": "Baum VEDL356", "http://rdfs.org/ns/void#inDataset.value": "72757", "http://www.w3.org/2000/01/rdf-schema#comment": "Stra\u00dfe", "http://www.wikidata.org/prop/direct/P2547.value": "2.0", "http://www.wikidata.org/prop/direct/P2547.unit": "http://www.ontology-of-units-of-measure.org/resource/om-2/meter", "http://www.wikidata.org/prop/direct/P3018": "Veddel", "https://gdi-de.github.io/apworkshop2026/ont#stammdurchmesser.value": "5.0", "https://gdi-de.github.io/apworkshop2026/ont#stammdurchmesser.unit": "http://www.ontology-of-units-of-measure.org/resource/om-2/centimeter"}, "geometry": {"type": "MultiPoint", "coordinates": [[10.026377726365252, 53.52426232948002]]}}, {"type": "Feature", "id": "https://gdi-de.github.io/apworkshop2026/RETH195", "name": "Baum RETH195 (gdide:RETH195)", "dateprops": [], "properties": {"http://www.w3.org/2000/01/rdf-schema#label": "Baum RETH195", "http://rdfs.org/ns/void#inDataset.value": "72757", "http://www.w3.org/2000/01/rdf-schema#comment": "Stra\u00dfe", "http://www.wikidata.org/prop/direct/P2547.value": "11.0", "http://www.wikidata.org/prop/direct/P2547.unit": "http://www.ontology-of-units-of-measure.org/resource/om-2/meter", "http://www.wikidata.org/prop/direct/P3018": "Rethe", "https://gdi-de.github.io/apworkshop2026/ont#stammdurchmesser.value": "52.0", "https://gdi-de.github.io/apworkshop2026/ont#stammdurchmesser.unit": "http://www.ontology-of-units-of-measure.org/resource/om-2/centimeter"}, "geometry": {"type": "MultiPoint", "coordinates": [[9.96745178308923, 53.51116405870075]]}}, {"type": "Feature", "id": "https://gdi-de.github.io/apworkshop2026/KLGB783", "name": "Baum KLGB783 (gdide:KLGB783)", "dateprops": [], "properties": {"http://www.w3.org/2000/01/rdf-schema#label": "Baum KLGB783", "http://rdfs.org/ns/void#inDataset.value": "72757", "http://www.w3.org/2000/01/rdf-schema#comment": "HPA", "http://www.wikidata.org/prop/direct/P2547.value": "10.0", "http://www.wikidata.org/prop/direct/P2547.unit": "http://www.ontology-of-units-of-measure.org/resource/om-2/meter", "http://www.wikidata.org/prop/direct/P3018": "Kleiner Grasbrook", "https://gdi-de.github.io/apworkshop2026/ont#stammdurchmesser.value": "46.0", "https://gdi-de.github.io/apworkshop2026/ont#stammdurchmesser.unit": "http://www.ontology-of-units-of-measure.org/resource/om-2/centimeter"}, "geometry": {"type": "MultiPoint", "coordinates": [[9.979600598991665, 53.52847082571917]]}}, {"type": "Feature", "id": "https://gdi-de.github.io/apworkshop2026/FINW331", "name": "Baum FINW331 (gdide:FINW331)", "dateprops": [], "properties": {"http://www.w3.org/2000/01/rdf-schema#label": "Baum FINW331", "http://rdfs.org/ns/void#inDataset.value": "72757", "http://www.w3.org/2000/01/rdf-schema#comment": "Wasserwirtschaft", "http://www.wikidata.org/prop/direct/P2547.value": "6.0", "http://www.wikidata.org/prop/direct/P2547.unit": "http://www.ontology-of-units-of-measure.org/resource/om-2/meter", "http://www.wikidata.org/prop/direct/P3018": "Finkenwerder", "https://gdi-de.github.io/apworkshop2026/ont#stammdurchmesser.value": "30.0", "https://gdi-de.github.io/apworkshop2026/ont#stammdurchmesser.unit": "http://www.ontology-of-units-of-measure.org/resource/om-2/centimeter"}, "geometry": {"type": "MultiPoint", "coordinates": [[9.828132631613764, 53.528983704591234]]}}, {"type": "Feature", "id": "https://gdi-de.github.io/apworkshop2026/PEUB46", "name": "Baum PEUB46 (gdide:PEUB46)", "dateprops": [], "properties": {"http://www.w3.org/2000/01/rdf-schema#label": "Baum PEUB46", "http://rdfs.org/ns/void#inDataset.value": "72757", "http://www.w3.org/2000/01/rdf-schema#comment": "sonst. \u00f6ff. Fl\u00e4chen", "http://www.wikidata.org/prop/direct/P2547.value": "3.0", "http://www.wikidata.org/prop/direct/P2547.unit": "http://www.ontology-of-units-of-measure.org/resource/om-2/meter", "http://www.wikidata.org/prop/direct/P3018": "Peutebahnhof", "https://gdi-de.github.io/apworkshop2026/ont#stammdurchmesser.value": "28.0", "https://gdi-de.github.io/apworkshop2026/ont#stammdurchmesser.unit": "http://www.ontology-of-units-of-measure.org/resource/om-2/centimeter"}, "geometry": {"type": "MultiPoint", "coordinates": [[10.040760652379289, 53.51557733277806]]}}, {"type": "Feature", "id": "https://gdi-de.github.io/apworkshop2026/SCHG84", "name": "Baum SCHG84 (gdide:SCHG84)", "dateprops": [], "properties": {"http://www.w3.org/2000/01/rdf-schema#label": "Baum SCHG84", "http://rdfs.org/ns/void#inDataset.value": "72757", "http://www.w3.org/2000/01/rdf-schema#comment": "Stra\u00dfe", "http://www.wikidata.org/prop/direct/P2547.value": "9.0", "http://www.wikidata.org/prop/direct/P2547.unit": "http://www.ontology-of-units-of-measure.org/resource/om-2/meter", "http://www.wikidata.org/prop/direct/P3018": "Schluisgrove", "https://gdi-de.github.io/apworkshop2026/ont#stammdurchmesser.value": "30.0", "https://gdi-de.github.io/apworkshop2026/ont#stammdurchmesser.unit": "http://www.ontology-of-units-of-measure.org/resource/om-2/centimeter"}, "geometry": {"type": "MultiPoint", "coordinates": [[9.985419597941299, 53.501565966351485]]}}, {"type": "Feature", "id": "https://gdi-de.github.io/apworkshop2026/MOBG756", "name": "Baum MOBG756 (gdide:MOBG756)", "dateprops": [], "properties": {"http://www.w3.org/2000/01/rdf-schema#label": "Baum MOBG756", "http://rdfs.org/ns/void#inDataset.value": "72757", "http://www.w3.org/2000/01/rdf-schema#comment": "sonst. \u00f6ff. Fl\u00e4chen", "http://www.wikidata.org/prop/direct/P2547.value": "12.0", "http://www.wikidata.org/prop/direct/P2547.unit": "http://www.ontology-of-units-of-measure.org/resource/om-2/meter", "http://www.wikidata.org/prop/direct/P3018": "Moorburg", "https://gdi-de.github.io/apworkshop2026/ont#stammdurchmesser.value": "35.0", "https://gdi-de.github.io/apworkshop2026/ont#stammdurchmesser.unit": "http://www.ontology-of-units-of-measure.org/resource/om-2/centimeter"}, "geometry": {"type": "MultiPoint", "coordinates": [[9.932456033717411, 53.479851077520415]]}}, {"type": "Feature", "id": "https://gdi-de.github.io/apworkshop2026/ALTW371", "name": "Baum ALTW371 (gdide:ALTW371)", "dateprops": [], "properties": {"http://www.w3.org/2000/01/rdf-schema#label": "Baum ALTW371", "http://rdfs.org/ns/void#inDataset.value": "72757", "http://www.w3.org/2000/01/rdf-schema#comment": "sonst. \u00f6ff. Fl\u00e4chen", "http://www.wikidata.org/prop/direct/P2547.value": "9.0", "http://www.wikidata.org/prop/direct/P2547.unit": "http://www.ontology-of-units-of-measure.org/resource/om-2/meter", "http://www.wikidata.org/prop/direct/P3018": "Altenwerder Logistik", "https://gdi-de.github.io/apworkshop2026/ont#stammdurchmesser.value": "32.0", "https://gdi-de.github.io/apworkshop2026/ont#stammdurchmesser.unit": "http://www.ontology-of-units-of-measure.org/resource/om-2/centimeter"}, "geometry": {"type": "MultiPoint", "coordinates": [[9.928516211527473, 53.510058276431906]]}}, {"type": "Feature", "id": "https://gdi-de.github.io/apworkshop2026/VEDL311", "name": "Baum VEDL311 (gdide:VEDL311)", "dateprops": [], "properties": {"http://www.w3.org/2000/01/rdf-schema#label": "Baum VEDL311", "http://rdfs.org/ns/void#inDataset.value": "72757", "http://www.w3.org/2000/01/rdf-schema#comment": "sonst. \u00f6ff. Fl\u00e4chen", "http://www.wikidata.org/prop/direct/P2547.value": "2.0", "http://www.wikidata.org/prop/direct/P2547.unit": "http://www.ontology-of-units-of-measure.org/resource/om-2/meter", "http://www.wikidata.org/prop/direct/P3018": "Veddel", "https://gdi-de.github.io/apworkshop2026/ont#stammdurchmesser.value": "7.0", "https://gdi-de.github.io/apworkshop2026/ont#stammdurchmesser.unit": "http://www.ontology-of-units-of-measure.org/resource/om-2/centimeter"}, "geometry": {"type": "MultiPoint", "coordinates": [[10.027556244152796, 53.52245799260083]]}}, {"type": "Feature", "id": "https://gdi-de.github.io/apworkshop2026/HHBG232", "name": "Baum HHBG232 (gdide:HHBG232)", "dateprops": [], "properties": {"http://www.w3.org/2000/01/rdf-schema#label": "Baum HHBG232", "http://rdfs.org/ns/void#inDataset.value": "72757", "http://www.w3.org/2000/01/rdf-schema#comment": "Stra\u00dfe", "http://www.wikidata.org/prop/direct/P2547.value": "6.0", "http://www.wikidata.org/prop/direct/P2547.unit": "http://www.ontology-of-units-of-measure.org/resource/om-2/meter", "http://www.wikidata.org/prop/direct/P3018": "Harburg", "https://gdi-de.github.io/apworkshop2026/ont#stammdurchmesser.value": "22.0", "https://gdi-de.github.io/apworkshop2026/ont#stammdurchmesser.unit": "http://www.ontology-of-units-of-measure.org/resource/om-2/centimeter"}, "geometry": {"type": "MultiPoint", "coordinates": [[9.978826107486308, 53.46550605466865]]}}, {"type": "Feature", "id": "https://gdi-de.github.io/apworkshop2026/RETH75", "name": "Baum RETH75 (gdide:RETH75)", "dateprops": [], "properties": {"http://www.w3.org/2000/01/rdf-schema#label": "Baum RETH75", "http://rdfs.org/ns/void#inDataset.value": "72757", "http://www.w3.org/2000/01/rdf-schema#comment": "Stra\u00dfe", "http://www.wikidata.org/prop/direct/P2547.value": "6.0", "http://www.wikidata.org/prop/direct/P2547.unit": "http://www.ontology-of-units-of-measure.org/resource/om-2/meter", "http://www.wikidata.org/prop/direct/P3018": "Rethe", "https://gdi-de.github.io/apworkshop2026/ont#stammdurchmesser.value": "21.0", "https://gdi-de.github.io/apworkshop2026/ont#stammdurchmesser.unit": "http://www.ontology-of-units-of-measure.org/resource/om-2/centimeter"}, "geometry": {"type": "MultiPoint", "coordinates": [[9.966289722437695, 53.505574988786535]]}}, {"type": "Feature", "id": "https://gdi-de.github.io/apworkshop2026/BFASN416", "name": "Baum BFASN416 (gdide:BFASN416)", "dateprops": [], "properties": {"http://www.w3.org/2000/01/rdf-schema#label": "Baum BFASN416", "http://rdfs.org/ns/void#inDataset.value": "72757", "http://www.w3.org/2000/01/rdf-schema#comment": "Stra\u00dfe", "http://www.wikidata.org/prop/direct/P2547.value": "2.0", "http://www.wikidata.org/prop/direct/P2547.unit": "http://www.ontology-of-units-of-measure.org/resource/om-2/meter", "http://www.wikidata.org/prop/direct/P3018": "Bahnhof Alte S\u00fcderelbe Nord", "https://gdi-de.github.io/apworkshop2026/ont#stammdurchmesser.value": "10.0", "https://gdi-de.github.io/apworkshop2026/ont#stammdurchmesser.unit": "http://www.ontology-of-units-of-measure.org/resource/om-2/centimeter"}, "geometry": {"type": "MultiPoint", "coordinates": [[9.91113314602645, 53.5053610886564]]}}, {"type": "Feature", "id": "https://gdi-de.github.io/apworkshop2026/FINW340", "name": "Baum FINW340 (gdide:FINW340)", "dateprops": [], "properties": {"http://www.w3.org/2000/01/rdf-schema#label": "Baum FINW340", "http://rdfs.org/ns/void#inDataset.value": "72757", "http://www.w3.org/2000/01/rdf-schema#comment": "Wasserwirtschaft", "http://www.wikidata.org/prop/direct/P2547.value": "10.0", "http://www.wikidata.org/prop/direct/P2547.unit": "http://www.ontology-of-units-of-measure.org/resource/om-2/meter", "http://www.wikidata.org/prop/direct/P3018": "Finkenwerder", "https://gdi-de.github.io/apworkshop2026/ont#stammdurchmesser.value": "37.0", "https://gdi-de.github.io/apworkshop2026/ont#stammdurchmesser.unit": "http://www.ontology-of-units-of-measure.org/resource/om-2/centimeter"}, "geometry": {"type": "MultiPoint", "coordinates": [[9.828540224207629, 53.52879533450247]]}}, {"type": "Feature", "id": "https://gdi-de.github.io/apworkshop2026/ALTW365", "name": "Baum ALTW365 (gdide:ALTW365)", "dateprops": [], "properties": {"http://www.w3.org/2000/01/rdf-schema#label": "Baum ALTW365", "http://rdfs.org/ns/void#inDataset.value": "72757", "http://www.w3.org/2000/01/rdf-schema#comment": "sonst. \u00f6ff. Fl\u00e4chen", "http://www.wikidata.org/prop/direct/P2547.value": "10.0", "http://www.wikidata.org/prop/direct/P2547.unit": "http://www.ontology-of-units-of-measure.org/resource/om-2/meter", "http://www.wikidata.org/prop/direct/P3018": "Altenwerder Logistik", "https://gdi-de.github.io/apworkshop2026/ont#stammdurchmesser.value": "33.0", "https://gdi-de.github.io/apworkshop2026/ont#stammdurchmesser.unit": "http://www.ontology-of-units-of-measure.org/resource/om-2/centimeter"}, "geometry": {"type": "MultiPoint", "coordinates": [[9.92923331865248, 53.51016767748935]]}}, {"type": "Feature", "id": "https://gdi-de.github.io/apworkshop2026/RETH146", "name": "Baum RETH146 (gdide:RETH146)", "dateprops": [], "properties": {"http://www.w3.org/2000/01/rdf-schema#label": "Baum RETH146", "http://rdfs.org/ns/void#inDataset.value": "72757", "http://www.w3.org/2000/01/rdf-schema#comment": "Stra\u00dfe", "http://www.wikidata.org/prop/direct/P2547.value": "5.0", "http://www.wikidata.org/prop/direct/P2547.unit": "http://www.ontology-of-units-of-measure.org/resource/om-2/meter", "http://www.wikidata.org/prop/direct/P3018": "Rethe", "https://gdi-de.github.io/apworkshop2026/ont#stammdurchmesser.value": "19.0", "https://gdi-de.github.io/apworkshop2026/ont#stammdurchmesser.unit": "http://www.ontology-of-units-of-measure.org/resource/om-2/centimeter"}, "geometry": {"type": "MultiPoint", "coordinates": [[9.967533233336042, 53.51079381535099]]}}, {"type": "Feature", "id": "https://gdi-de.github.io/apworkshop2026/FINW341", "name": "Baum FINW341 (gdide:FINW341)", "dateprops": [], "properties": {"http://www.w3.org/2000/01/rdf-schema#label": "Baum FINW341", "http://rdfs.org/ns/void#inDataset.value": "72757", "http://www.w3.org/2000/01/rdf-schema#comment": "Wasserwirtschaft", "http://www.wikidata.org/prop/direct/P2547.value": "10.0", "http://www.wikidata.org/prop/direct/P2547.unit": "http://www.ontology-of-units-of-measure.org/resource/om-2/meter", "http://www.wikidata.org/prop/direct/P3018": "Finkenwerder", "https://gdi-de.github.io/apworkshop2026/ont#stammdurchmesser.value": "30.0", "https://gdi-de.github.io/apworkshop2026/ont#stammdurchmesser.unit": "http://www.ontology-of-units-of-measure.org/resource/om-2/centimeter"}, "geometry": {"type": "MultiPoint", "coordinates": [[9.82859761757113, 53.52883893357278]]}}, {"type": "Feature", "id": "https://gdi-de.github.io/apworkshop2026/SCHG209", "name": "Baum SCHG209 (gdide:SCHG209)", "dateprops": [], "properties": {"http://www.w3.org/2000/01/rdf-schema#label": "Baum SCHG209", "http://rdfs.org/ns/void#inDataset.value": "72757", "http://www.w3.org/2000/01/rdf-schema#comment": "Bahn", "http://www.wikidata.org/prop/direct/P2547.value": "6.0", "http://www.wikidata.org/prop/direct/P2547.unit": "http://www.ontology-of-units-of-measure.org/resource/om-2/meter", "http://www.wikidata.org/prop/direct/P3018": "Schluisgrove", "https://gdi-de.github.io/apworkshop2026/ont#stammdurchmesser.value": "29.0", "https://gdi-de.github.io/apworkshop2026/ont#stammdurchmesser.unit": "http://www.ontology-of-units-of-measure.org/resource/om-2/centimeter"}, "geometry": {"type": "MultiPoint", "coordinates": [[9.987115096174852, 53.48328258835893]]}}, {"type": "Feature", "id": "https://gdi-de.github.io/apworkshop2026/NHKL194", "name": "Baum NHKL194 (gdide:NHKL194)", "dateprops": [], "properties": {"http://www.w3.org/2000/01/rdf-schema#label": "Baum NHKL194", "http://rdfs.org/ns/void#inDataset.value": "72757", "http://www.w3.org/2000/01/rdf-schema#comment": "sonst. \u00f6ff. Fl\u00e4chen", "http://www.wikidata.org/prop/direct/P2547.value": "6.0", "http://www.wikidata.org/prop/direct/P2547.unit": "http://www.ontology-of-units-of-measure.org/resource/om-2/meter", "http://www.wikidata.org/prop/direct/P3018": "Neuh\u00f6fer Kanal", "https://gdi-de.github.io/apworkshop2026/ont#stammdurchmesser.value": "22.0", "https://gdi-de.github.io/apworkshop2026/ont#stammdurchmesser.unit": "http://www.ontology-of-units-of-measure.org/resource/om-2/centimeter"}, "geometry": {"type": "MultiPoint", "coordinates": [[9.968695635347387, 53.515170854066064]]}}, {"type": "Feature", "id": "https://gdi-de.github.io/apworkshop2026/WITB457", "name": "Baum WITB457 (gdide:WITB457)", "dateprops": [], "properties": {"http://www.w3.org/2000/01/rdf-schema#label": "Baum WITB457", "http://rdfs.org/ns/void#inDataset.value": "72757", "http://www.w3.org/2000/01/rdf-schema#comment": "Wasserwirtschaft", "http://www.wikidata.org/prop/direct/P2547.value": "15.0", "http://www.wikidata.org/prop/direct/P2547.unit": "http://www.ontology-of-units-of-measure.org/resource/om-2/meter", "http://www.wikidata.org/prop/direct/P3018": "Wittenbergen", "https://gdi-de.github.io/apworkshop2026/ont#stammdurchmesser.value": "67.0", "https://gdi-de.github.io/apworkshop2026/ont#stammdurchmesser.unit": "http://www.ontology-of-units-of-measure.org/resource/om-2/centimeter"}, "geometry": {"type": "MultiPoint", "coordinates": [[9.772562713390839, 53.563357428035836]]}}, {"type": "Feature", "id": "https://gdi-de.github.io/apworkshop2026/MEFC902", "name": "Baum MEFC902 (gdide:MEFC902)", "dateprops": [], "properties": {"http://www.w3.org/2000/01/rdf-schema#label": "Baum MEFC902", "http://rdfs.org/ns/void#inDataset.value": "72757", "http://www.w3.org/2000/01/rdf-schema#comment": "Francop", "http://www.wikidata.org/prop/direct/P2547.value": "3.5", "http://www.wikidata.org/prop/direct/P2547.unit": "http://www.ontology-of-units-of-measure.org/resource/om-2/meter", "http://www.wikidata.org/prop/direct/P3018": "METHA-Francop", "https://gdi-de.github.io/apworkshop2026/ont#stammdurchmesser.value": "12.0", "https://gdi-de.github.io/apworkshop2026/ont#stammdurchmesser.unit": "http://www.ontology-of-units-of-measure.org/resource/om-2/centimeter"}, "geometry": {"type": "MultiPoint", "coordinates": [[9.88761989617822, 53.517706070414505]]}}, {"type": "Feature", "id": "https://gdi-de.github.io/apworkshop2026/NEUW255", "name": "Baum NEUW255 (gdide:NEUW255)", "dateprops": [], "properties": {"http://www.w3.org/2000/01/rdf-schema#label": "Baum NEUW255", "http://rdfs.org/ns/void#inDataset.value": "72757", "http://www.w3.org/2000/01/rdf-schema#comment": "BUKEA", "http://www.wikidata.org/prop/direct/P2547.value": "8.0", "http://www.wikidata.org/prop/direct/P2547.unit": "http://www.ontology-of-units-of-measure.org/resource/om-2/meter", "http://www.wikidata.org/prop/direct/P3018": "Neuwerk", "https://gdi-de.github.io/apworkshop2026/ont#stammdurchmesser.value": "32.0", "https://gdi-de.github.io/apworkshop2026/ont#stammdurchmesser.unit": "http://www.ontology-of-units-of-measure.org/resource/om-2/centimeter"}, "geometry": {"type": "MultiPoint", "coordinates": [[8.497165925386676, 53.91553424657519]]}}, {"type": "Feature", "id": "https://gdi-de.github.io/apworkshop2026/AEST156", "name": "Baum AEST156 (gdide:AEST156)", "dateprops": [], "properties": {"http://www.w3.org/2000/01/rdf-schema#label": "Baum AEST156", "http://rdfs.org/ns/void#inDataset.value": "72757", "http://www.w3.org/2000/01/rdf-schema#comment": "Wasserwirtschaft", "http://www.wikidata.org/prop/direct/P2547.value": "5.0", "http://www.wikidata.org/prop/direct/P2547.unit": "http://www.ontology-of-units-of-measure.org/resource/om-2/meter", "http://www.wikidata.org/prop/direct/P3018": "Altes Estesperrwerk", "https://gdi-de.github.io/apworkshop2026/ont#stammdurchmesser.value": "19.0", "https://gdi-de.github.io/apworkshop2026/ont#stammdurchmesser.unit": "http://www.ontology-of-units-of-measure.org/resource/om-2/centimeter"}, "geometry": {"type": "MultiPoint", "coordinates": [[9.792552429334943, 53.534968457355106]]}}, {"type": "Feature", "id": "https://gdi-de.github.io/apworkshop2026/BFHS690", "name": "Baum BFHS690 (gdide:BFHS690)", "dateprops": [], "properties": {"http://www.w3.org/2000/01/rdf-schema#label": "Baum BFHS690", "http://rdfs.org/ns/void#inDataset.value": "72757", "http://www.w3.org/2000/01/rdf-schema#comment": "sonst. \u00f6ff. Fl\u00e4chen", "http://www.wikidata.org/prop/direct/P2547.value": "4.0", "http://www.wikidata.org/prop/direct/P2547.unit": "http://www.ontology-of-units-of-measure.org/resource/om-2/meter", "http://www.wikidata.org/prop/direct/P3018": "Bahnhof Hohe Schaar", "https://gdi-de.github.io/apworkshop2026/ont#stammdurchmesser.value": "16.0", "https://gdi-de.github.io/apworkshop2026/ont#stammdurchmesser.unit": "http://www.ontology-of-units-of-measure.org/resource/om-2/centimeter"}, "geometry": {"type": "MultiPoint", "coordinates": [[9.972035661405272, 53.49611688024411]]}}, {"type": "Feature", "id": "https://gdi-de.github.io/apworkshop2026/KLGB236", "name": "Baum KLGB236 (gdide:KLGB236)", "dateprops": [], "properties": {"http://www.w3.org/2000/01/rdf-schema#label": "Baum KLGB236", "http://rdfs.org/ns/void#inDataset.value": "72757", "http://www.w3.org/2000/01/rdf-schema#comment": "sonst. \u00f6ff. Fl\u00e4chen", "http://www.wikidata.org/prop/direct/P2547.value": "8.0", "http://www.wikidata.org/prop/direct/P2547.unit": "http://www.ontology-of-units-of-measure.org/resource/om-2/meter", "http://www.wikidata.org/prop/direct/P3018": "Kleiner Grasbrook", "https://gdi-de.github.io/apworkshop2026/ont#stammdurchmesser.value": "34.0", "https://gdi-de.github.io/apworkshop2026/ont#stammdurchmesser.unit": "http://www.ontology-of-units-of-measure.org/resource/om-2/centimeter"}, "geometry": {"type": "MultiPoint", "coordinates": [[9.981751049000858, 53.527765496993716]]}}, {"type": "Feature", "id": "https://gdi-de.github.io/apworkshop2026/MOBG749", "name": "Baum MOBG749 (gdide:MOBG749)", "dateprops": [], "properties": {"http://www.w3.org/2000/01/rdf-schema#label": "Baum MOBG749", "http://rdfs.org/ns/void#inDataset.value": "72757", "http://www.w3.org/2000/01/rdf-schema#comment": "sonst. \u00f6ff. Fl\u00e4chen", "http://www.wikidata.org/prop/direct/P2547.value": "9.0", "http://www.wikidata.org/prop/direct/P2547.unit": "http://www.ontology-of-units-of-measure.org/resource/om-2/meter", "http://www.wikidata.org/prop/direct/P3018": "Moorburg", "https://gdi-de.github.io/apworkshop2026/ont#stammdurchmesser.value": "32.0", "https://gdi-de.github.io/apworkshop2026/ont#stammdurchmesser.unit": "http://www.ontology-of-units-of-measure.org/resource/om-2/centimeter"}, "geometry": {"type": "MultiPoint", "coordinates": [[9.932765970456739, 53.480401976666144]]}}, {"type": "Feature", "id": "https://gdi-de.github.io/apworkshop2026/RETH139", "name": "Baum RETH139 (gdide:RETH139)", "dateprops": [], "properties": {"http://www.w3.org/2000/01/rdf-schema#label": "Baum RETH139", "http://rdfs.org/ns/void#inDataset.value": "72757", "http://www.w3.org/2000/01/rdf-schema#comment": "Stra\u00dfe", "http://www.wikidata.org/prop/direct/P2547.value": "9.0", "http://www.wikidata.org/prop/direct/P2547.unit": "http://www.ontology-of-units-of-measure.org/resource/om-2/meter", "http://www.wikidata.org/prop/direct/P3018": "Rethe", "https://gdi-de.github.io/apworkshop2026/ont#stammdurchmesser.value": "36.0", "https://gdi-de.github.io/apworkshop2026/ont#stammdurchmesser.unit": "http://www.ontology-of-units-of-measure.org/resource/om-2/centimeter"}, "geometry": {"type": "MultiPoint", "coordinates": [[9.967416694894233, 53.511099880142105]]}}, {"type": "Feature", "id": "https://gdi-de.github.io/apworkshop2026/RDLD227", "name": "Baum RDLD227 (gdide:RDLD227)", "dateprops": [], "properties": {"http://www.w3.org/2000/01/rdf-schema#label": "Baum RDLD227", "http://rdfs.org/ns/void#inDataset.value": "72757", "http://www.w3.org/2000/01/rdf-schema#comment": "sonst. \u00f6ff. Fl\u00e4chen", "http://www.wikidata.org/prop/direct/P2547.value": "3.0", "http://www.wikidata.org/prop/direct/P2547.unit": "http://www.ontology-of-units-of-measure.org/resource/om-2/meter", "http://www.wikidata.org/prop/direct/P3018": "Radeland", "https://gdi-de.github.io/apworkshop2026/ont#stammdurchmesser.value": "13.0", "https://gdi-de.github.io/apworkshop2026/ont#stammdurchmesser.unit": "http://www.ontology-of-units-of-measure.org/resource/om-2/centimeter"}, "geometry": {"type": "MultiPoint", "coordinates": [[9.960722206851848, 53.471829205377105]]}}, {"type": "Feature", "id": "https://gdi-de.github.io/apworkshop2026/RETH147", "name": "Baum RETH147 (gdide:RETH147)", "dateprops": [], "properties": {"http://www.w3.org/2000/01/rdf-schema#label": "Baum RETH147", "http://rdfs.org/ns/void#inDataset.value": "72757", "http://www.w3.org/2000/01/rdf-schema#comment": "Stra\u00dfe", "http://www.wikidata.org/prop/direct/P2547.value": "7.0", "http://www.wikidata.org/prop/direct/P2547.unit": "http://www.ontology-of-units-of-measure.org/resource/om-2/meter", "http://www.wikidata.org/prop/direct/P3018": "Rethe", "https://gdi-de.github.io/apworkshop2026/ont#stammdurchmesser.value": "28.0", "https://gdi-de.github.io/apworkshop2026/ont#stammdurchmesser.unit": "http://www.ontology-of-units-of-measure.org/resource/om-2/centimeter"}, "geometry": {"type": "MultiPoint", "coordinates": [[9.967583637806634, 53.51085973052811]]}}, {"type": "Feature", "id": "https://gdi-de.github.io/apworkshop2026/VEDL355", "name": "Baum VEDL355 (gdide:VEDL355)", "dateprops": [], "properties": {"http://www.w3.org/2000/01/rdf-schema#label": "Baum VEDL355", "http://rdfs.org/ns/void#inDataset.value": "72757", "http://www.w3.org/2000/01/rdf-schema#comment": "Stra\u00dfe", "http://www.wikidata.org/prop/direct/P2547.value": "2.0", "http://www.wikidata.org/prop/direct/P2547.unit": "http://www.ontology-of-units-of-measure.org/resource/om-2/meter", "http://www.wikidata.org/prop/direct/P3018": "Veddel", "https://gdi-de.github.io/apworkshop2026/ont#stammdurchmesser.value": "5.0", "https://gdi-de.github.io/apworkshop2026/ont#stammdurchmesser.unit": "http://www.ontology-of-units-of-measure.org/resource/om-2/centimeter"}, "geometry": {"type": "MultiPoint", "coordinates": [[10.026469399439998, 53.524381012711416]]}}, {"type": "Feature", "id": "https://gdi-de.github.io/apworkshop2026/BUHS204", "name": "Baum BUHS204 (gdide:BUHS204)", "dateprops": [], "properties": {"http://www.w3.org/2000/01/rdf-schema#label": "Baum BUHS204", "http://rdfs.org/ns/void#inDataset.value": "72757", "http://www.w3.org/2000/01/rdf-schema#comment": "sonst. \u00f6ff. Fl\u00e4chen", "http://www.wikidata.org/prop/direct/P2547.value": "15.0", "http://www.wikidata.org/prop/direct/P2547.unit": "http://www.ontology-of-units-of-measure.org/resource/om-2/meter", "http://www.wikidata.org/prop/direct/P3018": "Bunthaus", "https://gdi-de.github.io/apworkshop2026/ont#stammdurchmesser.value": "72.0", "https://gdi-de.github.io/apworkshop2026/ont#stammdurchmesser.unit": "http://www.ontology-of-units-of-measure.org/resource/om-2/centimeter"}, "geometry": {"type": "MultiPoint", "coordinates": [[10.062364919366697, 53.462440293334275]]}}, {"type": "Feature", "id": "https://gdi-de.github.io/apworkshop2026/BFHS625", "name": "Baum BFHS625 (gdide:BFHS625)", "dateprops": [], "properties": {"http://www.w3.org/2000/01/rdf-schema#label": "Baum BFHS625", "http://rdfs.org/ns/void#inDataset.value": "72757", "http://www.w3.org/2000/01/rdf-schema#comment": "sonst. \u00f6ff. Fl\u00e4chen", "http://www.wikidata.org/prop/direct/P2547.value": "8.0", "http://www.wikidata.org/prop/direct/P2547.unit": "http://www.ontology-of-units-of-measure.org/resource/om-2/meter", "http://www.wikidata.org/prop/direct/P3018": "Bahnhof Hohe Schaar", "https://gdi-de.github.io/apworkshop2026/ont#stammdurchmesser.value": "32.0", "https://gdi-de.github.io/apworkshop2026/ont#stammdurchmesser.unit": "http://www.ontology-of-units-of-measure.org/resource/om-2/centimeter"}, "geometry": {"type": "MultiPoint", "coordinates": [[9.971331894262233, 53.49639282093681]]}}, {"type": "Feature", "id": "https://gdi-de.github.io/apworkshop2026/BFHS447", "name": "Baum BFHS447 (gdide:BFHS447)", "dateprops": [], "properties": {"http://www.w3.org/2000/01/rdf-schema#label": "Baum BFHS447", "http://rdfs.org/ns/void#inDataset.value": "72757", "http://www.w3.org/2000/01/rdf-schema#comment": "sonst. \u00f6ff. Fl\u00e4chen", "http://www.wikidata.org/prop/direct/P2547.value": "4.0", "http://www.wikidata.org/prop/direct/P2547.unit": "http://www.ontology-of-units-of-measure.org/resource/om-2/meter", "http://www.wikidata.org/prop/direct/P3018": "Bahnhof Hohe Schaar", "https://gdi-de.github.io/apworkshop2026/ont#stammdurchmesser.value": "22.0", "https://gdi-de.github.io/apworkshop2026/ont#stammdurchmesser.unit": "http://www.ontology-of-units-of-measure.org/resource/om-2/centimeter"}, "geometry": {"type": "MultiPoint", "coordinates": [[9.96986878120953, 53.496616230209476]]}}, {"type": "Feature", "id": "https://gdi-de.github.io/apworkshop2026/MOBG740", "name": "Baum MOBG740 (gdide:MOBG740)", "dateprops": [], "properties": {"http://www.w3.org/2000/01/rdf-schema#label": "Baum MOBG740", "http://rdfs.org/ns/void#inDataset.value": "72757", "http://www.w3.org/2000/01/rdf-schema#comment": "sonst. \u00f6ff. Fl\u00e4chen", "http://www.wikidata.org/prop/direct/P2547.value": "10.0", "http://www.wikidata.org/prop/direct/P2547.unit": "http://www.ontology-of-units-of-measure.org/resource/om-2/meter", "http://www.wikidata.org/prop/direct/P3018": "Moorburg", "https://gdi-de.github.io/apworkshop2026/ont#stammdurchmesser.value": "nan", "https://gdi-de.github.io/apworkshop2026/ont#stammdurchmesser.unit": "http://www.ontology-of-units-of-measure.org/resource/om-2/centimeter"}, "geometry": {"type": "MultiPoint", "coordinates": [[9.933293263562211, 53.48098516787507]]}}, {"type": "Feature", "id": "https://gdi-de.github.io/apworkshop2026/MOBG604", "name": "Baum MOBG604 (gdide:MOBG604)", "dateprops": [], "properties": {"http://www.w3.org/2000/01/rdf-schema#label": "Baum MOBG604", "http://rdfs.org/ns/void#inDataset.value": "72757", "http://www.w3.org/2000/01/rdf-schema#comment": "sonst. \u00f6ff. Fl\u00e4chen", "http://www.wikidata.org/prop/direct/P2547.value": "6.0", "http://www.wikidata.org/prop/direct/P2547.unit": "http://www.ontology-of-units-of-measure.org/resource/om-2/meter", "http://www.wikidata.org/prop/direct/P3018": "Moorburg", "https://gdi-de.github.io/apworkshop2026/ont#stammdurchmesser.value": "19.0", "https://gdi-de.github.io/apworkshop2026/ont#stammdurchmesser.unit": "http://www.ontology-of-units-of-measure.org/resource/om-2/centimeter"}, "geometry": {"type": "MultiPoint", "coordinates": [[9.923932108632611, 53.49513061418799]]}}, {"type": "Feature", "id": "https://gdi-de.github.io/apworkshop2026/MEFC888", "name": "Baum MEFC888 (gdide:MEFC888)", "dateprops": [], "properties": {"http://www.w3.org/2000/01/rdf-schema#label": "Baum MEFC888", "http://rdfs.org/ns/void#inDataset.value": "72757", "http://www.w3.org/2000/01/rdf-schema#comment": "Francop", "http://www.wikidata.org/prop/direct/P2547.value": "2.0", "http://www.wikidata.org/prop/direct/P2547.unit": "http://www.ontology-of-units-of-measure.org/resource/om-2/meter", "http://www.wikidata.org/prop/direct/P3018": "METHA-Francop", "https://gdi-de.github.io/apworkshop2026/ont#stammdurchmesser.value": "9.0", "https://gdi-de.github.io/apworkshop2026/ont#stammdurchmesser.unit": "http://www.ontology-of-units-of-measure.org/resource/om-2/centimeter"}, "geometry": {"type": "MultiPoint", "coordinates": [[9.887258872248685, 53.517711726694294]]}}, {"type": "Feature", "id": "https://gdi-de.github.io/apworkshop2026/WITB393", "name": "Baum WITB393 (gdide:WITB393)", "dateprops": [], "properties": {"http://www.w3.org/2000/01/rdf-schema#label": "Baum WITB393", "http://rdfs.org/ns/void#inDataset.value": "72757", "http://www.w3.org/2000/01/rdf-schema#comment": "Wasserwirtschaft", "http://www.wikidata.org/prop/direct/P2547.value": "13.0", "http://www.wikidata.org/prop/direct/P2547.unit": "http://www.ontology-of-units-of-measure.org/resource/om-2/meter", "http://www.wikidata.org/prop/direct/P3018": "Wittenbergen", "https://gdi-de.github.io/apworkshop2026/ont#stammdurchmesser.value": "72.0", "https://gdi-de.github.io/apworkshop2026/ont#stammdurchmesser.unit": "http://www.ontology-of-units-of-measure.org/resource/om-2/centimeter"}, "geometry": {"type": "MultiPoint", "coordinates": [[9.772204384407157, 53.563384190371714]]}}, {"type": "Feature", "id": "https://gdi-de.github.io/apworkshop2026/BFHS369", "name": "Baum BFHS369 (gdide:BFHS369)", "dateprops": [], "properties": {"http://www.w3.org/2000/01/rdf-schema#label": "Baum BFHS369", "http://rdfs.org/ns/void#inDataset.value": "72757", "http://www.w3.org/2000/01/rdf-schema#comment": "sonst. \u00f6ff. Fl\u00e4chen", "http://www.wikidata.org/prop/direct/P2547.value": "6.0", "http://www.wikidata.org/prop/direct/P2547.unit": "http://www.ontology-of-units-of-measure.org/resource/om-2/meter", "http://www.wikidata.org/prop/direct/P3018": "Bahnhof Hohe Schaar", "https://gdi-de.github.io/apworkshop2026/ont#stammdurchmesser.value": "23.0", "https://gdi-de.github.io/apworkshop2026/ont#stammdurchmesser.unit": "http://www.ontology-of-units-of-measure.org/resource/om-2/centimeter"}, "geometry": {"type": "MultiPoint", "coordinates": [[9.9691432209377, 53.496681408615615]]}}, {"type": "Feature", "id": "https://gdi-de.github.io/apworkshop2026/FINW363", "name": "Baum FINW363 (gdide:FINW363)", "dateprops": [], "properties": {"http://www.w3.org/2000/01/rdf-schema#label": "Baum FINW363", "http://rdfs.org/ns/void#inDataset.value": "72757", "http://www.w3.org/2000/01/rdf-schema#comment": "Wasserwirtschaft", "http://www.wikidata.org/prop/direct/P2547.value": "4.0", "http://www.wikidata.org/prop/direct/P2547.unit": "http://www.ontology-of-units-of-measure.org/resource/om-2/meter", "http://www.wikidata.org/prop/direct/P3018": "Finkenwerder", "https://gdi-de.github.io/apworkshop2026/ont#stammdurchmesser.value": "18.0", "https://gdi-de.github.io/apworkshop2026/ont#stammdurchmesser.unit": "http://www.ontology-of-units-of-measure.org/resource/om-2/centimeter"}, "geometry": {"type": "MultiPoint", "coordinates": [[9.829405553354515, 53.52922433351906]]}}, {"type": "Feature", "id": "https://gdi-de.github.io/apworkshop2026/KTWK860", "name": "Baum KTWK860 (gdide:KTWK860)", "dateprops": [], "properties": {"http://www.w3.org/2000/01/rdf-schema#label": "Baum KTWK860", "http://rdfs.org/ns/void#inDataset.value": "72757", "http://www.w3.org/2000/01/rdf-schema#comment": "Wasserwirtschaft", "http://www.wikidata.org/prop/direct/P2547.value": "3.0", "http://www.wikidata.org/prop/direct/P2547.unit": "http://www.ontology-of-units-of-measure.org/resource/om-2/meter", "http://www.wikidata.org/prop/direct/P3018": "Kattwyk", "https://gdi-de.github.io/apworkshop2026/ont#stammdurchmesser.value": "13.0", "https://gdi-de.github.io/apworkshop2026/ont#stammdurchmesser.unit": "http://www.ontology-of-units-of-measure.org/resource/om-2/centimeter"}, "geometry": {"type": "MultiPoint", "coordinates": [[9.942046591421118, 53.513229414279806]]}}, {"type": "Feature", "id": "https://gdi-de.github.io/apworkshop2026/MOBG745", "name": "Baum MOBG745 (gdide:MOBG745)", "dateprops": [], "properties": {"http://www.w3.org/2000/01/rdf-schema#label": "Baum MOBG745", "http://rdfs.org/ns/void#inDataset.value": "72757", "http://www.w3.org/2000/01/rdf-schema#comment": "sonst. \u00f6ff. Fl\u00e4chen", "http://www.wikidata.org/prop/direct/P2547.value": "15.0", "http://www.wikidata.org/prop/direct/P2547.unit": "http://www.ontology-of-units-of-measure.org/resource/om-2/meter", "http://www.wikidata.org/prop/direct/P3018": "Moorburg", "https://gdi-de.github.io/apworkshop2026/ont#stammdurchmesser.value": "nan", "https://gdi-de.github.io/apworkshop2026/ont#stammdurchmesser.unit": "http://www.ontology-of-units-of-measure.org/resource/om-2/centimeter"}, "geometry": {"type": "MultiPoint", "coordinates": [[9.93307936570991, 53.48070324652734]]}}, {"type": "Feature", "id": "https://gdi-de.github.io/apworkshop2026/ROSD156", "name": "Baum ROSD156 (gdide:ROSD156)", "dateprops": [], "properties": {"http://www.w3.org/2000/01/rdf-schema#label": "Baum ROSD156", "http://rdfs.org/ns/void#inDataset.value": "72757", "http://www.w3.org/2000/01/rdf-schema#comment": "Stra\u00dfe", "http://www.wikidata.org/prop/direct/P2547.value": "4.0", "http://www.wikidata.org/prop/direct/P2547.unit": "http://www.ontology-of-units-of-measure.org/resource/om-2/meter", "http://www.wikidata.org/prop/direct/P3018": "Ro\u00dfdamm", "https://gdi-de.github.io/apworkshop2026/ont#stammdurchmesser.value": "18.0", "https://gdi-de.github.io/apworkshop2026/ont#stammdurchmesser.unit": "http://www.ontology-of-units-of-measure.org/resource/om-2/centimeter"}, "geometry": {"type": "MultiPoint", "coordinates": [[9.975142278202886, 53.527909294486]]}}, {"type": "Feature", "id": "https://gdi-de.github.io/apworkshop2026/MOBG381", "name": "Baum MOBG381 (gdide:MOBG381)", "dateprops": [], "properties": {"http://www.w3.org/2000/01/rdf-schema#label": "Baum MOBG381", "http://rdfs.org/ns/void#inDataset.value": "72757", "http://www.w3.org/2000/01/rdf-schema#comment": "sonst. \u00f6ff. Fl\u00e4chen", "http://www.wikidata.org/prop/direct/P2547.value": "5.0", "http://www.wikidata.org/prop/direct/P2547.unit": "http://www.ontology-of-units-of-measure.org/resource/om-2/meter", "http://www.wikidata.org/prop/direct/P3018": "Moorburg", "https://gdi-de.github.io/apworkshop2026/ont#stammdurchmesser.value": "29.0", "https://gdi-de.github.io/apworkshop2026/ont#stammdurchmesser.unit": "http://www.ontology-of-units-of-measure.org/resource/om-2/centimeter"}, "geometry": {"type": "MultiPoint", "coordinates": [[9.943601224834966, 53.49125050731713]]}}, {"type": "Feature", "id": "https://gdi-de.github.io/apworkshop2026/ROSD154", "name": "Baum ROSD154 (gdide:ROSD154)", "dateprops": [], "properties": {"http://www.w3.org/2000/01/rdf-schema#label": "Baum ROSD154", "http://rdfs.org/ns/void#inDataset.value": "72757", "http://www.w3.org/2000/01/rdf-schema#comment": "Stra\u00dfe", "http://www.wikidata.org/prop/direct/P2547.value": "5.0", "http://www.wikidata.org/prop/direct/P2547.unit": "http://www.ontology-of-units-of-measure.org/resource/om-2/meter", "http://www.wikidata.org/prop/direct/P3018": "Ro\u00dfdamm", "https://gdi-de.github.io/apworkshop2026/ont#stammdurchmesser.value": "23.0", "https://gdi-de.github.io/apworkshop2026/ont#stammdurchmesser.unit": "http://www.ontology-of-units-of-measure.org/resource/om-2/centimeter"}, "geometry": {"type": "MultiPoint", "coordinates": [[9.97516850900918, 53.527806608740725]]}}, {"type": "Feature", "id": "https://gdi-de.github.io/apworkshop2026/PIOI287", "name": "Baum PIOI287 (gdide:PIOI287)", "dateprops": [], "properties": {"http://www.w3.org/2000/01/rdf-schema#label": "Baum PIOI287", "http://rdfs.org/ns/void#inDataset.value": "72757", "http://www.w3.org/2000/01/rdf-schema#comment": "Wasserwirtschaft", "http://www.wikidata.org/prop/direct/P2547.value": "9.0", "http://www.wikidata.org/prop/direct/P2547.unit": "http://www.ontology-of-units-of-measure.org/resource/om-2/meter", "http://www.wikidata.org/prop/direct/P3018": "Pionierinsel", "https://gdi-de.github.io/apworkshop2026/ont#stammdurchmesser.value": "35.0", "https://gdi-de.github.io/apworkshop2026/ont#stammdurchmesser.unit": "http://www.ontology-of-units-of-measure.org/resource/om-2/centimeter"}, "geometry": {"type": "MultiPoint", "coordinates": [[10.003228833196262, 53.47046699331035]]}}, {"type": "Feature", "id": "https://gdi-de.github.io/apworkshop2026/GZAW511", "name": "Baum GZAW511 (gdide:GZAW511)", "dateprops": [], "properties": {"http://www.w3.org/2000/01/rdf-schema#label": "Baum GZAW511", "http://rdfs.org/ns/void#inDataset.value": "72757", "http://www.w3.org/2000/01/rdf-schema#comment": "sonst. \u00f6ff. Fl\u00e4chen", "http://www.wikidata.org/prop/direct/P2547.value": "20.0", "http://www.wikidata.org/prop/direct/P2547.unit": "http://www.ontology-of-units-of-measure.org/resource/om-2/meter", "http://www.wikidata.org/prop/direct/P3018": "Gr\u00fcnzug Altenwerder", "https://gdi-de.github.io/apworkshop2026/ont#stammdurchmesser.value": "48.0", "https://gdi-de.github.io/apworkshop2026/ont#stammdurchmesser.unit": "http://www.ontology-of-units-of-measure.org/resource/om-2/centimeter"}, "geometry": {"type": "MultiPoint", "coordinates": [[9.917765416752255, 53.50723442518582]]}}, {"type": "Feature", "id": "https://gdi-de.github.io/apworkshop2026/MOBG631", "name": "Baum MOBG631 (gdide:MOBG631)", "dateprops": [], "properties": {"http://www.w3.org/2000/01/rdf-schema#label": "Baum MOBG631", "http://rdfs.org/ns/void#inDataset.value": "72757", "http://www.w3.org/2000/01/rdf-schema#comment": "sonst. \u00f6ff. Fl\u00e4chen", "http://www.wikidata.org/prop/direct/P2547.value": "6.0", "http://www.wikidata.org/prop/direct/P2547.unit": "http://www.ontology-of-units-of-measure.org/resource/om-2/meter", "http://www.wikidata.org/prop/direct/P3018": "Moorburg", "https://gdi-de.github.io/apworkshop2026/ont#stammdurchmesser.value": "22.0", "https://gdi-de.github.io/apworkshop2026/ont#stammdurchmesser.unit": "http://www.ontology-of-units-of-measure.org/resource/om-2/centimeter"}, "geometry": {"type": "MultiPoint", "coordinates": [[9.921657960608792, 53.495203907052996]]}}, {"type": "Feature", "id": "https://gdi-de.github.io/apworkshop2026/REIN172", "name": "Baum REIN172 (gdide:REIN172)", "dateprops": [], "properties": {"http://www.w3.org/2000/01/rdf-schema#label": "Baum REIN172", "http://rdfs.org/ns/void#inDataset.value": "72757", "http://www.w3.org/2000/01/rdf-schema#comment": "sonst. \u00f6ff. Fl\u00e4chen", "http://www.wikidata.org/prop/direct/P2547.value": "5.0", "http://www.wikidata.org/prop/direct/P2547.unit": "http://www.ontology-of-units-of-measure.org/resource/om-2/meter", "http://www.wikidata.org/prop/direct/P3018": "Reiherstieg Nord", "https://gdi-de.github.io/apworkshop2026/ont#stammdurchmesser.value": "19.0", "https://gdi-de.github.io/apworkshop2026/ont#stammdurchmesser.unit": "http://www.ontology-of-units-of-measure.org/resource/om-2/centimeter"}, "geometry": {"type": "MultiPoint", "coordinates": [[9.978198014422805, 53.51682146489394]]}}, {"type": "Feature", "id": "https://gdi-de.github.io/apworkshop2026/ROSD150", "name": "Baum ROSD150 (gdide:ROSD150)", "dateprops": [], "properties": {"http://www.w3.org/2000/01/rdf-schema#label": "Baum ROSD150", "http://rdfs.org/ns/void#inDataset.value": "72757", "http://www.w3.org/2000/01/rdf-schema#comment": "Stra\u00dfe", "http://www.wikidata.org/prop/direct/P2547.value": "5.0", "http://www.wikidata.org/prop/direct/P2547.unit": "http://www.ontology-of-units-of-measure.org/resource/om-2/meter", "http://www.wikidata.org/prop/direct/P3018": "Ro\u00dfdamm", "https://gdi-de.github.io/apworkshop2026/ont#stammdurchmesser.value": "21.0", "https://gdi-de.github.io/apworkshop2026/ont#stammdurchmesser.unit": "http://www.ontology-of-units-of-measure.org/resource/om-2/centimeter"}, "geometry": {"type": "MultiPoint", "coordinates": [[9.97550026582676, 53.527927797117215]]}}, {"type": "Feature", "id": "https://gdi-de.github.io/apworkshop2026/FINW343", "name": "Baum FINW343 (gdide:FINW343)", "dateprops": [], "properties": {"http://www.w3.org/2000/01/rdf-schema#label": "Baum FINW343", "http://rdfs.org/ns/void#inDataset.value": "72757", "http://www.w3.org/2000/01/rdf-schema#comment": "Wasserwirtschaft", "http://www.wikidata.org/prop/direct/P2547.value": "8.0", "http://www.wikidata.org/prop/direct/P2547.unit": "http://www.ontology-of-units-of-measure.org/resource/om-2/meter", "http://www.wikidata.org/prop/direct/P3018": "Finkenwerder", "https://gdi-de.github.io/apworkshop2026/ont#stammdurchmesser.value": "30.0", "https://gdi-de.github.io/apworkshop2026/ont#stammdurchmesser.unit": "http://www.ontology-of-units-of-measure.org/resource/om-2/centimeter"}, "geometry": {"type": "MultiPoint", "coordinates": [[9.828697240736137, 53.52886440416627]]}}, {"type": "Feature", "id": "https://gdi-de.github.io/apworkshop2026/NHKL314", "name": "Baum NHKL314 (gdide:NHKL314)", "dateprops": [], "properties": {"http://www.w3.org/2000/01/rdf-schema#label": "Baum NHKL314", "http://rdfs.org/ns/void#inDataset.value": "72757", "http://www.w3.org/2000/01/rdf-schema#comment": "Privatgrund", "http://www.wikidata.org/prop/direct/P2547.value": "5.0", "http://www.wikidata.org/prop/direct/P2547.unit": "http://www.ontology-of-units-of-measure.org/resource/om-2/meter", "http://www.wikidata.org/prop/direct/P3018": "Neuh\u00f6fer Kanal", "https://gdi-de.github.io/apworkshop2026/ont#stammdurchmesser.value": "19.0", "https://gdi-de.github.io/apworkshop2026/ont#stammdurchmesser.unit": "http://www.ontology-of-units-of-measure.org/resource/om-2/centimeter"}, "geometry": {"type": "MultiPoint", "coordinates": [[9.94507245865784, 53.520470501850966]]}}, {"type": "Feature", "id": "https://gdi-de.github.io/apworkshop2026/FINW329", "name": "Baum FINW329 (gdide:FINW329)", "dateprops": [], "properties": {"http://www.w3.org/2000/01/rdf-schema#label": "Baum FINW329", "http://rdfs.org/ns/void#inDataset.value": "72757", "http://www.w3.org/2000/01/rdf-schema#comment": "Wasserwirtschaft", "http://www.wikidata.org/prop/direct/P2547.value": "5.0", "http://www.wikidata.org/prop/direct/P2547.unit": "http://www.ontology-of-units-of-measure.org/resource/om-2/meter", "http://www.wikidata.org/prop/direct/P3018": "Finkenwerder", "https://gdi-de.github.io/apworkshop2026/ont#stammdurchmesser.value": "25.0", "https://gdi-de.github.io/apworkshop2026/ont#stammdurchmesser.unit": "http://www.ontology-of-units-of-measure.org/resource/om-2/centimeter"}, "geometry": {"type": "MultiPoint", "coordinates": [[9.828026477696639, 53.52906649169067]]}}, {"type": "Feature", "id": "https://gdi-de.github.io/apworkshop2026/BFHS439", "name": "Baum BFHS439 (gdide:BFHS439)", "dateprops": [], "properties": {"http://www.w3.org/2000/01/rdf-schema#label": "Baum BFHS439", "http://rdfs.org/ns/void#inDataset.value": "72757", "http://www.w3.org/2000/01/rdf-schema#comment": "sonst. \u00f6ff. Fl\u00e4chen", "http://www.wikidata.org/prop/direct/P2547.value": "5.0", "http://www.wikidata.org/prop/direct/P2547.unit": "http://www.ontology-of-units-of-measure.org/resource/om-2/meter", "http://www.wikidata.org/prop/direct/P3018": "Bahnhof Hohe Schaar", "https://gdi-de.github.io/apworkshop2026/ont#stammdurchmesser.value": "27.0", "https://gdi-de.github.io/apworkshop2026/ont#stammdurchmesser.unit": "http://www.ontology-of-units-of-measure.org/resource/om-2/centimeter"}, "geometry": {"type": "MultiPoint", "coordinates": [[9.968273247500795, 53.49683727635317]]}}, {"type": "Feature", "id": "https://gdi-de.github.io/apworkshop2026/FINW362", "name": "Baum FINW362 (gdide:FINW362)", "dateprops": [], "properties": {"http://www.w3.org/2000/01/rdf-schema#label": "Baum FINW362", "http://rdfs.org/ns/void#inDataset.value": "72757", "http://www.w3.org/2000/01/rdf-schema#comment": "Wasserwirtschaft", "http://www.wikidata.org/prop/direct/P2547.value": "10.0", "http://www.wikidata.org/prop/direct/P2547.unit": "http://www.ontology-of-units-of-measure.org/resource/om-2/meter", "http://www.wikidata.org/prop/direct/P3018": "Finkenwerder", "https://gdi-de.github.io/apworkshop2026/ont#stammdurchmesser.value": "33.0", "https://gdi-de.github.io/apworkshop2026/ont#stammdurchmesser.unit": "http://www.ontology-of-units-of-measure.org/resource/om-2/centimeter"}, "geometry": {"type": "MultiPoint", "coordinates": [[9.829425495953823, 53.52922340441123]]}}, {"type": "Feature", "id": "https://gdi-de.github.io/apworkshop2026/KTWK788", "name": "Baum KTWK788 (gdide:KTWK788)", "dateprops": [], "properties": {"http://www.w3.org/2000/01/rdf-schema#label": "Baum KTWK788", "http://rdfs.org/ns/void#inDataset.value": "72757", "http://www.w3.org/2000/01/rdf-schema#comment": "Wasserwirtschaft", "http://www.wikidata.org/prop/direct/P2547.value": "6.0", "http://www.wikidata.org/prop/direct/P2547.unit": "http://www.ontology-of-units-of-measure.org/resource/om-2/meter", "http://www.wikidata.org/prop/direct/P3018": "Kattwyk", "https://gdi-de.github.io/apworkshop2026/ont#stammdurchmesser.value": "25.0", "https://gdi-de.github.io/apworkshop2026/ont#stammdurchmesser.unit": "http://www.ontology-of-units-of-measure.org/resource/om-2/centimeter"}, "geometry": {"type": "MultiPoint", "coordinates": [[9.942156051138488, 53.512191068018275]]}}, {"type": "Feature", "id": "https://gdi-de.github.io/apworkshop2026/PIOI349", "name": "Baum PIOI349 (gdide:PIOI349)", "dateprops": [], "properties": {"http://www.w3.org/2000/01/rdf-schema#label": "Baum PIOI349", "http://rdfs.org/ns/void#inDataset.value": "72757", "http://www.w3.org/2000/01/rdf-schema#comment": "Wasserwirtschaft", "http://www.wikidata.org/prop/direct/P2547.value": "8.0", "http://www.wikidata.org/prop/direct/P2547.unit": "http://www.ontology-of-units-of-measure.org/resource/om-2/meter", "http://www.wikidata.org/prop/direct/P3018": "Pionierinsel", "https://gdi-de.github.io/apworkshop2026/ont#stammdurchmesser.value": "22.0", "https://gdi-de.github.io/apworkshop2026/ont#stammdurchmesser.unit": "http://www.ontology-of-units-of-measure.org/resource/om-2/centimeter"}, "geometry": {"type": "MultiPoint", "coordinates": [[10.004021596434496, 53.470819596019396]]}}, {"type": "Feature", "id": "https://gdi-de.github.io/apworkshop2026/GZAW671", "name": "Baum GZAW671 (gdide:GZAW671)", "dateprops": [], "properties": {"http://www.w3.org/2000/01/rdf-schema#label": "Baum GZAW671", "http://rdfs.org/ns/void#inDataset.value": "72757", "http://www.w3.org/2000/01/rdf-schema#comment": "sonst. \u00f6ff. Fl\u00e4chen", "http://www.wikidata.org/prop/direct/P2547.value": "3.0", "http://www.wikidata.org/prop/direct/P2547.unit": "http://www.ontology-of-units-of-measure.org/resource/om-2/meter", "http://www.wikidata.org/prop/direct/P3018": "Gr\u00fcnzug Altenwerder", "https://gdi-de.github.io/apworkshop2026/ont#stammdurchmesser.value": "14.0", "https://gdi-de.github.io/apworkshop2026/ont#stammdurchmesser.unit": "http://www.ontology-of-units-of-measure.org/resource/om-2/centimeter"}, "geometry": {"type": "MultiPoint", "coordinates": [[9.919498015407045, 53.50564819948582]]}}, {"type": "Feature", "id": "https://gdi-de.github.io/apworkshop2026/ALTW340", "name": "Baum ALTW340 (gdide:ALTW340)", "dateprops": [], "properties": {"http://www.w3.org/2000/01/rdf-schema#label": "Baum ALTW340", "http://rdfs.org/ns/void#inDataset.value": "72757", "http://www.w3.org/2000/01/rdf-schema#comment": "sonst. \u00f6ff. Fl\u00e4chen", "http://www.wikidata.org/prop/direct/P2547.value": "15.0", "http://www.wikidata.org/prop/direct/P2547.unit": "http://www.ontology-of-units-of-measure.org/resource/om-2/meter", "http://www.wikidata.org/prop/direct/P3018": "Altenwerder Logistik", "https://gdi-de.github.io/apworkshop2026/ont#stammdurchmesser.value": "64.0", "https://gdi-de.github.io/apworkshop2026/ont#stammdurchmesser.unit": "http://www.ontology-of-units-of-measure.org/resource/om-2/centimeter"}, "geometry": {"type": "MultiPoint", "coordinates": [[9.930365474388207, 53.510041902842445]]}}, {"type": "Feature", "id": "https://gdi-de.github.io/apworkshop2026/MOBG1082", "name": "Baum MOBG1082 (gdide:MOBG1082)", "dateprops": [], "properties": {"http://www.w3.org/2000/01/rdf-schema#label": "Baum MOBG1082", "http://rdfs.org/ns/void#inDataset.value": "72757", "http://www.w3.org/2000/01/rdf-schema#comment": "sonst. \u00f6ff. Fl\u00e4chen", "http://www.wikidata.org/prop/direct/P2547.value": "8.0", "http://www.wikidata.org/prop/direct/P2547.unit": "http://www.ontology-of-units-of-measure.org/resource/om-2/meter", "http://www.wikidata.org/prop/direct/P3018": "Moorburg", "https://gdi-de.github.io/apworkshop2026/ont#stammdurchmesser.value": "43.0", "https://gdi-de.github.io/apworkshop2026/ont#stammdurchmesser.unit": "http://www.ontology-of-units-of-measure.org/resource/om-2/centimeter"}, "geometry": {"type": "MultiPoint", "coordinates": [[9.932851418206566, 53.480529058109866]]}}, {"type": "Feature", "id": "https://gdi-de.github.io/apworkshop2026/ROSD276", "name": "Baum ROSD276 (gdide:ROSD276)", "dateprops": [], "properties": {"http://www.w3.org/2000/01/rdf-schema#label": "Baum ROSD276", "http://rdfs.org/ns/void#inDataset.value": "72757", "http://www.w3.org/2000/01/rdf-schema#comment": "sonst. \u00f6ff. Fl\u00e4chen", "http://www.wikidata.org/prop/direct/P2547.value": "10.0", "http://www.wikidata.org/prop/direct/P2547.unit": "http://www.ontology-of-units-of-measure.org/resource/om-2/meter", "http://www.wikidata.org/prop/direct/P3018": "Ro\u00dfdamm", "https://gdi-de.github.io/apworkshop2026/ont#stammdurchmesser.value": "40.0", "https://gdi-de.github.io/apworkshop2026/ont#stammdurchmesser.unit": "http://www.ontology-of-units-of-measure.org/resource/om-2/centimeter"}, "geometry": {"type": "MultiPoint", "coordinates": [[9.974500791258492, 53.525022769008466]]}}, {"type": "Feature", "id": "https://gdi-de.github.io/apworkshop2026/WITB422", "name": "Baum WITB422 (gdide:WITB422)", "dateprops": [], "properties": {"http://www.w3.org/2000/01/rdf-schema#label": "Baum WITB422", "http://rdfs.org/ns/void#inDataset.value": "72757", "http://www.w3.org/2000/01/rdf-schema#comment": "Wasserwirtschaft", "http://www.wikidata.org/prop/direct/P2547.value": "12.0", "http://www.wikidata.org/prop/direct/P2547.unit": "http://www.ontology-of-units-of-measure.org/resource/om-2/meter", "http://www.wikidata.org/prop/direct/P3018": "Wittenbergen", "https://gdi-de.github.io/apworkshop2026/ont#stammdurchmesser.value": "75.0", "https://gdi-de.github.io/apworkshop2026/ont#stammdurchmesser.unit": "http://www.ontology-of-units-of-measure.org/resource/om-2/centimeter"}, "geometry": {"type": "MultiPoint", "coordinates": [[9.775784619972013, 53.56265887492748]]}}, {"type": "Feature", "id": "https://gdi-de.github.io/apworkshop2026/KLGB786", "name": "Baum KLGB786 (gdide:KLGB786)", "dateprops": [], "properties": {"http://www.w3.org/2000/01/rdf-schema#label": "Baum KLGB786", "http://rdfs.org/ns/void#inDataset.value": "72757", "http://www.w3.org/2000/01/rdf-schema#comment": "HPA", "http://www.wikidata.org/prop/direct/P2547.value": "10.0", "http://www.wikidata.org/prop/direct/P2547.unit": "http://www.ontology-of-units-of-measure.org/resource/om-2/meter", "http://www.wikidata.org/prop/direct/P3018": "Kleiner Grasbrook", "https://gdi-de.github.io/apworkshop2026/ont#stammdurchmesser.value": "41.0", "https://gdi-de.github.io/apworkshop2026/ont#stammdurchmesser.unit": "http://www.ontology-of-units-of-measure.org/resource/om-2/centimeter"}, "geometry": {"type": "MultiPoint", "coordinates": [[9.979811047313275, 53.52909830039063]]}}, {"type": "Feature", "id": "https://gdi-de.github.io/apworkshop2026/MOBG742", "name": "Baum MOBG742 (gdide:MOBG742)", "dateprops": [], "properties": {"http://www.w3.org/2000/01/rdf-schema#label": "Baum MOBG742", "http://rdfs.org/ns/void#inDataset.value": "72757", "http://www.w3.org/2000/01/rdf-schema#comment": "sonst. \u00f6ff. Fl\u00e4chen", "http://www.wikidata.org/prop/direct/P2547.value": "12.0", "http://www.wikidata.org/prop/direct/P2547.unit": "http://www.ontology-of-units-of-measure.org/resource/om-2/meter", "http://www.wikidata.org/prop/direct/P3018": "Moorburg", "https://gdi-de.github.io/apworkshop2026/ont#stammdurchmesser.value": "37.0", "https://gdi-de.github.io/apworkshop2026/ont#stammdurchmesser.unit": "http://www.ontology-of-units-of-measure.org/resource/om-2/centimeter"}, "geometry": {"type": "MultiPoint", "coordinates": [[9.933239184982108, 53.480908803336014]]}}, {"type": "Feature", "id": "https://gdi-de.github.io/apworkshop2026/NHKL220", "name": "Baum NHKL220 (gdide:NHKL220)", "dateprops": [], "properties": {"http://www.w3.org/2000/01/rdf-schema#label": "Baum NHKL220", "http://rdfs.org/ns/void#inDataset.value": "72757", "http://www.w3.org/2000/01/rdf-schema#comment": "sonst. \u00f6ff. Fl\u00e4chen", "http://www.wikidata.org/prop/direct/P2547.value": "5.0", "http://www.wikidata.org/prop/direct/P2547.unit": "http://www.ontology-of-units-of-measure.org/resource/om-2/meter", "http://www.wikidata.org/prop/direct/P3018": "Neuh\u00f6fer Kanal", "https://gdi-de.github.io/apworkshop2026/ont#stammdurchmesser.value": "20.0", "https://gdi-de.github.io/apworkshop2026/ont#stammdurchmesser.unit": "http://www.ontology-of-units-of-measure.org/resource/om-2/centimeter"}, "geometry": {"type": "MultiPoint", "coordinates": [[9.968182463758183, 53.51345223805686]]}}, {"type": "Feature", "id": "https://gdi-de.github.io/apworkshop2026/BFASN379", "name": "Baum BFASN379 (gdide:BFASN379)", "dateprops": [], "properties": {"http://www.w3.org/2000/01/rdf-schema#label": "Baum BFASN379", "http://rdfs.org/ns/void#inDataset.value": "72757", "http://www.w3.org/2000/01/rdf-schema#comment": "Stra\u00dfe", "http://www.wikidata.org/prop/direct/P2547.value": "5.0", "http://www.wikidata.org/prop/direct/P2547.unit": "http://www.ontology-of-units-of-measure.org/resource/om-2/meter", "http://www.wikidata.org/prop/direct/P3018": "Bahnhof Alte S\u00fcderelbe Nord", "https://gdi-de.github.io/apworkshop2026/ont#stammdurchmesser.value": "19.0", "https://gdi-de.github.io/apworkshop2026/ont#stammdurchmesser.unit": "http://www.ontology-of-units-of-measure.org/resource/om-2/centimeter"}, "geometry": {"type": "MultiPoint", "coordinates": [[9.91123476345139, 53.50696489660705]]}}, {"type": "Feature", "id": "https://gdi-de.github.io/apworkshop2026/ROSD311", "name": "Baum ROSD311 (gdide:ROSD311)", "dateprops": [], "properties": {"http://www.w3.org/2000/01/rdf-schema#label": "Baum ROSD311", "http://rdfs.org/ns/void#inDataset.value": "72757", "http://www.w3.org/2000/01/rdf-schema#comment": "sonst. \u00f6ff. Fl\u00e4chen", "http://www.wikidata.org/prop/direct/P2547.value": "9.0", "http://www.wikidata.org/prop/direct/P2547.unit": "http://www.ontology-of-units-of-measure.org/resource/om-2/meter", "http://www.wikidata.org/prop/direct/P3018": "Ro\u00dfdamm", "https://gdi-de.github.io/apworkshop2026/ont#stammdurchmesser.value": "42.0", "https://gdi-de.github.io/apworkshop2026/ont#stammdurchmesser.unit": "http://www.ontology-of-units-of-measure.org/resource/om-2/centimeter"}, "geometry": {"type": "MultiPoint", "coordinates": [[9.974651645344156, 53.52508802122611]]}}, {"type": "Feature", "id": "https://gdi-de.github.io/apworkshop2026/GZAW194", "name": "Baum GZAW194 (gdide:GZAW194)", "dateprops": [], "properties": {"http://www.w3.org/2000/01/rdf-schema#label": "Baum GZAW194", "http://rdfs.org/ns/void#inDataset.value": "72757", "http://www.w3.org/2000/01/rdf-schema#comment": "sonst. \u00f6ff. Fl\u00e4chen", "http://www.wikidata.org/prop/direct/P2547.value": "10.0", "http://www.wikidata.org/prop/direct/P2547.unit": "http://www.ontology-of-units-of-measure.org/resource/om-2/meter", "http://www.wikidata.org/prop/direct/P3018": "Gr\u00fcnzug Altenwerder", "https://gdi-de.github.io/apworkshop2026/ont#stammdurchmesser.value": "46.0", "https://gdi-de.github.io/apworkshop2026/ont#stammdurchmesser.unit": "http://www.ontology-of-units-of-measure.org/resource/om-2/centimeter"}, "geometry": {"type": "MultiPoint", "coordinates": [[9.917193207882578, 53.50638817448613]]}}, {"type": "Feature", "id": "https://gdi-de.github.io/apworkshop2026/WITB437", "name": "Baum WITB437 (gdide:WITB437)", "dateprops": [], "properties": {"http://www.w3.org/2000/01/rdf-schema#label": "Baum WITB437", "http://rdfs.org/ns/void#inDataset.value": "72757", "http://www.w3.org/2000/01/rdf-schema#comment": "Wasserwirtschaft", "http://www.wikidata.org/prop/direct/P2547.value": "8.0", "http://www.wikidata.org/prop/direct/P2547.unit": "http://www.ontology-of-units-of-measure.org/resource/om-2/meter", "http://www.wikidata.org/prop/direct/P3018": "Wittenbergen", "https://gdi-de.github.io/apworkshop2026/ont#stammdurchmesser.value": "41.0", "https://gdi-de.github.io/apworkshop2026/ont#stammdurchmesser.unit": "http://www.ontology-of-units-of-measure.org/resource/om-2/centimeter"}, "geometry": {"type": "MultiPoint", "coordinates": [[9.772648107241745, 53.56344453361477]]}}, {"type": "Feature", "id": "https://gdi-de.github.io/apworkshop2026/NHKL312", "name": "Baum NHKL312 (gdide:NHKL312)", "dateprops": [], "properties": {"http://www.w3.org/2000/01/rdf-schema#label": "Baum NHKL312", "http://rdfs.org/ns/void#inDataset.value": "72757", "http://www.w3.org/2000/01/rdf-schema#comment": "Privatgrund", "http://www.wikidata.org/prop/direct/P2547.value": "5.0", "http://www.wikidata.org/prop/direct/P2547.unit": "http://www.ontology-of-units-of-measure.org/resource/om-2/meter", "http://www.wikidata.org/prop/direct/P3018": "Neuh\u00f6fer Kanal", "https://gdi-de.github.io/apworkshop2026/ont#stammdurchmesser.value": "13.0", "https://gdi-de.github.io/apworkshop2026/ont#stammdurchmesser.unit": "http://www.ontology-of-units-of-measure.org/resource/om-2/centimeter"}, "geometry": {"type": "MultiPoint", "coordinates": [[9.945208086299436, 53.520426215883504]]}}, {"type": "Feature", "id": "https://gdi-de.github.io/apworkshop2026/VEDL354", "name": "Baum VEDL354 (gdide:VEDL354)", "dateprops": [], "properties": {"http://www.w3.org/2000/01/rdf-schema#label": "Baum VEDL354", "http://rdfs.org/ns/void#inDataset.value": "72757", "http://www.w3.org/2000/01/rdf-schema#comment": "Stra\u00dfe", "http://www.wikidata.org/prop/direct/P2547.value": "2.0", "http://www.wikidata.org/prop/direct/P2547.unit": "http://www.ontology-of-units-of-measure.org/resource/om-2/meter", "http://www.wikidata.org/prop/direct/P3018": "Veddel", "https://gdi-de.github.io/apworkshop2026/ont#stammdurchmesser.value": "5.0", "https://gdi-de.github.io/apworkshop2026/ont#stammdurchmesser.unit": "http://www.ontology-of-units-of-measure.org/resource/om-2/centimeter"}, "geometry": {"type": "MultiPoint", "coordinates": [[10.02670221581218, 53.524613491819466]]}}, {"type": "Feature", "id": "https://gdi-de.github.io/apworkshop2026/MOBG611", "name": "Baum MOBG611 (gdide:MOBG611)", "dateprops": [], "properties": {"http://www.w3.org/2000/01/rdf-schema#label": "Baum MOBG611", "http://rdfs.org/ns/void#inDataset.value": "72757", "http://www.w3.org/2000/01/rdf-schema#comment": "sonst. \u00f6ff. Fl\u00e4chen", "http://www.wikidata.org/prop/direct/P2547.value": "8.0", "http://www.wikidata.org/prop/direct/P2547.unit": "http://www.ontology-of-units-of-measure.org/resource/om-2/meter", "http://www.wikidata.org/prop/direct/P3018": "Moorburg", "https://gdi-de.github.io/apworkshop2026/ont#stammdurchmesser.value": "28.0", "https://gdi-de.github.io/apworkshop2026/ont#stammdurchmesser.unit": "http://www.ontology-of-units-of-measure.org/resource/om-2/centimeter"}, "geometry": {"type": "MultiPoint", "coordinates": [[9.92330717763891, 53.49515763877571]]}}, {"type": "Feature", "id": "https://gdi-de.github.io/apworkshop2026/ROST104", "name": "Baum ROST104 (gdide:ROST104)", "dateprops": [], "properties": {"http://www.w3.org/2000/01/rdf-schema#label": "Baum ROST104", "http://rdfs.org/ns/void#inDataset.value": "72757", "http://www.w3.org/2000/01/rdf-schema#comment": "sonst. \u00f6ff. Fl\u00e4chen", "http://www.wikidata.org/prop/direct/P2547.value": "2.0", "http://www.wikidata.org/prop/direct/P2547.unit": "http://www.ontology-of-units-of-measure.org/resource/om-2/meter", "http://www.wikidata.org/prop/direct/P3018": "Ro\u00df-Terminal", "https://gdi-de.github.io/apworkshop2026/ont#stammdurchmesser.value": "8.0", "https://gdi-de.github.io/apworkshop2026/ont#stammdurchmesser.unit": "http://www.ontology-of-units-of-measure.org/resource/om-2/centimeter"}, "geometry": {"type": "MultiPoint", "coordinates": [[9.94281076128386, 53.52341723053374]]}}, {"type": "Feature", "id": "https://gdi-de.github.io/apworkshop2026/MOBG117", "name": "Baum MOBG117 (gdide:MOBG117)", "dateprops": [], "properties": {"http://www.w3.org/2000/01/rdf-schema#label": "Baum MOBG117", "http://rdfs.org/ns/void#inDataset.value": "72757", "http://www.w3.org/2000/01/rdf-schema#comment": "Stra\u00dfe", "http://www.wikidata.org/prop/direct/P2547.value": "4.0", "http://www.wikidata.org/prop/direct/P2547.unit": "http://www.ontology-of-units-of-measure.org/resource/om-2/meter", "http://www.wikidata.org/prop/direct/P3018": "Moorburg", "https://gdi-de.github.io/apworkshop2026/ont#stammdurchmesser.value": "19.0", "https://gdi-de.github.io/apworkshop2026/ont#stammdurchmesser.unit": "http://www.ontology-of-units-of-measure.org/resource/om-2/centimeter"}, "geometry": {"type": "MultiPoint", "coordinates": [[9.948013830358938, 53.48724237514195]]}}, {"type": "Feature", "id": "https://gdi-de.github.io/apworkshop2026/SCHG208", "name": "Baum SCHG208 (gdide:SCHG208)", "dateprops": [], "properties": {"http://www.w3.org/2000/01/rdf-schema#label": "Baum SCHG208", "http://rdfs.org/ns/void#inDataset.value": "72757", "http://www.w3.org/2000/01/rdf-schema#comment": "Bahn", "http://www.wikidata.org/prop/direct/P2547.value": "5.0", "http://www.wikidata.org/prop/direct/P2547.unit": "http://www.ontology-of-units-of-measure.org/resource/om-2/meter", "http://www.wikidata.org/prop/direct/P3018": "Schluisgrove", "https://gdi-de.github.io/apworkshop2026/ont#stammdurchmesser.value": "34.0", "https://gdi-de.github.io/apworkshop2026/ont#stammdurchmesser.unit": "http://www.ontology-of-units-of-measure.org/resource/om-2/centimeter"}, "geometry": {"type": "MultiPoint", "coordinates": [[9.987120539965474, 53.48330517305125]]}}, {"type": "Feature", "id": "https://gdi-de.github.io/apworkshop2026/MOBG766", "name": "Baum MOBG766 (gdide:MOBG766)", "dateprops": [], "properties": {"http://www.w3.org/2000/01/rdf-schema#label": "Baum MOBG766", "http://rdfs.org/ns/void#inDataset.value": "72757", "http://www.w3.org/2000/01/rdf-schema#comment": "sonst. \u00f6ff. Fl\u00e4chen", "http://www.wikidata.org/prop/direct/P2547.value": "10.0", "http://www.wikidata.org/prop/direct/P2547.unit": "http://www.ontology-of-units-of-measure.org/resource/om-2/meter", "http://www.wikidata.org/prop/direct/P3018": "Moorburg", "https://gdi-de.github.io/apworkshop2026/ont#stammdurchmesser.value": "42.0", "https://gdi-de.github.io/apworkshop2026/ont#stammdurchmesser.unit": "http://www.ontology-of-units-of-measure.org/resource/om-2/centimeter"}, "geometry": {"type": "MultiPoint", "coordinates": [[9.93511781376948, 53.48331395568693]]}}, {"type": "Feature", "id": "https://gdi-de.github.io/apworkshop2026/RETH144", "name": "Baum RETH144 (gdide:RETH144)", "dateprops": [], "properties": {"http://www.w3.org/2000/01/rdf-schema#label": "Baum RETH144", "http://rdfs.org/ns/void#inDataset.value": "72757", "http://www.w3.org/2000/01/rdf-schema#comment": "Stra\u00dfe", "http://www.wikidata.org/prop/direct/P2547.value": "5.0", "http://www.wikidata.org/prop/direct/P2547.unit": "http://www.ontology-of-units-of-measure.org/resource/om-2/meter", "http://www.wikidata.org/prop/direct/P3018": "Rethe", "https://gdi-de.github.io/apworkshop2026/ont#stammdurchmesser.value": "19.0", "https://gdi-de.github.io/apworkshop2026/ont#stammdurchmesser.unit": "http://www.ontology-of-units-of-measure.org/resource/om-2/centimeter"}, "geometry": {"type": "MultiPoint", "coordinates": [[9.967485784322736, 53.510708203995385]]}}, {"type": "Feature", "id": "https://gdi-de.github.io/apworkshop2026/NEUW254", "name": "Baum NEUW254 (gdide:NEUW254)", "dateprops": [], "properties": {"http://www.w3.org/2000/01/rdf-schema#label": "Baum NEUW254", "http://rdfs.org/ns/void#inDataset.value": "72757", "http://www.w3.org/2000/01/rdf-schema#comment": "BUKEA", "http://www.wikidata.org/prop/direct/P2547.value": "4.0", "http://www.wikidata.org/prop/direct/P2547.unit": "http://www.ontology-of-units-of-measure.org/resource/om-2/meter", "http://www.wikidata.org/prop/direct/P3018": "Neuwerk", "https://gdi-de.github.io/apworkshop2026/ont#stammdurchmesser.value": "13.0", "https://gdi-de.github.io/apworkshop2026/ont#stammdurchmesser.unit": "http://www.ontology-of-units-of-measure.org/resource/om-2/centimeter"}, "geometry": {"type": "MultiPoint", "coordinates": [[8.497160652275959, 53.915525902867884]]}}, {"type": "Feature", "id": "https://gdi-de.github.io/apworkshop2026/BFASN414", "name": "Baum BFASN414 (gdide:BFASN414)", "dateprops": [], "properties": {"http://www.w3.org/2000/01/rdf-schema#label": "Baum BFASN414", "http://rdfs.org/ns/void#inDataset.value": "72757", "http://www.w3.org/2000/01/rdf-schema#comment": "Stra\u00dfe", "http://www.wikidata.org/prop/direct/P2547.value": "2.0", "http://www.wikidata.org/prop/direct/P2547.unit": "http://www.ontology-of-units-of-measure.org/resource/om-2/meter", "http://www.wikidata.org/prop/direct/P3018": "Bahnhof Alte S\u00fcderelbe Nord", "https://gdi-de.github.io/apworkshop2026/ont#stammdurchmesser.value": "11.0", "https://gdi-de.github.io/apworkshop2026/ont#stammdurchmesser.unit": "http://www.ontology-of-units-of-measure.org/resource/om-2/centimeter"}, "geometry": {"type": "MultiPoint", "coordinates": [[9.911171306459721, 53.505674870096655]]}}, {"type": "Feature", "id": "https://gdi-de.github.io/apworkshop2026/PIOI158", "name": "Baum PIOI158 (gdide:PIOI158)", "dateprops": [], "properties": {"http://www.w3.org/2000/01/rdf-schema#label": "Baum PIOI158", "http://rdfs.org/ns/void#inDataset.value": "72757", "http://www.w3.org/2000/01/rdf-schema#comment": "Wasserwirtschaft", "http://www.wikidata.org/prop/direct/P2547.value": "8.0", "http://www.wikidata.org/prop/direct/P2547.unit": "http://www.ontology-of-units-of-measure.org/resource/om-2/meter", "http://www.wikidata.org/prop/direct/P3018": "Pionierinsel", "https://gdi-de.github.io/apworkshop2026/ont#stammdurchmesser.value": "30.0", "https://gdi-de.github.io/apworkshop2026/ont#stammdurchmesser.unit": "http://www.ontology-of-units-of-measure.org/resource/om-2/centimeter"}, "geometry": {"type": "MultiPoint", "coordinates": [[10.002784158147469, 53.470851715802745]]}}, {"type": "Feature", "id": "https://gdi-de.github.io/apworkshop2026/BFASN456", "name": "Baum BFASN456 (gdide:BFASN456)", "dateprops": [], "properties": {"http://www.w3.org/2000/01/rdf-schema#label": "Baum BFASN456", "http://rdfs.org/ns/void#inDataset.value": "72757", "http://www.w3.org/2000/01/rdf-schema#comment": "Bahn", "http://www.wikidata.org/prop/direct/P2547.value": "8.0", "http://www.wikidata.org/prop/direct/P2547.unit": "http://www.ontology-of-units-of-measure.org/resource/om-2/meter", "http://www.wikidata.org/prop/direct/P3018": "Bahnhof Alte S\u00fcderelbe Nord", "https://gdi-de.github.io/apworkshop2026/ont#stammdurchmesser.value": "16.0", "https://gdi-de.github.io/apworkshop2026/ont#stammdurchmesser.unit": "http://www.ontology-of-units-of-measure.org/resource/om-2/centimeter"}, "geometry": {"type": "MultiPoint", "coordinates": [[9.911032247253738, 53.50466894048687]]}}, {"type": "Feature", "id": "https://gdi-de.github.io/apworkshop2026/MOBG406", "name": "Baum MOBG406 (gdide:MOBG406)", "dateprops": [], "properties": {"http://www.w3.org/2000/01/rdf-schema#label": "Baum MOBG406", "http://rdfs.org/ns/void#inDataset.value": "72757", "http://www.w3.org/2000/01/rdf-schema#comment": "sonst. \u00f6ff. Fl\u00e4chen", "http://www.wikidata.org/prop/direct/P2547.value": "4.0", "http://www.wikidata.org/prop/direct/P2547.unit": "http://www.ontology-of-units-of-measure.org/resource/om-2/meter", "http://www.wikidata.org/prop/direct/P3018": "Moorburg", "https://gdi-de.github.io/apworkshop2026/ont#stammdurchmesser.value": "16.0", "https://gdi-de.github.io/apworkshop2026/ont#stammdurchmesser.unit": "http://www.ontology-of-units-of-measure.org/resource/om-2/centimeter"}, "geometry": {"type": "MultiPoint", "coordinates": [[9.943417636140351, 53.492071898863664]]}}, {"type": "Feature", "id": "https://gdi-de.github.io/apworkshop2026/BFAS997", "name": "Baum BFAS997 (gdide:BFAS997)", "dateprops": [], "properties": {"http://www.w3.org/2000/01/rdf-schema#label": "Baum BFAS997", "http://rdfs.org/ns/void#inDataset.value": "72757", "http://www.w3.org/2000/01/rdf-schema#comment": "Bahn", "http://www.wikidata.org/prop/direct/P2547.value": "2.0", "http://www.wikidata.org/prop/direct/P2547.unit": "http://www.ontology-of-units-of-measure.org/resource/om-2/meter", "http://www.wikidata.org/prop/direct/P3018": "Bahnhof Alte S\u00fcderelbe S\u00fcd", "https://gdi-de.github.io/apworkshop2026/ont#stammdurchmesser.value": "11.0", "https://gdi-de.github.io/apworkshop2026/ont#stammdurchmesser.unit": "http://www.ontology-of-units-of-measure.org/resource/om-2/centimeter"}, "geometry": {"type": "MultiPoint", "coordinates": [[9.89847545248187, 53.473315006724334]]}}, {"type": "Feature", "id": "https://gdi-de.github.io/apworkshop2026/MOBG628", "name": "Baum MOBG628 (gdide:MOBG628)", "dateprops": [], "properties": {"http://www.w3.org/2000/01/rdf-schema#label": "Baum MOBG628", "http://rdfs.org/ns/void#inDataset.value": "72757", "http://www.w3.org/2000/01/rdf-schema#comment": "sonst. \u00f6ff. Fl\u00e4chen", "http://www.wikidata.org/prop/direct/P2547.value": "6.0", "http://www.wikidata.org/prop/direct/P2547.unit": "http://www.ontology-of-units-of-measure.org/resource/om-2/meter", "http://www.wikidata.org/prop/direct/P3018": "Moorburg", "https://gdi-de.github.io/apworkshop2026/ont#stammdurchmesser.value": "21.0", "https://gdi-de.github.io/apworkshop2026/ont#stammdurchmesser.unit": "http://www.ontology-of-units-of-measure.org/resource/om-2/centimeter"}, "geometry": {"type": "MultiPoint", "coordinates": [[9.921762201114362, 53.49519834930463]]}}, {"type": "Feature", "id": "https://gdi-de.github.io/apworkshop2026/MOBG776", "name": "Baum MOBG776 (gdide:MOBG776)", "dateprops": [], "properties": {"http://www.w3.org/2000/01/rdf-schema#label": "Baum MOBG776", "http://rdfs.org/ns/void#inDataset.value": "72757", "http://www.w3.org/2000/01/rdf-schema#comment": "sonst. \u00f6ff. Fl\u00e4chen", "http://www.wikidata.org/prop/direct/P2547.value": "6.0", "http://www.wikidata.org/prop/direct/P2547.unit": "http://www.ontology-of-units-of-measure.org/resource/om-2/meter", "http://www.wikidata.org/prop/direct/P3018": "Moorburg", "https://gdi-de.github.io/apworkshop2026/ont#stammdurchmesser.value": "28.0", "https://gdi-de.github.io/apworkshop2026/ont#stammdurchmesser.unit": "http://www.ontology-of-units-of-measure.org/resource/om-2/centimeter"}, "geometry": {"type": "MultiPoint", "coordinates": [[9.938433513449473, 53.485678214639414]]}}, {"type": "Feature", "id": "https://gdi-de.github.io/apworkshop2026/BFHS441", "name": "Baum BFHS441 (gdide:BFHS441)", "dateprops": [], "properties": {"http://www.w3.org/2000/01/rdf-schema#label": "Baum BFHS441", "http://rdfs.org/ns/void#inDataset.value": "72757", "http://www.w3.org/2000/01/rdf-schema#comment": "sonst. \u00f6ff. Fl\u00e4chen", "http://www.wikidata.org/prop/direct/P2547.value": "4.0", "http://www.wikidata.org/prop/direct/P2547.unit": "http://www.ontology-of-units-of-measure.org/resource/om-2/meter", "http://www.wikidata.org/prop/direct/P3018": "Bahnhof Hohe Schaar", "https://gdi-de.github.io/apworkshop2026/ont#stammdurchmesser.value": "22.0", "https://gdi-de.github.io/apworkshop2026/ont#stammdurchmesser.unit": "http://www.ontology-of-units-of-measure.org/resource/om-2/centimeter"}, "geometry": {"type": "MultiPoint", "coordinates": [[9.97003673023505, 53.49660392875599]]}}, {"type": "Feature", "id": "https://gdi-de.github.io/apworkshop2026/MOBG385", "name": "Baum MOBG385 (gdide:MOBG385)", "dateprops": [], "properties": {"http://www.w3.org/2000/01/rdf-schema#label": "Baum MOBG385", "http://rdfs.org/ns/void#inDataset.value": "72757", "http://www.w3.org/2000/01/rdf-schema#comment": "sonst. \u00f6ff. Fl\u00e4chen", "http://www.wikidata.org/prop/direct/P2547.value": "4.0", "http://www.wikidata.org/prop/direct/P2547.unit": "http://www.ontology-of-units-of-measure.org/resource/om-2/meter", "http://www.wikidata.org/prop/direct/P3018": "Moorburg", "https://gdi-de.github.io/apworkshop2026/ont#stammdurchmesser.value": "19.0", "https://gdi-de.github.io/apworkshop2026/ont#stammdurchmesser.unit": "http://www.ontology-of-units-of-measure.org/resource/om-2/centimeter"}, "geometry": {"type": "MultiPoint", "coordinates": [[9.943763137181778, 53.491387967291544]]}}, {"type": "Feature", "id": "https://gdi-de.github.io/apworkshop2026/ROSD160", "name": "Baum ROSD160 (gdide:ROSD160)", "dateprops": [], "properties": {"http://www.w3.org/2000/01/rdf-schema#label": "Baum ROSD160", "http://rdfs.org/ns/void#inDataset.value": "72757", "http://www.w3.org/2000/01/rdf-schema#comment": "Stra\u00dfe", "http://www.wikidata.org/prop/direct/P2547.value": "3.0", "http://www.wikidata.org/prop/direct/P2547.unit": "http://www.ontology-of-units-of-measure.org/resource/om-2/meter", "http://www.wikidata.org/prop/direct/P3018": "Ro\u00dfdamm", "https://gdi-de.github.io/apworkshop2026/ont#stammdurchmesser.value": "12.0", "https://gdi-de.github.io/apworkshop2026/ont#stammdurchmesser.unit": "http://www.ontology-of-units-of-measure.org/resource/om-2/centimeter"}, "geometry": {"type": "MultiPoint", "coordinates": [[9.974875676192864, 53.527924502421286]]}}, {"type": "Feature", "id": "https://gdi-de.github.io/apworkshop2026/AEST138", "name": "Baum AEST138 (gdide:AEST138)", "dateprops": [], "properties": {"http://www.w3.org/2000/01/rdf-schema#label": "Baum AEST138", "http://rdfs.org/ns/void#inDataset.value": "72757", "http://www.w3.org/2000/01/rdf-schema#comment": "Wasserwirtschaft", "http://www.wikidata.org/prop/direct/P2547.value": "8.0", "http://www.wikidata.org/prop/direct/P2547.unit": "http://www.ontology-of-units-of-measure.org/resource/om-2/meter", "http://www.wikidata.org/prop/direct/P3018": "Altes Estesperrwerk", "https://gdi-de.github.io/apworkshop2026/ont#stammdurchmesser.value": "35.0", "https://gdi-de.github.io/apworkshop2026/ont#stammdurchmesser.unit": "http://www.ontology-of-units-of-measure.org/resource/om-2/centimeter"}, "geometry": {"type": "MultiPoint", "coordinates": [[9.787679356379487, 53.536295876785175]]}}, {"type": "Feature", "id": "https://gdi-de.github.io/apworkshop2026/FINW334", "name": "Baum FINW334 (gdide:FINW334)", "dateprops": [], "properties": {"http://www.w3.org/2000/01/rdf-schema#label": "Baum FINW334", "http://rdfs.org/ns/void#inDataset.value": "72757", "http://www.w3.org/2000/01/rdf-schema#comment": "Wasserwirtschaft", "http://www.wikidata.org/prop/direct/P2547.value": "4.0", "http://www.wikidata.org/prop/direct/P2547.unit": "http://www.ontology-of-units-of-measure.org/resource/om-2/meter", "http://www.wikidata.org/prop/direct/P3018": "Finkenwerder", "https://gdi-de.github.io/apworkshop2026/ont#stammdurchmesser.value": "23.0", "https://gdi-de.github.io/apworkshop2026/ont#stammdurchmesser.unit": "http://www.ontology-of-units-of-measure.org/resource/om-2/centimeter"}, "geometry": {"type": "MultiPoint", "coordinates": [[9.828327557047265, 53.52884758396474]]}}, {"type": "Feature", "id": "https://gdi-de.github.io/apworkshop2026/GZAW747", "name": "Baum GZAW747 (gdide:GZAW747)", "dateprops": [], "properties": {"http://www.w3.org/2000/01/rdf-schema#label": "Baum GZAW747", "http://rdfs.org/ns/void#inDataset.value": "72757", "http://www.w3.org/2000/01/rdf-schema#comment": "sonst. \u00f6ff. Fl\u00e4chen", "http://www.wikidata.org/prop/direct/P2547.value": "3.0", "http://www.wikidata.org/prop/direct/P2547.unit": "http://www.ontology-of-units-of-measure.org/resource/om-2/meter", "http://www.wikidata.org/prop/direct/P3018": "Gr\u00fcnzug Altenwerder", "https://gdi-de.github.io/apworkshop2026/ont#stammdurchmesser.value": "14.0", "https://gdi-de.github.io/apworkshop2026/ont#stammdurchmesser.unit": "http://www.ontology-of-units-of-measure.org/resource/om-2/centimeter"}, "geometry": {"type": "MultiPoint", "coordinates": [[9.919455390346812, 53.507251216572584]]}}, {"type": "Feature", "id": "https://gdi-de.github.io/apworkshop2026/MOBG763", "name": "Baum MOBG763 (gdide:MOBG763)", "dateprops": [], "properties": {"http://www.w3.org/2000/01/rdf-schema#label": "Baum MOBG763", "http://rdfs.org/ns/void#inDataset.value": "72757", "http://www.w3.org/2000/01/rdf-schema#comment": "sonst. \u00f6ff. Fl\u00e4chen", "http://www.wikidata.org/prop/direct/P2547.value": "12.0", "http://www.wikidata.org/prop/direct/P2547.unit": "http://www.ontology-of-units-of-measure.org/resource/om-2/meter", "http://www.wikidata.org/prop/direct/P3018": "Moorburg", "https://gdi-de.github.io/apworkshop2026/ont#stammdurchmesser.value": "42.0", "https://gdi-de.github.io/apworkshop2026/ont#stammdurchmesser.unit": "http://www.ontology-of-units-of-measure.org/resource/om-2/centimeter"}, "geometry": {"type": "MultiPoint", "coordinates": [[9.934958560435911, 53.4830916363094]]}}, {"type": "Feature", "id": "https://gdi-de.github.io/apworkshop2026/NHKL219", "name": "Baum NHKL219 (gdide:NHKL219)", "dateprops": [], "properties": {"http://www.w3.org/2000/01/rdf-schema#label": "Baum NHKL219", "http://rdfs.org/ns/void#inDataset.value": "72757", "http://www.w3.org/2000/01/rdf-schema#comment": "sonst. \u00f6ff. Fl\u00e4chen", "http://www.wikidata.org/prop/direct/P2547.value": "5.0", "http://www.wikidata.org/prop/direct/P2547.unit": "http://www.ontology-of-units-of-measure.org/resource/om-2/meter", "http://www.wikidata.org/prop/direct/P3018": "Neuh\u00f6fer Kanal", "https://gdi-de.github.io/apworkshop2026/ont#stammdurchmesser.value": "19.0", "https://gdi-de.github.io/apworkshop2026/ont#stammdurchmesser.unit": "http://www.ontology-of-units-of-measure.org/resource/om-2/centimeter"}, "geometry": {"type": "MultiPoint", "coordinates": [[9.968163850665496, 53.51344731301983]]}}, {"type": "Feature", "id": "https://gdi-de.github.io/apworkshop2026/PIOI281", "name": "Baum PIOI281 (gdide:PIOI281)", "dateprops": [], "properties": {"http://www.w3.org/2000/01/rdf-schema#label": "Baum PIOI281", "http://rdfs.org/ns/void#inDataset.value": "72757", "http://www.w3.org/2000/01/rdf-schema#comment": "Wasserwirtschaft", "http://www.wikidata.org/prop/direct/P2547.value": "8.0", "http://www.wikidata.org/prop/direct/P2547.unit": "http://www.ontology-of-units-of-measure.org/resource/om-2/meter", "http://www.wikidata.org/prop/direct/P3018": "Pionierinsel", "https://gdi-de.github.io/apworkshop2026/ont#stammdurchmesser.value": "36.0", "https://gdi-de.github.io/apworkshop2026/ont#stammdurchmesser.unit": "http://www.ontology-of-units-of-measure.org/resource/om-2/centimeter"}, "geometry": {"type": "MultiPoint", "coordinates": [[10.003328061102545, 53.47044710742059]]}}, {"type": "Feature", "id": "https://gdi-de.github.io/apworkshop2026/BFAS315", "name": "Baum BFAS315 (gdide:BFAS315)", "dateprops": [], "properties": {"http://www.w3.org/2000/01/rdf-schema#label": "Baum BFAS315", "http://rdfs.org/ns/void#inDataset.value": "72757", "http://www.w3.org/2000/01/rdf-schema#comment": "sonst. \u00f6ff. Fl\u00e4chen", "http://www.wikidata.org/prop/direct/P2547.value": "4.0", "http://www.wikidata.org/prop/direct/P2547.unit": "http://www.ontology-of-units-of-measure.org/resource/om-2/meter", "http://www.wikidata.org/prop/direct/P3018": "Bahnhof Alte S\u00fcderelbe S\u00fcd", "https://gdi-de.github.io/apworkshop2026/ont#stammdurchmesser.value": "20.0", "https://gdi-de.github.io/apworkshop2026/ont#stammdurchmesser.unit": "http://www.ontology-of-units-of-measure.org/resource/om-2/centimeter"}, "geometry": {"type": "MultiPoint", "coordinates": [[9.910657964190609, 53.50253875177986]]}}, {"type": "Feature", "id": "https://gdi-de.github.io/apworkshop2026/RETH154", "name": "Baum RETH154 (gdide:RETH154)", "dateprops": [], "properties": {"http://www.w3.org/2000/01/rdf-schema#label": "Baum RETH154", "http://rdfs.org/ns/void#inDataset.value": "72757", "http://www.w3.org/2000/01/rdf-schema#comment": "Stra\u00dfe", "http://www.wikidata.org/prop/direct/P2547.value": "5.0", "http://www.wikidata.org/prop/direct/P2547.unit": "http://www.ontology-of-units-of-measure.org/resource/om-2/meter", "http://www.wikidata.org/prop/direct/P3018": "Rethe", "https://gdi-de.github.io/apworkshop2026/ont#stammdurchmesser.value": "19.0", "https://gdi-de.github.io/apworkshop2026/ont#stammdurchmesser.unit": "http://www.ontology-of-units-of-measure.org/resource/om-2/centimeter"}, "geometry": {"type": "MultiPoint", "coordinates": [[9.967384759785883, 53.51107001309371]]}}, {"type": "Feature", "id": "https://gdi-de.github.io/apworkshop2026/ALTW358", "name": "Baum ALTW358 (gdide:ALTW358)", "dateprops": [], "properties": {"http://www.w3.org/2000/01/rdf-schema#label": "Baum ALTW358", "http://rdfs.org/ns/void#inDataset.value": "72757", "http://www.w3.org/2000/01/rdf-schema#comment": "sonst. \u00f6ff. Fl\u00e4chen", "http://www.wikidata.org/prop/direct/P2547.value": "12.0", "http://www.wikidata.org/prop/direct/P2547.unit": "http://www.ontology-of-units-of-measure.org/resource/om-2/meter", "http://www.wikidata.org/prop/direct/P3018": "Altenwerder Logistik", "https://gdi-de.github.io/apworkshop2026/ont#stammdurchmesser.value": "45.0", "https://gdi-de.github.io/apworkshop2026/ont#stammdurchmesser.unit": "http://www.ontology-of-units-of-measure.org/resource/om-2/centimeter"}, "geometry": {"type": "MultiPoint", "coordinates": [[9.929249560192815, 53.51011690077507]]}}, {"type": "Feature", "id": "https://gdi-de.github.io/apworkshop2026/NHKL435", "name": "Baum NHKL435 (gdide:NHKL435)", "dateprops": [], "properties": {"http://www.w3.org/2000/01/rdf-schema#label": "Baum NHKL435", "http://rdfs.org/ns/void#inDataset.value": "72757", "http://www.w3.org/2000/01/rdf-schema#comment": "Schleusen", "http://www.wikidata.org/prop/direct/P2547.value": "7.0", "http://www.wikidata.org/prop/direct/P2547.unit": "http://www.ontology-of-units-of-measure.org/resource/om-2/meter", "http://www.wikidata.org/prop/direct/P3018": "Neuh\u00f6fer Kanal", "https://gdi-de.github.io/apworkshop2026/ont#stammdurchmesser.value": "25.0", "https://gdi-de.github.io/apworkshop2026/ont#stammdurchmesser.unit": "http://www.ontology-of-units-of-measure.org/resource/om-2/centimeter"}, "geometry": {"type": "MultiPoint", "coordinates": [[9.97039941604786, 53.51225088064148]]}}, {"type": "Feature", "id": "https://gdi-de.github.io/apworkshop2026/MOBG1081", "name": "Baum MOBG1081 (gdide:MOBG1081)", "dateprops": [], "properties": {"http://www.w3.org/2000/01/rdf-schema#label": "Baum MOBG1081", "http://rdfs.org/ns/void#inDataset.value": "72757", "http://www.w3.org/2000/01/rdf-schema#comment": "sonst. \u00f6ff. Fl\u00e4chen", "http://www.wikidata.org/prop/direct/P2547.value": "8.0", "http://www.wikidata.org/prop/direct/P2547.unit": "http://www.ontology-of-units-of-measure.org/resource/om-2/meter", "http://www.wikidata.org/prop/direct/P3018": "Moorburg", "https://gdi-de.github.io/apworkshop2026/ont#stammdurchmesser.value": "29.0", "https://gdi-de.github.io/apworkshop2026/ont#stammdurchmesser.unit": "http://www.ontology-of-units-of-measure.org/resource/om-2/centimeter"}, "geometry": {"type": "MultiPoint", "coordinates": [[9.932537205486483, 53.48006316579782]]}}, {"type": "Feature", "id": "https://gdi-de.github.io/apworkshop2026/FINW356", "name": "Baum FINW356 (gdide:FINW356)", "dateprops": [], "properties": {"http://www.w3.org/2000/01/rdf-schema#label": "Baum FINW356", "http://rdfs.org/ns/void#inDataset.value": "72757", "http://www.w3.org/2000/01/rdf-schema#comment": "Wasserwirtschaft", "http://www.wikidata.org/prop/direct/P2547.value": "8.0", "http://www.wikidata.org/prop/direct/P2547.unit": "http://www.ontology-of-units-of-measure.org/resource/om-2/meter", "http://www.wikidata.org/prop/direct/P3018": "Finkenwerder", "https://gdi-de.github.io/apworkshop2026/ont#stammdurchmesser.value": "29.0", "https://gdi-de.github.io/apworkshop2026/ont#stammdurchmesser.unit": "http://www.ontology-of-units-of-measure.org/resource/om-2/centimeter"}, "geometry": {"type": "MultiPoint", "coordinates": [[9.829077668275811, 53.52916559677748]]}}, {"type": "Feature", "id": "https://gdi-de.github.io/apworkshop2026/MOBG754", "name": "Baum MOBG754 (gdide:MOBG754)", "dateprops": [], "properties": {"http://www.w3.org/2000/01/rdf-schema#label": "Baum MOBG754", "http://rdfs.org/ns/void#inDataset.value": "72757", "http://www.w3.org/2000/01/rdf-schema#comment": "sonst. \u00f6ff. Fl\u00e4chen", "http://www.wikidata.org/prop/direct/P2547.value": "6.0", "http://www.wikidata.org/prop/direct/P2547.unit": "http://www.ontology-of-units-of-measure.org/resource/om-2/meter", "http://www.wikidata.org/prop/direct/P3018": "Moorburg", "https://gdi-de.github.io/apworkshop2026/ont#stammdurchmesser.value": "29.0", "https://gdi-de.github.io/apworkshop2026/ont#stammdurchmesser.unit": "http://www.ontology-of-units-of-measure.org/resource/om-2/centimeter"}, "geometry": {"type": "MultiPoint", "coordinates": [[9.932429766978503, 53.47997736407407]]}}, {"type": "Feature", "id": "https://gdi-de.github.io/apworkshop2026/MOBG300", "name": "Baum MOBG300 (gdide:MOBG300)", "dateprops": [], "properties": {"http://www.w3.org/2000/01/rdf-schema#label": "Baum MOBG300", "http://rdfs.org/ns/void#inDataset.value": "72757", "http://www.w3.org/2000/01/rdf-schema#comment": "Stra\u00dfe", "http://www.wikidata.org/prop/direct/P2547.value": "5.0", "http://www.wikidata.org/prop/direct/P2547.unit": "http://www.ontology-of-units-of-measure.org/resource/om-2/meter", "http://www.wikidata.org/prop/direct/P3018": "Moorburg", "https://gdi-de.github.io/apworkshop2026/ont#stammdurchmesser.value": "23.0", "https://gdi-de.github.io/apworkshop2026/ont#stammdurchmesser.unit": "http://www.ontology-of-units-of-measure.org/resource/om-2/centimeter"}, "geometry": {"type": "MultiPoint", "coordinates": [[9.94637383902679, 53.487824846964436]]}}, {"type": "Feature", "id": "https://gdi-de.github.io/apworkshop2026/GZAW510", "name": "Baum GZAW510 (gdide:GZAW510)", "dateprops": [], "properties": {"http://www.w3.org/2000/01/rdf-schema#label": "Baum GZAW510", "http://rdfs.org/ns/void#inDataset.value": "72757", "http://www.w3.org/2000/01/rdf-schema#comment": "sonst. \u00f6ff. Fl\u00e4chen", "http://www.wikidata.org/prop/direct/P2547.value": "20.0", "http://www.wikidata.org/prop/direct/P2547.unit": "http://www.ontology-of-units-of-measure.org/resource/om-2/meter", "http://www.wikidata.org/prop/direct/P3018": "Gr\u00fcnzug Altenwerder", "https://gdi-de.github.io/apworkshop2026/ont#stammdurchmesser.value": "40.0", "https://gdi-de.github.io/apworkshop2026/ont#stammdurchmesser.unit": "http://www.ontology-of-units-of-measure.org/resource/om-2/centimeter"}, "geometry": {"type": "MultiPoint", "coordinates": [[9.917764626234806, 53.5071976796462]]}}, {"type": "Feature", "id": "https://gdi-de.github.io/apworkshop2026/GZAW572", "name": "Baum GZAW572 (gdide:GZAW572)", "dateprops": [], "properties": {"http://www.w3.org/2000/01/rdf-schema#label": "Baum GZAW572", "http://rdfs.org/ns/void#inDataset.value": "72757", "http://www.w3.org/2000/01/rdf-schema#comment": "sonst. \u00f6ff. Fl\u00e4chen", "http://www.wikidata.org/prop/direct/P2547.value": "3.0", "http://www.wikidata.org/prop/direct/P2547.unit": "http://www.ontology-of-units-of-measure.org/resource/om-2/meter", "http://www.wikidata.org/prop/direct/P3018": "Gr\u00fcnzug Altenwerder", "https://gdi-de.github.io/apworkshop2026/ont#stammdurchmesser.value": "13.0", "https://gdi-de.github.io/apworkshop2026/ont#stammdurchmesser.unit": "http://www.ontology-of-units-of-measure.org/resource/om-2/centimeter"}, "geometry": {"type": "MultiPoint", "coordinates": [[9.919172124588272, 53.50081486260856]]}}, {"type": "Feature", "id": "https://gdi-de.github.io/apworkshop2026/GZAW415", "name": "Baum GZAW415 (gdide:GZAW415)", "dateprops": [], "properties": {"http://www.w3.org/2000/01/rdf-schema#label": "Baum GZAW415", "http://rdfs.org/ns/void#inDataset.value": "72757", "http://www.w3.org/2000/01/rdf-schema#comment": "Friedhof", "http://www.wikidata.org/prop/direct/P2547.value": "5.0", "http://www.wikidata.org/prop/direct/P2547.unit": "http://www.ontology-of-units-of-measure.org/resource/om-2/meter", "http://www.wikidata.org/prop/direct/P3018": "Gr\u00fcnzug Altenwerder", "https://gdi-de.github.io/apworkshop2026/ont#stammdurchmesser.value": "26.0", "https://gdi-de.github.io/apworkshop2026/ont#stammdurchmesser.unit": "http://www.ontology-of-units-of-measure.org/resource/om-2/centimeter"}, "geometry": {"type": "MultiPoint", "coordinates": [[9.917489310566532, 53.50526299107563]]}}, {"type": "Feature", "id": "https://gdi-de.github.io/apworkshop2026/KLGB799", "name": "Baum KLGB799 (gdide:KLGB799)", "dateprops": [], "properties": {"http://www.w3.org/2000/01/rdf-schema#label": "Baum KLGB799", "http://rdfs.org/ns/void#inDataset.value": "72757", "http://www.w3.org/2000/01/rdf-schema#comment": "HPA", "http://www.wikidata.org/prop/direct/P2547.value": "12.0", "http://www.wikidata.org/prop/direct/P2547.unit": "http://www.ontology-of-units-of-measure.org/resource/om-2/meter", "http://www.wikidata.org/prop/direct/P3018": "Kleiner Grasbrook", "https://gdi-de.github.io/apworkshop2026/ont#stammdurchmesser.value": "41.0", "https://gdi-de.github.io/apworkshop2026/ont#stammdurchmesser.unit": "http://www.ontology-of-units-of-measure.org/resource/om-2/centimeter"}, "geometry": {"type": "MultiPoint", "coordinates": [[9.979986425406194, 53.52877929387792]]}}, {"type": "Feature", "id": "https://gdi-de.github.io/apworkshop2026/HHBG233", "name": "Baum HHBG233 (gdide:HHBG233)", "dateprops": [], "properties": {"http://www.w3.org/2000/01/rdf-schema#label": "Baum HHBG233", "http://rdfs.org/ns/void#inDataset.value": "72757", "http://www.w3.org/2000/01/rdf-schema#comment": "Stra\u00dfe", "http://www.wikidata.org/prop/direct/P2547.value": "6.0", "http://www.wikidata.org/prop/direct/P2547.unit": "http://www.ontology-of-units-of-measure.org/resource/om-2/meter", "http://www.wikidata.org/prop/direct/P3018": "Harburg", "https://gdi-de.github.io/apworkshop2026/ont#stammdurchmesser.value": "22.0", "https://gdi-de.github.io/apworkshop2026/ont#stammdurchmesser.unit": "http://www.ontology-of-units-of-measure.org/resource/om-2/centimeter"}, "geometry": {"type": "MultiPoint", "coordinates": [[9.978871301728251, 53.465476588663805]]}}, {"type": "Feature", "id": "https://gdi-de.github.io/apworkshop2026/GZAW522", "name": "Baum GZAW522 (gdide:GZAW522)", "dateprops": [], "properties": {"http://www.w3.org/2000/01/rdf-schema#label": "Baum GZAW522", "http://rdfs.org/ns/void#inDataset.value": "72757", "http://www.w3.org/2000/01/rdf-schema#comment": "sonst. \u00f6ff. Fl\u00e4chen", "http://www.wikidata.org/prop/direct/P2547.value": "8.0", "http://www.wikidata.org/prop/direct/P2547.unit": "http://www.ontology-of-units-of-measure.org/resource/om-2/meter", "http://www.wikidata.org/prop/direct/P3018": "Gr\u00fcnzug Altenwerder", "https://gdi-de.github.io/apworkshop2026/ont#stammdurchmesser.value": "24.0", "https://gdi-de.github.io/apworkshop2026/ont#stammdurchmesser.unit": "http://www.ontology-of-units-of-measure.org/resource/om-2/centimeter"}, "geometry": {"type": "MultiPoint", "coordinates": [[9.917965417667114, 53.508947395510006]]}}, {"type": "Feature", "id": "https://gdi-de.github.io/apworkshop2026/MOBG36", "name": "Baum MOBG36 (gdide:MOBG36)", "dateprops": [], "properties": {"http://www.w3.org/2000/01/rdf-schema#label": "Baum MOBG36", "http://rdfs.org/ns/void#inDataset.value": "72757", "http://www.w3.org/2000/01/rdf-schema#comment": "Stra\u00dfe", "http://www.wikidata.org/prop/direct/P2547.value": "7.0", "http://www.wikidata.org/prop/direct/P2547.unit": "http://www.ontology-of-units-of-measure.org/resource/om-2/meter", "http://www.wikidata.org/prop/direct/P3018": "Moorburg", "https://gdi-de.github.io/apworkshop2026/ont#stammdurchmesser.value": "37.0", "https://gdi-de.github.io/apworkshop2026/ont#stammdurchmesser.unit": "http://www.ontology-of-units-of-measure.org/resource/om-2/centimeter"}, "geometry": {"type": "MultiPoint", "coordinates": [[9.94581019110177, 53.4881344128163]]}}, {"type": "Feature", "id": "https://gdi-de.github.io/apworkshop2026/ROSD158", "name": "Baum ROSD158 (gdide:ROSD158)", "dateprops": [], "properties": {"http://www.w3.org/2000/01/rdf-schema#label": "Baum ROSD158", "http://rdfs.org/ns/void#inDataset.value": "72757", "http://www.w3.org/2000/01/rdf-schema#comment": "Stra\u00dfe", "http://www.wikidata.org/prop/direct/P2547.value": "6.0", "http://www.wikidata.org/prop/direct/P2547.unit": "http://www.ontology-of-units-of-measure.org/resource/om-2/meter", "http://www.wikidata.org/prop/direct/P3018": "Ro\u00dfdamm", "https://gdi-de.github.io/apworkshop2026/ont#stammdurchmesser.value": "23.0", "https://gdi-de.github.io/apworkshop2026/ont#stammdurchmesser.unit": "http://www.ontology-of-units-of-measure.org/resource/om-2/centimeter"}, "geometry": {"type": "MultiPoint", "coordinates": [[9.974912875428778, 53.52789871621038]]}}, {"type": "Feature", "id": "https://gdi-de.github.io/apworkshop2026/BFHS705", "name": "Baum BFHS705 (gdide:BFHS705)", "dateprops": [], "properties": {"http://www.w3.org/2000/01/rdf-schema#label": "Baum BFHS705", "http://rdfs.org/ns/void#inDataset.value": "72757", "http://www.w3.org/2000/01/rdf-schema#comment": "sonst. \u00f6ff. Fl\u00e4chen", "http://www.wikidata.org/prop/direct/P2547.value": "6.0", "http://www.wikidata.org/prop/direct/P2547.unit": "http://www.ontology-of-units-of-measure.org/resource/om-2/meter", "http://www.wikidata.org/prop/direct/P3018": "Bahnhof Hohe Schaar", "https://gdi-de.github.io/apworkshop2026/ont#stammdurchmesser.value": "24.0", "https://gdi-de.github.io/apworkshop2026/ont#stammdurchmesser.unit": "http://www.ontology-of-units-of-measure.org/resource/om-2/centimeter"}, "geometry": {"type": "MultiPoint", "coordinates": [[9.96689966953246, 53.49708677682902]]}}, {"type": "Feature", "id": "https://gdi-de.github.io/apworkshop2026/PIOI79", "name": "Baum PIOI79 (gdide:PIOI79)", "dateprops": [], "properties": {"http://www.w3.org/2000/01/rdf-schema#label": "Baum PIOI79", "http://rdfs.org/ns/void#inDataset.value": "72757", "http://www.w3.org/2000/01/rdf-schema#comment": "Wasserwirtschaft", "http://www.wikidata.org/prop/direct/P2547.value": "6.0", "http://www.wikidata.org/prop/direct/P2547.unit": "http://www.ontology-of-units-of-measure.org/resource/om-2/meter", "http://www.wikidata.org/prop/direct/P3018": "Pionierinsel", "https://gdi-de.github.io/apworkshop2026/ont#stammdurchmesser.value": "24.0", "https://gdi-de.github.io/apworkshop2026/ont#stammdurchmesser.unit": "http://www.ontology-of-units-of-measure.org/resource/om-2/centimeter"}, "geometry": {"type": "MultiPoint", "coordinates": [[10.002920315795082, 53.47038008671674]]}}, {"type": "Feature", "id": "https://gdi-de.github.io/apworkshop2026/ROST101", "name": "Baum ROST101 (gdide:ROST101)", "dateprops": [], "properties": {"http://www.w3.org/2000/01/rdf-schema#label": "Baum ROST101", "http://rdfs.org/ns/void#inDataset.value": "72757", "http://www.w3.org/2000/01/rdf-schema#comment": "sonst. \u00f6ff. Fl\u00e4chen", "http://www.wikidata.org/prop/direct/P2547.value": "2.0", "http://www.wikidata.org/prop/direct/P2547.unit": "http://www.ontology-of-units-of-measure.org/resource/om-2/meter", "http://www.wikidata.org/prop/direct/P3018": "Ro\u00df-Terminal", "https://gdi-de.github.io/apworkshop2026/ont#stammdurchmesser.value": "8.0", "https://gdi-de.github.io/apworkshop2026/ont#stammdurchmesser.unit": "http://www.ontology-of-units-of-measure.org/resource/om-2/centimeter"}, "geometry": {"type": "MultiPoint", "coordinates": [[9.942822151921662, 53.52355795068882]]}}, {"type": "Feature", "id": "https://gdi-de.github.io/apworkshop2026/FINW504", "name": "Baum FINW504 (gdide:FINW504)", "dateprops": [], "properties": {"http://www.w3.org/2000/01/rdf-schema#label": "Baum FINW504", "http://rdfs.org/ns/void#inDataset.value": "72757", "http://www.w3.org/2000/01/rdf-schema#comment": "sonst. \u00f6ff. Fl\u00e4chen", "http://www.wikidata.org/prop/direct/P2547.value": "4.0", "http://www.wikidata.org/prop/direct/P2547.unit": "http://www.ontology-of-units-of-measure.org/resource/om-2/meter", "http://www.wikidata.org/prop/direct/P3018": "Finkenwerder", "https://gdi-de.github.io/apworkshop2026/ont#stammdurchmesser.value": "19.0", "https://gdi-de.github.io/apworkshop2026/ont#stammdurchmesser.unit": "http://www.ontology-of-units-of-measure.org/resource/om-2/centimeter"}, "geometry": {"type": "MultiPoint", "coordinates": [[9.887189944516933, 53.52628002201166]]}}, {"type": "Feature", "id": "https://gdi-de.github.io/apworkshop2026/BFASN382", "name": "Baum BFASN382 (gdide:BFASN382)", "dateprops": [], "properties": {"http://www.w3.org/2000/01/rdf-schema#label": "Baum BFASN382", "http://rdfs.org/ns/void#inDataset.value": "72757", "http://www.w3.org/2000/01/rdf-schema#comment": "Stra\u00dfe", "http://www.wikidata.org/prop/direct/P2547.value": "4.0", "http://www.wikidata.org/prop/direct/P2547.unit": "http://www.ontology-of-units-of-measure.org/resource/om-2/meter", "http://www.wikidata.org/prop/direct/P3018": "Bahnhof Alte S\u00fcderelbe Nord", "https://gdi-de.github.io/apworkshop2026/ont#stammdurchmesser.value": "22.0", "https://gdi-de.github.io/apworkshop2026/ont#stammdurchmesser.unit": "http://www.ontology-of-units-of-measure.org/resource/om-2/centimeter"}, "geometry": {"type": "MultiPoint", "coordinates": [[9.911233856152952, 53.50683296855463]]}}, {"type": "Feature", "id": "https://gdi-de.github.io/apworkshop2026/MEFC190", "name": "Baum MEFC190 (gdide:MEFC190)", "dateprops": [], "properties": {"http://www.w3.org/2000/01/rdf-schema#label": "Baum MEFC190", "http://rdfs.org/ns/void#inDataset.value": "72757", "http://www.w3.org/2000/01/rdf-schema#comment": "Francop", "http://www.wikidata.org/prop/direct/P2547.value": "5.5", "http://www.wikidata.org/prop/direct/P2547.unit": "http://www.ontology-of-units-of-measure.org/resource/om-2/meter", "http://www.wikidata.org/prop/direct/P3018": "METHA-Francop", "https://gdi-de.github.io/apworkshop2026/ont#stammdurchmesser.value": "21.0", "https://gdi-de.github.io/apworkshop2026/ont#stammdurchmesser.unit": "http://www.ontology-of-units-of-measure.org/resource/om-2/centimeter"}, "geometry": {"type": "MultiPoint", "coordinates": [[9.877221663202564, 53.51761794665271]]}}, {"type": "Feature", "id": "https://gdi-de.github.io/apworkshop2026/MOBG600", "name": "Baum MOBG600 (gdide:MOBG600)", "dateprops": [], "properties": {"http://www.w3.org/2000/01/rdf-schema#label": "Baum MOBG600", "http://rdfs.org/ns/void#inDataset.value": "72757", "http://www.w3.org/2000/01/rdf-schema#comment": "sonst. \u00f6ff. Fl\u00e4chen", "http://www.wikidata.org/prop/direct/P2547.value": "8.0", "http://www.wikidata.org/prop/direct/P2547.unit": "http://www.ontology-of-units-of-measure.org/resource/om-2/meter", "http://www.wikidata.org/prop/direct/P3018": "Moorburg", "https://gdi-de.github.io/apworkshop2026/ont#stammdurchmesser.value": "35.0", "https://gdi-de.github.io/apworkshop2026/ont#stammdurchmesser.unit": "http://www.ontology-of-units-of-measure.org/resource/om-2/centimeter"}, "geometry": {"type": "MultiPoint", "coordinates": [[9.924337194926832, 53.495135092457815]]}}, {"type": "Feature", "id": "https://gdi-de.github.io/apworkshop2026/MOBG610", "name": "Baum MOBG610 (gdide:MOBG610)", "dateprops": [], "properties": {"http://www.w3.org/2000/01/rdf-schema#label": "Baum MOBG610", "http://rdfs.org/ns/void#inDataset.value": "72757", "http://www.w3.org/2000/01/rdf-schema#comment": "sonst. \u00f6ff. Fl\u00e4chen", "http://www.wikidata.org/prop/direct/P2547.value": "8.0", "http://www.wikidata.org/prop/direct/P2547.unit": "http://www.ontology-of-units-of-measure.org/resource/om-2/meter", "http://www.wikidata.org/prop/direct/P3018": "Moorburg", "https://gdi-de.github.io/apworkshop2026/ont#stammdurchmesser.value": "24.0", "https://gdi-de.github.io/apworkshop2026/ont#stammdurchmesser.unit": "http://www.ontology-of-units-of-measure.org/resource/om-2/centimeter"}, "geometry": {"type": "MultiPoint", "coordinates": [[9.923438196923097, 53.49516059400443]]}}, {"type": "Feature", "id": "https://gdi-de.github.io/apworkshop2026/MOBG733", "name": "Baum MOBG733 (gdide:MOBG733)", "dateprops": [], "properties": {"http://www.w3.org/2000/01/rdf-schema#label": "Baum MOBG733", "http://rdfs.org/ns/void#inDataset.value": "72757", "http://www.w3.org/2000/01/rdf-schema#comment": "sonst. \u00f6ff. Fl\u00e4chen", "http://www.wikidata.org/prop/direct/P2547.value": "6.0", "http://www.wikidata.org/prop/direct/P2547.unit": "http://www.ontology-of-units-of-measure.org/resource/om-2/meter", "http://www.wikidata.org/prop/direct/P3018": "Moorburg", "https://gdi-de.github.io/apworkshop2026/ont#stammdurchmesser.value": "30.0", "https://gdi-de.github.io/apworkshop2026/ont#stammdurchmesser.unit": "http://www.ontology-of-units-of-measure.org/resource/om-2/centimeter"}, "geometry": {"type": "MultiPoint", "coordinates": [[9.93350126846625, 53.481249574686224]]}}, {"type": "Feature", "id": "https://gdi-de.github.io/apworkshop2026/MOBG752", "name": "Baum MOBG752 (gdide:MOBG752)", "dateprops": [], "properties": {"http://www.w3.org/2000/01/rdf-schema#label": "Baum MOBG752", "http://rdfs.org/ns/void#inDataset.value": "72757", "http://www.w3.org/2000/01/rdf-schema#comment": "sonst. \u00f6ff. Fl\u00e4chen", "http://www.wikidata.org/prop/direct/P2547.value": "9.0", "http://www.wikidata.org/prop/direct/P2547.unit": "http://www.ontology-of-units-of-measure.org/resource/om-2/meter", "http://www.wikidata.org/prop/direct/P3018": "Moorburg", "https://gdi-de.github.io/apworkshop2026/ont#stammdurchmesser.value": "32.0", "https://gdi-de.github.io/apworkshop2026/ont#stammdurchmesser.unit": "http://www.ontology-of-units-of-measure.org/resource/om-2/centimeter"}, "geometry": {"type": "MultiPoint", "coordinates": [[9.932599234156854, 53.48022727915356]]}}, {"type": "Feature", "id": "https://gdi-de.github.io/apworkshop2026/MOBG750", "name": "Baum MOBG750 (gdide:MOBG750)", "dateprops": [], "properties": {"http://www.w3.org/2000/01/rdf-schema#label": "Baum MOBG750", "http://rdfs.org/ns/void#inDataset.value": "72757", "http://www.w3.org/2000/01/rdf-schema#comment": "sonst. \u00f6ff. Fl\u00e4chen", "http://www.wikidata.org/prop/direct/P2547.value": "5.0", "http://www.wikidata.org/prop/direct/P2547.unit": "http://www.ontology-of-units-of-measure.org/resource/om-2/meter", "http://www.wikidata.org/prop/direct/P3018": "Moorburg", "https://gdi-de.github.io/apworkshop2026/ont#stammdurchmesser.value": "22.0", "https://gdi-de.github.io/apworkshop2026/ont#stammdurchmesser.unit": "http://www.ontology-of-units-of-measure.org/resource/om-2/centimeter"}, "geometry": {"type": "MultiPoint", "coordinates": [[9.932720003663652, 53.48038398786464]]}}, {"type": "Feature", "id": "https://gdi-de.github.io/apworkshop2026/WAHF110", "name": "Baum WAHF110 (gdide:WAHF110)", "dateprops": [], "properties": {"http://www.w3.org/2000/01/rdf-schema#label": "Baum WAHF110", "http://rdfs.org/ns/void#inDataset.value": "72757", "http://www.w3.org/2000/01/rdf-schema#comment": "sonst. \u00f6ff. Fl\u00e4chen", "http://www.wikidata.org/prop/direct/P2547.value": "6.0", "http://www.wikidata.org/prop/direct/P2547.unit": "http://www.ontology-of-units-of-measure.org/resource/om-2/meter", "http://www.wikidata.org/prop/direct/P3018": "Waltershof", "https://gdi-de.github.io/apworkshop2026/ont#stammdurchmesser.value": "24.0", "https://gdi-de.github.io/apworkshop2026/ont#stammdurchmesser.unit": "http://www.ontology-of-units-of-measure.org/resource/om-2/centimeter"}, "geometry": {"type": "MultiPoint", "coordinates": [[9.92607191360569, 53.517258778603704]]}}, {"type": "Feature", "id": "https://gdi-de.github.io/apworkshop2026/NHKL255", "name": "Baum NHKL255 (gdide:NHKL255)", "dateprops": [], "properties": {"http://www.w3.org/2000/01/rdf-schema#label": "Baum NHKL255", "http://rdfs.org/ns/void#inDataset.value": "72757", "http://www.w3.org/2000/01/rdf-schema#comment": "sonst. \u00f6ff. Fl\u00e4chen", "http://www.wikidata.org/prop/direct/P2547.value": "10.0", "http://www.wikidata.org/prop/direct/P2547.unit": "http://www.ontology-of-units-of-measure.org/resource/om-2/meter", "http://www.wikidata.org/prop/direct/P3018": "Neuh\u00f6fer Kanal", "https://gdi-de.github.io/apworkshop2026/ont#stammdurchmesser.value": "41.0", "https://gdi-de.github.io/apworkshop2026/ont#stammdurchmesser.unit": "http://www.ontology-of-units-of-measure.org/resource/om-2/centimeter"}, "geometry": {"type": "MultiPoint", "coordinates": [[9.967607263498607, 53.51529399617774]]}}, {"type": "Feature", "id": "https://gdi-de.github.io/apworkshop2026/BFHS629", "name": "Baum BFHS629 (gdide:BFHS629)", "dateprops": [], "properties": {"http://www.w3.org/2000/01/rdf-schema#label": "Baum BFHS629", "http://rdfs.org/ns/void#inDataset.value": "72757", "http://www.w3.org/2000/01/rdf-schema#comment": "sonst. \u00f6ff. Fl\u00e4chen", "http://www.wikidata.org/prop/direct/P2547.value": "3.0", "http://www.wikidata.org/prop/direct/P2547.unit": "http://www.ontology-of-units-of-measure.org/resource/om-2/meter", "http://www.wikidata.org/prop/direct/P3018": "Bahnhof Hohe Schaar", "https://gdi-de.github.io/apworkshop2026/ont#stammdurchmesser.value": "18.0", "https://gdi-de.github.io/apworkshop2026/ont#stammdurchmesser.unit": "http://www.ontology-of-units-of-measure.org/resource/om-2/centimeter"}, "geometry": {"type": "MultiPoint", "coordinates": [[9.970909129123223, 53.4964633702356]]}}, {"type": "Feature", "id": "https://gdi-de.github.io/apworkshop2026/GZAW571", "name": "Baum GZAW571 (gdide:GZAW571)", "dateprops": [], "properties": {"http://www.w3.org/2000/01/rdf-schema#label": "Baum GZAW571", "http://rdfs.org/ns/void#inDataset.value": "72757", "http://www.w3.org/2000/01/rdf-schema#comment": "sonst. \u00f6ff. Fl\u00e4chen", "http://www.wikidata.org/prop/direct/P2547.value": "3.0", "http://www.wikidata.org/prop/direct/P2547.unit": "http://www.ontology-of-units-of-measure.org/resource/om-2/meter", "http://www.wikidata.org/prop/direct/P3018": "Gr\u00fcnzug Altenwerder", "https://gdi-de.github.io/apworkshop2026/ont#stammdurchmesser.value": "22.0", "https://gdi-de.github.io/apworkshop2026/ont#stammdurchmesser.unit": "http://www.ontology-of-units-of-measure.org/resource/om-2/centimeter"}, "geometry": {"type": "MultiPoint", "coordinates": [[9.919186560514888, 53.500717465165025]]}}, {"type": "Feature", "id": "https://gdi-de.github.io/apworkshop2026/KLGB768", "name": "Baum KLGB768 (gdide:KLGB768)", "dateprops": [], "properties": {"http://www.w3.org/2000/01/rdf-schema#label": "Baum KLGB768", "http://rdfs.org/ns/void#inDataset.value": "72757", "http://www.w3.org/2000/01/rdf-schema#comment": "HPA", "http://www.wikidata.org/prop/direct/P2547.value": "1.0", "http://www.wikidata.org/prop/direct/P2547.unit": "http://www.ontology-of-units-of-measure.org/resource/om-2/meter", "http://www.wikidata.org/prop/direct/P3018": "Kleiner Grasbrook", "https://gdi-de.github.io/apworkshop2026/ont#stammdurchmesser.value": "12.0", "https://gdi-de.github.io/apworkshop2026/ont#stammdurchmesser.unit": "http://www.ontology-of-units-of-measure.org/resource/om-2/centimeter"}, "geometry": {"type": "MultiPoint", "coordinates": [[9.981274654439385, 53.53024379814614]]}}, {"type": "Feature", "id": "https://gdi-de.github.io/apworkshop2026/RETH145", "name": "Baum RETH145 (gdide:RETH145)", "dateprops": [], "properties": {"http://www.w3.org/2000/01/rdf-schema#label": "Baum RETH145", "http://rdfs.org/ns/void#inDataset.value": "72757", "http://www.w3.org/2000/01/rdf-schema#comment": "Stra\u00dfe", "http://www.wikidata.org/prop/direct/P2547.value": "6.0", "http://www.wikidata.org/prop/direct/P2547.unit": "http://www.ontology-of-units-of-measure.org/resource/om-2/meter", "http://www.wikidata.org/prop/direct/P3018": "Rethe", "https://gdi-de.github.io/apworkshop2026/ont#stammdurchmesser.value": "26.0", "https://gdi-de.github.io/apworkshop2026/ont#stammdurchmesser.unit": "http://www.ontology-of-units-of-measure.org/resource/om-2/centimeter"}, "geometry": {"type": "MultiPoint", "coordinates": [[9.967526217493672, 53.510778173903205]]}}, {"type": "Feature", "id": "https://gdi-de.github.io/apworkshop2026/KLGB761", "name": "Baum KLGB761 (gdide:KLGB761)", "dateprops": [], "properties": {"http://www.w3.org/2000/01/rdf-schema#label": "Baum KLGB761", "http://rdfs.org/ns/void#inDataset.value": "72757", "http://www.w3.org/2000/01/rdf-schema#comment": "HPA", "http://www.wikidata.org/prop/direct/P2547.value": "8.0", "http://www.wikidata.org/prop/direct/P2547.unit": "http://www.ontology-of-units-of-measure.org/resource/om-2/meter", "http://www.wikidata.org/prop/direct/P3018": "Kleiner Grasbrook", "https://gdi-de.github.io/apworkshop2026/ont#stammdurchmesser.value": "22.0", "https://gdi-de.github.io/apworkshop2026/ont#stammdurchmesser.unit": "http://www.ontology-of-units-of-measure.org/resource/om-2/centimeter"}, "geometry": {"type": "MultiPoint", "coordinates": [[9.98145283527599, 53.53034945211642]]}}, {"type": "Feature", "id": "https://gdi-de.github.io/apworkshop2026/MOBG784", "name": "Baum MOBG784 (gdide:MOBG784)", "dateprops": [], "properties": {"http://www.w3.org/2000/01/rdf-schema#label": "Baum MOBG784", "http://rdfs.org/ns/void#inDataset.value": "72757", "http://www.w3.org/2000/01/rdf-schema#comment": "sonst. \u00f6ff. Fl\u00e4chen", "http://www.wikidata.org/prop/direct/P2547.value": "10.0", "http://www.wikidata.org/prop/direct/P2547.unit": "http://www.ontology-of-units-of-measure.org/resource/om-2/meter", "http://www.wikidata.org/prop/direct/P3018": "Moorburg", "https://gdi-de.github.io/apworkshop2026/ont#stammdurchmesser.value": "40.0", "https://gdi-de.github.io/apworkshop2026/ont#stammdurchmesser.unit": "http://www.ontology-of-units-of-measure.org/resource/om-2/centimeter"}, "geometry": {"type": "MultiPoint", "coordinates": [[9.935242859257029, 53.48345541306763]]}}, {"type": "Feature", "id": "https://gdi-de.github.io/apworkshop2026/FINW365", "name": "Baum FINW365 (gdide:FINW365)", "dateprops": [], "properties": {"http://www.w3.org/2000/01/rdf-schema#label": "Baum FINW365", "http://rdfs.org/ns/void#inDataset.value": "72757", "http://www.w3.org/2000/01/rdf-schema#comment": "Wasserwirtschaft", "http://www.wikidata.org/prop/direct/P2547.value": "4.0", "http://www.wikidata.org/prop/direct/P2547.unit": "http://www.ontology-of-units-of-measure.org/resource/om-2/meter", "http://www.wikidata.org/prop/direct/P3018": "Finkenwerder", "https://gdi-de.github.io/apworkshop2026/ont#stammdurchmesser.value": "25.0", "https://gdi-de.github.io/apworkshop2026/ont#stammdurchmesser.unit": "http://www.ontology-of-units-of-measure.org/resource/om-2/centimeter"}, "geometry": {"type": "MultiPoint", "coordinates": [[9.82938805417278, 53.52924784421197]]}}, {"type": "Feature", "id": "https://gdi-de.github.io/apworkshop2026/FINW370", "name": "Baum FINW370 (gdide:FINW370)", "dateprops": [], "properties": {"http://www.w3.org/2000/01/rdf-schema#label": "Baum FINW370", "http://rdfs.org/ns/void#inDataset.value": "72757", "http://www.w3.org/2000/01/rdf-schema#comment": "Wasserwirtschaft", "http://www.wikidata.org/prop/direct/P2547.value": "6.0", "http://www.wikidata.org/prop/direct/P2547.unit": "http://www.ontology-of-units-of-measure.org/resource/om-2/meter", "http://www.wikidata.org/prop/direct/P3018": "Finkenwerder", "https://gdi-de.github.io/apworkshop2026/ont#stammdurchmesser.value": "25.0", "https://gdi-de.github.io/apworkshop2026/ont#stammdurchmesser.unit": "http://www.ontology-of-units-of-measure.org/resource/om-2/centimeter"}, "geometry": {"type": "MultiPoint", "coordinates": [[9.829375369960967, 53.529313730683384]]}}, {"type": "Feature", "id": "https://gdi-de.github.io/apworkshop2026/MOBG724", "name": "Baum MOBG724 (gdide:MOBG724)", "dateprops": [], "properties": {"http://www.w3.org/2000/01/rdf-schema#label": "Baum MOBG724", "http://rdfs.org/ns/void#inDataset.value": "72757", "http://www.w3.org/2000/01/rdf-schema#comment": "sonst. \u00f6ff. Fl\u00e4chen", "http://www.wikidata.org/prop/direct/P2547.value": "6.0", "http://www.wikidata.org/prop/direct/P2547.unit": "http://www.ontology-of-units-of-measure.org/resource/om-2/meter", "http://www.wikidata.org/prop/direct/P3018": "Moorburg", "https://gdi-de.github.io/apworkshop2026/ont#stammdurchmesser.value": "35.0", "https://gdi-de.github.io/apworkshop2026/ont#stammdurchmesser.unit": "http://www.ontology-of-units-of-measure.org/resource/om-2/centimeter"}, "geometry": {"type": "MultiPoint", "coordinates": [[9.933965149495815, 53.48185651041017]]}}, {"type": "Feature", "id": "https://gdi-de.github.io/apworkshop2026/MOBG804", "name": "Baum MOBG804 (gdide:MOBG804)", "dateprops": [], "properties": {"http://www.w3.org/2000/01/rdf-schema#label": "Baum MOBG804", "http://rdfs.org/ns/void#inDataset.value": "72757", "http://www.w3.org/2000/01/rdf-schema#comment": "sonst. \u00f6ff. Fl\u00e4chen", "http://www.wikidata.org/prop/direct/P2547.value": "6.0", "http://www.wikidata.org/prop/direct/P2547.unit": "http://www.ontology-of-units-of-measure.org/resource/om-2/meter", "http://www.wikidata.org/prop/direct/P3018": "Moorburg", "https://gdi-de.github.io/apworkshop2026/ont#stammdurchmesser.value": "27.0", "https://gdi-de.github.io/apworkshop2026/ont#stammdurchmesser.unit": "http://www.ontology-of-units-of-measure.org/resource/om-2/centimeter"}, "geometry": {"type": "MultiPoint", "coordinates": [[9.941989746029938, 53.48832346077759]]}}, {"type": "Feature", "id": "https://gdi-de.github.io/apworkshop2026/KLGB767", "name": "Baum KLGB767 (gdide:KLGB767)", "dateprops": [], "properties": {"http://www.w3.org/2000/01/rdf-schema#label": "Baum KLGB767", "http://rdfs.org/ns/void#inDataset.value": "72757", "http://www.w3.org/2000/01/rdf-schema#comment": "HPA", "http://www.wikidata.org/prop/direct/P2547.value": "4.0", "http://www.wikidata.org/prop/direct/P2547.unit": "http://www.ontology-of-units-of-measure.org/resource/om-2/meter", "http://www.wikidata.org/prop/direct/P3018": "Kleiner Grasbrook", "https://gdi-de.github.io/apworkshop2026/ont#stammdurchmesser.value": "20.0", "https://gdi-de.github.io/apworkshop2026/ont#stammdurchmesser.unit": "http://www.ontology-of-units-of-measure.org/resource/om-2/centimeter"}, "geometry": {"type": "MultiPoint", "coordinates": [[9.981307676509228, 53.53023580480679]]}}, {"type": "Feature", "id": "https://gdi-de.github.io/apworkshop2026/ROST102", "name": "Baum ROST102 (gdide:ROST102)", "dateprops": [], "properties": {"http://www.w3.org/2000/01/rdf-schema#label": "Baum ROST102", "http://rdfs.org/ns/void#inDataset.value": "72757", "http://www.w3.org/2000/01/rdf-schema#comment": "sonst. \u00f6ff. Fl\u00e4chen", "http://www.wikidata.org/prop/direct/P2547.value": "2.0", "http://www.wikidata.org/prop/direct/P2547.unit": "http://www.ontology-of-units-of-measure.org/resource/om-2/meter", "http://www.wikidata.org/prop/direct/P3018": "Ro\u00df-Terminal", "https://gdi-de.github.io/apworkshop2026/ont#stammdurchmesser.value": "8.0", "https://gdi-de.github.io/apworkshop2026/ont#stammdurchmesser.unit": "http://www.ontology-of-units-of-measure.org/resource/om-2/centimeter"}, "geometry": {"type": "MultiPoint", "coordinates": [[9.942843361145519, 53.52349681357982]]}}, {"type": "Feature", "id": "https://gdi-de.github.io/apworkshop2026/VEDL315", "name": "Baum VEDL315 (gdide:VEDL315)", "dateprops": [], "properties": {"http://www.w3.org/2000/01/rdf-schema#label": "Baum VEDL315", "http://rdfs.org/ns/void#inDataset.value": "72757", "http://www.w3.org/2000/01/rdf-schema#comment": "sonst. \u00f6ff. Fl\u00e4chen", "http://www.wikidata.org/prop/direct/P2547.value": "0.5", "http://www.wikidata.org/prop/direct/P2547.unit": "http://www.ontology-of-units-of-measure.org/resource/om-2/meter", "http://www.wikidata.org/prop/direct/P3018": "Veddel", "https://gdi-de.github.io/apworkshop2026/ont#stammdurchmesser.value": "6.0", "https://gdi-de.github.io/apworkshop2026/ont#stammdurchmesser.unit": "http://www.ontology-of-units-of-measure.org/resource/om-2/centimeter"}, "geometry": {"type": "MultiPoint", "coordinates": [[10.027494691589526, 53.522319826925106]]}}, {"type": "Feature", "id": "https://gdi-de.github.io/apworkshop2026/KLGB777", "name": "Baum KLGB777 (gdide:KLGB777)", "dateprops": [], "properties": {"http://www.w3.org/2000/01/rdf-schema#label": "Baum KLGB777", "http://rdfs.org/ns/void#inDataset.value": "72757", "http://www.w3.org/2000/01/rdf-schema#comment": "HPA", "http://www.wikidata.org/prop/direct/P2547.value": "2.0", "http://www.wikidata.org/prop/direct/P2547.unit": "http://www.ontology-of-units-of-measure.org/resource/om-2/meter", "http://www.wikidata.org/prop/direct/P3018": "Kleiner Grasbrook", "https://gdi-de.github.io/apworkshop2026/ont#stammdurchmesser.value": "11.0", "https://gdi-de.github.io/apworkshop2026/ont#stammdurchmesser.unit": "http://www.ontology-of-units-of-measure.org/resource/om-2/centimeter"}, "geometry": {"type": "MultiPoint", "coordinates": [[9.981350328518918, 53.53001398236348]]}}, {"type": "Feature", "id": "https://gdi-de.github.io/apworkshop2026/VHWN25", "name": "Baum VHWN25 (gdide:VHWN25)", "dateprops": [], "properties": {"http://www.w3.org/2000/01/rdf-schema#label": "Baum VHWN25", "http://rdfs.org/ns/void#inDataset.value": "72757", "http://www.w3.org/2000/01/rdf-schema#comment": "Stra\u00dfe", "http://www.wikidata.org/prop/direct/P2547.value": "2.0", "http://www.wikidata.org/prop/direct/P2547.unit": "http://www.ontology-of-units-of-measure.org/resource/om-2/meter", "http://www.wikidata.org/prop/direct/P3018": "Vollh\u00f6fner Weiden", "https://gdi-de.github.io/apworkshop2026/ont#stammdurchmesser.value": "19.0", "https://gdi-de.github.io/apworkshop2026/ont#stammdurchmesser.unit": "http://www.ontology-of-units-of-measure.org/resource/om-2/centimeter"}, "geometry": {"type": "MultiPoint", "coordinates": [[9.896505599777393, 53.50711171910702]]}}, {"type": "Feature", "id": "https://gdi-de.github.io/apworkshop2026/FINW333", "name": "Baum FINW333 (gdide:FINW333)", "dateprops": [], "properties": {"http://www.w3.org/2000/01/rdf-schema#label": "Baum FINW333", "http://rdfs.org/ns/void#inDataset.value": "72757", "http://www.w3.org/2000/01/rdf-schema#comment": "Wasserwirtschaft", "http://www.wikidata.org/prop/direct/P2547.value": "4.0", "http://www.wikidata.org/prop/direct/P2547.unit": "http://www.ontology-of-units-of-measure.org/resource/om-2/meter", "http://www.wikidata.org/prop/direct/P3018": "Finkenwerder", "https://gdi-de.github.io/apworkshop2026/ont#stammdurchmesser.value": "24.0", "https://gdi-de.github.io/apworkshop2026/ont#stammdurchmesser.unit": "http://www.ontology-of-units-of-measure.org/resource/om-2/centimeter"}, "geometry": {"type": "MultiPoint", "coordinates": [[9.828337222919723, 53.528797176717624]]}}, {"type": "Feature", "id": "https://gdi-de.github.io/apworkshop2026/AEST350", "name": "Baum AEST350 (gdide:AEST350)", "dateprops": [], "properties": {"http://www.w3.org/2000/01/rdf-schema#label": "Baum AEST350", "http://rdfs.org/ns/void#inDataset.value": "72757", "http://www.w3.org/2000/01/rdf-schema#comment": "Wasserwirtschaft", "http://www.wikidata.org/prop/direct/P2547.value": "8.0", "http://www.wikidata.org/prop/direct/P2547.unit": "http://www.ontology-of-units-of-measure.org/resource/om-2/meter", "http://www.wikidata.org/prop/direct/P3018": "Altes Estesperrwerk", "https://gdi-de.github.io/apworkshop2026/ont#stammdurchmesser.value": "35.0", "https://gdi-de.github.io/apworkshop2026/ont#stammdurchmesser.unit": "http://www.ontology-of-units-of-measure.org/resource/om-2/centimeter"}, "geometry": {"type": "MultiPoint", "coordinates": [[9.811301895265183, 53.52949229484029]]}}, {"type": "Feature", "id": "https://gdi-de.github.io/apworkshop2026/FINW335", "name": "Baum FINW335 (gdide:FINW335)", "dateprops": [], "properties": {"http://www.w3.org/2000/01/rdf-schema#label": "Baum FINW335", "http://rdfs.org/ns/void#inDataset.value": "72757", "http://www.w3.org/2000/01/rdf-schema#comment": "Wasserwirtschaft", "http://www.wikidata.org/prop/direct/P2547.value": "8.0", "http://www.wikidata.org/prop/direct/P2547.unit": "http://www.ontology-of-units-of-measure.org/resource/om-2/meter", "http://www.wikidata.org/prop/direct/P3018": "Finkenwerder", "https://gdi-de.github.io/apworkshop2026/ont#stammdurchmesser.value": "31.0", "https://gdi-de.github.io/apworkshop2026/ont#stammdurchmesser.unit": "http://www.ontology-of-units-of-measure.org/resource/om-2/centimeter"}, "geometry": {"type": "MultiPoint", "coordinates": [[9.828248738864236, 53.52889926735001]]}}, {"type": "Feature", "id": "https://gdi-de.github.io/apworkshop2026/FINW342", "name": "Baum FINW342 (gdide:FINW342)", "dateprops": [], "properties": {"http://www.w3.org/2000/01/rdf-schema#label": "Baum FINW342", "http://rdfs.org/ns/void#inDataset.value": "72757", "http://www.w3.org/2000/01/rdf-schema#comment": "Wasserwirtschaft", "http://www.wikidata.org/prop/direct/P2547.value": "6.0", "http://www.wikidata.org/prop/direct/P2547.unit": "http://www.ontology-of-units-of-measure.org/resource/om-2/meter", "http://www.wikidata.org/prop/direct/P3018": "Finkenwerder", "https://gdi-de.github.io/apworkshop2026/ont#stammdurchmesser.value": "22.0", "https://gdi-de.github.io/apworkshop2026/ont#stammdurchmesser.unit": "http://www.ontology-of-units-of-measure.org/resource/om-2/centimeter"}, "geometry": {"type": "MultiPoint", "coordinates": [[9.828592263612038, 53.528871473988666]]}}, {"type": "Feature", "id": "https://gdi-de.github.io/apworkshop2026/SCHG115", "name": "Baum SCHG115 (gdide:SCHG115)", "dateprops": [], "properties": {"http://www.w3.org/2000/01/rdf-schema#label": "Baum SCHG115", "http://rdfs.org/ns/void#inDataset.value": "72757", "http://www.w3.org/2000/01/rdf-schema#comment": "Stra\u00dfe", "http://www.wikidata.org/prop/direct/P2547.value": "5.0", "http://www.wikidata.org/prop/direct/P2547.unit": "http://www.ontology-of-units-of-measure.org/resource/om-2/meter", "http://www.wikidata.org/prop/direct/P3018": "Schluisgrove", "https://gdi-de.github.io/apworkshop2026/ont#stammdurchmesser.value": "23.0", "https://gdi-de.github.io/apworkshop2026/ont#stammdurchmesser.unit": "http://www.ontology-of-units-of-measure.org/resource/om-2/centimeter"}, "geometry": {"type": "MultiPoint", "coordinates": [[9.984230066808372, 53.50215238771582]]}}, {"type": "Feature", "id": "https://gdi-de.github.io/apworkshop2026/RDLD223", "name": "Baum RDLD223 (gdide:RDLD223)", "dateprops": [], "properties": {"http://www.w3.org/2000/01/rdf-schema#label": "Baum RDLD223", "http://rdfs.org/ns/void#inDataset.value": "72757", "http://www.w3.org/2000/01/rdf-schema#comment": "sonst. \u00f6ff. Fl\u00e4chen", "http://www.wikidata.org/prop/direct/P2547.value": "12.0", "http://www.wikidata.org/prop/direct/P2547.unit": "http://www.ontology-of-units-of-measure.org/resource/om-2/meter", "http://www.wikidata.org/prop/direct/P3018": "Radeland", "https://gdi-de.github.io/apworkshop2026/ont#stammdurchmesser.value": "51.0", "https://gdi-de.github.io/apworkshop2026/ont#stammdurchmesser.unit": "http://www.ontology-of-units-of-measure.org/resource/om-2/centimeter"}, "geometry": {"type": "MultiPoint", "coordinates": [[9.960742877086535, 53.471854875998595]]}}, {"type": "Feature", "id": "https://gdi-de.github.io/apworkshop2026/BFASN418", "name": "Baum BFASN418 (gdide:BFASN418)", "dateprops": [], "properties": {"http://www.w3.org/2000/01/rdf-schema#label": "Baum BFASN418", "http://rdfs.org/ns/void#inDataset.value": "72757", "http://www.w3.org/2000/01/rdf-schema#comment": "Stra\u00dfe", "http://www.wikidata.org/prop/direct/P2547.value": "2.0", "http://www.wikidata.org/prop/direct/P2547.unit": "http://www.ontology-of-units-of-measure.org/resource/om-2/meter", "http://www.wikidata.org/prop/direct/P3018": "Bahnhof Alte S\u00fcderelbe Nord", "https://gdi-de.github.io/apworkshop2026/ont#stammdurchmesser.value": "11.0", "https://gdi-de.github.io/apworkshop2026/ont#stammdurchmesser.unit": "http://www.ontology-of-units-of-measure.org/resource/om-2/centimeter"}, "geometry": {"type": "MultiPoint", "coordinates": [[9.91121006876423, 53.50651376230115]]}}, {"type": "Feature", "id": "https://gdi-de.github.io/apworkshop2026/FINW351", "name": "Baum FINW351 (gdide:FINW351)", "dateprops": [], "properties": {"http://www.w3.org/2000/01/rdf-schema#label": "Baum FINW351", "http://rdfs.org/ns/void#inDataset.value": "72757", "http://www.w3.org/2000/01/rdf-schema#comment": "Wasserwirtschaft", "http://www.wikidata.org/prop/direct/P2547.value": "8.0", "http://www.wikidata.org/prop/direct/P2547.unit": "http://www.ontology-of-units-of-measure.org/resource/om-2/meter", "http://www.wikidata.org/prop/direct/P3018": "Finkenwerder", "https://gdi-de.github.io/apworkshop2026/ont#stammdurchmesser.value": "30.0", "https://gdi-de.github.io/apworkshop2026/ont#stammdurchmesser.unit": "http://www.ontology-of-units-of-measure.org/resource/om-2/centimeter"}, "geometry": {"type": "MultiPoint", "coordinates": [[9.828992256458596, 53.529016154120534]]}}, {"type": "Feature", "id": "https://gdi-de.github.io/apworkshop2026/BFHS624", "name": "Baum BFHS624 (gdide:BFHS624)", "dateprops": [], "properties": {"http://www.w3.org/2000/01/rdf-schema#label": "Baum BFHS624", "http://rdfs.org/ns/void#inDataset.value": "72757", "http://www.w3.org/2000/01/rdf-schema#comment": "sonst. \u00f6ff. Fl\u00e4chen", "http://www.wikidata.org/prop/direct/P2547.value": "6.0", "http://www.wikidata.org/prop/direct/P2547.unit": "http://www.ontology-of-units-of-measure.org/resource/om-2/meter", "http://www.wikidata.org/prop/direct/P3018": "Bahnhof Hohe Schaar", "https://gdi-de.github.io/apworkshop2026/ont#stammdurchmesser.value": "35.0", "https://gdi-de.github.io/apworkshop2026/ont#stammdurchmesser.unit": "http://www.ontology-of-units-of-measure.org/resource/om-2/centimeter"}, "geometry": {"type": "MultiPoint", "coordinates": [[9.971272093413772, 53.49641109686096]]}}, {"type": "Feature", "id": "https://gdi-de.github.io/apworkshop2026/NHKL185", "name": "Baum NHKL185 (gdide:NHKL185)", "dateprops": [], "properties": {"http://www.w3.org/2000/01/rdf-schema#label": "Baum NHKL185", "http://rdfs.org/ns/void#inDataset.value": "72757", "http://www.w3.org/2000/01/rdf-schema#comment": "sonst. \u00f6ff. Fl\u00e4chen", "http://www.wikidata.org/prop/direct/P2547.value": "8.0", "http://www.wikidata.org/prop/direct/P2547.unit": "http://www.ontology-of-units-of-measure.org/resource/om-2/meter", "http://www.wikidata.org/prop/direct/P3018": "Neuh\u00f6fer Kanal", "https://gdi-de.github.io/apworkshop2026/ont#stammdurchmesser.value": "27.0", "https://gdi-de.github.io/apworkshop2026/ont#stammdurchmesser.unit": "http://www.ontology-of-units-of-measure.org/resource/om-2/centimeter"}, "geometry": {"type": "MultiPoint", "coordinates": [[9.967671322361516, 53.51527082493412]]}}, {"type": "Feature", "id": "https://gdi-de.github.io/apworkshop2026/RDLD225", "name": "Baum RDLD225 (gdide:RDLD225)", "dateprops": [], "properties": {"http://www.w3.org/2000/01/rdf-schema#label": "Baum RDLD225", "http://rdfs.org/ns/void#inDataset.value": "72757", "http://www.w3.org/2000/01/rdf-schema#comment": "sonst. \u00f6ff. Fl\u00e4chen", "http://www.wikidata.org/prop/direct/P2547.value": "7.0", "http://www.wikidata.org/prop/direct/P2547.unit": "http://www.ontology-of-units-of-measure.org/resource/om-2/meter", "http://www.wikidata.org/prop/direct/P3018": "Radeland", "https://gdi-de.github.io/apworkshop2026/ont#stammdurchmesser.value": "38.0", "https://gdi-de.github.io/apworkshop2026/ont#stammdurchmesser.unit": "http://www.ontology-of-units-of-measure.org/resource/om-2/centimeter"}, "geometry": {"type": "MultiPoint", "coordinates": [[9.960730453386157, 53.47183724181788]]}}, {"type": "Feature", "id": "https://gdi-de.github.io/apworkshop2026/GZAW523", "name": "Baum GZAW523 (gdide:GZAW523)", "dateprops": [], "properties": {"http://www.w3.org/2000/01/rdf-schema#label": "Baum GZAW523", "http://rdfs.org/ns/void#inDataset.value": "72757", "http://www.w3.org/2000/01/rdf-schema#comment": "sonst. \u00f6ff. Fl\u00e4chen", "http://www.wikidata.org/prop/direct/P2547.value": "8.0", "http://www.wikidata.org/prop/direct/P2547.unit": "http://www.ontology-of-units-of-measure.org/resource/om-2/meter", "http://www.wikidata.org/prop/direct/P3018": "Gr\u00fcnzug Altenwerder", "https://gdi-de.github.io/apworkshop2026/ont#stammdurchmesser.value": "19.0", "https://gdi-de.github.io/apworkshop2026/ont#stammdurchmesser.unit": "http://www.ontology-of-units-of-measure.org/resource/om-2/centimeter"}, "geometry": {"type": "MultiPoint", "coordinates": [[9.917963126963139, 53.5088415652811]]}}, {"type": "Feature", "id": "https://gdi-de.github.io/apworkshop2026/NHKL296", "name": "Baum NHKL296 (gdide:NHKL296)", "dateprops": [], "properties": {"http://www.w3.org/2000/01/rdf-schema#label": "Baum NHKL296", "http://rdfs.org/ns/void#inDataset.value": "72757", "http://www.w3.org/2000/01/rdf-schema#comment": "Privatgrund", "http://www.wikidata.org/prop/direct/P2547.value": "6.0", "http://www.wikidata.org/prop/direct/P2547.unit": "http://www.ontology-of-units-of-measure.org/resource/om-2/meter", "http://www.wikidata.org/prop/direct/P3018": "Neuh\u00f6fer Kanal", "https://gdi-de.github.io/apworkshop2026/ont#stammdurchmesser.value": "18.0", "https://gdi-de.github.io/apworkshop2026/ont#stammdurchmesser.unit": "http://www.ontology-of-units-of-measure.org/resource/om-2/centimeter"}, "geometry": {"type": "MultiPoint", "coordinates": [[9.946063210584695, 53.520240152361005]]}}, {"type": "Feature", "id": "https://gdi-de.github.io/apworkshop2026/ROSD310", "name": "Baum ROSD310 (gdide:ROSD310)", "dateprops": [], "properties": {"http://www.w3.org/2000/01/rdf-schema#label": "Baum ROSD310", "http://rdfs.org/ns/void#inDataset.value": "72757", "http://www.w3.org/2000/01/rdf-schema#comment": "sonst. \u00f6ff. Fl\u00e4chen", "http://www.wikidata.org/prop/direct/P2547.value": "12.0", "http://www.wikidata.org/prop/direct/P2547.unit": "http://www.ontology-of-units-of-measure.org/resource/om-2/meter", "http://www.wikidata.org/prop/direct/P3018": "Ro\u00dfdamm", "https://gdi-de.github.io/apworkshop2026/ont#stammdurchmesser.value": "31.0", "https://gdi-de.github.io/apworkshop2026/ont#stammdurchmesser.unit": "http://www.ontology-of-units-of-measure.org/resource/om-2/centimeter"}, "geometry": {"type": "MultiPoint", "coordinates": [[9.97465111533814, 53.52509404499562]]}}, {"type": "Feature", "id": "https://gdi-de.github.io/apworkshop2026/MOBG599", "name": "Baum MOBG599 (gdide:MOBG599)", "dateprops": [], "properties": {"http://www.w3.org/2000/01/rdf-schema#label": "Baum MOBG599", "http://rdfs.org/ns/void#inDataset.value": "72757", "http://www.w3.org/2000/01/rdf-schema#comment": "sonst. \u00f6ff. Fl\u00e4chen", "http://www.wikidata.org/prop/direct/P2547.value": "4.0", "http://www.wikidata.org/prop/direct/P2547.unit": "http://www.ontology-of-units-of-measure.org/resource/om-2/meter", "http://www.wikidata.org/prop/direct/P3018": "Moorburg", "https://gdi-de.github.io/apworkshop2026/ont#stammdurchmesser.value": "15.0", "https://gdi-de.github.io/apworkshop2026/ont#stammdurchmesser.unit": "http://www.ontology-of-units-of-measure.org/resource/om-2/centimeter"}, "geometry": {"type": "MultiPoint", "coordinates": [[9.924511243513129, 53.495137630856384]]}}, {"type": "Feature", "id": "https://gdi-de.github.io/apworkshop2026/KTWK813", "name": "Baum KTWK813 (gdide:KTWK813)", "dateprops": [], "properties": {"http://www.w3.org/2000/01/rdf-schema#label": "Baum KTWK813", "http://rdfs.org/ns/void#inDataset.value": "72757", "http://www.w3.org/2000/01/rdf-schema#comment": "Wasserwirtschaft", "http://www.wikidata.org/prop/direct/P2547.value": "2.0", "http://www.wikidata.org/prop/direct/P2547.unit": "http://www.ontology-of-units-of-measure.org/resource/om-2/meter", "http://www.wikidata.org/prop/direct/P3018": "Kattwyk", "https://gdi-de.github.io/apworkshop2026/ont#stammdurchmesser.value": "14.0", "https://gdi-de.github.io/apworkshop2026/ont#stammdurchmesser.unit": "http://www.ontology-of-units-of-measure.org/resource/om-2/centimeter"}, "geometry": {"type": "MultiPoint", "coordinates": [[9.942155071974828, 53.51235646197493]]}}, {"type": "Feature", "id": "https://gdi-de.github.io/apworkshop2026/KLGB731", "name": "Baum KLGB731 (gdide:KLGB731)", "dateprops": [], "properties": {"http://www.w3.org/2000/01/rdf-schema#label": "Baum KLGB731", "http://rdfs.org/ns/void#inDataset.value": "72757", "http://www.w3.org/2000/01/rdf-schema#comment": "sonst. \u00f6ff. Fl\u00e4chen", "http://www.wikidata.org/prop/direct/P2547.value": "6.0", "http://www.wikidata.org/prop/direct/P2547.unit": "http://www.ontology-of-units-of-measure.org/resource/om-2/meter", "http://www.wikidata.org/prop/direct/P3018": "Kleiner Grasbrook", "https://gdi-de.github.io/apworkshop2026/ont#stammdurchmesser.value": "13.0", "https://gdi-de.github.io/apworkshop2026/ont#stammdurchmesser.unit": "http://www.ontology-of-units-of-measure.org/resource/om-2/centimeter"}, "geometry": {"type": "MultiPoint", "coordinates": [[9.9987240874736, 53.52596365898674]]}}, {"type": "Feature", "id": "https://gdi-de.github.io/apworkshop2026/NHKL258", "name": "Baum NHKL258 (gdide:NHKL258)", "dateprops": [], "properties": {"http://www.w3.org/2000/01/rdf-schema#label": "Baum NHKL258", "http://rdfs.org/ns/void#inDataset.value": "72757", "http://www.w3.org/2000/01/rdf-schema#comment": "sonst. \u00f6ff. Fl\u00e4chen", "http://www.wikidata.org/prop/direct/P2547.value": "12.0", "http://www.wikidata.org/prop/direct/P2547.unit": "http://www.ontology-of-units-of-measure.org/resource/om-2/meter", "http://www.wikidata.org/prop/direct/P3018": "Neuh\u00f6fer Kanal", "https://gdi-de.github.io/apworkshop2026/ont#stammdurchmesser.value": "50.0", "https://gdi-de.github.io/apworkshop2026/ont#stammdurchmesser.unit": "http://www.ontology-of-units-of-measure.org/resource/om-2/centimeter"}, "geometry": {"type": "MultiPoint", "coordinates": [[9.967576217722389, 53.51530417165071]]}}, {"type": "Feature", "id": "https://gdi-de.github.io/apworkshop2026/BFHS633", "name": "Baum BFHS633 (gdide:BFHS633)", "dateprops": [], "properties": {"http://www.w3.org/2000/01/rdf-schema#label": "Baum BFHS633", "http://rdfs.org/ns/void#inDataset.value": "72757", "http://www.w3.org/2000/01/rdf-schema#comment": "sonst. \u00f6ff. Fl\u00e4chen", "http://www.wikidata.org/prop/direct/P2547.value": "6.0", "http://www.wikidata.org/prop/direct/P2547.unit": "http://www.ontology-of-units-of-measure.org/resource/om-2/meter", "http://www.wikidata.org/prop/direct/P3018": "Bahnhof Hohe Schaar", "https://gdi-de.github.io/apworkshop2026/ont#stammdurchmesser.value": "38.0", "https://gdi-de.github.io/apworkshop2026/ont#stammdurchmesser.unit": "http://www.ontology-of-units-of-measure.org/resource/om-2/centimeter"}, "geometry": {"type": "MultiPoint", "coordinates": [[9.971179432192216, 53.49641210684601]]}}, {"type": "Feature", "id": "https://gdi-de.github.io/apworkshop2026/BFHS365", "name": "Baum BFHS365 (gdide:BFHS365)", "dateprops": [], "properties": {"http://www.w3.org/2000/01/rdf-schema#label": "Baum BFHS365", "http://rdfs.org/ns/void#inDataset.value": "72757", "http://www.w3.org/2000/01/rdf-schema#comment": "sonst. \u00f6ff. Fl\u00e4chen", "http://www.wikidata.org/prop/direct/P2547.value": "4.0", "http://www.wikidata.org/prop/direct/P2547.unit": "http://www.ontology-of-units-of-measure.org/resource/om-2/meter", "http://www.wikidata.org/prop/direct/P3018": "Bahnhof Hohe Schaar", "https://gdi-de.github.io/apworkshop2026/ont#stammdurchmesser.value": "25.0", "https://gdi-de.github.io/apworkshop2026/ont#stammdurchmesser.unit": "http://www.ontology-of-units-of-measure.org/resource/om-2/centimeter"}, "geometry": {"type": "MultiPoint", "coordinates": [[9.969567198802347, 53.49664014375456]]}}, {"type": "Feature", "id": "https://gdi-de.github.io/apworkshop2026/MEFC900", "name": "Baum MEFC900 (gdide:MEFC900)", "dateprops": [], "properties": {"http://www.w3.org/2000/01/rdf-schema#label": "Baum MEFC900", "http://rdfs.org/ns/void#inDataset.value": "72757", "http://www.w3.org/2000/01/rdf-schema#comment": "Francop", "http://www.wikidata.org/prop/direct/P2547.value": "2.5", "http://www.wikidata.org/prop/direct/P2547.unit": "http://www.ontology-of-units-of-measure.org/resource/om-2/meter", "http://www.wikidata.org/prop/direct/P3018": "METHA-Francop", "https://gdi-de.github.io/apworkshop2026/ont#stammdurchmesser.value": "10.0", "https://gdi-de.github.io/apworkshop2026/ont#stammdurchmesser.unit": "http://www.ontology-of-units-of-measure.org/resource/om-2/centimeter"}, "geometry": {"type": "MultiPoint", "coordinates": [[9.887366598217557, 53.51771092552157]]}}, {"type": "Feature", "id": "https://gdi-de.github.io/apworkshop2026/PIOI351", "name": "Baum PIOI351 (gdide:PIOI351)", "dateprops": [], "properties": {"http://www.w3.org/2000/01/rdf-schema#label": "Baum PIOI351", "http://rdfs.org/ns/void#inDataset.value": "72757", "http://www.w3.org/2000/01/rdf-schema#comment": "Wasserwirtschaft", "http://www.wikidata.org/prop/direct/P2547.value": "6.0", "http://www.wikidata.org/prop/direct/P2547.unit": "http://www.ontology-of-units-of-measure.org/resource/om-2/meter", "http://www.wikidata.org/prop/direct/P3018": "Pionierinsel", "https://gdi-de.github.io/apworkshop2026/ont#stammdurchmesser.value": "19.0", "https://gdi-de.github.io/apworkshop2026/ont#stammdurchmesser.unit": "http://www.ontology-of-units-of-measure.org/resource/om-2/centimeter"}, "geometry": {"type": "MultiPoint", "coordinates": [[10.004049471157762, 53.47092125422162]]}}, {"type": "Feature", "id": "https://gdi-de.github.io/apworkshop2026/RETH65", "name": "Baum RETH65 (gdide:RETH65)", "dateprops": [], "properties": {"http://www.w3.org/2000/01/rdf-schema#label": "Baum RETH65", "http://rdfs.org/ns/void#inDataset.value": "72757", "http://www.w3.org/2000/01/rdf-schema#comment": "Stra\u00dfe", "http://www.wikidata.org/prop/direct/P2547.value": "8.0", "http://www.wikidata.org/prop/direct/P2547.unit": "http://www.ontology-of-units-of-measure.org/resource/om-2/meter", "http://www.wikidata.org/prop/direct/P3018": "Rethe", "https://gdi-de.github.io/apworkshop2026/ont#stammdurchmesser.value": "33.0", "https://gdi-de.github.io/apworkshop2026/ont#stammdurchmesser.unit": "http://www.ontology-of-units-of-measure.org/resource/om-2/centimeter"}, "geometry": {"type": "MultiPoint", "coordinates": [[9.966297340151304, 53.50571734963467]]}}, {"type": "Feature", "id": "https://gdi-de.github.io/apworkshop2026/WITB389", "name": "Baum WITB389 (gdide:WITB389)", "dateprops": [], "properties": {"http://www.w3.org/2000/01/rdf-schema#label": "Baum WITB389", "http://rdfs.org/ns/void#inDataset.value": "72757", "http://www.w3.org/2000/01/rdf-schema#comment": "Wasserwirtschaft", "http://www.wikidata.org/prop/direct/P2547.value": "15.0", "http://www.wikidata.org/prop/direct/P2547.unit": "http://www.ontology-of-units-of-measure.org/resource/om-2/meter", "http://www.wikidata.org/prop/direct/P3018": "Wittenbergen", "https://gdi-de.github.io/apworkshop2026/ont#stammdurchmesser.value": "70.0", "https://gdi-de.github.io/apworkshop2026/ont#stammdurchmesser.unit": "http://www.ontology-of-units-of-measure.org/resource/om-2/centimeter"}, "geometry": {"type": "MultiPoint", "coordinates": [[9.772084755760769, 53.56343696270332]]}}, {"type": "Feature", "id": "https://gdi-de.github.io/apworkshop2026/WITB482", "name": "Baum WITB482 (gdide:WITB482)", "dateprops": [], "properties": {"http://www.w3.org/2000/01/rdf-schema#label": "Baum WITB482", "http://rdfs.org/ns/void#inDataset.value": "72757", "http://www.w3.org/2000/01/rdf-schema#comment": "Wasserwirtschaft", "http://www.wikidata.org/prop/direct/P2547.value": "13.0", "http://www.wikidata.org/prop/direct/P2547.unit": "http://www.ontology-of-units-of-measure.org/resource/om-2/meter", "http://www.wikidata.org/prop/direct/P3018": "Wittenbergen", "https://gdi-de.github.io/apworkshop2026/ont#stammdurchmesser.value": "49.0", "https://gdi-de.github.io/apworkshop2026/ont#stammdurchmesser.unit": "http://www.ontology-of-units-of-measure.org/resource/om-2/centimeter"}, "geometry": {"type": "MultiPoint", "coordinates": [[9.776829369630596, 53.56252086174505]]}}, {"type": "Feature", "id": "https://gdi-de.github.io/apworkshop2026/MOBG401", "name": "Baum MOBG401 (gdide:MOBG401)", "dateprops": [], "properties": {"http://www.w3.org/2000/01/rdf-schema#label": "Baum MOBG401", "http://rdfs.org/ns/void#inDataset.value": "72757", "http://www.w3.org/2000/01/rdf-schema#comment": "sonst. \u00f6ff. Fl\u00e4chen", "http://www.wikidata.org/prop/direct/P2547.value": "3.0", "http://www.wikidata.org/prop/direct/P2547.unit": "http://www.ontology-of-units-of-measure.org/resource/om-2/meter", "http://www.wikidata.org/prop/direct/P3018": "Moorburg", "https://gdi-de.github.io/apworkshop2026/ont#stammdurchmesser.value": "19.0", "https://gdi-de.github.io/apworkshop2026/ont#stammdurchmesser.unit": "http://www.ontology-of-units-of-measure.org/resource/om-2/centimeter"}, "geometry": {"type": "MultiPoint", "coordinates": [[9.943856912314287, 53.4919340082096]]}}, {"type": "Feature", "id": "https://gdi-de.github.io/apworkshop2026/MOBG614", "name": "Baum MOBG614 (gdide:MOBG614)", "dateprops": [], "properties": {"http://www.w3.org/2000/01/rdf-schema#label": "Baum MOBG614", "http://rdfs.org/ns/void#inDataset.value": "72757", "http://www.w3.org/2000/01/rdf-schema#comment": "sonst. \u00f6ff. Fl\u00e4chen", "http://www.wikidata.org/prop/direct/P2547.value": "9.0", "http://www.wikidata.org/prop/direct/P2547.unit": "http://www.ontology-of-units-of-measure.org/resource/om-2/meter", "http://www.wikidata.org/prop/direct/P3018": "Moorburg", "https://gdi-de.github.io/apworkshop2026/ont#stammdurchmesser.value": "27.0", "https://gdi-de.github.io/apworkshop2026/ont#stammdurchmesser.unit": "http://www.ontology-of-units-of-measure.org/resource/om-2/centimeter"}, "geometry": {"type": "MultiPoint", "coordinates": [[9.923020992355694, 53.495179992697906]]}}, {"type": "Feature", "id": "https://gdi-de.github.io/apworkshop2026/BFHS435", "name": "Baum BFHS435 (gdide:BFHS435)", "dateprops": [], "properties": {"http://www.w3.org/2000/01/rdf-schema#label": "Baum BFHS435", "http://rdfs.org/ns/void#inDataset.value": "72757", "http://www.w3.org/2000/01/rdf-schema#comment": "sonst. \u00f6ff. Fl\u00e4chen", "http://www.wikidata.org/prop/direct/P2547.value": "6.0", "http://www.wikidata.org/prop/direct/P2547.unit": "http://www.ontology-of-units-of-measure.org/resource/om-2/meter", "http://www.wikidata.org/prop/direct/P3018": "Bahnhof Hohe Schaar", "https://gdi-de.github.io/apworkshop2026/ont#stammdurchmesser.value": "21.0", "https://gdi-de.github.io/apworkshop2026/ont#stammdurchmesser.unit": "http://www.ontology-of-units-of-measure.org/resource/om-2/centimeter"}, "geometry": {"type": "MultiPoint", "coordinates": [[9.968007373126154, 53.496904880493034]]}}, {"type": "Feature", "id": "https://gdi-de.github.io/apworkshop2026/FINW350", "name": "Baum FINW350 (gdide:FINW350)", "dateprops": [], "properties": {"http://www.w3.org/2000/01/rdf-schema#label": "Baum FINW350", "http://rdfs.org/ns/void#inDataset.value": "72757", "http://www.w3.org/2000/01/rdf-schema#comment": "Wasserwirtschaft", "http://www.wikidata.org/prop/direct/P2547.value": "8.0", "http://www.wikidata.org/prop/direct/P2547.unit": "http://www.ontology-of-units-of-measure.org/resource/om-2/meter", "http://www.wikidata.org/prop/direct/P3018": "Finkenwerder", "https://gdi-de.github.io/apworkshop2026/ont#stammdurchmesser.value": "29.0", "https://gdi-de.github.io/apworkshop2026/ont#stammdurchmesser.unit": "http://www.ontology-of-units-of-measure.org/resource/om-2/centimeter"}, "geometry": {"type": "MultiPoint", "coordinates": [[9.828848993137086, 53.52897037662202]]}}, {"type": "Feature", "id": "https://gdi-de.github.io/apworkshop2026/VEDL316", "name": "Baum VEDL316 (gdide:VEDL316)", "dateprops": [], "properties": {"http://www.w3.org/2000/01/rdf-schema#label": "Baum VEDL316", "http://rdfs.org/ns/void#inDataset.value": "72757", "http://www.w3.org/2000/01/rdf-schema#comment": "sonst. \u00f6ff. Fl\u00e4chen", "http://www.wikidata.org/prop/direct/P2547.value": "2.0", "http://www.wikidata.org/prop/direct/P2547.unit": "http://www.ontology-of-units-of-measure.org/resource/om-2/meter", "http://www.wikidata.org/prop/direct/P3018": "Veddel", "https://gdi-de.github.io/apworkshop2026/ont#stammdurchmesser.value": "5.0", "https://gdi-de.github.io/apworkshop2026/ont#stammdurchmesser.unit": "http://www.ontology-of-units-of-measure.org/resource/om-2/centimeter"}, "geometry": {"type": "MultiPoint", "coordinates": [[10.027538295813416, 53.52228021055415]]}}, {"type": "Feature", "id": "https://gdi-de.github.io/apworkshop2026/FINW383", "name": "Baum FINW383 (gdide:FINW383)", "dateprops": [], "properties": {"http://www.w3.org/2000/01/rdf-schema#label": "Baum FINW383", "http://rdfs.org/ns/void#inDataset.value": "72757", "http://www.w3.org/2000/01/rdf-schema#comment": "Wasserwirtschaft", "http://www.wikidata.org/prop/direct/P2547.value": "3.0", "http://www.wikidata.org/prop/direct/P2547.unit": "http://www.ontology-of-units-of-measure.org/resource/om-2/meter", "http://www.wikidata.org/prop/direct/P3018": "Finkenwerder", "https://gdi-de.github.io/apworkshop2026/ont#stammdurchmesser.value": "13.0", "https://gdi-de.github.io/apworkshop2026/ont#stammdurchmesser.unit": "http://www.ontology-of-units-of-measure.org/resource/om-2/centimeter"}, "geometry": {"type": "MultiPoint", "coordinates": [[9.87311653303404, 53.53930733280419]]}}, {"type": "Feature", "id": "https://gdi-de.github.io/apworkshop2026/GZAW746", "name": "Baum GZAW746 (gdide:GZAW746)", "dateprops": [], "properties": {"http://www.w3.org/2000/01/rdf-schema#label": "Baum GZAW746", "http://rdfs.org/ns/void#inDataset.value": "72757", "http://www.w3.org/2000/01/rdf-schema#comment": "sonst. \u00f6ff. Fl\u00e4chen", "http://www.wikidata.org/prop/direct/P2547.value": "3.0", "http://www.wikidata.org/prop/direct/P2547.unit": "http://www.ontology-of-units-of-measure.org/resource/om-2/meter", "http://www.wikidata.org/prop/direct/P3018": "Gr\u00fcnzug Altenwerder", "https://gdi-de.github.io/apworkshop2026/ont#stammdurchmesser.value": "13.0", "https://gdi-de.github.io/apworkshop2026/ont#stammdurchmesser.unit": "http://www.ontology-of-units-of-measure.org/resource/om-2/centimeter"}, "geometry": {"type": "MultiPoint", "coordinates": [[9.91943761268734, 53.50715659063707]]}}, {"type": "Feature", "id": "https://gdi-de.github.io/apworkshop2026/KTWK984", "name": "Baum KTWK984 (gdide:KTWK984)", "dateprops": [], "properties": {"http://www.w3.org/2000/01/rdf-schema#label": "Baum KTWK984", "http://rdfs.org/ns/void#inDataset.value": "72757", "http://www.w3.org/2000/01/rdf-schema#comment": "sonst. \u00f6ff. Fl\u00e4chen", "http://www.wikidata.org/prop/direct/P2547.value": "6.0", "http://www.wikidata.org/prop/direct/P2547.unit": "http://www.ontology-of-units-of-measure.org/resource/om-2/meter", "http://www.wikidata.org/prop/direct/P3018": "Kattwyk", "https://gdi-de.github.io/apworkshop2026/ont#stammdurchmesser.value": "15.0", "https://gdi-de.github.io/apworkshop2026/ont#stammdurchmesser.unit": "http://www.ontology-of-units-of-measure.org/resource/om-2/centimeter"}, "geometry": {"type": "MultiPoint", "coordinates": [[9.942924200537938, 53.51452215405922]]}}, {"type": "Feature", "id": "https://gdi-de.github.io/apworkshop2026/PIOI285", "name": "Baum PIOI285 (gdide:PIOI285)", "dateprops": [], "properties": {"http://www.w3.org/2000/01/rdf-schema#label": "Baum PIOI285", "http://rdfs.org/ns/void#inDataset.value": "72757", "http://www.w3.org/2000/01/rdf-schema#comment": "Wasserwirtschaft", "http://www.wikidata.org/prop/direct/P2547.value": "8.0", "http://www.wikidata.org/prop/direct/P2547.unit": "http://www.ontology-of-units-of-measure.org/resource/om-2/meter", "http://www.wikidata.org/prop/direct/P3018": "Pionierinsel", "https://gdi-de.github.io/apworkshop2026/ont#stammdurchmesser.value": "30.0", "https://gdi-de.github.io/apworkshop2026/ont#stammdurchmesser.unit": "http://www.ontology-of-units-of-measure.org/resource/om-2/centimeter"}, "geometry": {"type": "MultiPoint", "coordinates": [[10.003295524122954, 53.47056177064838]]}}, {"type": "Feature", "id": "https://gdi-de.github.io/apworkshop2026/WITB396", "name": "Baum WITB396 (gdide:WITB396)", "dateprops": [], "properties": {"http://www.w3.org/2000/01/rdf-schema#label": "Baum WITB396", "http://rdfs.org/ns/void#inDataset.value": "72757", "http://www.w3.org/2000/01/rdf-schema#comment": "Wasserwirtschaft", "http://www.wikidata.org/prop/direct/P2547.value": "8.0", "http://www.wikidata.org/prop/direct/P2547.unit": "http://www.ontology-of-units-of-measure.org/resource/om-2/meter", "http://www.wikidata.org/prop/direct/P3018": "Wittenbergen", "https://gdi-de.github.io/apworkshop2026/ont#stammdurchmesser.value": "45.0", "https://gdi-de.github.io/apworkshop2026/ont#stammdurchmesser.unit": "http://www.ontology-of-units-of-measure.org/resource/om-2/centimeter"}, "geometry": {"type": "MultiPoint", "coordinates": [[9.77254925662788, 53.563287123469536]]}}, {"type": "Feature", "id": "https://gdi-de.github.io/apworkshop2026/WITB420", "name": "Baum WITB420 (gdide:WITB420)", "dateprops": [], "properties": {"http://www.w3.org/2000/01/rdf-schema#label": "Baum WITB420", "http://rdfs.org/ns/void#inDataset.value": "72757", "http://www.w3.org/2000/01/rdf-schema#comment": "Wasserwirtschaft", "http://www.wikidata.org/prop/direct/P2547.value": "15.0", "http://www.wikidata.org/prop/direct/P2547.unit": "http://www.ontology-of-units-of-measure.org/resource/om-2/meter", "http://www.wikidata.org/prop/direct/P3018": "Wittenbergen", "https://gdi-de.github.io/apworkshop2026/ont#stammdurchmesser.value": "73.0", "https://gdi-de.github.io/apworkshop2026/ont#stammdurchmesser.unit": "http://www.ontology-of-units-of-measure.org/resource/om-2/centimeter"}, "geometry": {"type": "MultiPoint", "coordinates": [[9.775154164339313, 53.56281479881622]]}}, {"type": "Feature", "id": "https://gdi-de.github.io/apworkshop2026/WAHF131", "name": "Baum WAHF131 (gdide:WAHF131)", "dateprops": [], "properties": {"http://www.w3.org/2000/01/rdf-schema#label": "Baum WAHF131", "http://rdfs.org/ns/void#inDataset.value": "72757", "http://www.w3.org/2000/01/rdf-schema#comment": "sonst. \u00f6ff. Fl\u00e4chen", "http://www.wikidata.org/prop/direct/P2547.value": "9.0", "http://www.wikidata.org/prop/direct/P2547.unit": "http://www.ontology-of-units-of-measure.org/resource/om-2/meter", "http://www.wikidata.org/prop/direct/P3018": "Waltershof", "https://gdi-de.github.io/apworkshop2026/ont#stammdurchmesser.value": "27.0", "https://gdi-de.github.io/apworkshop2026/ont#stammdurchmesser.unit": "http://www.ontology-of-units-of-measure.org/resource/om-2/centimeter"}, "geometry": {"type": "MultiPoint", "coordinates": [[9.92483026221998, 53.51663283240473]]}}, {"type": "Feature", "id": "https://gdi-de.github.io/apworkshop2026/PEUB44", "name": "Baum PEUB44 (gdide:PEUB44)", "dateprops": [], "properties": {"http://www.w3.org/2000/01/rdf-schema#label": "Baum PEUB44", "http://rdfs.org/ns/void#inDataset.value": "72757", "http://www.w3.org/2000/01/rdf-schema#comment": "sonst. \u00f6ff. Fl\u00e4chen", "http://www.wikidata.org/prop/direct/P2547.value": "4.0", "http://www.wikidata.org/prop/direct/P2547.unit": "http://www.ontology-of-units-of-measure.org/resource/om-2/meter", "http://www.wikidata.org/prop/direct/P3018": "Peutebahnhof", "https://gdi-de.github.io/apworkshop2026/ont#stammdurchmesser.value": "19.0", "https://gdi-de.github.io/apworkshop2026/ont#stammdurchmesser.unit": "http://www.ontology-of-units-of-measure.org/resource/om-2/centimeter"}, "geometry": {"type": "MultiPoint", "coordinates": [[10.040832571500937, 53.515556907180944]]}}, {"type": "Feature", "id": "https://gdi-de.github.io/apworkshop2026/RDLD251", "name": "Baum RDLD251 (gdide:RDLD251)", "dateprops": [], "properties": {"http://www.w3.org/2000/01/rdf-schema#label": "Baum RDLD251", "http://rdfs.org/ns/void#inDataset.value": "72757", "http://www.w3.org/2000/01/rdf-schema#comment": "sonst. \u00f6ff. Fl\u00e4chen", "http://www.wikidata.org/prop/direct/P2547.value": "6.0", "http://www.wikidata.org/prop/direct/P2547.unit": "http://www.ontology-of-units-of-measure.org/resource/om-2/meter", "http://www.wikidata.org/prop/direct/P3018": "Radeland", "https://gdi-de.github.io/apworkshop2026/ont#stammdurchmesser.value": "22.0", "https://gdi-de.github.io/apworkshop2026/ont#stammdurchmesser.unit": "http://www.ontology-of-units-of-measure.org/resource/om-2/centimeter"}, "geometry": {"type": "MultiPoint", "coordinates": [[9.9607054532718, 53.47178575082375]]}}, {"type": "Feature", "id": "https://gdi-de.github.io/apworkshop2026/NHKL290", "name": "Baum NHKL290 (gdide:NHKL290)", "dateprops": [], "properties": {"http://www.w3.org/2000/01/rdf-schema#label": "Baum NHKL290", "http://rdfs.org/ns/void#inDataset.value": "72757", "http://www.w3.org/2000/01/rdf-schema#comment": "Privatgrund", "http://www.wikidata.org/prop/direct/P2547.value": "4.0", "http://www.wikidata.org/prop/direct/P2547.unit": "http://www.ontology-of-units-of-measure.org/resource/om-2/meter", "http://www.wikidata.org/prop/direct/P3018": "Neuh\u00f6fer Kanal", "https://gdi-de.github.io/apworkshop2026/ont#stammdurchmesser.value": "12.0", "https://gdi-de.github.io/apworkshop2026/ont#stammdurchmesser.unit": "http://www.ontology-of-units-of-measure.org/resource/om-2/centimeter"}, "geometry": {"type": "MultiPoint", "coordinates": [[9.947042095766648, 53.52002024834293]]}}, {"type": "Feature", "id": "https://gdi-de.github.io/apworkshop2026/GZAW743", "name": "Baum GZAW743 (gdide:GZAW743)", "dateprops": [], "properties": {"http://www.w3.org/2000/01/rdf-schema#label": "Baum GZAW743", "http://rdfs.org/ns/void#inDataset.value": "72757", "http://www.w3.org/2000/01/rdf-schema#comment": "sonst. \u00f6ff. Fl\u00e4chen", "http://www.wikidata.org/prop/direct/P2547.value": "3.0", "http://www.wikidata.org/prop/direct/P2547.unit": "http://www.ontology-of-units-of-measure.org/resource/om-2/meter", "http://www.wikidata.org/prop/direct/P3018": "Gr\u00fcnzug Altenwerder", "https://gdi-de.github.io/apworkshop2026/ont#stammdurchmesser.value": "13.0", "https://gdi-de.github.io/apworkshop2026/ont#stammdurchmesser.unit": "http://www.ontology-of-units-of-measure.org/resource/om-2/centimeter"}, "geometry": {"type": "MultiPoint", "coordinates": [[9.919462648734308, 53.5070948742401]]}}, {"type": "Feature", "id": "https://gdi-de.github.io/apworkshop2026/FINW337", "name": "Baum FINW337 (gdide:FINW337)", "dateprops": [], "properties": {"http://www.w3.org/2000/01/rdf-schema#label": "Baum FINW337", "http://rdfs.org/ns/void#inDataset.value": "72757", "http://www.w3.org/2000/01/rdf-schema#comment": "Wasserwirtschaft", "http://www.wikidata.org/prop/direct/P2547.value": "8.0", "http://www.wikidata.org/prop/direct/P2547.unit": "http://www.ontology-of-units-of-measure.org/resource/om-2/meter", "http://www.wikidata.org/prop/direct/P3018": "Finkenwerder", "https://gdi-de.github.io/apworkshop2026/ont#stammdurchmesser.value": "19.0", "https://gdi-de.github.io/apworkshop2026/ont#stammdurchmesser.unit": "http://www.ontology-of-units-of-measure.org/resource/om-2/centimeter"}, "geometry": {"type": "MultiPoint", "coordinates": [[9.828424871541994, 53.5287821720064]]}}, {"type": "Feature", "id": "https://gdi-de.github.io/apworkshop2026/FINW369", "name": "Baum FINW369 (gdide:FINW369)", "dateprops": [], "properties": {"http://www.w3.org/2000/01/rdf-schema#label": "Baum FINW369", "http://rdfs.org/ns/void#inDataset.value": "72757", "http://www.w3.org/2000/01/rdf-schema#comment": "Wasserwirtschaft", "http://www.wikidata.org/prop/direct/P2547.value": "8.0", "http://www.wikidata.org/prop/direct/P2547.unit": "http://www.ontology-of-units-of-measure.org/resource/om-2/meter", "http://www.wikidata.org/prop/direct/P3018": "Finkenwerder", "https://gdi-de.github.io/apworkshop2026/ont#stammdurchmesser.value": "45.0", "https://gdi-de.github.io/apworkshop2026/ont#stammdurchmesser.unit": "http://www.ontology-of-units-of-measure.org/resource/om-2/centimeter"}, "geometry": {"type": "MultiPoint", "coordinates": [[9.829417132638525, 53.5293063085153]]}}, {"type": "Feature", "id": "https://gdi-de.github.io/apworkshop2026/NHKL196", "name": "Baum NHKL196 (gdide:NHKL196)", "dateprops": [], "properties": {"http://www.w3.org/2000/01/rdf-schema#label": "Baum NHKL196", "http://rdfs.org/ns/void#inDataset.value": "72757", "http://www.w3.org/2000/01/rdf-schema#comment": "sonst. \u00f6ff. Fl\u00e4chen", "http://www.wikidata.org/prop/direct/P2547.value": "5.0", "http://www.wikidata.org/prop/direct/P2547.unit": "http://www.ontology-of-units-of-measure.org/resource/om-2/meter", "http://www.wikidata.org/prop/direct/P3018": "Neuh\u00f6fer Kanal", "https://gdi-de.github.io/apworkshop2026/ont#stammdurchmesser.value": "18.0", "https://gdi-de.github.io/apworkshop2026/ont#stammdurchmesser.unit": "http://www.ontology-of-units-of-measure.org/resource/om-2/centimeter"}, "geometry": {"type": "MultiPoint", "coordinates": [[9.968788134872193, 53.51516684796203]]}}, {"type": "Feature", "id": "https://gdi-de.github.io/apworkshop2026/BFASN381", "name": "Baum BFASN381 (gdide:BFASN381)", "dateprops": [], "properties": {"http://www.w3.org/2000/01/rdf-schema#label": "Baum BFASN381", "http://rdfs.org/ns/void#inDataset.value": "72757", "http://www.w3.org/2000/01/rdf-schema#comment": "Stra\u00dfe", "http://www.wikidata.org/prop/direct/P2547.value": "4.0", "http://www.wikidata.org/prop/direct/P2547.unit": "http://www.ontology-of-units-of-measure.org/resource/om-2/meter", "http://www.wikidata.org/prop/direct/P3018": "Bahnhof Alte S\u00fcderelbe Nord", "https://gdi-de.github.io/apworkshop2026/ont#stammdurchmesser.value": "16.0", "https://gdi-de.github.io/apworkshop2026/ont#stammdurchmesser.unit": "http://www.ontology-of-units-of-measure.org/resource/om-2/centimeter"}, "geometry": {"type": "MultiPoint", "coordinates": [[9.911229148980864, 53.506887114988515]]}}, {"type": "Feature", "id": "https://gdi-de.github.io/apworkshop2026/FINW359", "name": "Baum FINW359 (gdide:FINW359)", "dateprops": [], "properties": {"http://www.w3.org/2000/01/rdf-schema#label": "Baum FINW359", "http://rdfs.org/ns/void#inDataset.value": "72757", "http://www.w3.org/2000/01/rdf-schema#comment": "Wasserwirtschaft", "http://www.wikidata.org/prop/direct/P2547.value": "8.0", "http://www.wikidata.org/prop/direct/P2547.unit": "http://www.ontology-of-units-of-measure.org/resource/om-2/meter", "http://www.wikidata.org/prop/direct/P3018": "Finkenwerder", "https://gdi-de.github.io/apworkshop2026/ont#stammdurchmesser.value": "29.0", "https://gdi-de.github.io/apworkshop2026/ont#stammdurchmesser.unit": "http://www.ontology-of-units-of-measure.org/resource/om-2/centimeter"}, "geometry": {"type": "MultiPoint", "coordinates": [[9.829149264003956, 53.529161255595085]]}}, {"type": "Feature", "id": "https://gdi-de.github.io/apworkshop2026/ALTW341", "name": "Baum ALTW341 (gdide:ALTW341)", "dateprops": [], "properties": {"http://www.w3.org/2000/01/rdf-schema#label": "Baum ALTW341", "http://rdfs.org/ns/void#inDataset.value": "72757", "http://www.w3.org/2000/01/rdf-schema#comment": "sonst. \u00f6ff. Fl\u00e4chen", "http://www.wikidata.org/prop/direct/P2547.value": "15.0", "http://www.wikidata.org/prop/direct/P2547.unit": "http://www.ontology-of-units-of-measure.org/resource/om-2/meter", "http://www.wikidata.org/prop/direct/P3018": "Altenwerder Logistik", "https://gdi-de.github.io/apworkshop2026/ont#stammdurchmesser.value": "54.0", "https://gdi-de.github.io/apworkshop2026/ont#stammdurchmesser.unit": "http://www.ontology-of-units-of-measure.org/resource/om-2/centimeter"}, "geometry": {"type": "MultiPoint", "coordinates": [[9.93035599716196, 53.51000419281251]]}}, {"type": "Feature", "id": "https://gdi-de.github.io/apworkshop2026/REIS98", "name": "Baum REIS98 (gdide:REIS98)", "dateprops": [], "properties": {"http://www.w3.org/2000/01/rdf-schema#label": "Baum REIS98", "http://rdfs.org/ns/void#inDataset.value": "72757", "http://www.w3.org/2000/01/rdf-schema#comment": "Stra\u00dfe", "http://www.wikidata.org/prop/direct/P2547.value": "7.0", "http://www.wikidata.org/prop/direct/P2547.unit": "http://www.ontology-of-units-of-measure.org/resource/om-2/meter", "http://www.wikidata.org/prop/direct/P3018": "Reiherstieg S\u00fcd", "https://gdi-de.github.io/apworkshop2026/ont#stammdurchmesser.value": "27.0", "https://gdi-de.github.io/apworkshop2026/ont#stammdurchmesser.unit": "http://www.ontology-of-units-of-measure.org/resource/om-2/centimeter"}, "geometry": {"type": "MultiPoint", "coordinates": [[9.975351316169501, 53.512122158130715]]}}, {"type": "Feature", "id": "https://gdi-de.github.io/apworkshop2026/ROSD151", "name": "Baum ROSD151 (gdide:ROSD151)", "dateprops": [], "properties": {"http://www.w3.org/2000/01/rdf-schema#label": "Baum ROSD151", "http://rdfs.org/ns/void#inDataset.value": "72757", "http://www.w3.org/2000/01/rdf-schema#comment": "Stra\u00dfe", "http://www.wikidata.org/prop/direct/P2547.value": "5.0", "http://www.wikidata.org/prop/direct/P2547.unit": "http://www.ontology-of-units-of-measure.org/resource/om-2/meter", "http://www.wikidata.org/prop/direct/P3018": "Ro\u00dfdamm", "https://gdi-de.github.io/apworkshop2026/ont#stammdurchmesser.value": "23.0", "https://gdi-de.github.io/apworkshop2026/ont#stammdurchmesser.unit": "http://www.ontology-of-units-of-measure.org/resource/om-2/centimeter"}, "geometry": {"type": "MultiPoint", "coordinates": [[9.975300525423334, 53.52790524686747]]}}, {"type": "Feature", "id": "https://gdi-de.github.io/apworkshop2026/WAHF409", "name": "Baum WAHF409 (gdide:WAHF409)", "dateprops": [], "properties": {"http://www.w3.org/2000/01/rdf-schema#label": "Baum WAHF409", "http://rdfs.org/ns/void#inDataset.value": "72757", "http://www.w3.org/2000/01/rdf-schema#comment": "sonst. \u00f6ff. Fl\u00e4chen", "http://www.wikidata.org/prop/direct/P2547.value": "7.0", "http://www.wikidata.org/prop/direct/P2547.unit": "http://www.ontology-of-units-of-measure.org/resource/om-2/meter", "http://www.wikidata.org/prop/direct/P3018": "Waltershof", "https://gdi-de.github.io/apworkshop2026/ont#stammdurchmesser.value": "25.0", "https://gdi-de.github.io/apworkshop2026/ont#stammdurchmesser.unit": "http://www.ontology-of-units-of-measure.org/resource/om-2/centimeter"}, "geometry": {"type": "MultiPoint", "coordinates": [[9.931954558193205, 53.525826375186156]]}}, {"type": "Feature", "id": "https://gdi-de.github.io/apworkshop2026/MOBG757", "name": "Baum MOBG757 (gdide:MOBG757)", "dateprops": [], "properties": {"http://www.w3.org/2000/01/rdf-schema#label": "Baum MOBG757", "http://rdfs.org/ns/void#inDataset.value": "72757", "http://www.w3.org/2000/01/rdf-schema#comment": "sonst. \u00f6ff. Fl\u00e4chen", "http://www.wikidata.org/prop/direct/P2547.value": "8.0", "http://www.wikidata.org/prop/direct/P2547.unit": "http://www.ontology-of-units-of-measure.org/resource/om-2/meter", "http://www.wikidata.org/prop/direct/P3018": "Moorburg", "https://gdi-de.github.io/apworkshop2026/ont#stammdurchmesser.value": "29.0", "https://gdi-de.github.io/apworkshop2026/ont#stammdurchmesser.unit": "http://www.ontology-of-units-of-measure.org/resource/om-2/centimeter"}, "geometry": {"type": "MultiPoint", "coordinates": [[9.932364980480212, 53.47983022306924]]}}, {"type": "Feature", "id": "https://gdi-de.github.io/apworkshop2026/WITB499", "name": "Baum WITB499 (gdide:WITB499)", "dateprops": [], "properties": {"http://www.w3.org/2000/01/rdf-schema#label": "Baum WITB499", "http://rdfs.org/ns/void#inDataset.value": "72757", "http://www.w3.org/2000/01/rdf-schema#comment": "Wasserwirtschaft", "http://www.wikidata.org/prop/direct/P2547.value": "15.0", "http://www.wikidata.org/prop/direct/P2547.unit": "http://www.ontology-of-units-of-measure.org/resource/om-2/meter", "http://www.wikidata.org/prop/direct/P3018": "Wittenbergen", "https://gdi-de.github.io/apworkshop2026/ont#stammdurchmesser.value": "70.0", "https://gdi-de.github.io/apworkshop2026/ont#stammdurchmesser.unit": "http://www.ontology-of-units-of-measure.org/resource/om-2/centimeter"}, "geometry": {"type": "MultiPoint", "coordinates": [[9.7762202669522, 53.56261155449593]]}}, {"type": "Feature", "id": "https://gdi-de.github.io/apworkshop2026/FINW332", "name": "Baum FINW332 (gdide:FINW332)", "dateprops": [], "properties": {"http://www.w3.org/2000/01/rdf-schema#label": "Baum FINW332", "http://rdfs.org/ns/void#inDataset.value": "72757", "http://www.w3.org/2000/01/rdf-schema#comment": "Wasserwirtschaft", "http://www.wikidata.org/prop/direct/P2547.value": "5.0", "http://www.wikidata.org/prop/direct/P2547.unit": "http://www.ontology-of-units-of-measure.org/resource/om-2/meter", "http://www.wikidata.org/prop/direct/P3018": "Finkenwerder", "https://gdi-de.github.io/apworkshop2026/ont#stammdurchmesser.value": "20.0", "https://gdi-de.github.io/apworkshop2026/ont#stammdurchmesser.unit": "http://www.ontology-of-units-of-measure.org/resource/om-2/centimeter"}, "geometry": {"type": "MultiPoint", "coordinates": [[9.828165968093957, 53.52895334821294]]}}, {"type": "Feature", "id": "https://gdi-de.github.io/apworkshop2026/KTWK861", "name": "Baum KTWK861 (gdide:KTWK861)", "dateprops": [], "properties": {"http://www.w3.org/2000/01/rdf-schema#label": "Baum KTWK861", "http://rdfs.org/ns/void#inDataset.value": "72757", "http://www.w3.org/2000/01/rdf-schema#comment": "Wasserwirtschaft", "http://www.wikidata.org/prop/direct/P2547.value": "4.0", "http://www.wikidata.org/prop/direct/P2547.unit": "http://www.ontology-of-units-of-measure.org/resource/om-2/meter", "http://www.wikidata.org/prop/direct/P3018": "Kattwyk", "https://gdi-de.github.io/apworkshop2026/ont#stammdurchmesser.value": "16.0", "https://gdi-de.github.io/apworkshop2026/ont#stammdurchmesser.unit": "http://www.ontology-of-units-of-measure.org/resource/om-2/centimeter"}, "geometry": {"type": "MultiPoint", "coordinates": [[9.942062994658203, 53.51324910384232]]}}, {"type": "Feature", "id": "https://gdi-de.github.io/apworkshop2026/MOBG744", "name": "Baum MOBG744 (gdide:MOBG744)", "dateprops": [], "properties": {"http://www.w3.org/2000/01/rdf-schema#label": "Baum MOBG744", "http://rdfs.org/ns/void#inDataset.value": "72757", "http://www.w3.org/2000/01/rdf-schema#comment": "sonst. \u00f6ff. Fl\u00e4chen", "http://www.wikidata.org/prop/direct/P2547.value": "6.0", "http://www.wikidata.org/prop/direct/P2547.unit": "http://www.ontology-of-units-of-measure.org/resource/om-2/meter", "http://www.wikidata.org/prop/direct/P3018": "Moorburg", "https://gdi-de.github.io/apworkshop2026/ont#stammdurchmesser.value": "29.0", "https://gdi-de.github.io/apworkshop2026/ont#stammdurchmesser.unit": "http://www.ontology-of-units-of-measure.org/resource/om-2/centimeter"}, "geometry": {"type": "MultiPoint", "coordinates": [[9.933185330980823, 53.48086844794936]]}}, {"type": "Feature", "id": "https://gdi-de.github.io/apworkshop2026/KLGB240", "name": "Baum KLGB240 (gdide:KLGB240)", "dateprops": [], "properties": {"http://www.w3.org/2000/01/rdf-schema#label": "Baum KLGB240", "http://rdfs.org/ns/void#inDataset.value": "72757", "http://www.w3.org/2000/01/rdf-schema#comment": "sonst. \u00f6ff. Fl\u00e4chen", "http://www.wikidata.org/prop/direct/P2547.value": "8.0", "http://www.wikidata.org/prop/direct/P2547.unit": "http://www.ontology-of-units-of-measure.org/resource/om-2/meter", "http://www.wikidata.org/prop/direct/P3018": "Kleiner Grasbrook", "https://gdi-de.github.io/apworkshop2026/ont#stammdurchmesser.value": "31.0", "https://gdi-de.github.io/apworkshop2026/ont#stammdurchmesser.unit": "http://www.ontology-of-units-of-measure.org/resource/om-2/centimeter"}, "geometry": {"type": "MultiPoint", "coordinates": [[9.981687304548299, 53.52780505483596]]}}, {"type": "Feature", "id": "https://gdi-de.github.io/apworkshop2026/MOBG751", "name": "Baum MOBG751 (gdide:MOBG751)", "dateprops": [], "properties": {"http://www.w3.org/2000/01/rdf-schema#label": "Baum MOBG751", "http://rdfs.org/ns/void#inDataset.value": "72757", "http://www.w3.org/2000/01/rdf-schema#comment": "sonst. \u00f6ff. Fl\u00e4chen", "http://www.wikidata.org/prop/direct/P2547.value": "7.0", "http://www.wikidata.org/prop/direct/P2547.unit": "http://www.ontology-of-units-of-measure.org/resource/om-2/meter", "http://www.wikidata.org/prop/direct/P3018": "Moorburg", "https://gdi-de.github.io/apworkshop2026/ont#stammdurchmesser.value": "25.0", "https://gdi-de.github.io/apworkshop2026/ont#stammdurchmesser.unit": "http://www.ontology-of-units-of-measure.org/resource/om-2/centimeter"}, "geometry": {"type": "MultiPoint", "coordinates": [[9.93263359471647, 53.48023550645548]]}}, {"type": "Feature", "id": "https://gdi-de.github.io/apworkshop2026/FINW354", "name": "Baum FINW354 (gdide:FINW354)", "dateprops": [], "properties": {"http://www.w3.org/2000/01/rdf-schema#label": "Baum FINW354", "http://rdfs.org/ns/void#inDataset.value": "72757", "http://www.w3.org/2000/01/rdf-schema#comment": "Wasserwirtschaft", "http://www.wikidata.org/prop/direct/P2547.value": "8.0", "http://www.wikidata.org/prop/direct/P2547.unit": "http://www.ontology-of-units-of-measure.org/resource/om-2/meter", "http://www.wikidata.org/prop/direct/P3018": "Finkenwerder", "https://gdi-de.github.io/apworkshop2026/ont#stammdurchmesser.value": "33.0", "https://gdi-de.github.io/apworkshop2026/ont#stammdurchmesser.unit": "http://www.ontology-of-units-of-measure.org/resource/om-2/centimeter"}, "geometry": {"type": "MultiPoint", "coordinates": [[9.828973409803934, 53.52910745800252]]}}, {"type": "Feature", "id": "https://gdi-de.github.io/apworkshop2026/MEFC517", "name": "Baum MEFC517 (gdide:MEFC517)", "dateprops": [], "properties": {"http://www.w3.org/2000/01/rdf-schema#label": "Baum MEFC517", "http://rdfs.org/ns/void#inDataset.value": "72757", "http://www.w3.org/2000/01/rdf-schema#comment": "Francop", "http://www.wikidata.org/prop/direct/P2547.value": "5.0", "http://www.wikidata.org/prop/direct/P2547.unit": "http://www.ontology-of-units-of-measure.org/resource/om-2/meter", "http://www.wikidata.org/prop/direct/P3018": "METHA-Francop", "https://gdi-de.github.io/apworkshop2026/ont#stammdurchmesser.value": "20.0", "https://gdi-de.github.io/apworkshop2026/ont#stammdurchmesser.unit": "http://www.ontology-of-units-of-measure.org/resource/om-2/centimeter"}, "geometry": {"type": "MultiPoint", "coordinates": [[9.887391265955259, 53.517616557950234]]}}, {"type": "Feature", "id": "https://gdi-de.github.io/apworkshop2026/MOBG371", "name": "Baum MOBG371 (gdide:MOBG371)", "dateprops": [], "properties": {"http://www.w3.org/2000/01/rdf-schema#label": "Baum MOBG371", "http://rdfs.org/ns/void#inDataset.value": "72757", "http://www.w3.org/2000/01/rdf-schema#comment": "sonst. \u00f6ff. Fl\u00e4chen", "http://www.wikidata.org/prop/direct/P2547.value": "8.0", "http://www.wikidata.org/prop/direct/P2547.unit": "http://www.ontology-of-units-of-measure.org/resource/om-2/meter", "http://www.wikidata.org/prop/direct/P3018": "Moorburg", "https://gdi-de.github.io/apworkshop2026/ont#stammdurchmesser.value": "32.0", "https://gdi-de.github.io/apworkshop2026/ont#stammdurchmesser.unit": "http://www.ontology-of-units-of-measure.org/resource/om-2/centimeter"}, "geometry": {"type": "MultiPoint", "coordinates": [[9.943153360766917, 53.49090853361427]]}}, {"type": "Feature", "id": "https://gdi-de.github.io/apworkshop2026/BFASN415", "name": "Baum BFASN415 (gdide:BFASN415)", "dateprops": [], "properties": {"http://www.w3.org/2000/01/rdf-schema#label": "Baum BFASN415", "http://rdfs.org/ns/void#inDataset.value": "72757", "http://www.w3.org/2000/01/rdf-schema#comment": "Stra\u00dfe", "http://www.wikidata.org/prop/direct/P2547.value": "3.0", "http://www.wikidata.org/prop/direct/P2547.unit": "http://www.ontology-of-units-of-measure.org/resource/om-2/meter", "http://www.wikidata.org/prop/direct/P3018": "Bahnhof Alte S\u00fcderelbe Nord", "https://gdi-de.github.io/apworkshop2026/ont#stammdurchmesser.value": "10.0", "https://gdi-de.github.io/apworkshop2026/ont#stammdurchmesser.unit": "http://www.ontology-of-units-of-measure.org/resource/om-2/centimeter"}, "geometry": {"type": "MultiPoint", "coordinates": [[9.911161146513857, 53.50556902101105]]}}, {"type": "Feature", "id": "https://gdi-de.github.io/apworkshop2026/MOBG704", "name": "Baum MOBG704 (gdide:MOBG704)", "dateprops": [], "properties": {"http://www.w3.org/2000/01/rdf-schema#label": "Baum MOBG704", "http://rdfs.org/ns/void#inDataset.value": "72757", "http://www.w3.org/2000/01/rdf-schema#comment": "sonst. \u00f6ff. Fl\u00e4chen", "http://www.wikidata.org/prop/direct/P2547.value": "6.0", "http://www.wikidata.org/prop/direct/P2547.unit": "http://www.ontology-of-units-of-measure.org/resource/om-2/meter", "http://www.wikidata.org/prop/direct/P3018": "Moorburg", "https://gdi-de.github.io/apworkshop2026/ont#stammdurchmesser.value": "20.0", "https://gdi-de.github.io/apworkshop2026/ont#stammdurchmesser.unit": "http://www.ontology-of-units-of-measure.org/resource/om-2/centimeter"}, "geometry": {"type": "MultiPoint", "coordinates": [[9.94309111650088, 53.49083349100544]]}}, {"type": "Feature", "id": "https://gdi-de.github.io/apworkshop2026/NHKL288", "name": "Baum NHKL288 (gdide:NHKL288)", "dateprops": [], "properties": {"http://www.w3.org/2000/01/rdf-schema#label": "Baum NHKL288", "http://rdfs.org/ns/void#inDataset.value": "72757", "http://www.w3.org/2000/01/rdf-schema#comment": "Privatgrund", "http://www.wikidata.org/prop/direct/P2547.value": "4.0", "http://www.wikidata.org/prop/direct/P2547.unit": "http://www.ontology-of-units-of-measure.org/resource/om-2/meter", "http://www.wikidata.org/prop/direct/P3018": "Neuh\u00f6fer Kanal", "https://gdi-de.github.io/apworkshop2026/ont#stammdurchmesser.value": "11.0", "https://gdi-de.github.io/apworkshop2026/ont#stammdurchmesser.unit": "http://www.ontology-of-units-of-measure.org/resource/om-2/centimeter"}, "geometry": {"type": "MultiPoint", "coordinates": [[9.947198384659776, 53.519986024095246]]}}, {"type": "Feature", "id": "https://gdi-de.github.io/apworkshop2026/BFAS319", "name": "Baum BFAS319 (gdide:BFAS319)", "dateprops": [], "properties": {"http://www.w3.org/2000/01/rdf-schema#label": "Baum BFAS319", "http://rdfs.org/ns/void#inDataset.value": "72757", "http://www.w3.org/2000/01/rdf-schema#comment": "sonst. \u00f6ff. Fl\u00e4chen", "http://www.wikidata.org/prop/direct/P2547.value": "3.0", "http://www.wikidata.org/prop/direct/P2547.unit": "http://www.ontology-of-units-of-measure.org/resource/om-2/meter", "http://www.wikidata.org/prop/direct/P3018": "Bahnhof Alte S\u00fcderelbe S\u00fcd", "https://gdi-de.github.io/apworkshop2026/ont#stammdurchmesser.value": "13.0", "https://gdi-de.github.io/apworkshop2026/ont#stammdurchmesser.unit": "http://www.ontology-of-units-of-measure.org/resource/om-2/centimeter"}, "geometry": {"type": "MultiPoint", "coordinates": [[9.910628140123176, 53.50244685097885]]}}, {"type": "Feature", "id": "https://gdi-de.github.io/apworkshop2026/GZAW566", "name": "Baum GZAW566 (gdide:GZAW566)", "dateprops": [], "properties": {"http://www.w3.org/2000/01/rdf-schema#label": "Baum GZAW566", "http://rdfs.org/ns/void#inDataset.value": "72757", "http://www.w3.org/2000/01/rdf-schema#comment": "sonst. \u00f6ff. Fl\u00e4chen", "http://www.wikidata.org/prop/direct/P2547.value": "2.5", "http://www.wikidata.org/prop/direct/P2547.unit": "http://www.ontology-of-units-of-measure.org/resource/om-2/meter", "http://www.wikidata.org/prop/direct/P3018": "Gr\u00fcnzug Altenwerder", "https://gdi-de.github.io/apworkshop2026/ont#stammdurchmesser.value": "13.0", "https://gdi-de.github.io/apworkshop2026/ont#stammdurchmesser.unit": "http://www.ontology-of-units-of-measure.org/resource/om-2/centimeter"}, "geometry": {"type": "MultiPoint", "coordinates": [[9.919142668830107, 53.50031385756315]]}}, {"type": "Feature", "id": "https://gdi-de.github.io/apworkshop2026/GZAW644", "name": "Baum GZAW644 (gdide:GZAW644)", "dateprops": [], "properties": {"http://www.w3.org/2000/01/rdf-schema#label": "Baum GZAW644", "http://rdfs.org/ns/void#inDataset.value": "72757", "http://www.w3.org/2000/01/rdf-schema#comment": "sonst. \u00f6ff. Fl\u00e4chen", "http://www.wikidata.org/prop/direct/P2547.value": "3.0", "http://www.wikidata.org/prop/direct/P2547.unit": "http://www.ontology-of-units-of-measure.org/resource/om-2/meter", "http://www.wikidata.org/prop/direct/P3018": "Gr\u00fcnzug Altenwerder", "https://gdi-de.github.io/apworkshop2026/ont#stammdurchmesser.value": "16.0", "https://gdi-de.github.io/apworkshop2026/ont#stammdurchmesser.unit": "http://www.ontology-of-units-of-measure.org/resource/om-2/centimeter"}, "geometry": {"type": "MultiPoint", "coordinates": [[9.919483444733135, 53.50693614857165]]}}, {"type": "Feature", "id": "https://gdi-de.github.io/apworkshop2026/NHKL452", "name": "Baum NHKL452 (gdide:NHKL452)", "dateprops": [], "properties": {"http://www.w3.org/2000/01/rdf-schema#label": "Baum NHKL452", "http://rdfs.org/ns/void#inDataset.value": "72757", "http://www.w3.org/2000/01/rdf-schema#comment": "Schleusen", "http://www.wikidata.org/prop/direct/P2547.value": "8.0", "http://www.wikidata.org/prop/direct/P2547.unit": "http://www.ontology-of-units-of-measure.org/resource/om-2/meter", "http://www.wikidata.org/prop/direct/P3018": "Neuh\u00f6fer Kanal", "https://gdi-de.github.io/apworkshop2026/ont#stammdurchmesser.value": "29.0", "https://gdi-de.github.io/apworkshop2026/ont#stammdurchmesser.unit": "http://www.ontology-of-units-of-measure.org/resource/om-2/centimeter"}, "geometry": {"type": "MultiPoint", "coordinates": [[9.970012376907697, 53.51227550651611]]}}, {"type": "Feature", "id": "https://gdi-de.github.io/apworkshop2026/RETH142", "name": "Baum RETH142 (gdide:RETH142)", "dateprops": [], "properties": {"http://www.w3.org/2000/01/rdf-schema#label": "Baum RETH142", "http://rdfs.org/ns/void#inDataset.value": "72757", "http://www.w3.org/2000/01/rdf-schema#comment": "sonst. \u00f6ff. Fl\u00e4chen", "http://www.wikidata.org/prop/direct/P2547.value": "6.0", "http://www.wikidata.org/prop/direct/P2547.unit": "http://www.ontology-of-units-of-measure.org/resource/om-2/meter", "http://www.wikidata.org/prop/direct/P3018": "Rethe", "https://gdi-de.github.io/apworkshop2026/ont#stammdurchmesser.value": "20.0", "https://gdi-de.github.io/apworkshop2026/ont#stammdurchmesser.unit": "http://www.ontology-of-units-of-measure.org/resource/om-2/centimeter"}, "geometry": {"type": "MultiPoint", "coordinates": [[9.96741889576668, 53.51062529019951]]}}, {"type": "Feature", "id": "https://gdi-de.github.io/apworkshop2026/NHKL309", "name": "Baum NHKL309 (gdide:NHKL309)", "dateprops": [], "properties": {"http://www.w3.org/2000/01/rdf-schema#label": "Baum NHKL309", "http://rdfs.org/ns/void#inDataset.value": "72757", "http://www.w3.org/2000/01/rdf-schema#comment": "Privatgrund", "http://www.wikidata.org/prop/direct/P2547.value": "6.0", "http://www.wikidata.org/prop/direct/P2547.unit": "http://www.ontology-of-units-of-measure.org/resource/om-2/meter", "http://www.wikidata.org/prop/direct/P3018": "Neuh\u00f6fer Kanal", "https://gdi-de.github.io/apworkshop2026/ont#stammdurchmesser.value": "16.0", "https://gdi-de.github.io/apworkshop2026/ont#stammdurchmesser.unit": "http://www.ontology-of-units-of-measure.org/resource/om-2/centimeter"}, "geometry": {"type": "MultiPoint", "coordinates": [[9.945641963598513, 53.52033689609484]]}}, {"type": "Feature", "id": "https://gdi-de.github.io/apworkshop2026/REIN224", "name": "Baum REIN224 (gdide:REIN224)", "dateprops": [], "properties": {"http://www.w3.org/2000/01/rdf-schema#label": "Baum REIN224", "http://rdfs.org/ns/void#inDataset.value": "72757", "http://www.w3.org/2000/01/rdf-schema#comment": "sonst. \u00f6ff. Fl\u00e4chen", "http://www.wikidata.org/prop/direct/P2547.value": "7.0", "http://www.wikidata.org/prop/direct/P2547.unit": "http://www.ontology-of-units-of-measure.org/resource/om-2/meter", "http://www.wikidata.org/prop/direct/P3018": "Reiherstieg Nord", "https://gdi-de.github.io/apworkshop2026/ont#stammdurchmesser.value": "23.0", "https://gdi-de.github.io/apworkshop2026/ont#stammdurchmesser.unit": "http://www.ontology-of-units-of-measure.org/resource/om-2/centimeter"}, "geometry": {"type": "MultiPoint", "coordinates": [[9.978427372281145, 53.51775894244713]]}}, {"type": "Feature", "id": "https://gdi-de.github.io/apworkshop2026/WITB429", "name": "Baum WITB429 (gdide:WITB429)", "dateprops": [], "properties": {"http://www.w3.org/2000/01/rdf-schema#label": "Baum WITB429", "http://rdfs.org/ns/void#inDataset.value": "72757", "http://www.w3.org/2000/01/rdf-schema#comment": "Wasserwirtschaft", "http://www.wikidata.org/prop/direct/P2547.value": "12.0", "http://www.wikidata.org/prop/direct/P2547.unit": "http://www.ontology-of-units-of-measure.org/resource/om-2/meter", "http://www.wikidata.org/prop/direct/P3018": "Wittenbergen", "https://gdi-de.github.io/apworkshop2026/ont#stammdurchmesser.value": "59.0", "https://gdi-de.github.io/apworkshop2026/ont#stammdurchmesser.unit": "http://www.ontology-of-units-of-measure.org/resource/om-2/centimeter"}, "geometry": {"type": "MultiPoint", "coordinates": [[9.775517892197854, 53.562760361041505]]}}, {"type": "Feature", "id": "https://gdi-de.github.io/apworkshop2026/BFHS379", "name": "Baum BFHS379 (gdide:BFHS379)", "dateprops": [], "properties": {"http://www.w3.org/2000/01/rdf-schema#label": "Baum BFHS379", "http://rdfs.org/ns/void#inDataset.value": "72757", "http://www.w3.org/2000/01/rdf-schema#comment": "sonst. \u00f6ff. Fl\u00e4chen", "http://www.wikidata.org/prop/direct/P2547.value": "6.0", "http://www.wikidata.org/prop/direct/P2547.unit": "http://www.ontology-of-units-of-measure.org/resource/om-2/meter", "http://www.wikidata.org/prop/direct/P3018": "Bahnhof Hohe Schaar", "https://gdi-de.github.io/apworkshop2026/ont#stammdurchmesser.value": "26.0", "https://gdi-de.github.io/apworkshop2026/ont#stammdurchmesser.unit": "http://www.ontology-of-units-of-measure.org/resource/om-2/centimeter"}, "geometry": {"type": "MultiPoint", "coordinates": [[9.967146643353521, 53.49700974124228]]}}, {"type": "Feature", "id": "https://gdi-de.github.io/apworkshop2026/BFHS233", "name": "Baum BFHS233 (gdide:BFHS233)", "dateprops": [], "properties": {"http://www.w3.org/2000/01/rdf-schema#label": "Baum BFHS233", "http://rdfs.org/ns/void#inDataset.value": "72757", "http://www.w3.org/2000/01/rdf-schema#comment": "sonst. \u00f6ff. Fl\u00e4chen", "http://www.wikidata.org/prop/direct/P2547.value": "4.0", "http://www.wikidata.org/prop/direct/P2547.unit": "http://www.ontology-of-units-of-measure.org/resource/om-2/meter", "http://www.wikidata.org/prop/direct/P3018": "Bahnhof Hohe Schaar", "https://gdi-de.github.io/apworkshop2026/ont#stammdurchmesser.value": "22.0", "https://gdi-de.github.io/apworkshop2026/ont#stammdurchmesser.unit": "http://www.ontology-of-units-of-measure.org/resource/om-2/centimeter"}, "geometry": {"type": "MultiPoint", "coordinates": [[9.976206449437912, 53.49261026722837]]}}, {"type": "Feature", "id": "https://gdi-de.github.io/apworkshop2026/MOBG755", "name": "Baum MOBG755 (gdide:MOBG755)", "dateprops": [], "properties": {"http://www.w3.org/2000/01/rdf-schema#label": "Baum MOBG755", "http://rdfs.org/ns/void#inDataset.value": "72757", "http://www.w3.org/2000/01/rdf-schema#comment": "sonst. \u00f6ff. Fl\u00e4chen", "http://www.wikidata.org/prop/direct/P2547.value": "8.0", "http://www.wikidata.org/prop/direct/P2547.unit": "http://www.ontology-of-units-of-measure.org/resource/om-2/meter", "http://www.wikidata.org/prop/direct/P3018": "Moorburg", "https://gdi-de.github.io/apworkshop2026/ont#stammdurchmesser.value": "32.0", "https://gdi-de.github.io/apworkshop2026/ont#stammdurchmesser.unit": "http://www.ontology-of-units-of-measure.org/resource/om-2/centimeter"}, "geometry": {"type": "MultiPoint", "coordinates": [[9.932400436984478, 53.47994723987633]]}}, {"type": "Feature", "id": "https://gdi-de.github.io/apworkshop2026/RETH73", "name": "Baum RETH73 (gdide:RETH73)", "dateprops": [], "properties": {"http://www.w3.org/2000/01/rdf-schema#label": "Baum RETH73", "http://rdfs.org/ns/void#inDataset.value": "72757", "http://www.w3.org/2000/01/rdf-schema#comment": "Stra\u00dfe", "http://www.wikidata.org/prop/direct/P2547.value": "7.0", "http://www.wikidata.org/prop/direct/P2547.unit": "http://www.ontology-of-units-of-measure.org/resource/om-2/meter", "http://www.wikidata.org/prop/direct/P3018": "Rethe", "https://gdi-de.github.io/apworkshop2026/ont#stammdurchmesser.value": "28.0", "https://gdi-de.github.io/apworkshop2026/ont#stammdurchmesser.unit": "http://www.ontology-of-units-of-measure.org/resource/om-2/centimeter"}, "geometry": {"type": "MultiPoint", "coordinates": [[9.966298454062258, 53.50589215053551]]}}, {"type": "Feature", "id": "https://gdi-de.github.io/apworkshop2026/FINW336", "name": "Baum FINW336 (gdide:FINW336)", "dateprops": [], "properties": {"http://www.w3.org/2000/01/rdf-schema#label": "Baum FINW336", "http://rdfs.org/ns/void#inDataset.value": "72757", "http://www.w3.org/2000/01/rdf-schema#comment": "Wasserwirtschaft", "http://www.wikidata.org/prop/direct/P2547.value": "6.0", "http://www.wikidata.org/prop/direct/P2547.unit": "http://www.ontology-of-units-of-measure.org/resource/om-2/meter", "http://www.wikidata.org/prop/direct/P3018": "Finkenwerder", "https://gdi-de.github.io/apworkshop2026/ont#stammdurchmesser.value": "31.0", "https://gdi-de.github.io/apworkshop2026/ont#stammdurchmesser.unit": "http://www.ontology-of-units-of-measure.org/resource/om-2/centimeter"}, "geometry": {"type": "MultiPoint", "coordinates": [[9.828416445344628, 53.52879332675486]]}}, {"type": "Feature", "id": "https://gdi-de.github.io/apworkshop2026/GZAW515", "name": "Baum GZAW515 (gdide:GZAW515)", "dateprops": [], "properties": {"http://www.w3.org/2000/01/rdf-schema#label": "Baum GZAW515", "http://rdfs.org/ns/void#inDataset.value": "72757", "http://www.w3.org/2000/01/rdf-schema#comment": "sonst. \u00f6ff. Fl\u00e4chen", "http://www.wikidata.org/prop/direct/P2547.value": "8.0", "http://www.wikidata.org/prop/direct/P2547.unit": "http://www.ontology-of-units-of-measure.org/resource/om-2/meter", "http://www.wikidata.org/prop/direct/P3018": "Gr\u00fcnzug Altenwerder", "https://gdi-de.github.io/apworkshop2026/ont#stammdurchmesser.value": "nan", "https://gdi-de.github.io/apworkshop2026/ont#stammdurchmesser.unit": "http://www.ontology-of-units-of-measure.org/resource/om-2/centimeter"}, "geometry": {"type": "MultiPoint", "coordinates": [[9.917834488214453, 53.507417377751004]]}}, {"type": "Feature", "id": "https://gdi-de.github.io/apworkshop2026/BFAS804", "name": "Baum BFAS804 (gdide:BFAS804)", "dateprops": [], "properties": {"http://www.w3.org/2000/01/rdf-schema#label": "Baum BFAS804", "http://rdfs.org/ns/void#inDataset.value": "72757", "http://www.w3.org/2000/01/rdf-schema#comment": "Bahn", "http://www.wikidata.org/prop/direct/P2547.value": "8.0", "http://www.wikidata.org/prop/direct/P2547.unit": "http://www.ontology-of-units-of-measure.org/resource/om-2/meter", "http://www.wikidata.org/prop/direct/P3018": "Bahnhof Alte S\u00fcderelbe S\u00fcd", "https://gdi-de.github.io/apworkshop2026/ont#stammdurchmesser.value": "13.0", "https://gdi-de.github.io/apworkshop2026/ont#stammdurchmesser.unit": "http://www.ontology-of-units-of-measure.org/resource/om-2/centimeter"}, "geometry": {"type": "MultiPoint", "coordinates": [[9.911032301152654, 53.50451632860014]]}}, {"type": "Feature", "id": "https://gdi-de.github.io/apworkshop2026/HHBG28", "name": "Baum HHBG28 (gdide:HHBG28)", "dateprops": [], "properties": {"http://www.w3.org/2000/01/rdf-schema#label": "Baum HHBG28", "http://rdfs.org/ns/void#inDataset.value": "72757", "http://www.w3.org/2000/01/rdf-schema#comment": "Wasserwirtschaft", "http://www.wikidata.org/prop/direct/P2547.value": "7.0", "http://www.wikidata.org/prop/direct/P2547.unit": "http://www.ontology-of-units-of-measure.org/resource/om-2/meter", "http://www.wikidata.org/prop/direct/P3018": "Harburg", "https://gdi-de.github.io/apworkshop2026/ont#stammdurchmesser.value": "49.0", "https://gdi-de.github.io/apworkshop2026/ont#stammdurchmesser.unit": "http://www.ontology-of-units-of-measure.org/resource/om-2/centimeter"}, "geometry": {"type": "MultiPoint", "coordinates": [[9.984673789642963, 53.47383975458046]]}}, {"type": "Feature", "id": "https://gdi-de.github.io/apworkshop2026/ROSD281", "name": "Baum ROSD281 (gdide:ROSD281)", "dateprops": [], "properties": {"http://www.w3.org/2000/01/rdf-schema#label": "Baum ROSD281", "http://rdfs.org/ns/void#inDataset.value": "72757", "http://www.w3.org/2000/01/rdf-schema#comment": "sonst. \u00f6ff. Fl\u00e4chen", "http://www.wikidata.org/prop/direct/P2547.value": "10.0", "http://www.wikidata.org/prop/direct/P2547.unit": "http://www.ontology-of-units-of-measure.org/resource/om-2/meter", "http://www.wikidata.org/prop/direct/P3018": "Ro\u00dfdamm", "https://gdi-de.github.io/apworkshop2026/ont#stammdurchmesser.value": "32.0", "https://gdi-de.github.io/apworkshop2026/ont#stammdurchmesser.unit": "http://www.ontology-of-units-of-measure.org/resource/om-2/centimeter"}, "geometry": {"type": "MultiPoint", "coordinates": [[9.974557663599132, 53.52519607513157]]}}, {"type": "Feature", "id": "https://gdi-de.github.io/apworkshop2026/RETH143", "name": "Baum RETH143 (gdide:RETH143)", "dateprops": [], "properties": {"http://www.w3.org/2000/01/rdf-schema#label": "Baum RETH143", "http://rdfs.org/ns/void#inDataset.value": "72757", "http://www.w3.org/2000/01/rdf-schema#comment": "Stra\u00dfe", "http://www.wikidata.org/prop/direct/P2547.value": "6.0", "http://www.wikidata.org/prop/direct/P2547.unit": "http://www.ontology-of-units-of-measure.org/resource/om-2/meter", "http://www.wikidata.org/prop/direct/P3018": "Rethe", "https://gdi-de.github.io/apworkshop2026/ont#stammdurchmesser.value": "22.0", "https://gdi-de.github.io/apworkshop2026/ont#stammdurchmesser.unit": "http://www.ontology-of-units-of-measure.org/resource/om-2/centimeter"}, "geometry": {"type": "MultiPoint", "coordinates": [[9.967472776717422, 53.510690340228834]]}}, {"type": "Feature", "id": "https://gdi-de.github.io/apworkshop2026/MOBG758", "name": "Baum MOBG758 (gdide:MOBG758)", "dateprops": [], "properties": {"http://www.w3.org/2000/01/rdf-schema#label": "Baum MOBG758", "http://rdfs.org/ns/void#inDataset.value": "72757", "http://www.w3.org/2000/01/rdf-schema#comment": "sonst. \u00f6ff. Fl\u00e4chen", "http://www.wikidata.org/prop/direct/P2547.value": "8.0", "http://www.wikidata.org/prop/direct/P2547.unit": "http://www.ontology-of-units-of-measure.org/resource/om-2/meter", "http://www.wikidata.org/prop/direct/P3018": "Moorburg", "https://gdi-de.github.io/apworkshop2026/ont#stammdurchmesser.value": "35.0", "https://gdi-de.github.io/apworkshop2026/ont#stammdurchmesser.unit": "http://www.ontology-of-units-of-measure.org/resource/om-2/centimeter"}, "geometry": {"type": "MultiPoint", "coordinates": [[9.932362357399583, 53.47981461830915]]}}, {"type": "Feature", "id": "https://gdi-de.github.io/apworkshop2026/MOBG601", "name": "Baum MOBG601 (gdide:MOBG601)", "dateprops": [], "properties": {"http://www.w3.org/2000/01/rdf-schema#label": "Baum MOBG601", "http://rdfs.org/ns/void#inDataset.value": "72757", "http://www.w3.org/2000/01/rdf-schema#comment": "sonst. \u00f6ff. Fl\u00e4chen", "http://www.wikidata.org/prop/direct/P2547.value": "5.0", "http://www.wikidata.org/prop/direct/P2547.unit": "http://www.ontology-of-units-of-measure.org/resource/om-2/meter", "http://www.wikidata.org/prop/direct/P3018": "Moorburg", "https://gdi-de.github.io/apworkshop2026/ont#stammdurchmesser.value": "2.0", "https://gdi-de.github.io/apworkshop2026/ont#stammdurchmesser.unit": "http://www.ontology-of-units-of-measure.org/resource/om-2/centimeter"}, "geometry": {"type": "MultiPoint", "coordinates": [[9.924239440257614, 53.49513307242686]]}}, {"type": "Feature", "id": "https://gdi-de.github.io/apworkshop2026/FINW361", "name": "Baum FINW361 (gdide:FINW361)", "dateprops": [], "properties": {"http://www.w3.org/2000/01/rdf-schema#label": "Baum FINW361", "http://rdfs.org/ns/void#inDataset.value": "72757", "http://www.w3.org/2000/01/rdf-schema#comment": "Wasserwirtschaft", "http://www.wikidata.org/prop/direct/P2547.value": "12.0", "http://www.wikidata.org/prop/direct/P2547.unit": "http://www.ontology-of-units-of-measure.org/resource/om-2/meter", "http://www.wikidata.org/prop/direct/P3018": "Finkenwerder", "https://gdi-de.github.io/apworkshop2026/ont#stammdurchmesser.value": "24.0", "https://gdi-de.github.io/apworkshop2026/ont#stammdurchmesser.unit": "http://www.ontology-of-units-of-measure.org/resource/om-2/centimeter"}, "geometry": {"type": "MultiPoint", "coordinates": [[9.829348231856235, 53.529184696906846]]}}, {"type": "Feature", "id": "https://gdi-de.github.io/apworkshop2026/TEUB424", "name": "Baum TEUB424 (gdide:TEUB424)", "dateprops": [], "properties": {"http://www.w3.org/2000/01/rdf-schema#label": "Baum TEUB424", "http://rdfs.org/ns/void#inDataset.value": "72757", "http://www.w3.org/2000/01/rdf-schema#comment": "Wasserwirtschaft", "http://www.wikidata.org/prop/direct/P2547.value": "7.0", "http://www.wikidata.org/prop/direct/P2547.unit": "http://www.ontology-of-units-of-measure.org/resource/om-2/meter", "http://www.wikidata.org/prop/direct/P3018": "Teufelsbr\u00fcck-Blankenese", "https://gdi-de.github.io/apworkshop2026/ont#stammdurchmesser.value": "33.0", "https://gdi-de.github.io/apworkshop2026/ont#stammdurchmesser.unit": "http://www.ontology-of-units-of-measure.org/resource/om-2/centimeter"}, "geometry": {"type": "MultiPoint", "coordinates": [[9.889226533063868, 53.544894297074435]]}}, {"type": "Feature", "id": "https://gdi-de.github.io/apworkshop2026/NHKL222", "name": "Baum NHKL222 (gdide:NHKL222)", "dateprops": [], "properties": {"http://www.w3.org/2000/01/rdf-schema#label": "Baum NHKL222", "http://rdfs.org/ns/void#inDataset.value": "72757", "http://www.w3.org/2000/01/rdf-schema#comment": "sonst. \u00f6ff. Fl\u00e4chen", "http://www.wikidata.org/prop/direct/P2547.value": "10.0", "http://www.wikidata.org/prop/direct/P2547.unit": "http://www.ontology-of-units-of-measure.org/resource/om-2/meter", "http://www.wikidata.org/prop/direct/P3018": "Neuh\u00f6fer Kanal", "https://gdi-de.github.io/apworkshop2026/ont#stammdurchmesser.value": "41.0", "https://gdi-de.github.io/apworkshop2026/ont#stammdurchmesser.unit": "http://www.ontology-of-units-of-measure.org/resource/om-2/centimeter"}, "geometry": {"type": "MultiPoint", "coordinates": [[9.968707663789042, 53.515118908221076]]}}, {"type": "Feature", "id": "https://gdi-de.github.io/apworkshop2026/PIOI262", "name": "Baum PIOI262 (gdide:PIOI262)", "dateprops": [], "properties": {"http://www.w3.org/2000/01/rdf-schema#label": "Baum PIOI262", "http://rdfs.org/ns/void#inDataset.value": "72757", "http://www.w3.org/2000/01/rdf-schema#comment": "Wasserwirtschaft", "http://www.wikidata.org/prop/direct/P2547.value": "18.0", "http://www.wikidata.org/prop/direct/P2547.unit": "http://www.ontology-of-units-of-measure.org/resource/om-2/meter", "http://www.wikidata.org/prop/direct/P3018": "Pionierinsel", "https://gdi-de.github.io/apworkshop2026/ont#stammdurchmesser.value": "67.0", "https://gdi-de.github.io/apworkshop2026/ont#stammdurchmesser.unit": "http://www.ontology-of-units-of-measure.org/resource/om-2/centimeter"}, "geometry": {"type": "MultiPoint", "coordinates": [[10.00311026456191, 53.470924275303744]]}}, {"type": "Feature", "id": "https://gdi-de.github.io/apworkshop2026/FINW349", "name": "Baum FINW349 (gdide:FINW349)", "dateprops": [], "properties": {"http://www.w3.org/2000/01/rdf-schema#label": "Baum FINW349", "http://rdfs.org/ns/void#inDataset.value": "72757", "http://www.w3.org/2000/01/rdf-schema#comment": "Wasserwirtschaft", "http://www.wikidata.org/prop/direct/P2547.value": "8.0", "http://www.wikidata.org/prop/direct/P2547.unit": "http://www.ontology-of-units-of-measure.org/resource/om-2/meter", "http://www.wikidata.org/prop/direct/P3018": "Finkenwerder", "https://gdi-de.github.io/apworkshop2026/ont#stammdurchmesser.value": "32.0", "https://gdi-de.github.io/apworkshop2026/ont#stammdurchmesser.unit": "http://www.ontology-of-units-of-measure.org/resource/om-2/centimeter"}, "geometry": {"type": "MultiPoint", "coordinates": [[9.82877603196971, 53.528947495863804]]}}, {"type": "Feature", "id": "https://gdi-de.github.io/apworkshop2026/ROST105", "name": "Baum ROST105 (gdide:ROST105)", "dateprops": [], "properties": {"http://www.w3.org/2000/01/rdf-schema#label": "Baum ROST105", "http://rdfs.org/ns/void#inDataset.value": "72757", "http://www.w3.org/2000/01/rdf-schema#comment": "sonst. \u00f6ff. Fl\u00e4chen", "http://www.wikidata.org/prop/direct/P2547.value": "3.0", "http://www.wikidata.org/prop/direct/P2547.unit": "http://www.ontology-of-units-of-measure.org/resource/om-2/meter", "http://www.wikidata.org/prop/direct/P3018": "Ro\u00df-Terminal", "https://gdi-de.github.io/apworkshop2026/ont#stammdurchmesser.value": "13.0", "https://gdi-de.github.io/apworkshop2026/ont#stammdurchmesser.unit": "http://www.ontology-of-units-of-measure.org/resource/om-2/centimeter"}, "geometry": {"type": "MultiPoint", "coordinates": [[9.94279814893727, 53.5232838370079]]}}, {"type": "Feature", "id": "https://gdi-de.github.io/apworkshop2026/FINW326", "name": "Baum FINW326 (gdide:FINW326)", "dateprops": [], "properties": {"http://www.w3.org/2000/01/rdf-schema#label": "Baum FINW326", "http://rdfs.org/ns/void#inDataset.value": "72757", "http://www.w3.org/2000/01/rdf-schema#comment": "Wasserwirtschaft", "http://www.wikidata.org/prop/direct/P2547.value": "7.0", "http://www.wikidata.org/prop/direct/P2547.unit": "http://www.ontology-of-units-of-measure.org/resource/om-2/meter", "http://www.wikidata.org/prop/direct/P3018": "Finkenwerder", "https://gdi-de.github.io/apworkshop2026/ont#stammdurchmesser.value": "24.0", "https://gdi-de.github.io/apworkshop2026/ont#stammdurchmesser.unit": "http://www.ontology-of-units-of-measure.org/resource/om-2/centimeter"}, "geometry": {"type": "MultiPoint", "coordinates": [[9.827878830596541, 53.52913728029925]]}}, {"type": "Feature", "id": "https://gdi-de.github.io/apworkshop2026/MEFC436", "name": "Baum MEFC436 (gdide:MEFC436)", "dateprops": [], "properties": {"http://www.w3.org/2000/01/rdf-schema#label": "Baum MEFC436", "http://rdfs.org/ns/void#inDataset.value": "72757", "http://www.w3.org/2000/01/rdf-schema#comment": "Francop", "http://www.wikidata.org/prop/direct/P2547.value": "11.0", "http://www.wikidata.org/prop/direct/P2547.unit": "http://www.ontology-of-units-of-measure.org/resource/om-2/meter", "http://www.wikidata.org/prop/direct/P3018": "METHA-Francop", "https://gdi-de.github.io/apworkshop2026/ont#stammdurchmesser.value": "37.0", "https://gdi-de.github.io/apworkshop2026/ont#stammdurchmesser.unit": "http://www.ontology-of-units-of-measure.org/resource/om-2/centimeter"}, "geometry": {"type": "MultiPoint", "coordinates": [[9.887769214144745, 53.520065068820244]]}}, {"type": "Feature", "id": "https://gdi-de.github.io/apworkshop2026/MOBG398", "name": "Baum MOBG398 (gdide:MOBG398)", "dateprops": [], "properties": {"http://www.w3.org/2000/01/rdf-schema#label": "Baum MOBG398", "http://rdfs.org/ns/void#inDataset.value": "72757", "http://www.w3.org/2000/01/rdf-schema#comment": "sonst. \u00f6ff. Fl\u00e4chen", "http://www.wikidata.org/prop/direct/P2547.value": "5.0", "http://www.wikidata.org/prop/direct/P2547.unit": "http://www.ontology-of-units-of-measure.org/resource/om-2/meter", "http://www.wikidata.org/prop/direct/P3018": "Moorburg", "https://gdi-de.github.io/apworkshop2026/ont#stammdurchmesser.value": "25.0", "https://gdi-de.github.io/apworkshop2026/ont#stammdurchmesser.unit": "http://www.ontology-of-units-of-measure.org/resource/om-2/centimeter"}, "geometry": {"type": "MultiPoint", "coordinates": [[9.944065707735774, 53.491878052299064]]}}, {"type": "Feature", "id": "https://gdi-de.github.io/apworkshop2026/RDLD224", "name": "Baum RDLD224 (gdide:RDLD224)", "dateprops": [], "properties": {"http://www.w3.org/2000/01/rdf-schema#label": "Baum RDLD224", "http://rdfs.org/ns/void#inDataset.value": "72757", "http://www.w3.org/2000/01/rdf-schema#comment": "sonst. \u00f6ff. Fl\u00e4chen", "http://www.wikidata.org/prop/direct/P2547.value": "4.0", "http://www.wikidata.org/prop/direct/P2547.unit": "http://www.ontology-of-units-of-measure.org/resource/om-2/meter", "http://www.wikidata.org/prop/direct/P3018": "Radeland", "https://gdi-de.github.io/apworkshop2026/ont#stammdurchmesser.value": "21.0", "https://gdi-de.github.io/apworkshop2026/ont#stammdurchmesser.unit": "http://www.ontology-of-units-of-measure.org/resource/om-2/centimeter"}, "geometry": {"type": "MultiPoint", "coordinates": [[9.960737999234542, 53.4718466417247]]}}, {"type": "Feature", "id": "https://gdi-de.github.io/apworkshop2026/WITB398", "name": "Baum WITB398 (gdide:WITB398)", "dateprops": [], "properties": {"http://www.w3.org/2000/01/rdf-schema#label": "Baum WITB398", "http://rdfs.org/ns/void#inDataset.value": "72757", "http://www.w3.org/2000/01/rdf-schema#comment": "Wasserwirtschaft", "http://www.wikidata.org/prop/direct/P2547.value": "18.0", "http://www.wikidata.org/prop/direct/P2547.unit": "http://www.ontology-of-units-of-measure.org/resource/om-2/meter", "http://www.wikidata.org/prop/direct/P3018": "Wittenbergen", "https://gdi-de.github.io/apworkshop2026/ont#stammdurchmesser.value": "69.0", "https://gdi-de.github.io/apworkshop2026/ont#stammdurchmesser.unit": "http://www.ontology-of-units-of-measure.org/resource/om-2/centimeter"}, "geometry": {"type": "MultiPoint", "coordinates": [[9.77356211609388, 53.56323536467909]]}}, {"type": "Feature", "id": "https://gdi-de.github.io/apworkshop2026/WITB432", "name": "Baum WITB432 (gdide:WITB432)", "dateprops": [], "properties": {"http://www.w3.org/2000/01/rdf-schema#label": "Baum WITB432", "http://rdfs.org/ns/void#inDataset.value": "72757", "http://www.w3.org/2000/01/rdf-schema#comment": "Wasserwirtschaft", "http://www.wikidata.org/prop/direct/P2547.value": "11.0", "http://www.wikidata.org/prop/direct/P2547.unit": "http://www.ontology-of-units-of-measure.org/resource/om-2/meter", "http://www.wikidata.org/prop/direct/P3018": "Wittenbergen", "https://gdi-de.github.io/apworkshop2026/ont#stammdurchmesser.value": "49.0", "https://gdi-de.github.io/apworkshop2026/ont#stammdurchmesser.unit": "http://www.ontology-of-units-of-measure.org/resource/om-2/centimeter"}, "geometry": {"type": "MultiPoint", "coordinates": [[9.776151024810101, 53.562609201544916]]}}, {"type": "Feature", "id": "https://gdi-de.github.io/apworkshop2026/RDLD249", "name": "Baum RDLD249 (gdide:RDLD249)", "dateprops": [], "properties": {"http://www.w3.org/2000/01/rdf-schema#label": "Baum RDLD249", "http://rdfs.org/ns/void#inDataset.value": "72757", "http://www.w3.org/2000/01/rdf-schema#comment": "sonst. \u00f6ff. Fl\u00e4chen", "http://www.wikidata.org/prop/direct/P2547.value": "8.0", "http://www.wikidata.org/prop/direct/P2547.unit": "http://www.ontology-of-units-of-measure.org/resource/om-2/meter", "http://www.wikidata.org/prop/direct/P3018": "Radeland", "https://gdi-de.github.io/apworkshop2026/ont#stammdurchmesser.value": "38.0", "https://gdi-de.github.io/apworkshop2026/ont#stammdurchmesser.unit": "http://www.ontology-of-units-of-measure.org/resource/om-2/centimeter"}, "geometry": {"type": "MultiPoint", "coordinates": [[9.96071209182175, 53.471810036615054]]}}, {"type": "Feature", "id": "https://gdi-de.github.io/apworkshop2026/FINW328", "name": "Baum FINW328 (gdide:FINW328)", "dateprops": [], "properties": {"http://www.w3.org/2000/01/rdf-schema#label": "Baum FINW328", "http://rdfs.org/ns/void#inDataset.value": "72757", "http://www.w3.org/2000/01/rdf-schema#comment": "Wasserwirtschaft", "http://www.wikidata.org/prop/direct/P2547.value": "7.0", "http://www.wikidata.org/prop/direct/P2547.unit": "http://www.ontology-of-units-of-measure.org/resource/om-2/meter", "http://www.wikidata.org/prop/direct/P3018": "Finkenwerder", "https://gdi-de.github.io/apworkshop2026/ont#stammdurchmesser.value": "30.0", "https://gdi-de.github.io/apworkshop2026/ont#stammdurchmesser.unit": "http://www.ontology-of-units-of-measure.org/resource/om-2/centimeter"}, "geometry": {"type": "MultiPoint", "coordinates": [[9.827987913021493, 53.52906755429494]]}}, {"type": "Feature", "id": "https://gdi-de.github.io/apworkshop2026/BFHS391", "name": "Baum BFHS391 (gdide:BFHS391)", "dateprops": [], "properties": {"http://www.w3.org/2000/01/rdf-schema#label": "Baum BFHS391", "http://rdfs.org/ns/void#inDataset.value": "72757", "http://www.w3.org/2000/01/rdf-schema#comment": "sonst. \u00f6ff. Fl\u00e4chen", "http://www.wikidata.org/prop/direct/P2547.value": "3.0", "http://www.wikidata.org/prop/direct/P2547.unit": "http://www.ontology-of-units-of-measure.org/resource/om-2/meter", "http://www.wikidata.org/prop/direct/P3018": "Bahnhof Hohe Schaar", "https://gdi-de.github.io/apworkshop2026/ont#stammdurchmesser.value": "14.0", "https://gdi-de.github.io/apworkshop2026/ont#stammdurchmesser.unit": "http://www.ontology-of-units-of-measure.org/resource/om-2/centimeter"}, "geometry": {"type": "MultiPoint", "coordinates": [[9.97069064087982, 53.49650311762249]]}}, {"type": "Feature", "id": "https://gdi-de.github.io/apworkshop2026/PIOI348", "name": "Baum PIOI348 (gdide:PIOI348)", "dateprops": [], "properties": {"http://www.w3.org/2000/01/rdf-schema#label": "Baum PIOI348", "http://rdfs.org/ns/void#inDataset.value": "72757", "http://www.w3.org/2000/01/rdf-schema#comment": "Wasserwirtschaft", "http://www.wikidata.org/prop/direct/P2547.value": "8.0", "http://www.wikidata.org/prop/direct/P2547.unit": "http://www.ontology-of-units-of-measure.org/resource/om-2/meter", "http://www.wikidata.org/prop/direct/P3018": "Pionierinsel", "https://gdi-de.github.io/apworkshop2026/ont#stammdurchmesser.value": "25.0", "https://gdi-de.github.io/apworkshop2026/ont#stammdurchmesser.unit": "http://www.ontology-of-units-of-measure.org/resource/om-2/centimeter"}, "geometry": {"type": "MultiPoint", "coordinates": [[10.003978378486178, 53.47084651846306]]}}, {"type": "Feature", "id": "https://gdi-de.github.io/apworkshop2026/MOBG801", "name": "Baum MOBG801 (gdide:MOBG801)", "dateprops": [], "properties": {"http://www.w3.org/2000/01/rdf-schema#label": "Baum MOBG801", "http://rdfs.org/ns/void#inDataset.value": "72757", "http://www.w3.org/2000/01/rdf-schema#comment": "sonst. \u00f6ff. Fl\u00e4chen", "http://www.wikidata.org/prop/direct/P2547.value": "6.0", "http://www.wikidata.org/prop/direct/P2547.unit": "http://www.ontology-of-units-of-measure.org/resource/om-2/meter", "http://www.wikidata.org/prop/direct/P3018": "Moorburg", "https://gdi-de.github.io/apworkshop2026/ont#stammdurchmesser.value": "25.0", "https://gdi-de.github.io/apworkshop2026/ont#stammdurchmesser.unit": "http://www.ontology-of-units-of-measure.org/resource/om-2/centimeter"}, "geometry": {"type": "MultiPoint", "coordinates": [[9.941918563526825, 53.4882219778843]]}}, {"type": "Feature", "id": "https://gdi-de.github.io/apworkshop2026/BFASN380", "name": "Baum BFASN380 (gdide:BFASN380)", "dateprops": [], "properties": {"http://www.w3.org/2000/01/rdf-schema#label": "Baum BFASN380", "http://rdfs.org/ns/void#inDataset.value": "72757", "http://www.w3.org/2000/01/rdf-schema#comment": "Stra\u00dfe", "http://www.wikidata.org/prop/direct/P2547.value": "4.0", "http://www.wikidata.org/prop/direct/P2547.unit": "http://www.ontology-of-units-of-measure.org/resource/om-2/meter", "http://www.wikidata.org/prop/direct/P3018": "Bahnhof Alte S\u00fcderelbe Nord", "https://gdi-de.github.io/apworkshop2026/ont#stammdurchmesser.value": "19.0", "https://gdi-de.github.io/apworkshop2026/ont#stammdurchmesser.unit": "http://www.ontology-of-units-of-measure.org/resource/om-2/centimeter"}, "geometry": {"type": "MultiPoint", "coordinates": [[9.911232418848497, 53.50691794663692]]}}, {"type": "Feature", "id": "https://gdi-de.github.io/apworkshop2026/NHKL169", "name": "Baum NHKL169 (gdide:NHKL169)", "dateprops": [], "properties": {"http://www.w3.org/2000/01/rdf-schema#label": "Baum NHKL169", "http://rdfs.org/ns/void#inDataset.value": "72757", "http://www.w3.org/2000/01/rdf-schema#comment": "sonst. \u00f6ff. Fl\u00e4chen", "http://www.wikidata.org/prop/direct/P2547.value": "8.0", "http://www.wikidata.org/prop/direct/P2547.unit": "http://www.ontology-of-units-of-measure.org/resource/om-2/meter", "http://www.wikidata.org/prop/direct/P3018": "Neuh\u00f6fer Kanal", "https://gdi-de.github.io/apworkshop2026/ont#stammdurchmesser.value": "29.0", "https://gdi-de.github.io/apworkshop2026/ont#stammdurchmesser.unit": "http://www.ontology-of-units-of-measure.org/resource/om-2/centimeter"}, "geometry": {"type": "MultiPoint", "coordinates": [[9.968785556707328, 53.51437027739462]]}}, {"type": "Feature", "id": "https://gdi-de.github.io/apworkshop2026/VEDL314", "name": "Baum VEDL314 (gdide:VEDL314)", "dateprops": [], "properties": {"http://www.w3.org/2000/01/rdf-schema#label": "Baum VEDL314", "http://rdfs.org/ns/void#inDataset.value": "72757", "http://www.w3.org/2000/01/rdf-schema#comment": "sonst. \u00f6ff. Fl\u00e4chen", "http://www.wikidata.org/prop/direct/P2547.value": "1.0", "http://www.wikidata.org/prop/direct/P2547.unit": "http://www.ontology-of-units-of-measure.org/resource/om-2/meter", "http://www.wikidata.org/prop/direct/P3018": "Veddel", "https://gdi-de.github.io/apworkshop2026/ont#stammdurchmesser.value": "5.0", "https://gdi-de.github.io/apworkshop2026/ont#stammdurchmesser.unit": "http://www.ontology-of-units-of-measure.org/resource/om-2/centimeter"}, "geometry": {"type": "MultiPoint", "coordinates": [[10.027465954483588, 53.522410408245584]]}}, {"type": "Feature", "id": "https://gdi-de.github.io/apworkshop2026/GZAW669", "name": "Baum GZAW669 (gdide:GZAW669)", "dateprops": [], "properties": {"http://www.w3.org/2000/01/rdf-schema#label": "Baum GZAW669", "http://rdfs.org/ns/void#inDataset.value": "72757", "http://www.w3.org/2000/01/rdf-schema#comment": "sonst. \u00f6ff. Fl\u00e4chen", "http://www.wikidata.org/prop/direct/P2547.value": "3.0", "http://www.wikidata.org/prop/direct/P2547.unit": "http://www.ontology-of-units-of-measure.org/resource/om-2/meter", "http://www.wikidata.org/prop/direct/P3018": "Gr\u00fcnzug Altenwerder", "https://gdi-de.github.io/apworkshop2026/ont#stammdurchmesser.value": "14.0", "https://gdi-de.github.io/apworkshop2026/ont#stammdurchmesser.unit": "http://www.ontology-of-units-of-measure.org/resource/om-2/centimeter"}, "geometry": {"type": "MultiPoint", "coordinates": [[9.91949673979934, 53.50578652104133]]}}, {"type": "Feature", "id": "https://gdi-de.github.io/apworkshop2026/WAHF684", "name": "Baum WAHF684 (gdide:WAHF684)", "dateprops": [], "properties": {"http://www.w3.org/2000/01/rdf-schema#label": "Baum WAHF684", "http://rdfs.org/ns/void#inDataset.value": "72757", "http://www.w3.org/2000/01/rdf-schema#comment": "sonst. \u00f6ff. Fl\u00e4chen", "http://www.wikidata.org/prop/direct/P2547.value": "5.0", "http://www.wikidata.org/prop/direct/P2547.unit": "http://www.ontology-of-units-of-measure.org/resource/om-2/meter", "http://www.wikidata.org/prop/direct/P3018": "Waltershof", "https://gdi-de.github.io/apworkshop2026/ont#stammdurchmesser.value": "27.0", "https://gdi-de.github.io/apworkshop2026/ont#stammdurchmesser.unit": "http://www.ontology-of-units-of-measure.org/resource/om-2/centimeter"}, "geometry": {"type": "MultiPoint", "coordinates": [[9.922975268107733, 53.51630795803008]]}}, {"type": "Feature", "id": "https://gdi-de.github.io/apworkshop2026/BFHS352", "name": "Baum BFHS352 (gdide:BFHS352)", "dateprops": [], "properties": {"http://www.w3.org/2000/01/rdf-schema#label": "Baum BFHS352", "http://rdfs.org/ns/void#inDataset.value": "72757", "http://www.w3.org/2000/01/rdf-schema#comment": "sonst. \u00f6ff. Fl\u00e4chen", "http://www.wikidata.org/prop/direct/P2547.value": "4.0", "http://www.wikidata.org/prop/direct/P2547.unit": "http://www.ontology-of-units-of-measure.org/resource/om-2/meter", "http://www.wikidata.org/prop/direct/P3018": "Bahnhof Hohe Schaar", "https://gdi-de.github.io/apworkshop2026/ont#stammdurchmesser.value": "22.0", "https://gdi-de.github.io/apworkshop2026/ont#stammdurchmesser.unit": "http://www.ontology-of-units-of-measure.org/resource/om-2/centimeter"}, "geometry": {"type": "MultiPoint", "coordinates": [[9.963065318540028, 53.49773162375326]]}}, {"type": "Feature", "id": "https://gdi-de.github.io/apworkshop2026/BFHS401", "name": "Baum BFHS401 (gdide:BFHS401)", "dateprops": [], "properties": {"http://www.w3.org/2000/01/rdf-schema#label": "Baum BFHS401", "http://rdfs.org/ns/void#inDataset.value": "72757", "http://www.w3.org/2000/01/rdf-schema#comment": "sonst. \u00f6ff. Fl\u00e4chen", "http://www.wikidata.org/prop/direct/P2547.value": "4.0", "http://www.wikidata.org/prop/direct/P2547.unit": "http://www.ontology-of-units-of-measure.org/resource/om-2/meter", "http://www.wikidata.org/prop/direct/P3018": "Bahnhof Hohe Schaar", "https://gdi-de.github.io/apworkshop2026/ont#stammdurchmesser.value": "18.0", "https://gdi-de.github.io/apworkshop2026/ont#stammdurchmesser.unit": "http://www.ontology-of-units-of-measure.org/resource/om-2/centimeter"}, "geometry": {"type": "MultiPoint", "coordinates": [[9.965097873651336, 53.49734765261449]]}}, {"type": "Feature", "id": "https://gdi-de.github.io/apworkshop2026/MOBG772", "name": "Baum MOBG772 (gdide:MOBG772)", "dateprops": [], "properties": {"http://www.w3.org/2000/01/rdf-schema#label": "Baum MOBG772", "http://rdfs.org/ns/void#inDataset.value": "72757", "http://www.w3.org/2000/01/rdf-schema#comment": "sonst. \u00f6ff. Fl\u00e4chen", "http://www.wikidata.org/prop/direct/P2547.value": "10.0", "http://www.wikidata.org/prop/direct/P2547.unit": "http://www.ontology-of-units-of-measure.org/resource/om-2/meter", "http://www.wikidata.org/prop/direct/P3018": "Moorburg", "https://gdi-de.github.io/apworkshop2026/ont#stammdurchmesser.value": "34.0", "https://gdi-de.github.io/apworkshop2026/ont#stammdurchmesser.unit": "http://www.ontology-of-units-of-measure.org/resource/om-2/centimeter"}, "geometry": {"type": "MultiPoint", "coordinates": [[9.938248083208524, 53.48558725011786]]}}, {"type": "Feature", "id": "https://gdi-de.github.io/apworkshop2026/HHBG122", "name": "Baum HHBG122 (gdide:HHBG122)", "dateprops": [], "properties": {"http://www.w3.org/2000/01/rdf-schema#label": "Baum HHBG122", "http://rdfs.org/ns/void#inDataset.value": "72757", "http://www.w3.org/2000/01/rdf-schema#comment": "Wasserwirtschaft", "http://www.wikidata.org/prop/direct/P2547.value": "7.0", "http://www.wikidata.org/prop/direct/P2547.unit": "http://www.ontology-of-units-of-measure.org/resource/om-2/meter", "http://www.wikidata.org/prop/direct/P3018": "Harburg", "https://gdi-de.github.io/apworkshop2026/ont#stammdurchmesser.value": "34.0", "https://gdi-de.github.io/apworkshop2026/ont#stammdurchmesser.unit": "http://www.ontology-of-units-of-measure.org/resource/om-2/centimeter"}, "geometry": {"type": "MultiPoint", "coordinates": [[9.984718552693572, 53.473779919836716]]}}, {"type": "Feature", "id": "https://gdi-de.github.io/apworkshop2026/BFASN419", "name": "Baum BFASN419 (gdide:BFASN419)", "dateprops": [], "properties": {"http://www.w3.org/2000/01/rdf-schema#label": "Baum BFASN419", "http://rdfs.org/ns/void#inDataset.value": "72757", "http://www.w3.org/2000/01/rdf-schema#comment": "Stra\u00dfe", "http://www.wikidata.org/prop/direct/P2547.value": "3.0", "http://www.wikidata.org/prop/direct/P2547.unit": "http://www.ontology-of-units-of-measure.org/resource/om-2/meter", "http://www.wikidata.org/prop/direct/P3018": "Bahnhof Alte S\u00fcderelbe Nord", "https://gdi-de.github.io/apworkshop2026/ont#stammdurchmesser.value": "13.0", "https://gdi-de.github.io/apworkshop2026/ont#stammdurchmesser.unit": "http://www.ontology-of-units-of-measure.org/resource/om-2/centimeter"}, "geometry": {"type": "MultiPoint", "coordinates": [[9.911214380677594, 53.50646457863742]]}}, {"type": "Feature", "id": "https://gdi-de.github.io/apworkshop2026/ROSD157", "name": "Baum ROSD157 (gdide:ROSD157)", "dateprops": [], "properties": {"http://www.w3.org/2000/01/rdf-schema#label": "Baum ROSD157", "http://rdfs.org/ns/void#inDataset.value": "72757", "http://www.w3.org/2000/01/rdf-schema#comment": "Stra\u00dfe", "http://www.wikidata.org/prop/direct/P2547.value": "4.0", "http://www.wikidata.org/prop/direct/P2547.unit": "http://www.ontology-of-units-of-measure.org/resource/om-2/meter", "http://www.wikidata.org/prop/direct/P3018": "Ro\u00dfdamm", "https://gdi-de.github.io/apworkshop2026/ont#stammdurchmesser.value": "13.0", "https://gdi-de.github.io/apworkshop2026/ont#stammdurchmesser.unit": "http://www.ontology-of-units-of-measure.org/resource/om-2/centimeter"}, "geometry": {"type": "MultiPoint", "coordinates": [[9.975051943617913, 53.52790396529952]]}}, {"type": "Feature", "id": "https://gdi-de.github.io/apworkshop2026/NHKL282", "name": "Baum NHKL282 (gdide:NHKL282)", "dateprops": [], "properties": {"http://www.w3.org/2000/01/rdf-schema#label": "Baum NHKL282", "http://rdfs.org/ns/void#inDataset.value": "72757", "http://www.w3.org/2000/01/rdf-schema#comment": "Privatgrund", "http://www.wikidata.org/prop/direct/P2547.value": "6.0", "http://www.wikidata.org/prop/direct/P2547.unit": "http://www.ontology-of-units-of-measure.org/resource/om-2/meter", "http://www.wikidata.org/prop/direct/P3018": "Neuh\u00f6fer Kanal", "https://gdi-de.github.io/apworkshop2026/ont#stammdurchmesser.value": "18.0", "https://gdi-de.github.io/apworkshop2026/ont#stammdurchmesser.unit": "http://www.ontology-of-units-of-measure.org/resource/om-2/centimeter"}, "geometry": {"type": "MultiPoint", "coordinates": [[9.946598840056003, 53.52014106911609]]}}, {"type": "Feature", "id": "https://gdi-de.github.io/apworkshop2026/AEST135", "name": "Baum AEST135 (gdide:AEST135)", "dateprops": [], "properties": {"http://www.w3.org/2000/01/rdf-schema#label": "Baum AEST135", "http://rdfs.org/ns/void#inDataset.value": "72757", "http://www.w3.org/2000/01/rdf-schema#comment": "Wasserwirtschaft", "http://www.wikidata.org/prop/direct/P2547.value": "8.0", "http://www.wikidata.org/prop/direct/P2547.unit": "http://www.ontology-of-units-of-measure.org/resource/om-2/meter", "http://www.wikidata.org/prop/direct/P3018": "Altes Estesperrwerk", "https://gdi-de.github.io/apworkshop2026/ont#stammdurchmesser.value": "43.0", "https://gdi-de.github.io/apworkshop2026/ont#stammdurchmesser.unit": "http://www.ontology-of-units-of-measure.org/resource/om-2/centimeter"}, "geometry": {"type": "MultiPoint", "coordinates": [[9.78748141260663, 53.53632883323691]]}}, {"type": "Feature", "id": "https://gdi-de.github.io/apworkshop2026/NHKL207", "name": "Baum NHKL207 (gdide:NHKL207)", "dateprops": [], "properties": {"http://www.w3.org/2000/01/rdf-schema#label": "Baum NHKL207", "http://rdfs.org/ns/void#inDataset.value": "72757", "http://www.w3.org/2000/01/rdf-schema#comment": "sonst. \u00f6ff. Fl\u00e4chen", "http://www.wikidata.org/prop/direct/P2547.value": "5.0", "http://www.wikidata.org/prop/direct/P2547.unit": "http://www.ontology-of-units-of-measure.org/resource/om-2/meter", "http://www.wikidata.org/prop/direct/P3018": "Neuh\u00f6fer Kanal", "https://gdi-de.github.io/apworkshop2026/ont#stammdurchmesser.value": "29.0", "https://gdi-de.github.io/apworkshop2026/ont#stammdurchmesser.unit": "http://www.ontology-of-units-of-measure.org/resource/om-2/centimeter"}, "geometry": {"type": "MultiPoint", "coordinates": [[9.967355636404372, 53.51423815338772]]}}, {"type": "Feature", "id": "https://gdi-de.github.io/apworkshop2026/NHKL308", "name": "Baum NHKL308 (gdide:NHKL308)", "dateprops": [], "properties": {"http://www.w3.org/2000/01/rdf-schema#label": "Baum NHKL308", "http://rdfs.org/ns/void#inDataset.value": "72757", "http://www.w3.org/2000/01/rdf-schema#comment": "Privatgrund", "http://www.wikidata.org/prop/direct/P2547.value": "5.0", "http://www.wikidata.org/prop/direct/P2547.unit": "http://www.ontology-of-units-of-measure.org/resource/om-2/meter", "http://www.wikidata.org/prop/direct/P3018": "Neuh\u00f6fer Kanal", "https://gdi-de.github.io/apworkshop2026/ont#stammdurchmesser.value": "18.0", "https://gdi-de.github.io/apworkshop2026/ont#stammdurchmesser.unit": "http://www.ontology-of-units-of-measure.org/resource/om-2/centimeter"}, "geometry": {"type": "MultiPoint", "coordinates": [[9.945784759796076, 53.52030313675472]]}}, {"type": "Feature", "id": "https://gdi-de.github.io/apworkshop2026/BUUF469", "name": "Baum BUUF469 (gdide:BUUF469)", "dateprops": [], "properties": {"http://www.w3.org/2000/01/rdf-schema#label": "Baum BUUF469", "http://rdfs.org/ns/void#inDataset.value": "72757", "http://www.w3.org/2000/01/rdf-schema#comment": "Wasserwirtschaft", "http://www.wikidata.org/prop/direct/P2547.value": "7.0", "http://www.wikidata.org/prop/direct/P2547.unit": "http://www.ontology-of-units-of-measure.org/resource/om-2/meter", "http://www.wikidata.org/prop/direct/P3018": "Bubendey-Ufer", "https://gdi-de.github.io/apworkshop2026/ont#stammdurchmesser.value": "17.0", "https://gdi-de.github.io/apworkshop2026/ont#stammdurchmesser.unit": "http://www.ontology-of-units-of-measure.org/resource/om-2/centimeter"}, "geometry": {"type": "MultiPoint", "coordinates": [[9.90072857992804, 53.53743011280313]]}}, {"type": "Feature", "id": "https://gdi-de.github.io/apworkshop2026/VHWN481", "name": "Baum VHWN481 (gdide:VHWN481)", "dateprops": [], "properties": {"http://www.w3.org/2000/01/rdf-schema#label": "Baum VHWN481", "http://rdfs.org/ns/void#inDataset.value": "72757", "http://www.w3.org/2000/01/rdf-schema#comment": "sonst. \u00f6ff. Fl\u00e4chen", "http://www.wikidata.org/prop/direct/P2547.value": "8.0", "http://www.wikidata.org/prop/direct/P2547.unit": "http://www.ontology-of-units-of-measure.org/resource/om-2/meter", "http://www.wikidata.org/prop/direct/P3018": "Vollh\u00f6fner Weiden", "https://gdi-de.github.io/apworkshop2026/ont#stammdurchmesser.value": "38.0", "https://gdi-de.github.io/apworkshop2026/ont#stammdurchmesser.unit": "http://www.ontology-of-units-of-measure.org/resource/om-2/centimeter"}, "geometry": {"type": "MultiPoint", "coordinates": [[9.90839788378414, 53.512863569219626]]}}, {"type": "Feature", "id": "https://gdi-de.github.io/apworkshop2026/PEUB55", "name": "Baum PEUB55 (gdide:PEUB55)", "dateprops": [], "properties": {"http://www.w3.org/2000/01/rdf-schema#label": "Baum PEUB55", "http://rdfs.org/ns/void#inDataset.value": "72757", "http://www.w3.org/2000/01/rdf-schema#comment": "sonst. \u00f6ff. Fl\u00e4chen", "http://www.wikidata.org/prop/direct/P2547.value": "4.0", "http://www.wikidata.org/prop/direct/P2547.unit": "http://www.ontology-of-units-of-measure.org/resource/om-2/meter", "http://www.wikidata.org/prop/direct/P3018": "Peutebahnhof", "https://gdi-de.github.io/apworkshop2026/ont#stammdurchmesser.value": "29.0", "https://gdi-de.github.io/apworkshop2026/ont#stammdurchmesser.unit": "http://www.ontology-of-units-of-measure.org/resource/om-2/centimeter"}, "geometry": {"type": "MultiPoint", "coordinates": [[10.040596943401912, 53.515623739014366]]}}, {"type": "Feature", "id": "https://gdi-de.github.io/apworkshop2026/MOBG391", "name": "Baum MOBG391 (gdide:MOBG391)", "dateprops": [], "properties": {"http://www.w3.org/2000/01/rdf-schema#label": "Baum MOBG391", "http://rdfs.org/ns/void#inDataset.value": "72757", "http://www.w3.org/2000/01/rdf-schema#comment": "sonst. \u00f6ff. Fl\u00e4chen", "http://www.wikidata.org/prop/direct/P2547.value": "5.0", "http://www.wikidata.org/prop/direct/P2547.unit": "http://www.ontology-of-units-of-measure.org/resource/om-2/meter", "http://www.wikidata.org/prop/direct/P3018": "Moorburg", "https://gdi-de.github.io/apworkshop2026/ont#stammdurchmesser.value": "22.0", "https://gdi-de.github.io/apworkshop2026/ont#stammdurchmesser.unit": "http://www.ontology-of-units-of-measure.org/resource/om-2/centimeter"}, "geometry": {"type": "MultiPoint", "coordinates": [[9.943431551044101, 53.49192446845357]]}}, {"type": "Feature", "id": "https://gdi-de.github.io/apworkshop2026/MOBG725", "name": "Baum MOBG725 (gdide:MOBG725)", "dateprops": [], "properties": {"http://www.w3.org/2000/01/rdf-schema#label": "Baum MOBG725", "http://rdfs.org/ns/void#inDataset.value": "72757", "http://www.w3.org/2000/01/rdf-schema#comment": "sonst. \u00f6ff. Fl\u00e4chen", "http://www.wikidata.org/prop/direct/P2547.value": "8.0", "http://www.wikidata.org/prop/direct/P2547.unit": "http://www.ontology-of-units-of-measure.org/resource/om-2/meter", "http://www.wikidata.org/prop/direct/P3018": "Moorburg", "https://gdi-de.github.io/apworkshop2026/ont#stammdurchmesser.value": "31.0", "https://gdi-de.github.io/apworkshop2026/ont#stammdurchmesser.unit": "http://www.ontology-of-units-of-measure.org/resource/om-2/centimeter"}, "geometry": {"type": "MultiPoint", "coordinates": [[9.933923341902492, 53.48184630552411]]}}, {"type": "Feature", "id": "https://gdi-de.github.io/apworkshop2026/FINW371", "name": "Baum FINW371 (gdide:FINW371)", "dateprops": [], "properties": {"http://www.w3.org/2000/01/rdf-schema#label": "Baum FINW371", "http://rdfs.org/ns/void#inDataset.value": "72757", "http://www.w3.org/2000/01/rdf-schema#comment": "Wasserwirtschaft", "http://www.wikidata.org/prop/direct/P2547.value": "8.0", "http://www.wikidata.org/prop/direct/P2547.unit": "http://www.ontology-of-units-of-measure.org/resource/om-2/meter", "http://www.wikidata.org/prop/direct/P3018": "Finkenwerder", "https://gdi-de.github.io/apworkshop2026/ont#stammdurchmesser.value": "19.0", "https://gdi-de.github.io/apworkshop2026/ont#stammdurchmesser.unit": "http://www.ontology-of-units-of-measure.org/resource/om-2/centimeter"}, "geometry": {"type": "MultiPoint", "coordinates": [[9.829344836224461, 53.52928342259889]]}}, {"type": "Feature", "id": "https://gdi-de.github.io/apworkshop2026/MOBG637", "name": "Baum MOBG637 (gdide:MOBG637)", "dateprops": [], "properties": {"http://www.w3.org/2000/01/rdf-schema#label": "Baum MOBG637", "http://rdfs.org/ns/void#inDataset.value": "72757", "http://www.w3.org/2000/01/rdf-schema#comment": "sonst. \u00f6ff. Fl\u00e4chen", "http://www.wikidata.org/prop/direct/P2547.value": "10.0", "http://www.wikidata.org/prop/direct/P2547.unit": "http://www.ontology-of-units-of-measure.org/resource/om-2/meter", "http://www.wikidata.org/prop/direct/P3018": "Moorburg", "https://gdi-de.github.io/apworkshop2026/ont#stammdurchmesser.value": "32.0", "https://gdi-de.github.io/apworkshop2026/ont#stammdurchmesser.unit": "http://www.ontology-of-units-of-measure.org/resource/om-2/centimeter"}, "geometry": {"type": "MultiPoint", "coordinates": [[9.921010320204708, 53.49523379596988]]}}, {"type": "Feature", "id": "https://gdi-de.github.io/apworkshop2026/MOBG373", "name": "Baum MOBG373 (gdide:MOBG373)", "dateprops": [], "properties": {"http://www.w3.org/2000/01/rdf-schema#label": "Baum MOBG373", "http://rdfs.org/ns/void#inDataset.value": "72757", "http://www.w3.org/2000/01/rdf-schema#comment": "sonst. \u00f6ff. Fl\u00e4chen", "http://www.wikidata.org/prop/direct/P2547.value": "6.0", "http://www.wikidata.org/prop/direct/P2547.unit": "http://www.ontology-of-units-of-measure.org/resource/om-2/meter", "http://www.wikidata.org/prop/direct/P3018": "Moorburg", "https://gdi-de.github.io/apworkshop2026/ont#stammdurchmesser.value": "26.0", "https://gdi-de.github.io/apworkshop2026/ont#stammdurchmesser.unit": "http://www.ontology-of-units-of-measure.org/resource/om-2/centimeter"}, "geometry": {"type": "MultiPoint", "coordinates": [[9.943273312806806, 53.490982501841735]]}}, {"type": "Feature", "id": "https://gdi-de.github.io/apworkshop2026/NHKL186", "name": "Baum NHKL186 (gdide:NHKL186)", "dateprops": [], "properties": {"http://www.w3.org/2000/01/rdf-schema#label": "Baum NHKL186", "http://rdfs.org/ns/void#inDataset.value": "72757", "http://www.w3.org/2000/01/rdf-schema#comment": "sonst. \u00f6ff. Fl\u00e4chen", "http://www.wikidata.org/prop/direct/P2547.value": "8.0", "http://www.wikidata.org/prop/direct/P2547.unit": "http://www.ontology-of-units-of-measure.org/resource/om-2/meter", "http://www.wikidata.org/prop/direct/P3018": "Neuh\u00f6fer Kanal", "https://gdi-de.github.io/apworkshop2026/ont#stammdurchmesser.value": "19.0", "https://gdi-de.github.io/apworkshop2026/ont#stammdurchmesser.unit": "http://www.ontology-of-units-of-measure.org/resource/om-2/centimeter"}, "geometry": {"type": "MultiPoint", "coordinates": [[9.96764211813163, 53.51528194050923]]}}, {"type": "Feature", "id": "https://gdi-de.github.io/apworkshop2026/PEUB112", "name": "Baum PEUB112 (gdide:PEUB112)", "dateprops": [], "properties": {"http://www.w3.org/2000/01/rdf-schema#label": "Baum PEUB112", "http://rdfs.org/ns/void#inDataset.value": "72757", "http://www.w3.org/2000/01/rdf-schema#comment": "sonst. \u00f6ff. Fl\u00e4chen", "http://www.wikidata.org/prop/direct/P2547.value": "5.0", "http://www.wikidata.org/prop/direct/P2547.unit": "http://www.ontology-of-units-of-measure.org/resource/om-2/meter", "http://www.wikidata.org/prop/direct/P3018": "Peutebahnhof", "https://gdi-de.github.io/apworkshop2026/ont#stammdurchmesser.value": "24.0", "https://gdi-de.github.io/apworkshop2026/ont#stammdurchmesser.unit": "http://www.ontology-of-units-of-measure.org/resource/om-2/centimeter"}, "geometry": {"type": "MultiPoint", "coordinates": [[10.040894025249523, 53.51553406724951]]}}, {"type": "Feature", "id": "https://gdi-de.github.io/apworkshop2026/NHKL216", "name": "Baum NHKL216 (gdide:NHKL216)", "dateprops": [], "properties": {"http://www.w3.org/2000/01/rdf-schema#label": "Baum NHKL216", "http://rdfs.org/ns/void#inDataset.value": "72757", "http://www.w3.org/2000/01/rdf-schema#comment": "sonst. \u00f6ff. Fl\u00e4chen", "http://www.wikidata.org/prop/direct/P2547.value": "3.0", "http://www.wikidata.org/prop/direct/P2547.unit": "http://www.ontology-of-units-of-measure.org/resource/om-2/meter", "http://www.wikidata.org/prop/direct/P3018": "Neuh\u00f6fer Kanal", "https://gdi-de.github.io/apworkshop2026/ont#stammdurchmesser.value": "15.0", "https://gdi-de.github.io/apworkshop2026/ont#stammdurchmesser.unit": "http://www.ontology-of-units-of-measure.org/resource/om-2/centimeter"}, "geometry": {"type": "MultiPoint", "coordinates": [[9.968100034347712, 53.51342312050322]]}}, {"type": "Feature", "id": "https://gdi-de.github.io/apworkshop2026/VEDL312", "name": "Baum VEDL312 (gdide:VEDL312)", "dateprops": [], "properties": {"http://www.w3.org/2000/01/rdf-schema#label": "Baum VEDL312", "http://rdfs.org/ns/void#inDataset.value": "72757", "http://www.w3.org/2000/01/rdf-schema#comment": "sonst. \u00f6ff. Fl\u00e4chen", "http://www.wikidata.org/prop/direct/P2547.value": "2.0", "http://www.wikidata.org/prop/direct/P2547.unit": "http://www.ontology-of-units-of-measure.org/resource/om-2/meter", "http://www.wikidata.org/prop/direct/P3018": "Veddel", "https://gdi-de.github.io/apworkshop2026/ont#stammdurchmesser.value": "6.0", "https://gdi-de.github.io/apworkshop2026/ont#stammdurchmesser.unit": "http://www.ontology-of-units-of-measure.org/resource/om-2/centimeter"}, "geometry": {"type": "MultiPoint", "coordinates": [[10.027479150735111, 53.52237858384169]]}}, {"type": "Feature", "id": "https://gdi-de.github.io/apworkshop2026/VEDL317", "name": "Baum VEDL317 (gdide:VEDL317)", "dateprops": [], "properties": {"http://www.w3.org/2000/01/rdf-schema#label": "Baum VEDL317", "http://rdfs.org/ns/void#inDataset.value": "72757", "http://www.w3.org/2000/01/rdf-schema#comment": "sonst. \u00f6ff. Fl\u00e4chen", "http://www.wikidata.org/prop/direct/P2547.value": "1.0", "http://www.wikidata.org/prop/direct/P2547.unit": "http://www.ontology-of-units-of-measure.org/resource/om-2/meter", "http://www.wikidata.org/prop/direct/P3018": "Veddel", "https://gdi-de.github.io/apworkshop2026/ont#stammdurchmesser.value": "6.0", "https://gdi-de.github.io/apworkshop2026/ont#stammdurchmesser.unit": "http://www.ontology-of-units-of-measure.org/resource/om-2/centimeter"}, "geometry": {"type": "MultiPoint", "coordinates": [[10.027598788364651, 53.52227850156994]]}}, {"type": "Feature", "id": "https://gdi-de.github.io/apworkshop2026/VEDL357", "name": "Baum VEDL357 (gdide:VEDL357)", "dateprops": [], "properties": {"http://www.w3.org/2000/01/rdf-schema#label": "Baum VEDL357", "http://rdfs.org/ns/void#inDataset.value": "72757", "http://www.w3.org/2000/01/rdf-schema#comment": "Stra\u00dfe", "http://www.wikidata.org/prop/direct/P2547.value": "2.0", "http://www.wikidata.org/prop/direct/P2547.unit": "http://www.ontology-of-units-of-measure.org/resource/om-2/meter", "http://www.wikidata.org/prop/direct/P3018": "Veddel", "https://gdi-de.github.io/apworkshop2026/ont#stammdurchmesser.value": "5.0", "https://gdi-de.github.io/apworkshop2026/ont#stammdurchmesser.unit": "http://www.ontology-of-units-of-measure.org/resource/om-2/centimeter"}, "geometry": {"type": "MultiPoint", "coordinates": [[10.026817748140873, 53.52474212298217]]}}, {"type": "Feature", "id": "https://gdi-de.github.io/apworkshop2026/ROST103", "name": "Baum ROST103 (gdide:ROST103)", "dateprops": [], "properties": {"http://www.w3.org/2000/01/rdf-schema#label": "Baum ROST103", "http://rdfs.org/ns/void#inDataset.value": "72757", "http://www.w3.org/2000/01/rdf-schema#comment": "sonst. \u00f6ff. Fl\u00e4chen", "http://www.wikidata.org/prop/direct/P2547.value": "3.0", "http://www.wikidata.org/prop/direct/P2547.unit": "http://www.ontology-of-units-of-measure.org/resource/om-2/meter", "http://www.wikidata.org/prop/direct/P3018": "Ro\u00df-Terminal", "https://gdi-de.github.io/apworkshop2026/ont#stammdurchmesser.value": "14.0", "https://gdi-de.github.io/apworkshop2026/ont#stammdurchmesser.unit": "http://www.ontology-of-units-of-measure.org/resource/om-2/centimeter"}, "geometry": {"type": "MultiPoint", "coordinates": [[9.942803790357255, 53.52336527343688]]}}, {"type": "Feature", "id": "https://gdi-de.github.io/apworkshop2026/MOBG753", "name": "Baum MOBG753 (gdide:MOBG753)", "dateprops": [], "properties": {"http://www.w3.org/2000/01/rdf-schema#label": "Baum MOBG753", "http://rdfs.org/ns/void#inDataset.value": "72757", "http://www.w3.org/2000/01/rdf-schema#comment": "sonst. \u00f6ff. Fl\u00e4chen", "http://www.wikidata.org/prop/direct/P2547.value": "6.0", "http://www.wikidata.org/prop/direct/P2547.unit": "http://www.ontology-of-units-of-measure.org/resource/om-2/meter", "http://www.wikidata.org/prop/direct/P3018": "Moorburg", "https://gdi-de.github.io/apworkshop2026/ont#stammdurchmesser.value": "21.0", "https://gdi-de.github.io/apworkshop2026/ont#stammdurchmesser.unit": "http://www.ontology-of-units-of-measure.org/resource/om-2/centimeter"}, "geometry": {"type": "MultiPoint", "coordinates": [[9.93249918878366, 53.480026198908206]]}}, {"type": "Feature", "id": "https://gdi-de.github.io/apworkshop2026/MOBG376", "name": "Baum MOBG376 (gdide:MOBG376)", "dateprops": [], "properties": {"http://www.w3.org/2000/01/rdf-schema#label": "Baum MOBG376", "http://rdfs.org/ns/void#inDataset.value": "72757", "http://www.w3.org/2000/01/rdf-schema#comment": "sonst. \u00f6ff. Fl\u00e4chen", "http://www.wikidata.org/prop/direct/P2547.value": "5.0", "http://www.wikidata.org/prop/direct/P2547.unit": "http://www.ontology-of-units-of-measure.org/resource/om-2/meter", "http://www.wikidata.org/prop/direct/P3018": "Moorburg", "https://gdi-de.github.io/apworkshop2026/ont#stammdurchmesser.value": "25.0", "https://gdi-de.github.io/apworkshop2026/ont#stammdurchmesser.unit": "http://www.ontology-of-units-of-measure.org/resource/om-2/centimeter"}, "geometry": {"type": "MultiPoint", "coordinates": [[9.94343536888406, 53.491115061775155]]}}, {"type": "Feature", "id": "https://gdi-de.github.io/apworkshop2026/MOBG765", "name": "Baum MOBG765 (gdide:MOBG765)", "dateprops": [], "properties": {"http://www.w3.org/2000/01/rdf-schema#label": "Baum MOBG765", "http://rdfs.org/ns/void#inDataset.value": "72757", "http://www.w3.org/2000/01/rdf-schema#comment": "sonst. \u00f6ff. Fl\u00e4chen", "http://www.wikidata.org/prop/direct/P2547.value": "10.0", "http://www.wikidata.org/prop/direct/P2547.unit": "http://www.ontology-of-units-of-measure.org/resource/om-2/meter", "http://www.wikidata.org/prop/direct/P3018": "Moorburg", "https://gdi-de.github.io/apworkshop2026/ont#stammdurchmesser.value": "29.0", "https://gdi-de.github.io/apworkshop2026/ont#stammdurchmesser.unit": "http://www.ontology-of-units-of-measure.org/resource/om-2/centimeter"}, "geometry": {"type": "MultiPoint", "coordinates": [[9.935116538161777, 53.48328169031648]]}}, {"type": "Feature", "id": "https://gdi-de.github.io/apworkshop2026/HOHS270", "name": "Baum HOHS270 (gdide:HOHS270)", "dateprops": [], "properties": {"http://www.w3.org/2000/01/rdf-schema#label": "Baum HOHS270", "http://rdfs.org/ns/void#inDataset.value": "72757", "http://www.w3.org/2000/01/rdf-schema#comment": "Stra\u00dfe", "http://www.wikidata.org/prop/direct/P2547.value": "15.0", "http://www.wikidata.org/prop/direct/P2547.unit": "http://www.ontology-of-units-of-measure.org/resource/om-2/meter", "http://www.wikidata.org/prop/direct/P3018": "Hohe Schaar", "https://gdi-de.github.io/apworkshop2026/ont#stammdurchmesser.value": "86.0", "https://gdi-de.github.io/apworkshop2026/ont#stammdurchmesser.unit": "http://www.ontology-of-units-of-measure.org/resource/om-2/centimeter"}, "geometry": {"type": "MultiPoint", "coordinates": [[9.985677243747938, 53.48033862290669]]}}, {"type": "Feature", "id": "https://gdi-de.github.io/apworkshop2026/PEUB51", "name": "Baum PEUB51 (gdide:PEUB51)", "dateprops": [], "properties": {"http://www.w3.org/2000/01/rdf-schema#label": "Baum PEUB51", "http://rdfs.org/ns/void#inDataset.value": "72757", "http://www.w3.org/2000/01/rdf-schema#comment": "sonst. \u00f6ff. Fl\u00e4chen", "http://www.wikidata.org/prop/direct/P2547.value": "6.0", "http://www.wikidata.org/prop/direct/P2547.unit": "http://www.ontology-of-units-of-measure.org/resource/om-2/meter", "http://www.wikidata.org/prop/direct/P3018": "Peutebahnhof", "https://gdi-de.github.io/apworkshop2026/ont#stammdurchmesser.value": "26.0", "https://gdi-de.github.io/apworkshop2026/ont#stammdurchmesser.unit": "http://www.ontology-of-units-of-measure.org/resource/om-2/centimeter"}, "geometry": {"type": "MultiPoint", "coordinates": [[10.042187320780917, 53.51511858773238]]}}, {"type": "Feature", "id": "https://gdi-de.github.io/apworkshop2026/STWR245", "name": "Baum STWR245 (gdide:STWR245)", "dateprops": [], "properties": {"http://www.w3.org/2000/01/rdf-schema#label": "Baum STWR245", "http://rdfs.org/ns/void#inDataset.value": "72757", "http://www.w3.org/2000/01/rdf-schema#comment": "Schleusen", "http://www.wikidata.org/prop/direct/P2547.value": "14.0", "http://www.wikidata.org/prop/direct/P2547.unit": "http://www.ontology-of-units-of-measure.org/resource/om-2/meter", "http://www.wikidata.org/prop/direct/P3018": "Steinwerder", "https://gdi-de.github.io/apworkshop2026/ont#stammdurchmesser.value": "100.0", "https://gdi-de.github.io/apworkshop2026/ont#stammdurchmesser.unit": "http://www.ontology-of-units-of-measure.org/resource/om-2/centimeter"}, "geometry": {"type": "MultiPoint", "coordinates": [[9.968730400148884, 53.53271201791529]]}}, {"type": "Feature", "id": "https://gdi-de.github.io/apworkshop2026/REIN174", "name": "Baum REIN174 (gdide:REIN174)", "dateprops": [], "properties": {"http://www.w3.org/2000/01/rdf-schema#label": "Baum REIN174", "http://rdfs.org/ns/void#inDataset.value": "72757", "http://www.w3.org/2000/01/rdf-schema#comment": "sonst. \u00f6ff. Fl\u00e4chen", "http://www.wikidata.org/prop/direct/P2547.value": "5.0", "http://www.wikidata.org/prop/direct/P2547.unit": "http://www.ontology-of-units-of-measure.org/resource/om-2/meter", "http://www.wikidata.org/prop/direct/P3018": "Reiherstieg Nord", "https://gdi-de.github.io/apworkshop2026/ont#stammdurchmesser.value": "24.0", "https://gdi-de.github.io/apworkshop2026/ont#stammdurchmesser.unit": "http://www.ontology-of-units-of-measure.org/resource/om-2/centimeter"}, "geometry": {"type": "MultiPoint", "coordinates": [[9.978224514723685, 53.5168389842353]]}}, {"type": "Feature", "id": "https://gdi-de.github.io/apworkshop2026/SAHF43", "name": "Baum SAHF43 (gdide:SAHF43)", "dateprops": [], "properties": {"http://www.w3.org/2000/01/rdf-schema#label": "Baum SAHF43", "http://rdfs.org/ns/void#inDataset.value": "72757", "http://www.w3.org/2000/01/rdf-schema#comment": "Bezirksamt", "http://www.wikidata.org/prop/direct/P2547.value": "3.0", "http://www.wikidata.org/prop/direct/P2547.unit": "http://www.ontology-of-units-of-measure.org/resource/om-2/meter", "http://www.wikidata.org/prop/direct/P3018": "Saalehafen", "https://gdi-de.github.io/apworkshop2026/ont#stammdurchmesser.value": "nan", "https://gdi-de.github.io/apworkshop2026/ont#stammdurchmesser.unit": "http://www.ontology-of-units-of-measure.org/resource/om-2/centimeter"}, "geometry": {"type": "MultiPoint", "coordinates": [[10.012336465586376, 53.522971878869605]]}}, {"type": "Feature", "id": "https://gdi-de.github.io/apworkshop2026/RDLD228", "name": "Baum RDLD228 (gdide:RDLD228)", "dateprops": [], "properties": {"http://www.w3.org/2000/01/rdf-schema#label": "Baum RDLD228", "http://rdfs.org/ns/void#inDataset.value": "72757", "http://www.w3.org/2000/01/rdf-schema#comment": "sonst. \u00f6ff. Fl\u00e4chen", "http://www.wikidata.org/prop/direct/P2547.value": "5.0", "http://www.wikidata.org/prop/direct/P2547.unit": "http://www.ontology-of-units-of-measure.org/resource/om-2/meter", "http://www.wikidata.org/prop/direct/P3018": "Radeland", "https://gdi-de.github.io/apworkshop2026/ont#stammdurchmesser.value": "19.0", "https://gdi-de.github.io/apworkshop2026/ont#stammdurchmesser.unit": "http://www.ontology-of-units-of-measure.org/resource/om-2/centimeter"}, "geometry": {"type": "MultiPoint", "coordinates": [[9.960746245768851, 53.47182205117906]]}}, {"type": "Feature", "id": "https://gdi-de.github.io/apworkshop2026/FINW358", "name": "Baum FINW358 (gdide:FINW358)", "dateprops": [], "properties": {"http://www.w3.org/2000/01/rdf-schema#label": "Baum FINW358", "http://rdfs.org/ns/void#inDataset.value": "72757", "http://www.w3.org/2000/01/rdf-schema#comment": "Wasserwirtschaft", "http://www.wikidata.org/prop/direct/P2547.value": "8.0", "http://www.wikidata.org/prop/direct/P2547.unit": "http://www.ontology-of-units-of-measure.org/resource/om-2/meter", "http://www.wikidata.org/prop/direct/P3018": "Finkenwerder", "https://gdi-de.github.io/apworkshop2026/ont#stammdurchmesser.value": "29.0", "https://gdi-de.github.io/apworkshop2026/ont#stammdurchmesser.unit": "http://www.ontology-of-units-of-measure.org/resource/om-2/centimeter"}, "geometry": {"type": "MultiPoint", "coordinates": [[9.8292366700811, 53.52913198864526]]}}, {"type": "Feature", "id": "https://gdi-de.github.io/apworkshop2026/MOBG603", "name": "Baum MOBG603 (gdide:MOBG603)", "dateprops": [], "properties": {"http://www.w3.org/2000/01/rdf-schema#label": "Baum MOBG603", "http://rdfs.org/ns/void#inDataset.value": "72757", "http://www.w3.org/2000/01/rdf-schema#comment": "sonst. \u00f6ff. Fl\u00e4chen", "http://www.wikidata.org/prop/direct/P2547.value": "6.0", "http://www.wikidata.org/prop/direct/P2547.unit": "http://www.ontology-of-units-of-measure.org/resource/om-2/meter", "http://www.wikidata.org/prop/direct/P3018": "Moorburg", "https://gdi-de.github.io/apworkshop2026/ont#stammdurchmesser.value": "20.0", "https://gdi-de.github.io/apworkshop2026/ont#stammdurchmesser.unit": "http://www.ontology-of-units-of-measure.org/resource/om-2/centimeter"}, "geometry": {"type": "MultiPoint", "coordinates": [[9.924009291881823, 53.495133980906395]]}}, {"type": "Feature", "id": "https://gdi-de.github.io/apworkshop2026/ROSD149", "name": "Baum ROSD149 (gdide:ROSD149)", "dateprops": [], "properties": {"http://www.w3.org/2000/01/rdf-schema#label": "Baum ROSD149", "http://rdfs.org/ns/void#inDataset.value": "72757", "http://www.w3.org/2000/01/rdf-schema#comment": "Stra\u00dfe", "http://www.wikidata.org/prop/direct/P2547.value": "5.0", "http://www.wikidata.org/prop/direct/P2547.unit": "http://www.ontology-of-units-of-measure.org/resource/om-2/meter", "http://www.wikidata.org/prop/direct/P3018": "Ro\u00dfdamm", "https://gdi-de.github.io/apworkshop2026/ont#stammdurchmesser.value": "18.0", "https://gdi-de.github.io/apworkshop2026/ont#stammdurchmesser.unit": "http://www.ontology-of-units-of-measure.org/resource/om-2/centimeter"}, "geometry": {"type": "MultiPoint", "coordinates": [[9.975580683010993, 53.52794314388226]]}}, {"type": "Feature", "id": "https://gdi-de.github.io/apworkshop2026/TEUB321", "name": "Baum TEUB321 (gdide:TEUB321)", "dateprops": [], "properties": {"http://www.w3.org/2000/01/rdf-schema#label": "Baum TEUB321", "http://rdfs.org/ns/void#inDataset.value": "72757", "http://www.w3.org/2000/01/rdf-schema#comment": "Wasserwirtschaft", "http://www.wikidata.org/prop/direct/P2547.value": "8.0", "http://www.wikidata.org/prop/direct/P2547.unit": "http://www.ontology-of-units-of-measure.org/resource/om-2/meter", "http://www.wikidata.org/prop/direct/P3018": "Teufelsbr\u00fcck-Blankenese", "https://gdi-de.github.io/apworkshop2026/ont#stammdurchmesser.value": "23.0", "https://gdi-de.github.io/apworkshop2026/ont#stammdurchmesser.unit": "http://www.ontology-of-units-of-measure.org/resource/om-2/centimeter"}, "geometry": {"type": "MultiPoint", "coordinates": [[9.878138977854942, 53.545743184204916]]}}, {"type": "Feature", "id": "https://gdi-de.github.io/apworkshop2026/BUHS203", "name": "Baum BUHS203 (gdide:BUHS203)", "dateprops": [], "properties": {"http://www.w3.org/2000/01/rdf-schema#label": "Baum BUHS203", "http://rdfs.org/ns/void#inDataset.value": "72757", "http://www.w3.org/2000/01/rdf-schema#comment": "sonst. \u00f6ff. Fl\u00e4chen", "http://www.wikidata.org/prop/direct/P2547.value": "10.0", "http://www.wikidata.org/prop/direct/P2547.unit": "http://www.ontology-of-units-of-measure.org/resource/om-2/meter", "http://www.wikidata.org/prop/direct/P3018": "Bunthaus", "https://gdi-de.github.io/apworkshop2026/ont#stammdurchmesser.value": "60.0", "https://gdi-de.github.io/apworkshop2026/ont#stammdurchmesser.unit": "http://www.ontology-of-units-of-measure.org/resource/om-2/centimeter"}, "geometry": {"type": "MultiPoint", "coordinates": [[10.062357050124806, 53.46246565409575]]}}, {"type": "Feature", "id": "https://gdi-de.github.io/apworkshop2026/AEST130", "name": "Baum AEST130 (gdide:AEST130)", "dateprops": [], "properties": {"http://www.w3.org/2000/01/rdf-schema#label": "Baum AEST130", "http://rdfs.org/ns/void#inDataset.value": "72757", "http://www.w3.org/2000/01/rdf-schema#comment": "Wasserwirtschaft", "http://www.wikidata.org/prop/direct/P2547.value": "6.0", "http://www.wikidata.org/prop/direct/P2547.unit": "http://www.ontology-of-units-of-measure.org/resource/om-2/meter", "http://www.wikidata.org/prop/direct/P3018": "Altes Estesperrwerk", "https://gdi-de.github.io/apworkshop2026/ont#stammdurchmesser.value": "32.0", "https://gdi-de.github.io/apworkshop2026/ont#stammdurchmesser.unit": "http://www.ontology-of-units-of-measure.org/resource/om-2/centimeter"}, "geometry": {"type": "MultiPoint", "coordinates": [[9.786791192058077, 53.53652417963542]]}}, {"type": "Feature", "id": "https://gdi-de.github.io/apworkshop2026/MOBG746", "name": "Baum MOBG746 (gdide:MOBG746)", "dateprops": [], "properties": {"http://www.w3.org/2000/01/rdf-schema#label": "Baum MOBG746", "http://rdfs.org/ns/void#inDataset.value": "72757", "http://www.w3.org/2000/01/rdf-schema#comment": "nan", "http://www.wikidata.org/prop/direct/P2547.value": "8.0", "http://www.wikidata.org/prop/direct/P2547.unit": "http://www.ontology-of-units-of-measure.org/resource/om-2/meter", "http://www.wikidata.org/prop/direct/P3018": "Moorburg", "https://gdi-de.github.io/apworkshop2026/ont#stammdurchmesser.value": "35.0", "https://gdi-de.github.io/apworkshop2026/ont#stammdurchmesser.unit": "http://www.ontology-of-units-of-measure.org/resource/om-2/centimeter"}, "geometry": {"type": "MultiPoint", "coordinates": [[9.932917183868515, 53.4806040120338]]}}], "numberMatched": 293, "numberReturned": 293, "bbox": [8.497160652275959, 53.462440293334275, 10.062364919366697, 53.91553424657519], "crs": "http://www.opengis.net/def/crs/EPSG/0/4326"}