{"type": "FeatureCollection", "id": "https://gdi-de.github.io/apworkshop2026/Q157417_collection", "name": "Q157417 Instances Collection", "features": [{"type": "Feature", "id": "https://gdi-de.github.io/apworkshop2026/KLGB273", "name": "Baum KLGB273 (gdide:KLGB273)", "dateprops": [], "properties": {"http://www.w3.org/2000/01/rdf-schema#label": "Baum KLGB273", "http://rdfs.org/ns/void#inDataset.value": "72757", "http://www.w3.org/2000/01/rdf-schema#comment": "sonst. \u00f6ff. Fl\u00e4chen", "http://www.wikidata.org/prop/direct/P2547.value": "7.0", "http://www.wikidata.org/prop/direct/P2547.unit": "http://www.ontology-of-units-of-measure.org/resource/om-2/meter", "http://www.wikidata.org/prop/direct/P3018": "Kleiner Grasbrook", "https://gdi-de.github.io/apworkshop2026/ont#stammdurchmesser.value": "42.0", "https://gdi-de.github.io/apworkshop2026/ont#stammdurchmesser.unit": "http://www.ontology-of-units-of-measure.org/resource/om-2/centimeter"}, "geometry": {"type": "MultiPoint", "coordinates": [[9.989236898909635, 53.52640658685221]]}}, {"type": "Feature", "id": "https://gdi-de.github.io/apworkshop2026/HOHS289", "name": "Baum HOHS289 (gdide:HOHS289)", "dateprops": [], "properties": {"http://www.w3.org/2000/01/rdf-schema#label": "Baum HOHS289", "http://rdfs.org/ns/void#inDataset.value": "72757", "http://www.w3.org/2000/01/rdf-schema#comment": "sonst. \u00f6ff. Fl\u00e4chen", "http://www.wikidata.org/prop/direct/P2547.value": "6.0", "http://www.wikidata.org/prop/direct/P2547.unit": "http://www.ontology-of-units-of-measure.org/resource/om-2/meter", "http://www.wikidata.org/prop/direct/P3018": "Hohe Schaar", "https://gdi-de.github.io/apworkshop2026/ont#stammdurchmesser.value": "22.0", "https://gdi-de.github.io/apworkshop2026/ont#stammdurchmesser.unit": "http://www.ontology-of-units-of-measure.org/resource/om-2/centimeter"}, "geometry": {"type": "MultiPoint", "coordinates": [[9.977791760318715, 53.482468435581346]]}}, {"type": "Feature", "id": "https://gdi-de.github.io/apworkshop2026/VEDL250", "name": "Baum VEDL250 (gdide:VEDL250)", "dateprops": [], "properties": {"http://www.w3.org/2000/01/rdf-schema#label": "Baum VEDL250", "http://rdfs.org/ns/void#inDataset.value": "72757", "http://www.w3.org/2000/01/rdf-schema#comment": "Stra\u00dfe", "http://www.wikidata.org/prop/direct/P2547.value": "10.0", "http://www.wikidata.org/prop/direct/P2547.unit": "http://www.ontology-of-units-of-measure.org/resource/om-2/meter", "http://www.wikidata.org/prop/direct/P3018": "Veddel", "https://gdi-de.github.io/apworkshop2026/ont#stammdurchmesser.value": "53.0", "https://gdi-de.github.io/apworkshop2026/ont#stammdurchmesser.unit": "http://www.ontology-of-units-of-measure.org/resource/om-2/centimeter"}, "geometry": {"type": "MultiPoint", "coordinates": [[10.04731132912784, 53.51731803393032]]}}, {"type": "Feature", "id": "https://gdi-de.github.io/apworkshop2026/WAHF105", "name": "Baum WAHF105 (gdide:WAHF105)", "dateprops": [], "properties": {"http://www.w3.org/2000/01/rdf-schema#label": "Baum WAHF105", "http://rdfs.org/ns/void#inDataset.value": "72757", "http://www.w3.org/2000/01/rdf-schema#comment": "sonst. \u00f6ff. Fl\u00e4chen", "http://www.wikidata.org/prop/direct/P2547.value": "12.0", "http://www.wikidata.org/prop/direct/P2547.unit": "http://www.ontology-of-units-of-measure.org/resource/om-2/meter", "http://www.wikidata.org/prop/direct/P3018": "Waltershof", "https://gdi-de.github.io/apworkshop2026/ont#stammdurchmesser.value": "46.0", "https://gdi-de.github.io/apworkshop2026/ont#stammdurchmesser.unit": "http://www.ontology-of-units-of-measure.org/resource/om-2/centimeter"}, "geometry": {"type": "MultiPoint", "coordinates": [[9.925941469243282, 53.51726042369591]]}}, {"type": "Feature", "id": "https://gdi-de.github.io/apworkshop2026/WAHF569", "name": "Baum WAHF569 (gdide:WAHF569)", "dateprops": [], "properties": {"http://www.w3.org/2000/01/rdf-schema#label": "Baum WAHF569", "http://rdfs.org/ns/void#inDataset.value": "72757", "http://www.w3.org/2000/01/rdf-schema#comment": "Privatgrund", "http://www.wikidata.org/prop/direct/P2547.value": "6.0", "http://www.wikidata.org/prop/direct/P2547.unit": "http://www.ontology-of-units-of-measure.org/resource/om-2/meter", "http://www.wikidata.org/prop/direct/P3018": "Waltershof", "https://gdi-de.github.io/apworkshop2026/ont#stammdurchmesser.value": "22.0", "https://gdi-de.github.io/apworkshop2026/ont#stammdurchmesser.unit": "http://www.ontology-of-units-of-measure.org/resource/om-2/centimeter"}, "geometry": {"type": "MultiPoint", "coordinates": [[9.921224236023313, 53.519931173378446]]}}, {"type": "Feature", "id": "https://gdi-de.github.io/apworkshop2026/VHWN452", "name": "Baum VHWN452 (gdide:VHWN452)", "dateprops": [], "properties": {"http://www.w3.org/2000/01/rdf-schema#label": "Baum VHWN452", "http://rdfs.org/ns/void#inDataset.value": "72757", "http://www.w3.org/2000/01/rdf-schema#comment": "sonst. \u00f6ff. Fl\u00e4chen", "http://www.wikidata.org/prop/direct/P2547.value": "5.0", "http://www.wikidata.org/prop/direct/P2547.unit": "http://www.ontology-of-units-of-measure.org/resource/om-2/meter", "http://www.wikidata.org/prop/direct/P3018": "Vollh\u00f6fner Weiden", "https://gdi-de.github.io/apworkshop2026/ont#stammdurchmesser.value": "11.0", "https://gdi-de.github.io/apworkshop2026/ont#stammdurchmesser.unit": "http://www.ontology-of-units-of-measure.org/resource/om-2/centimeter"}, "geometry": {"type": "MultiPoint", "coordinates": [[9.90385685510715, 53.513243591193074]]}}, {"type": "Feature", "id": "https://gdi-de.github.io/apworkshop2026/WAHF766", "name": "Baum WAHF766 (gdide:WAHF766)", "dateprops": [], "properties": {"http://www.w3.org/2000/01/rdf-schema#label": "Baum WAHF766", "http://rdfs.org/ns/void#inDataset.value": "72757", "http://www.w3.org/2000/01/rdf-schema#comment": "Bahn", "http://www.wikidata.org/prop/direct/P2547.value": "8.0", "http://www.wikidata.org/prop/direct/P2547.unit": "http://www.ontology-of-units-of-measure.org/resource/om-2/meter", "http://www.wikidata.org/prop/direct/P3018": "Waltershof", "https://gdi-de.github.io/apworkshop2026/ont#stammdurchmesser.value": "34.0", "https://gdi-de.github.io/apworkshop2026/ont#stammdurchmesser.unit": "http://www.ontology-of-units-of-measure.org/resource/om-2/centimeter"}, "geometry": {"type": "MultiPoint", "coordinates": [[9.921112431703053, 53.520673916553264]]}}, {"type": "Feature", "id": "https://gdi-de.github.io/apworkshop2026/KLGB269", "name": "Baum KLGB269 (gdide:KLGB269)", "dateprops": [], "properties": {"http://www.w3.org/2000/01/rdf-schema#label": "Baum KLGB269", "http://rdfs.org/ns/void#inDataset.value": "72757", "http://www.w3.org/2000/01/rdf-schema#comment": "sonst. \u00f6ff. Fl\u00e4chen", "http://www.wikidata.org/prop/direct/P2547.value": "8.0", "http://www.wikidata.org/prop/direct/P2547.unit": "http://www.ontology-of-units-of-measure.org/resource/om-2/meter", "http://www.wikidata.org/prop/direct/P3018": "Kleiner Grasbrook", "https://gdi-de.github.io/apworkshop2026/ont#stammdurchmesser.value": "51.0", "https://gdi-de.github.io/apworkshop2026/ont#stammdurchmesser.unit": "http://www.ontology-of-units-of-measure.org/resource/om-2/centimeter"}, "geometry": {"type": "MultiPoint", "coordinates": [[9.988605221568148, 53.52650765795892]]}}, {"type": "Feature", "id": "https://gdi-de.github.io/apworkshop2026/PEUB62", "name": "Baum PEUB62 (gdide:PEUB62)", "dateprops": [], "properties": {"http://www.w3.org/2000/01/rdf-schema#label": "Baum PEUB62", "http://rdfs.org/ns/void#inDataset.value": "72757", "http://www.w3.org/2000/01/rdf-schema#comment": "sonst. \u00f6ff. Fl\u00e4chen", "http://www.wikidata.org/prop/direct/P2547.value": "7.0", "http://www.wikidata.org/prop/direct/P2547.unit": "http://www.ontology-of-units-of-measure.org/resource/om-2/meter", "http://www.wikidata.org/prop/direct/P3018": "Peutebahnhof", "https://gdi-de.github.io/apworkshop2026/ont#stammdurchmesser.value": "40.0", "https://gdi-de.github.io/apworkshop2026/ont#stammdurchmesser.unit": "http://www.ontology-of-units-of-measure.org/resource/om-2/centimeter"}, "geometry": {"type": "MultiPoint", "coordinates": [[10.047285870872688, 53.513474934884925]]}}, {"type": "Feature", "id": "https://gdi-de.github.io/apworkshop2026/ALTW632", "name": "Baum ALTW632 (gdide:ALTW632)", "dateprops": [], "properties": {"http://www.w3.org/2000/01/rdf-schema#label": "Baum ALTW632", "http://rdfs.org/ns/void#inDataset.value": "72757", "http://www.w3.org/2000/01/rdf-schema#comment": "sonst. \u00f6ff. Fl\u00e4chen", "http://www.wikidata.org/prop/direct/P2547.value": "4.0", "http://www.wikidata.org/prop/direct/P2547.unit": "http://www.ontology-of-units-of-measure.org/resource/om-2/meter", "http://www.wikidata.org/prop/direct/P3018": "Altenwerder Logistik", "https://gdi-de.github.io/apworkshop2026/ont#stammdurchmesser.value": "18.0", "https://gdi-de.github.io/apworkshop2026/ont#stammdurchmesser.unit": "http://www.ontology-of-units-of-measure.org/resource/om-2/centimeter"}, "geometry": {"type": "MultiPoint", "coordinates": [[9.917456261547228, 53.512179796718755]]}}, {"type": "Feature", "id": "https://gdi-de.github.io/apworkshop2026/ROST245", "name": "Baum ROST245 (gdide:ROST245)", "dateprops": [], "properties": {"http://www.w3.org/2000/01/rdf-schema#label": "Baum ROST245", "http://rdfs.org/ns/void#inDataset.value": "72757", "http://www.w3.org/2000/01/rdf-schema#comment": "Wasserwirtschaft", "http://www.wikidata.org/prop/direct/P2547.value": "10.0", "http://www.wikidata.org/prop/direct/P2547.unit": "http://www.ontology-of-units-of-measure.org/resource/om-2/meter", "http://www.wikidata.org/prop/direct/P3018": "Ro\u00df-Terminal", "https://gdi-de.github.io/apworkshop2026/ont#stammdurchmesser.value": "62.0", "https://gdi-de.github.io/apworkshop2026/ont#stammdurchmesser.unit": "http://www.ontology-of-units-of-measure.org/resource/om-2/centimeter"}, "geometry": {"type": "MultiPoint", "coordinates": [[9.941583635656292, 53.52795818626975]]}}, {"type": "Feature", "id": "https://gdi-de.github.io/apworkshop2026/STWR53", "name": "Baum STWR53 (gdide:STWR53)", "dateprops": [], "properties": {"http://www.w3.org/2000/01/rdf-schema#label": "Baum STWR53", "http://rdfs.org/ns/void#inDataset.value": "72757", "http://www.w3.org/2000/01/rdf-schema#comment": "Privatgrund", "http://www.wikidata.org/prop/direct/P2547.value": "6.0", "http://www.wikidata.org/prop/direct/P2547.unit": "http://www.ontology-of-units-of-measure.org/resource/om-2/meter", "http://www.wikidata.org/prop/direct/P3018": "Steinwerder", "https://gdi-de.github.io/apworkshop2026/ont#stammdurchmesser.value": "25.0", "https://gdi-de.github.io/apworkshop2026/ont#stammdurchmesser.unit": "http://www.ontology-of-units-of-measure.org/resource/om-2/centimeter"}, "geometry": {"type": "MultiPoint", "coordinates": [[9.966649057534495, 53.53905992794061]]}}, {"type": "Feature", "id": "https://gdi-de.github.io/apworkshop2026/HOHS474", "name": "Baum HOHS474 (gdide:HOHS474)", "dateprops": [], "properties": {"http://www.w3.org/2000/01/rdf-schema#label": "Baum HOHS474", "http://rdfs.org/ns/void#inDataset.value": "72757", "http://www.w3.org/2000/01/rdf-schema#comment": "sonst. \u00f6ff. Fl\u00e4chen", "http://www.wikidata.org/prop/direct/P2547.value": "8.0", "http://www.wikidata.org/prop/direct/P2547.unit": "http://www.ontology-of-units-of-measure.org/resource/om-2/meter", "http://www.wikidata.org/prop/direct/P3018": "Hohe Schaar", "https://gdi-de.github.io/apworkshop2026/ont#stammdurchmesser.value": "44.0", "https://gdi-de.github.io/apworkshop2026/ont#stammdurchmesser.unit": "http://www.ontology-of-units-of-measure.org/resource/om-2/centimeter"}, "geometry": {"type": "MultiPoint", "coordinates": [[9.975623487734282, 53.490177438397154]]}}, {"type": "Feature", "id": "https://gdi-de.github.io/apworkshop2026/WAHF283", "name": "Baum WAHF283 (gdide:WAHF283)", "dateprops": [], "properties": {"http://www.w3.org/2000/01/rdf-schema#label": "Baum WAHF283", "http://rdfs.org/ns/void#inDataset.value": "72757", "http://www.w3.org/2000/01/rdf-schema#comment": "sonst. \u00f6ff. Fl\u00e4chen", "http://www.wikidata.org/prop/direct/P2547.value": "6.0", "http://www.wikidata.org/prop/direct/P2547.unit": "http://www.ontology-of-units-of-measure.org/resource/om-2/meter", "http://www.wikidata.org/prop/direct/P3018": "Waltershof", "https://gdi-de.github.io/apworkshop2026/ont#stammdurchmesser.value": "42.0", "https://gdi-de.github.io/apworkshop2026/ont#stammdurchmesser.unit": "http://www.ontology-of-units-of-measure.org/resource/om-2/centimeter"}, "geometry": {"type": "MultiPoint", "coordinates": [[9.928237410395896, 53.519078825772525]]}}, {"type": "Feature", "id": "https://gdi-de.github.io/apworkshop2026/HOHS801", "name": "Baum HOHS801 (gdide:HOHS801)", "dateprops": [], "properties": {"http://www.w3.org/2000/01/rdf-schema#label": "Baum HOHS801", "http://rdfs.org/ns/void#inDataset.value": "72757", "http://www.w3.org/2000/01/rdf-schema#comment": "sonst. \u00f6ff. Fl\u00e4chen", "http://www.wikidata.org/prop/direct/P2547.value": "2.0", "http://www.wikidata.org/prop/direct/P2547.unit": "http://www.ontology-of-units-of-measure.org/resource/om-2/meter", "http://www.wikidata.org/prop/direct/P3018": "Hohe Schaar", "https://gdi-de.github.io/apworkshop2026/ont#stammdurchmesser.value": "10.0", "https://gdi-de.github.io/apworkshop2026/ont#stammdurchmesser.unit": "http://www.ontology-of-units-of-measure.org/resource/om-2/centimeter"}, "geometry": {"type": "MultiPoint", "coordinates": [[9.959765851417222, 53.493833087729435]]}}, {"type": "Feature", "id": "https://gdi-de.github.io/apworkshop2026/RETH235", "name": "Baum RETH235 (gdide:RETH235)", "dateprops": [], "properties": {"http://www.w3.org/2000/01/rdf-schema#label": "Baum RETH235", "http://rdfs.org/ns/void#inDataset.value": "72757", "http://www.w3.org/2000/01/rdf-schema#comment": "sonst. \u00f6ff. Fl\u00e4chen", "http://www.wikidata.org/prop/direct/P2547.value": "11.0", "http://www.wikidata.org/prop/direct/P2547.unit": "http://www.ontology-of-units-of-measure.org/resource/om-2/meter", "http://www.wikidata.org/prop/direct/P3018": "Rethe", "https://gdi-de.github.io/apworkshop2026/ont#stammdurchmesser.value": "63.0", "https://gdi-de.github.io/apworkshop2026/ont#stammdurchmesser.unit": "http://www.ontology-of-units-of-measure.org/resource/om-2/centimeter"}, "geometry": {"type": "MultiPoint", "coordinates": [[9.966386488960099, 53.508764000797626]]}}, {"type": "Feature", "id": "https://gdi-de.github.io/apworkshop2026/TEUB346", "name": "Baum TEUB346 (gdide:TEUB346)", "dateprops": [], "properties": {"http://www.w3.org/2000/01/rdf-schema#label": "Baum TEUB346", "http://rdfs.org/ns/void#inDataset.value": "72757", "http://www.w3.org/2000/01/rdf-schema#comment": "Wasserwirtschaft", "http://www.wikidata.org/prop/direct/P2547.value": "8.0", "http://www.wikidata.org/prop/direct/P2547.unit": "http://www.ontology-of-units-of-measure.org/resource/om-2/meter", "http://www.wikidata.org/prop/direct/P3018": "Teufelsbr\u00fcck-Blankenese", "https://gdi-de.github.io/apworkshop2026/ont#stammdurchmesser.value": "43.0", "https://gdi-de.github.io/apworkshop2026/ont#stammdurchmesser.unit": "http://www.ontology-of-units-of-measure.org/resource/om-2/centimeter"}, "geometry": {"type": "MultiPoint", "coordinates": [[9.875124061081532, 53.54588260253515]]}}, {"type": "Feature", "id": "https://gdi-de.github.io/apworkshop2026/WAHF768", "name": "Baum WAHF768 (gdide:WAHF768)", "dateprops": [], "properties": {"http://www.w3.org/2000/01/rdf-schema#label": "Baum WAHF768", "http://rdfs.org/ns/void#inDataset.value": "72757", "http://www.w3.org/2000/01/rdf-schema#comment": "Bahn", "http://www.wikidata.org/prop/direct/P2547.value": "8.0", "http://www.wikidata.org/prop/direct/P2547.unit": "http://www.ontology-of-units-of-measure.org/resource/om-2/meter", "http://www.wikidata.org/prop/direct/P3018": "Waltershof", "https://gdi-de.github.io/apworkshop2026/ont#stammdurchmesser.value": "29.0", "https://gdi-de.github.io/apworkshop2026/ont#stammdurchmesser.unit": "http://www.ontology-of-units-of-measure.org/resource/om-2/centimeter"}, "geometry": {"type": "MultiPoint", "coordinates": [[9.92109243520483, 53.52064664653172]]}}, {"type": "Feature", "id": "https://gdi-de.github.io/apworkshop2026/REIN131", "name": "Baum REIN131 (gdide:REIN131)", "dateprops": [], "properties": {"http://www.w3.org/2000/01/rdf-schema#label": "Baum REIN131", "http://rdfs.org/ns/void#inDataset.value": "72757", "http://www.w3.org/2000/01/rdf-schema#comment": "sonst. \u00f6ff. Fl\u00e4chen", "http://www.wikidata.org/prop/direct/P2547.value": "8.0", "http://www.wikidata.org/prop/direct/P2547.unit": "http://www.ontology-of-units-of-measure.org/resource/om-2/meter", "http://www.wikidata.org/prop/direct/P3018": "Reiherstieg Nord", "https://gdi-de.github.io/apworkshop2026/ont#stammdurchmesser.value": "31.0", "https://gdi-de.github.io/apworkshop2026/ont#stammdurchmesser.unit": "http://www.ontology-of-units-of-measure.org/resource/om-2/centimeter"}, "geometry": {"type": "MultiPoint", "coordinates": [[9.976215163096168, 53.51424293410993]]}}, {"type": "Feature", "id": "https://gdi-de.github.io/apworkshop2026/REIS302", "name": "Baum REIS302 (gdide:REIS302)", "dateprops": [], "properties": {"http://www.w3.org/2000/01/rdf-schema#label": "Baum REIS302", "http://rdfs.org/ns/void#inDataset.value": "72757", "http://www.w3.org/2000/01/rdf-schema#comment": "sonst. \u00f6ff. Fl\u00e4chen", "http://www.wikidata.org/prop/direct/P2547.value": "8.0", "http://www.wikidata.org/prop/direct/P2547.unit": "http://www.ontology-of-units-of-measure.org/resource/om-2/meter", "http://www.wikidata.org/prop/direct/P3018": "Reiherstieg S\u00fcd", "https://gdi-de.github.io/apworkshop2026/ont#stammdurchmesser.value": "33.0", "https://gdi-de.github.io/apworkshop2026/ont#stammdurchmesser.unit": "http://www.ontology-of-units-of-measure.org/resource/om-2/centimeter"}, "geometry": {"type": "MultiPoint", "coordinates": [[9.975522193702844, 53.509912137247866]]}}, {"type": "Feature", "id": "https://gdi-de.github.io/apworkshop2026/STWR241", "name": "Baum STWR241 (gdide:STWR241)", "dateprops": [], "properties": {"http://www.w3.org/2000/01/rdf-schema#label": "Baum STWR241", "http://rdfs.org/ns/void#inDataset.value": "72757", "http://www.w3.org/2000/01/rdf-schema#comment": "sonst. \u00f6ff. Fl\u00e4chen", "http://www.wikidata.org/prop/direct/P2547.value": "3.0", "http://www.wikidata.org/prop/direct/P2547.unit": "http://www.ontology-of-units-of-measure.org/resource/om-2/meter", "http://www.wikidata.org/prop/direct/P3018": "Steinwerder", "https://gdi-de.github.io/apworkshop2026/ont#stammdurchmesser.value": "10.0", "https://gdi-de.github.io/apworkshop2026/ont#stammdurchmesser.unit": "http://www.ontology-of-units-of-measure.org/resource/om-2/centimeter"}, "geometry": {"type": "MultiPoint", "coordinates": [[9.96904304980037, 53.53548817676731]]}}, {"type": "Feature", "id": "https://gdi-de.github.io/apworkshop2026/BFASN291", "name": "Baum BFASN291 (gdide:BFASN291)", "dateprops": [], "properties": {"http://www.w3.org/2000/01/rdf-schema#label": "Baum BFASN291", "http://rdfs.org/ns/void#inDataset.value": "72757", "http://www.w3.org/2000/01/rdf-schema#comment": "Stra\u00dfe", "http://www.wikidata.org/prop/direct/P2547.value": "3.0", "http://www.wikidata.org/prop/direct/P2547.unit": "http://www.ontology-of-units-of-measure.org/resource/om-2/meter", "http://www.wikidata.org/prop/direct/P3018": "Bahnhof Alte S\u00fcderelbe Nord", "https://gdi-de.github.io/apworkshop2026/ont#stammdurchmesser.value": "13.0", "https://gdi-de.github.io/apworkshop2026/ont#stammdurchmesser.unit": "http://www.ontology-of-units-of-measure.org/resource/om-2/centimeter"}, "geometry": {"type": "MultiPoint", "coordinates": [[9.911604483072875, 53.50978073121557]]}}, {"type": "Feature", "id": "https://gdi-de.github.io/apworkshop2026/REIS240", "name": "Baum REIS240 (gdide:REIS240)", "dateprops": [], "properties": {"http://www.w3.org/2000/01/rdf-schema#label": "Baum REIS240", "http://rdfs.org/ns/void#inDataset.value": "72757", "http://www.w3.org/2000/01/rdf-schema#comment": "\u00f6ffentliche Gr\u00fcnfl\u00e4che", "http://www.wikidata.org/prop/direct/P2547.value": "8.0", "http://www.wikidata.org/prop/direct/P2547.unit": "http://www.ontology-of-units-of-measure.org/resource/om-2/meter", "http://www.wikidata.org/prop/direct/P3018": "Reiherstieg S\u00fcd", "https://gdi-de.github.io/apworkshop2026/ont#stammdurchmesser.value": "35.0", "https://gdi-de.github.io/apworkshop2026/ont#stammdurchmesser.unit": "http://www.ontology-of-units-of-measure.org/resource/om-2/centimeter"}, "geometry": {"type": "MultiPoint", "coordinates": [[9.9827711578712, 53.50392335749689]]}}, {"type": "Feature", "id": "https://gdi-de.github.io/apworkshop2026/BFASN1", "name": "Baum BFASN1 (gdide:BFASN1)", "dateprops": [], "properties": {"http://www.w3.org/2000/01/rdf-schema#label": "Baum BFASN1", "http://rdfs.org/ns/void#inDataset.value": "72757", "http://www.w3.org/2000/01/rdf-schema#comment": "sonst. \u00f6ff. Fl\u00e4chen", "http://www.wikidata.org/prop/direct/P2547.value": "6.0", "http://www.wikidata.org/prop/direct/P2547.unit": "http://www.ontology-of-units-of-measure.org/resource/om-2/meter", "http://www.wikidata.org/prop/direct/P3018": "Bahnhof Alte S\u00fcderelbe Nord", "https://gdi-de.github.io/apworkshop2026/ont#stammdurchmesser.value": "27.0", "https://gdi-de.github.io/apworkshop2026/ont#stammdurchmesser.unit": "http://www.ontology-of-units-of-measure.org/resource/om-2/centimeter"}, "geometry": {"type": "MultiPoint", "coordinates": [[9.9130730399162, 53.513121874706385]]}}, {"type": "Feature", "id": "https://gdi-de.github.io/apworkshop2026/HOHS444", "name": "Baum HOHS444 (gdide:HOHS444)", "dateprops": [], "properties": {"http://www.w3.org/2000/01/rdf-schema#label": "Baum HOHS444", "http://rdfs.org/ns/void#inDataset.value": "72757", "http://www.w3.org/2000/01/rdf-schema#comment": "sonst. \u00f6ff. Fl\u00e4chen", "http://www.wikidata.org/prop/direct/P2547.value": "10.0", "http://www.wikidata.org/prop/direct/P2547.unit": "http://www.ontology-of-units-of-measure.org/resource/om-2/meter", "http://www.wikidata.org/prop/direct/P3018": "Hohe Schaar", "https://gdi-de.github.io/apworkshop2026/ont#stammdurchmesser.value": "38.0", "https://gdi-de.github.io/apworkshop2026/ont#stammdurchmesser.unit": "http://www.ontology-of-units-of-measure.org/resource/om-2/centimeter"}, "geometry": {"type": "MultiPoint", "coordinates": [[9.976046782879312, 53.490618153628944]]}}, {"type": "Feature", "id": "https://gdi-de.github.io/apworkshop2026/KTWK45", "name": "Baum KTWK45 (gdide:KTWK45)", "dateprops": [], "properties": {"http://www.w3.org/2000/01/rdf-schema#label": "Baum KTWK45", "http://rdfs.org/ns/void#inDataset.value": "72757", "http://www.w3.org/2000/01/rdf-schema#comment": "Stra\u00dfe", "http://www.wikidata.org/prop/direct/P2547.value": "10.0", "http://www.wikidata.org/prop/direct/P2547.unit": "http://www.ontology-of-units-of-measure.org/resource/om-2/meter", "http://www.wikidata.org/prop/direct/P3018": "Kattwyk", "https://gdi-de.github.io/apworkshop2026/ont#stammdurchmesser.value": "43.0", "https://gdi-de.github.io/apworkshop2026/ont#stammdurchmesser.unit": "http://www.ontology-of-units-of-measure.org/resource/om-2/centimeter"}, "geometry": {"type": "MultiPoint", "coordinates": [[9.945258544668945, 53.5028308453982]]}}, {"type": "Feature", "id": "https://gdi-de.github.io/apworkshop2026/REIS237", "name": "Baum REIS237 (gdide:REIS237)", "dateprops": [], "properties": {"http://www.w3.org/2000/01/rdf-schema#label": "Baum REIS237", "http://rdfs.org/ns/void#inDataset.value": "72757", "http://www.w3.org/2000/01/rdf-schema#comment": "\u00f6ffentliche Gr\u00fcnfl\u00e4che", "http://www.wikidata.org/prop/direct/P2547.value": "7.0", "http://www.wikidata.org/prop/direct/P2547.unit": "http://www.ontology-of-units-of-measure.org/resource/om-2/meter", "http://www.wikidata.org/prop/direct/P3018": "Reiherstieg S\u00fcd", "https://gdi-de.github.io/apworkshop2026/ont#stammdurchmesser.value": "45.0", "https://gdi-de.github.io/apworkshop2026/ont#stammdurchmesser.unit": "http://www.ontology-of-units-of-measure.org/resource/om-2/centimeter"}, "geometry": {"type": "MultiPoint", "coordinates": [[9.982793930163652, 53.503852270292214]]}}, {"type": "Feature", "id": "https://gdi-de.github.io/apworkshop2026/STWR71", "name": "Baum STWR71 (gdide:STWR71)", "dateprops": [], "properties": {"http://www.w3.org/2000/01/rdf-schema#label": "Baum STWR71", "http://rdfs.org/ns/void#inDataset.value": "72757", "http://www.w3.org/2000/01/rdf-schema#comment": "Privatgrund", "http://www.wikidata.org/prop/direct/P2547.value": "3.0", "http://www.wikidata.org/prop/direct/P2547.unit": "http://www.ontology-of-units-of-measure.org/resource/om-2/meter", "http://www.wikidata.org/prop/direct/P3018": "Steinwerder", "https://gdi-de.github.io/apworkshop2026/ont#stammdurchmesser.value": "19.0", "https://gdi-de.github.io/apworkshop2026/ont#stammdurchmesser.unit": "http://www.ontology-of-units-of-measure.org/resource/om-2/centimeter"}, "geometry": {"type": "MultiPoint", "coordinates": [[9.96659801526005, 53.53902340218209]]}}, {"type": "Feature", "id": "https://gdi-de.github.io/apworkshop2026/TATB46", "name": "Baum TATB46 (gdide:TATB46)", "dateprops": [], "properties": {"http://www.w3.org/2000/01/rdf-schema#label": "Baum TATB46", "http://rdfs.org/ns/void#inDataset.value": "72757", "http://www.w3.org/2000/01/rdf-schema#comment": "sonst. \u00f6ff. Fl\u00e4chen", "http://www.wikidata.org/prop/direct/P2547.value": "8.0", "http://www.wikidata.org/prop/direct/P2547.unit": "http://www.ontology-of-units-of-measure.org/resource/om-2/meter", "http://www.wikidata.org/prop/direct/P3018": "Tatenberger Schleuse", "https://gdi-de.github.io/apworkshop2026/ont#stammdurchmesser.value": "25.0", "https://gdi-de.github.io/apworkshop2026/ont#stammdurchmesser.unit": "http://www.ontology-of-units-of-measure.org/resource/om-2/centimeter"}, "geometry": {"type": "MultiPoint", "coordinates": [[10.10112421452025, 53.44327301387356]]}}, {"type": "Feature", "id": "https://gdi-de.github.io/apworkshop2026/HOHS292", "name": "Baum HOHS292 (gdide:HOHS292)", "dateprops": [], "properties": {"http://www.w3.org/2000/01/rdf-schema#label": "Baum HOHS292", "http://rdfs.org/ns/void#inDataset.value": "72757", "http://www.w3.org/2000/01/rdf-schema#comment": "sonst. \u00f6ff. Fl\u00e4chen", "http://www.wikidata.org/prop/direct/P2547.value": "8.0", "http://www.wikidata.org/prop/direct/P2547.unit": "http://www.ontology-of-units-of-measure.org/resource/om-2/meter", "http://www.wikidata.org/prop/direct/P3018": "Hohe Schaar", "https://gdi-de.github.io/apworkshop2026/ont#stammdurchmesser.value": "22.0", "https://gdi-de.github.io/apworkshop2026/ont#stammdurchmesser.unit": "http://www.ontology-of-units-of-measure.org/resource/om-2/centimeter"}, "geometry": {"type": "MultiPoint", "coordinates": [[9.977850707767658, 53.4824251309078]]}}, {"type": "Feature", "id": "https://gdi-de.github.io/apworkshop2026/KLGB277", "name": "Baum KLGB277 (gdide:KLGB277)", "dateprops": [], "properties": {"http://www.w3.org/2000/01/rdf-schema#label": "Baum KLGB277", "http://rdfs.org/ns/void#inDataset.value": "72757", "http://www.w3.org/2000/01/rdf-schema#comment": "sonst. \u00f6ff. Fl\u00e4chen", "http://www.wikidata.org/prop/direct/P2547.value": "10.0", "http://www.wikidata.org/prop/direct/P2547.unit": "http://www.ontology-of-units-of-measure.org/resource/om-2/meter", "http://www.wikidata.org/prop/direct/P3018": "Kleiner Grasbrook", "https://gdi-de.github.io/apworkshop2026/ont#stammdurchmesser.value": "52.0", "https://gdi-de.github.io/apworkshop2026/ont#stammdurchmesser.unit": "http://www.ontology-of-units-of-measure.org/resource/om-2/centimeter"}, "geometry": {"type": "MultiPoint", "coordinates": [[9.989834251624119, 53.52631316782119]]}}, {"type": "Feature", "id": "https://gdi-de.github.io/apworkshop2026/REIS40", "name": "Baum REIS40 (gdide:REIS40)", "dateprops": [], "properties": {"http://www.w3.org/2000/01/rdf-schema#label": "Baum REIS40", "http://rdfs.org/ns/void#inDataset.value": "72757", "http://www.w3.org/2000/01/rdf-schema#comment": "Stra\u00dfe", "http://www.wikidata.org/prop/direct/P2547.value": "5.0", "http://www.wikidata.org/prop/direct/P2547.unit": "http://www.ontology-of-units-of-measure.org/resource/om-2/meter", "http://www.wikidata.org/prop/direct/P3018": "Reiherstieg S\u00fcd", "https://gdi-de.github.io/apworkshop2026/ont#stammdurchmesser.value": "19.0", "https://gdi-de.github.io/apworkshop2026/ont#stammdurchmesser.unit": "http://www.ontology-of-units-of-measure.org/resource/om-2/centimeter"}, "geometry": {"type": "MultiPoint", "coordinates": [[9.975750949689946, 53.511695384414786]]}}, {"type": "Feature", "id": "https://gdi-de.github.io/apworkshop2026/WAHF765", "name": "Baum WAHF765 (gdide:WAHF765)", "dateprops": [], "properties": {"http://www.w3.org/2000/01/rdf-schema#label": "Baum WAHF765", "http://rdfs.org/ns/void#inDataset.value": "72757", "http://www.w3.org/2000/01/rdf-schema#comment": "Bahn", "http://www.wikidata.org/prop/direct/P2547.value": "2.0", "http://www.wikidata.org/prop/direct/P2547.unit": "http://www.ontology-of-units-of-measure.org/resource/om-2/meter", "http://www.wikidata.org/prop/direct/P3018": "Waltershof", "https://gdi-de.github.io/apworkshop2026/ont#stammdurchmesser.value": "11.0", "https://gdi-de.github.io/apworkshop2026/ont#stammdurchmesser.unit": "http://www.ontology-of-units-of-measure.org/resource/om-2/centimeter"}, "geometry": {"type": "MultiPoint", "coordinates": [[9.921115692587534, 53.520647330151746]]}}, {"type": "Feature", "id": "https://gdi-de.github.io/apworkshop2026/REIS377", "name": "Baum REIS377 (gdide:REIS377)", "dateprops": [], "properties": {"http://www.w3.org/2000/01/rdf-schema#label": "Baum REIS377", "http://rdfs.org/ns/void#inDataset.value": "72757", "http://www.w3.org/2000/01/rdf-schema#comment": "sonst. \u00f6ff. Fl\u00e4chen", "http://www.wikidata.org/prop/direct/P2547.value": "5.0", "http://www.wikidata.org/prop/direct/P2547.unit": "http://www.ontology-of-units-of-measure.org/resource/om-2/meter", "http://www.wikidata.org/prop/direct/P3018": "Reiherstieg S\u00fcd", "https://gdi-de.github.io/apworkshop2026/ont#stammdurchmesser.value": "11.0", "https://gdi-de.github.io/apworkshop2026/ont#stammdurchmesser.unit": "http://www.ontology-of-units-of-measure.org/resource/om-2/centimeter"}, "geometry": {"type": "MultiPoint", "coordinates": [[9.974328188959804, 53.51197772477953]]}}, {"type": "Feature", "id": "https://gdi-de.github.io/apworkshop2026/WAHF752", "name": "Baum WAHF752 (gdide:WAHF752)", "dateprops": [], "properties": {"http://www.w3.org/2000/01/rdf-schema#label": "Baum WAHF752", "http://rdfs.org/ns/void#inDataset.value": "72757", "http://www.w3.org/2000/01/rdf-schema#comment": "Bahn", "http://www.wikidata.org/prop/direct/P2547.value": "8.0", "http://www.wikidata.org/prop/direct/P2547.unit": "http://www.ontology-of-units-of-measure.org/resource/om-2/meter", "http://www.wikidata.org/prop/direct/P3018": "Waltershof", "https://gdi-de.github.io/apworkshop2026/ont#stammdurchmesser.value": "33.0", "https://gdi-de.github.io/apworkshop2026/ont#stammdurchmesser.unit": "http://www.ontology-of-units-of-measure.org/resource/om-2/centimeter"}, "geometry": {"type": "MultiPoint", "coordinates": [[9.921084305451508, 53.52053577710355]]}}, {"type": "Feature", "id": "https://gdi-de.github.io/apworkshop2026/ALTW650", "name": "Baum ALTW650 (gdide:ALTW650)", "dateprops": [], "properties": {"http://www.w3.org/2000/01/rdf-schema#label": "Baum ALTW650", "http://rdfs.org/ns/void#inDataset.value": "72757", "http://www.w3.org/2000/01/rdf-schema#comment": "sonst. \u00f6ff. Fl\u00e4chen", "http://www.wikidata.org/prop/direct/P2547.value": "6.0", "http://www.wikidata.org/prop/direct/P2547.unit": "http://www.ontology-of-units-of-measure.org/resource/om-2/meter", "http://www.wikidata.org/prop/direct/P3018": "Altenwerder Logistik", "https://gdi-de.github.io/apworkshop2026/ont#stammdurchmesser.value": "22.0", "https://gdi-de.github.io/apworkshop2026/ont#stammdurchmesser.unit": "http://www.ontology-of-units-of-measure.org/resource/om-2/centimeter"}, "geometry": {"type": "MultiPoint", "coordinates": [[9.917820708057995, 53.512142676195]]}}, {"type": "Feature", "id": "https://gdi-de.github.io/apworkshop2026/TATB108", "name": "Baum TATB108 (gdide:TATB108)", "dateprops": [], "properties": {"http://www.w3.org/2000/01/rdf-schema#label": "Baum TATB108", "http://rdfs.org/ns/void#inDataset.value": "72757", "http://www.w3.org/2000/01/rdf-schema#comment": "sonst. \u00f6ff. Fl\u00e4chen", "http://www.wikidata.org/prop/direct/P2547.value": "6.0", "http://www.wikidata.org/prop/direct/P2547.unit": "http://www.ontology-of-units-of-measure.org/resource/om-2/meter", "http://www.wikidata.org/prop/direct/P3018": "Tatenberger Schleuse", "https://gdi-de.github.io/apworkshop2026/ont#stammdurchmesser.value": "16.0", "https://gdi-de.github.io/apworkshop2026/ont#stammdurchmesser.unit": "http://www.ontology-of-units-of-measure.org/resource/om-2/centimeter"}, "geometry": {"type": "MultiPoint", "coordinates": [[10.100760531577476, 53.44434267318831]]}}, {"type": "Feature", "id": "https://gdi-de.github.io/apworkshop2026/TATB51", "name": "Baum TATB51 (gdide:TATB51)", "dateprops": [], "properties": {"http://www.w3.org/2000/01/rdf-schema#label": "Baum TATB51", "http://rdfs.org/ns/void#inDataset.value": "72757", "http://www.w3.org/2000/01/rdf-schema#comment": "sonst. \u00f6ff. Fl\u00e4chen", "http://www.wikidata.org/prop/direct/P2547.value": "10.0", "http://www.wikidata.org/prop/direct/P2547.unit": "http://www.ontology-of-units-of-measure.org/resource/om-2/meter", "http://www.wikidata.org/prop/direct/P3018": "Tatenberger Schleuse", "https://gdi-de.github.io/apworkshop2026/ont#stammdurchmesser.value": "39.0", "https://gdi-de.github.io/apworkshop2026/ont#stammdurchmesser.unit": "http://www.ontology-of-units-of-measure.org/resource/om-2/centimeter"}, "geometry": {"type": "MultiPoint", "coordinates": [[10.101175508322974, 53.443351404429]]}}, {"type": "Feature", "id": "https://gdi-de.github.io/apworkshop2026/ROST211", "name": "Baum ROST211 (gdide:ROST211)", "dateprops": [], "properties": {"http://www.w3.org/2000/01/rdf-schema#label": "Baum ROST211", "http://rdfs.org/ns/void#inDataset.value": "72757", "http://www.w3.org/2000/01/rdf-schema#comment": "Wasserwirtschaft", "http://www.wikidata.org/prop/direct/P2547.value": "10.0", "http://www.wikidata.org/prop/direct/P2547.unit": "http://www.ontology-of-units-of-measure.org/resource/om-2/meter", "http://www.wikidata.org/prop/direct/P3018": "Ro\u00df-Terminal", "https://gdi-de.github.io/apworkshop2026/ont#stammdurchmesser.value": "61.0", "https://gdi-de.github.io/apworkshop2026/ont#stammdurchmesser.unit": "http://www.ontology-of-units-of-measure.org/resource/om-2/centimeter"}, "geometry": {"type": "MultiPoint", "coordinates": [[9.941612372762233, 53.52782638230739]]}}, {"type": "Feature", "id": "https://gdi-de.github.io/apworkshop2026/TATB61", "name": "Baum TATB61 (gdide:TATB61)", "dateprops": [], "properties": {"http://www.w3.org/2000/01/rdf-schema#label": "Baum TATB61", "http://rdfs.org/ns/void#inDataset.value": "72757", "http://www.w3.org/2000/01/rdf-schema#comment": "sonst. \u00f6ff. Fl\u00e4chen", "http://www.wikidata.org/prop/direct/P2547.value": "8.0", "http://www.wikidata.org/prop/direct/P2547.unit": "http://www.ontology-of-units-of-measure.org/resource/om-2/meter", "http://www.wikidata.org/prop/direct/P3018": "Tatenberger Schleuse", "https://gdi-de.github.io/apworkshop2026/ont#stammdurchmesser.value": "25.0", "https://gdi-de.github.io/apworkshop2026/ont#stammdurchmesser.unit": "http://www.ontology-of-units-of-measure.org/resource/om-2/centimeter"}, "geometry": {"type": "MultiPoint", "coordinates": [[10.100340335620178, 53.44526868291028]]}}, {"type": "Feature", "id": "https://gdi-de.github.io/apworkshop2026/HOHS125", "name": "Baum HOHS125 (gdide:HOHS125)", "dateprops": [], "properties": {"http://www.w3.org/2000/01/rdf-schema#label": "Baum HOHS125", "http://rdfs.org/ns/void#inDataset.value": "72757", "http://www.w3.org/2000/01/rdf-schema#comment": "Stra\u00dfe", "http://www.wikidata.org/prop/direct/P2547.value": "8.0", "http://www.wikidata.org/prop/direct/P2547.unit": "http://www.ontology-of-units-of-measure.org/resource/om-2/meter", "http://www.wikidata.org/prop/direct/P3018": "Hohe Schaar", "https://gdi-de.github.io/apworkshop2026/ont#stammdurchmesser.value": "44.0", "https://gdi-de.github.io/apworkshop2026/ont#stammdurchmesser.unit": "http://www.ontology-of-units-of-measure.org/resource/om-2/centimeter"}, "geometry": {"type": "MultiPoint", "coordinates": [[9.970178906595068, 53.491999824451135]]}}, {"type": "Feature", "id": "https://gdi-de.github.io/apworkshop2026/KTWK182", "name": "Baum KTWK182 (gdide:KTWK182)", "dateprops": [], "properties": {"http://www.w3.org/2000/01/rdf-schema#label": "Baum KTWK182", "http://rdfs.org/ns/void#inDataset.value": "72757", "http://www.w3.org/2000/01/rdf-schema#comment": "Wasserwirtschaft", "http://www.wikidata.org/prop/direct/P2547.value": "11.0", "http://www.wikidata.org/prop/direct/P2547.unit": "http://www.ontology-of-units-of-measure.org/resource/om-2/meter", "http://www.wikidata.org/prop/direct/P3018": "Kattwyk", "https://gdi-de.github.io/apworkshop2026/ont#stammdurchmesser.value": "78.0", "https://gdi-de.github.io/apworkshop2026/ont#stammdurchmesser.unit": "http://www.ontology-of-units-of-measure.org/resource/om-2/centimeter"}, "geometry": {"type": "MultiPoint", "coordinates": [[9.947737328914487, 53.510524533773236]]}}, {"type": "Feature", "id": "https://gdi-de.github.io/apworkshop2026/STWR54", "name": "Baum STWR54 (gdide:STWR54)", "dateprops": [], "properties": {"http://www.w3.org/2000/01/rdf-schema#label": "Baum STWR54", "http://rdfs.org/ns/void#inDataset.value": "72757", "http://www.w3.org/2000/01/rdf-schema#comment": "Privatgrund", "http://www.wikidata.org/prop/direct/P2547.value": "4.0", "http://www.wikidata.org/prop/direct/P2547.unit": "http://www.ontology-of-units-of-measure.org/resource/om-2/meter", "http://www.wikidata.org/prop/direct/P3018": "Steinwerder", "https://gdi-de.github.io/apworkshop2026/ont#stammdurchmesser.value": "21.0", "https://gdi-de.github.io/apworkshop2026/ont#stammdurchmesser.unit": "http://www.ontology-of-units-of-measure.org/resource/om-2/centimeter"}, "geometry": {"type": "MultiPoint", "coordinates": [[9.966647817859402, 53.53907796659283]]}}, {"type": "Feature", "id": "https://gdi-de.github.io/apworkshop2026/REIN247", "name": "Baum REIN247 (gdide:REIN247)", "dateprops": [], "properties": {"http://www.w3.org/2000/01/rdf-schema#label": "Baum REIN247", "http://rdfs.org/ns/void#inDataset.value": "72757", "http://www.w3.org/2000/01/rdf-schema#comment": "sonst. \u00f6ff. Fl\u00e4chen", "http://www.wikidata.org/prop/direct/P2547.value": "6.0", "http://www.wikidata.org/prop/direct/P2547.unit": "http://www.ontology-of-units-of-measure.org/resource/om-2/meter", "http://www.wikidata.org/prop/direct/P3018": "Reiherstieg Nord", "https://gdi-de.github.io/apworkshop2026/ont#stammdurchmesser.value": "27.0", "https://gdi-de.github.io/apworkshop2026/ont#stammdurchmesser.unit": "http://www.ontology-of-units-of-measure.org/resource/om-2/centimeter"}, "geometry": {"type": "MultiPoint", "coordinates": [[9.976643138463828, 53.51619410211993]]}}, {"type": "Feature", "id": "https://gdi-de.github.io/apworkshop2026/REIS313", "name": "Baum REIS313 (gdide:REIS313)", "dateprops": [], "properties": {"http://www.w3.org/2000/01/rdf-schema#label": "Baum REIS313", "http://rdfs.org/ns/void#inDataset.value": "72757", "http://www.w3.org/2000/01/rdf-schema#comment": "sonst. \u00f6ff. Fl\u00e4chen", "http://www.wikidata.org/prop/direct/P2547.value": "10.0", "http://www.wikidata.org/prop/direct/P2547.unit": "http://www.ontology-of-units-of-measure.org/resource/om-2/meter", "http://www.wikidata.org/prop/direct/P3018": "Reiherstieg S\u00fcd", "https://gdi-de.github.io/apworkshop2026/ont#stammdurchmesser.value": "46.0", "https://gdi-de.github.io/apworkshop2026/ont#stammdurchmesser.unit": "http://www.ontology-of-units-of-measure.org/resource/om-2/centimeter"}, "geometry": {"type": "MultiPoint", "coordinates": [[9.975587968347947, 53.51025214138715]]}}, {"type": "Feature", "id": "https://gdi-de.github.io/apworkshop2026/REIS524", "name": "Baum REIS524 (gdide:REIS524)", "dateprops": [], "properties": {"http://www.w3.org/2000/01/rdf-schema#label": "Baum REIS524", "http://rdfs.org/ns/void#inDataset.value": "72757", "http://www.w3.org/2000/01/rdf-schema#comment": "sonst. \u00f6ff. Fl\u00e4chen", "http://www.wikidata.org/prop/direct/P2547.value": "9.0", "http://www.wikidata.org/prop/direct/P2547.unit": "http://www.ontology-of-units-of-measure.org/resource/om-2/meter", "http://www.wikidata.org/prop/direct/P3018": "Reiherstieg S\u00fcd", "https://gdi-de.github.io/apworkshop2026/ont#stammdurchmesser.value": "51.0", "https://gdi-de.github.io/apworkshop2026/ont#stammdurchmesser.unit": "http://www.ontology-of-units-of-measure.org/resource/om-2/centimeter"}, "geometry": {"type": "MultiPoint", "coordinates": [[9.980057796555517, 53.50215961694672]]}}, {"type": "Feature", "id": "https://gdi-de.github.io/apworkshop2026/ALTW615", "name": "Baum ALTW615 (gdide:ALTW615)", "dateprops": [], "properties": {"http://www.w3.org/2000/01/rdf-schema#label": "Baum ALTW615", "http://rdfs.org/ns/void#inDataset.value": "72757", "http://www.w3.org/2000/01/rdf-schema#comment": "sonst. \u00f6ff. Fl\u00e4chen", "http://www.wikidata.org/prop/direct/P2547.value": "3.0", "http://www.wikidata.org/prop/direct/P2547.unit": "http://www.ontology-of-units-of-measure.org/resource/om-2/meter", "http://www.wikidata.org/prop/direct/P3018": "Altenwerder Logistik", "https://gdi-de.github.io/apworkshop2026/ont#stammdurchmesser.value": "14.0", "https://gdi-de.github.io/apworkshop2026/ont#stammdurchmesser.unit": "http://www.ontology-of-units-of-measure.org/resource/om-2/centimeter"}, "geometry": {"type": "MultiPoint", "coordinates": [[9.917796255915961, 53.512515081875904]]}}, {"type": "Feature", "id": "https://gdi-de.github.io/apworkshop2026/HOHS299", "name": "Baum HOHS299 (gdide:HOHS299)", "dateprops": [], "properties": {"http://www.w3.org/2000/01/rdf-schema#label": "Baum HOHS299", "http://rdfs.org/ns/void#inDataset.value": "72757", "http://www.w3.org/2000/01/rdf-schema#comment": "sonst. \u00f6ff. Fl\u00e4chen", "http://www.wikidata.org/prop/direct/P2547.value": "9.0", "http://www.wikidata.org/prop/direct/P2547.unit": "http://www.ontology-of-units-of-measure.org/resource/om-2/meter", "http://www.wikidata.org/prop/direct/P3018": "Hohe Schaar", "https://gdi-de.github.io/apworkshop2026/ont#stammdurchmesser.value": "37.0", "https://gdi-de.github.io/apworkshop2026/ont#stammdurchmesser.unit": "http://www.ontology-of-units-of-measure.org/resource/om-2/centimeter"}, "geometry": {"type": "MultiPoint", "coordinates": [[9.978361337124609, 53.48198971361659]]}}, {"type": "Feature", "id": "https://gdi-de.github.io/apworkshop2026/KTWK201", "name": "Baum KTWK201 (gdide:KTWK201)", "dateprops": [], "properties": {"http://www.w3.org/2000/01/rdf-schema#label": "Baum KTWK201", "http://rdfs.org/ns/void#inDataset.value": "72757", "http://www.w3.org/2000/01/rdf-schema#comment": "Wasserwirtschaft", "http://www.wikidata.org/prop/direct/P2547.value": "8.0", "http://www.wikidata.org/prop/direct/P2547.unit": "http://www.ontology-of-units-of-measure.org/resource/om-2/meter", "http://www.wikidata.org/prop/direct/P3018": "Kattwyk", "https://gdi-de.github.io/apworkshop2026/ont#stammdurchmesser.value": "32.0", "https://gdi-de.github.io/apworkshop2026/ont#stammdurchmesser.unit": "http://www.ontology-of-units-of-measure.org/resource/om-2/centimeter"}, "geometry": {"type": "MultiPoint", "coordinates": [[9.947852942091552, 53.51035983782123]]}}, {"type": "Feature", "id": "https://gdi-de.github.io/apworkshop2026/WAHF759", "name": "Baum WAHF759 (gdide:WAHF759)", "dateprops": [], "properties": {"http://www.w3.org/2000/01/rdf-schema#label": "Baum WAHF759", "http://rdfs.org/ns/void#inDataset.value": "72757", "http://www.w3.org/2000/01/rdf-schema#comment": "Bahn", "http://www.wikidata.org/prop/direct/P2547.value": "6.0", "http://www.wikidata.org/prop/direct/P2547.unit": "http://www.ontology-of-units-of-measure.org/resource/om-2/meter", "http://www.wikidata.org/prop/direct/P3018": "Waltershof", "https://gdi-de.github.io/apworkshop2026/ont#stammdurchmesser.value": "30.0", "https://gdi-de.github.io/apworkshop2026/ont#stammdurchmesser.unit": "http://www.ontology-of-units-of-measure.org/resource/om-2/centimeter"}, "geometry": {"type": "MultiPoint", "coordinates": [[9.92123911212442, 53.52063684085576]]}}, {"type": "Feature", "id": "https://gdi-de.github.io/apworkshop2026/ALTW593", "name": "Baum ALTW593 (gdide:ALTW593)", "dateprops": [], "properties": {"http://www.w3.org/2000/01/rdf-schema#label": "Baum ALTW593", "http://rdfs.org/ns/void#inDataset.value": "72757", "http://www.w3.org/2000/01/rdf-schema#comment": "sonst. \u00f6ff. Fl\u00e4chen", "http://www.wikidata.org/prop/direct/P2547.value": "7.0", "http://www.wikidata.org/prop/direct/P2547.unit": "http://www.ontology-of-units-of-measure.org/resource/om-2/meter", "http://www.wikidata.org/prop/direct/P3018": "Altenwerder Logistik", "https://gdi-de.github.io/apworkshop2026/ont#stammdurchmesser.value": "21.0", "https://gdi-de.github.io/apworkshop2026/ont#stammdurchmesser.unit": "http://www.ontology-of-units-of-measure.org/resource/om-2/centimeter"}, "geometry": {"type": "MultiPoint", "coordinates": [[9.916639971431701, 53.511794081426956]]}}, {"type": "Feature", "id": "https://gdi-de.github.io/apworkshop2026/HOHS284", "name": "Baum HOHS284 (gdide:HOHS284)", "dateprops": [], "properties": {"http://www.w3.org/2000/01/rdf-schema#label": "Baum HOHS284", "http://rdfs.org/ns/void#inDataset.value": "72757", "http://www.w3.org/2000/01/rdf-schema#comment": "sonst. \u00f6ff. Fl\u00e4chen", "http://www.wikidata.org/prop/direct/P2547.value": "9.0", "http://www.wikidata.org/prop/direct/P2547.unit": "http://www.ontology-of-units-of-measure.org/resource/om-2/meter", "http://www.wikidata.org/prop/direct/P3018": "Hohe Schaar", "https://gdi-de.github.io/apworkshop2026/ont#stammdurchmesser.value": "32.0", "https://gdi-de.github.io/apworkshop2026/ont#stammdurchmesser.unit": "http://www.ontology-of-units-of-measure.org/resource/om-2/centimeter"}, "geometry": {"type": "MultiPoint", "coordinates": [[9.978436580012808, 53.48193963015811]]}}, {"type": "Feature", "id": "https://gdi-de.github.io/apworkshop2026/KLGB251", "name": "Baum KLGB251 (gdide:KLGB251)", "dateprops": [], "properties": {"http://www.w3.org/2000/01/rdf-schema#label": "Baum KLGB251", "http://rdfs.org/ns/void#inDataset.value": "72757", "http://www.w3.org/2000/01/rdf-schema#comment": "sonst. \u00f6ff. Fl\u00e4chen", "http://www.wikidata.org/prop/direct/P2547.value": "7.0", "http://www.wikidata.org/prop/direct/P2547.unit": "http://www.ontology-of-units-of-measure.org/resource/om-2/meter", "http://www.wikidata.org/prop/direct/P3018": "Kleiner Grasbrook", "https://gdi-de.github.io/apworkshop2026/ont#stammdurchmesser.value": "30.0", "https://gdi-de.github.io/apworkshop2026/ont#stammdurchmesser.unit": "http://www.ontology-of-units-of-measure.org/resource/om-2/centimeter"}, "geometry": {"type": "MultiPoint", "coordinates": [[9.986401411631078, 53.527257703020034]]}}, {"type": "Feature", "id": "https://gdi-de.github.io/apworkshop2026/WAHF570", "name": "Baum WAHF570 (gdide:WAHF570)", "dateprops": [], "properties": {"http://www.w3.org/2000/01/rdf-schema#label": "Baum WAHF570", "http://rdfs.org/ns/void#inDataset.value": "72757", "http://www.w3.org/2000/01/rdf-schema#comment": "Privatgrund", "http://www.wikidata.org/prop/direct/P2547.value": "6.0", "http://www.wikidata.org/prop/direct/P2547.unit": "http://www.ontology-of-units-of-measure.org/resource/om-2/meter", "http://www.wikidata.org/prop/direct/P3018": "Waltershof", "https://gdi-de.github.io/apworkshop2026/ont#stammdurchmesser.value": "22.0", "https://gdi-de.github.io/apworkshop2026/ont#stammdurchmesser.unit": "http://www.ontology-of-units-of-measure.org/resource/om-2/centimeter"}, "geometry": {"type": "MultiPoint", "coordinates": [[9.921190980391497, 53.51990051142296]]}}, {"type": "Feature", "id": "https://gdi-de.github.io/apworkshop2026/ROSD145", "name": "Baum ROSD145 (gdide:ROSD145)", "dateprops": [], "properties": {"http://www.w3.org/2000/01/rdf-schema#label": "Baum ROSD145", "http://rdfs.org/ns/void#inDataset.value": "72757", "http://www.w3.org/2000/01/rdf-schema#comment": "Stra\u00dfe", "http://www.wikidata.org/prop/direct/P2547.value": "8.0", "http://www.wikidata.org/prop/direct/P2547.unit": "http://www.ontology-of-units-of-measure.org/resource/om-2/meter", "http://www.wikidata.org/prop/direct/P3018": "Ro\u00dfdamm", "https://gdi-de.github.io/apworkshop2026/ont#stammdurchmesser.value": "18.0", "https://gdi-de.github.io/apworkshop2026/ont#stammdurchmesser.unit": "http://www.ontology-of-units-of-measure.org/resource/om-2/centimeter"}, "geometry": {"type": "MultiPoint", "coordinates": [[9.975359850164699, 53.527536313892]]}}, {"type": "Feature", "id": "https://gdi-de.github.io/apworkshop2026/REIN134", "name": "Baum REIN134 (gdide:REIN134)", "dateprops": [], "properties": {"http://www.w3.org/2000/01/rdf-schema#label": "Baum REIN134", "http://rdfs.org/ns/void#inDataset.value": "72757", "http://www.w3.org/2000/01/rdf-schema#comment": "sonst. \u00f6ff. Fl\u00e4chen", "http://www.wikidata.org/prop/direct/P2547.value": "7.0", "http://www.wikidata.org/prop/direct/P2547.unit": "http://www.ontology-of-units-of-measure.org/resource/om-2/meter", "http://www.wikidata.org/prop/direct/P3018": "Reiherstieg Nord", "https://gdi-de.github.io/apworkshop2026/ont#stammdurchmesser.value": "21.0", "https://gdi-de.github.io/apworkshop2026/ont#stammdurchmesser.unit": "http://www.ontology-of-units-of-measure.org/resource/om-2/centimeter"}, "geometry": {"type": "MultiPoint", "coordinates": [[9.97612335527413, 53.514241662811784]]}}, {"type": "Feature", "id": "https://gdi-de.github.io/apworkshop2026/REIS527", "name": "Baum REIS527 (gdide:REIS527)", "dateprops": [], "properties": {"http://www.w3.org/2000/01/rdf-schema#label": "Baum REIS527", "http://rdfs.org/ns/void#inDataset.value": "72757", "http://www.w3.org/2000/01/rdf-schema#comment": "sonst. \u00f6ff. Fl\u00e4chen", "http://www.wikidata.org/prop/direct/P2547.value": "6.0", "http://www.wikidata.org/prop/direct/P2547.unit": "http://www.ontology-of-units-of-measure.org/resource/om-2/meter", "http://www.wikidata.org/prop/direct/P3018": "Reiherstieg S\u00fcd", "https://gdi-de.github.io/apworkshop2026/ont#stammdurchmesser.value": "32.0", "https://gdi-de.github.io/apworkshop2026/ont#stammdurchmesser.unit": "http://www.ontology-of-units-of-measure.org/resource/om-2/centimeter"}, "geometry": {"type": "MultiPoint", "coordinates": [[9.980019716970624, 53.50215700416496]]}}, {"type": "Feature", "id": "https://gdi-de.github.io/apworkshop2026/REIS242", "name": "Baum REIS242 (gdide:REIS242)", "dateprops": [], "properties": {"http://www.w3.org/2000/01/rdf-schema#label": "Baum REIS242", "http://rdfs.org/ns/void#inDataset.value": "72757", "http://www.w3.org/2000/01/rdf-schema#comment": "\u00f6ffentliche Gr\u00fcnfl\u00e4che", "http://www.wikidata.org/prop/direct/P2547.value": "6.0", "http://www.wikidata.org/prop/direct/P2547.unit": "http://www.ontology-of-units-of-measure.org/resource/om-2/meter", "http://www.wikidata.org/prop/direct/P3018": "Reiherstieg S\u00fcd", "https://gdi-de.github.io/apworkshop2026/ont#stammdurchmesser.value": "27.0", "https://gdi-de.github.io/apworkshop2026/ont#stammdurchmesser.unit": "http://www.ontology-of-units-of-measure.org/resource/om-2/centimeter"}, "geometry": {"type": "MultiPoint", "coordinates": [[9.98280284145127, 53.50397035886995]]}}, {"type": "Feature", "id": "https://gdi-de.github.io/apworkshop2026/VEDL265", "name": "Baum VEDL265 (gdide:VEDL265)", "dateprops": [], "properties": {"http://www.w3.org/2000/01/rdf-schema#label": "Baum VEDL265", "http://rdfs.org/ns/void#inDataset.value": "72757", "http://www.w3.org/2000/01/rdf-schema#comment": "Stra\u00dfe", "http://www.wikidata.org/prop/direct/P2547.value": "11.0", "http://www.wikidata.org/prop/direct/P2547.unit": "http://www.ontology-of-units-of-measure.org/resource/om-2/meter", "http://www.wikidata.org/prop/direct/P3018": "Veddel", "https://gdi-de.github.io/apworkshop2026/ont#stammdurchmesser.value": "67.0", "https://gdi-de.github.io/apworkshop2026/ont#stammdurchmesser.unit": "http://www.ontology-of-units-of-measure.org/resource/om-2/centimeter"}, "geometry": {"type": "MultiPoint", "coordinates": [[10.048271250874146, 53.51701178971639]]}}, {"type": "Feature", "id": "https://gdi-de.github.io/apworkshop2026/ROST392", "name": "Baum ROST392 (gdide:ROST392)", "dateprops": [], "properties": {"http://www.w3.org/2000/01/rdf-schema#label": "Baum ROST392", "http://rdfs.org/ns/void#inDataset.value": "72757", "http://www.w3.org/2000/01/rdf-schema#comment": "Bahn", "http://www.wikidata.org/prop/direct/P2547.value": "2.0", "http://www.wikidata.org/prop/direct/P2547.unit": "http://www.ontology-of-units-of-measure.org/resource/om-2/meter", "http://www.wikidata.org/prop/direct/P3018": "Ro\u00df-Terminal", "https://gdi-de.github.io/apworkshop2026/ont#stammdurchmesser.value": "21.0", "https://gdi-de.github.io/apworkshop2026/ont#stammdurchmesser.unit": "http://www.ontology-of-units-of-measure.org/resource/om-2/centimeter"}, "geometry": {"type": "MultiPoint", "coordinates": [[9.9505053347489, 53.52002342081393]]}}, {"type": "Feature", "id": "https://gdi-de.github.io/apworkshop2026/REIS364", "name": "Baum REIS364 (gdide:REIS364)", "dateprops": [], "properties": {"http://www.w3.org/2000/01/rdf-schema#label": "Baum REIS364", "http://rdfs.org/ns/void#inDataset.value": "72757", "http://www.w3.org/2000/01/rdf-schema#comment": "sonst. \u00f6ff. Fl\u00e4chen", "http://www.wikidata.org/prop/direct/P2547.value": "3.0", "http://www.wikidata.org/prop/direct/P2547.unit": "http://www.ontology-of-units-of-measure.org/resource/om-2/meter", "http://www.wikidata.org/prop/direct/P3018": "Reiherstieg S\u00fcd", "https://gdi-de.github.io/apworkshop2026/ont#stammdurchmesser.value": "13.0", "https://gdi-de.github.io/apworkshop2026/ont#stammdurchmesser.unit": "http://www.ontology-of-units-of-measure.org/resource/om-2/centimeter"}, "geometry": {"type": "MultiPoint", "coordinates": [[9.974605723466832, 53.51190111689096]]}}, {"type": "Feature", "id": "https://gdi-de.github.io/apworkshop2026/REIS21", "name": "Baum REIS21 (gdide:REIS21)", "dateprops": [], "properties": {"http://www.w3.org/2000/01/rdf-schema#label": "Baum REIS21", "http://rdfs.org/ns/void#inDataset.value": "72757", "http://www.w3.org/2000/01/rdf-schema#comment": "Bezirksamt", "http://www.wikidata.org/prop/direct/P2547.value": "3.0", "http://www.wikidata.org/prop/direct/P2547.unit": "http://www.ontology-of-units-of-measure.org/resource/om-2/meter", "http://www.wikidata.org/prop/direct/P3018": "Reiherstieg S\u00fcd", "https://gdi-de.github.io/apworkshop2026/ont#stammdurchmesser.value": "18.0", "https://gdi-de.github.io/apworkshop2026/ont#stammdurchmesser.unit": "http://www.ontology-of-units-of-measure.org/resource/om-2/centimeter"}, "geometry": {"type": "MultiPoint", "coordinates": [[9.975388560321178, 53.5073328814914]]}}, {"type": "Feature", "id": "https://gdi-de.github.io/apworkshop2026/ALTW630", "name": "Baum ALTW630 (gdide:ALTW630)", "dateprops": [], "properties": {"http://www.w3.org/2000/01/rdf-schema#label": "Baum ALTW630", "http://rdfs.org/ns/void#inDataset.value": "72757", "http://www.w3.org/2000/01/rdf-schema#comment": "sonst. \u00f6ff. Fl\u00e4chen", "http://www.wikidata.org/prop/direct/P2547.value": "4.0", "http://www.wikidata.org/prop/direct/P2547.unit": "http://www.ontology-of-units-of-measure.org/resource/om-2/meter", "http://www.wikidata.org/prop/direct/P3018": "Altenwerder Logistik", "https://gdi-de.github.io/apworkshop2026/ont#stammdurchmesser.value": "19.0", "https://gdi-de.github.io/apworkshop2026/ont#stammdurchmesser.unit": "http://www.ontology-of-units-of-measure.org/resource/om-2/centimeter"}, "geometry": {"type": "MultiPoint", "coordinates": [[9.91744861688416, 53.51219531478676]]}}, {"type": "Feature", "id": "https://gdi-de.github.io/apworkshop2026/HOHS9", "name": "Baum HOHS9 (gdide:HOHS9)", "dateprops": [], "properties": {"http://www.w3.org/2000/01/rdf-schema#label": "Baum HOHS9", "http://rdfs.org/ns/void#inDataset.value": "72757", "http://www.w3.org/2000/01/rdf-schema#comment": "Stra\u00dfe", "http://www.wikidata.org/prop/direct/P2547.value": "6.0", "http://www.wikidata.org/prop/direct/P2547.unit": "http://www.ontology-of-units-of-measure.org/resource/om-2/meter", "http://www.wikidata.org/prop/direct/P3018": "Hohe Schaar", "https://gdi-de.github.io/apworkshop2026/ont#stammdurchmesser.value": "47.0", "https://gdi-de.github.io/apworkshop2026/ont#stammdurchmesser.unit": "http://www.ontology-of-units-of-measure.org/resource/om-2/centimeter"}, "geometry": {"type": "MultiPoint", "coordinates": [[9.961589503309208, 53.493457872510824]]}}, {"type": "Feature", "id": "https://gdi-de.github.io/apworkshop2026/REIS89", "name": "Baum REIS89 (gdide:REIS89)", "dateprops": [], "properties": {"http://www.w3.org/2000/01/rdf-schema#label": "Baum REIS89", "http://rdfs.org/ns/void#inDataset.value": "72757", "http://www.w3.org/2000/01/rdf-schema#comment": "Stra\u00dfe", "http://www.wikidata.org/prop/direct/P2547.value": "6.0", "http://www.wikidata.org/prop/direct/P2547.unit": "http://www.ontology-of-units-of-measure.org/resource/om-2/meter", "http://www.wikidata.org/prop/direct/P3018": "Reiherstieg S\u00fcd", "https://gdi-de.github.io/apworkshop2026/ont#stammdurchmesser.value": "26.0", "https://gdi-de.github.io/apworkshop2026/ont#stammdurchmesser.unit": "http://www.ontology-of-units-of-measure.org/resource/om-2/centimeter"}, "geometry": {"type": "MultiPoint", "coordinates": [[9.975761370147241, 53.511946373307666]]}}, {"type": "Feature", "id": "https://gdi-de.github.io/apworkshop2026/HOHS291", "name": "Baum HOHS291 (gdide:HOHS291)", "dateprops": [], "properties": {"http://www.w3.org/2000/01/rdf-schema#label": "Baum HOHS291", "http://rdfs.org/ns/void#inDataset.value": "72757", "http://www.w3.org/2000/01/rdf-schema#comment": "sonst. \u00f6ff. Fl\u00e4chen", "http://www.wikidata.org/prop/direct/P2547.value": "3.0", "http://www.wikidata.org/prop/direct/P2547.unit": "http://www.ontology-of-units-of-measure.org/resource/om-2/meter", "http://www.wikidata.org/prop/direct/P3018": "Hohe Schaar", "https://gdi-de.github.io/apworkshop2026/ont#stammdurchmesser.value": "13.0", "https://gdi-de.github.io/apworkshop2026/ont#stammdurchmesser.unit": "http://www.ontology-of-units-of-measure.org/resource/om-2/centimeter"}, "geometry": {"type": "MultiPoint", "coordinates": [[9.977762807617108, 53.48250644807838]]}}, {"type": "Feature", "id": "https://gdi-de.github.io/apworkshop2026/BFAS1741", "name": "Baum BFAS1741 (gdide:BFAS1741)", "dateprops": [], "properties": {"http://www.w3.org/2000/01/rdf-schema#label": "Baum BFAS1741", "http://rdfs.org/ns/void#inDataset.value": "72757", "http://www.w3.org/2000/01/rdf-schema#comment": "Bahn", "http://www.wikidata.org/prop/direct/P2547.value": "5.5", "http://www.wikidata.org/prop/direct/P2547.unit": "http://www.ontology-of-units-of-measure.org/resource/om-2/meter", "http://www.wikidata.org/prop/direct/P3018": "Bahnhof Alte S\u00fcderelbe S\u00fcd", "https://gdi-de.github.io/apworkshop2026/ont#stammdurchmesser.value": "22.0", "https://gdi-de.github.io/apworkshop2026/ont#stammdurchmesser.unit": "http://www.ontology-of-units-of-measure.org/resource/om-2/centimeter"}, "geometry": {"type": "MultiPoint", "coordinates": [[9.900681103965274, 53.47245151974738]]}}, {"type": "Feature", "id": "https://gdi-de.github.io/apworkshop2026/VEDL309", "name": "Baum VEDL309 (gdide:VEDL309)", "dateprops": [], "properties": {"http://www.w3.org/2000/01/rdf-schema#label": "Baum VEDL309", "http://rdfs.org/ns/void#inDataset.value": "72757", "http://www.w3.org/2000/01/rdf-schema#comment": "Stra\u00dfe", "http://www.wikidata.org/prop/direct/P2547.value": "3.0", "http://www.wikidata.org/prop/direct/P2547.unit": "http://www.ontology-of-units-of-measure.org/resource/om-2/meter", "http://www.wikidata.org/prop/direct/P3018": "Veddel", "https://gdi-de.github.io/apworkshop2026/ont#stammdurchmesser.value": "15.0", "https://gdi-de.github.io/apworkshop2026/ont#stammdurchmesser.unit": "http://www.ontology-of-units-of-measure.org/resource/om-2/centimeter"}, "geometry": {"type": "MultiPoint", "coordinates": [[10.049276411778159, 53.51667940840606]]}}, {"type": "Feature", "id": "https://gdi-de.github.io/apworkshop2026/ALTW639", "name": "Baum ALTW639 (gdide:ALTW639)", "dateprops": [], "properties": {"http://www.w3.org/2000/01/rdf-schema#label": "Baum ALTW639", "http://rdfs.org/ns/void#inDataset.value": "72757", "http://www.w3.org/2000/01/rdf-schema#comment": "sonst. \u00f6ff. Fl\u00e4chen", "http://www.wikidata.org/prop/direct/P2547.value": "4.0", "http://www.wikidata.org/prop/direct/P2547.unit": "http://www.ontology-of-units-of-measure.org/resource/om-2/meter", "http://www.wikidata.org/prop/direct/P3018": "Altenwerder Logistik", "https://gdi-de.github.io/apworkshop2026/ont#stammdurchmesser.value": "22.0", "https://gdi-de.github.io/apworkshop2026/ont#stammdurchmesser.unit": "http://www.ontology-of-units-of-measure.org/resource/om-2/centimeter"}, "geometry": {"type": "MultiPoint", "coordinates": [[9.917589481703862, 53.51215158640571]]}}, {"type": "Feature", "id": "https://gdi-de.github.io/apworkshop2026/WAHF123", "name": "Baum WAHF123 (gdide:WAHF123)", "dateprops": [], "properties": {"http://www.w3.org/2000/01/rdf-schema#label": "Baum WAHF123", "http://rdfs.org/ns/void#inDataset.value": "72757", "http://www.w3.org/2000/01/rdf-schema#comment": "sonst. \u00f6ff. Fl\u00e4chen", "http://www.wikidata.org/prop/direct/P2547.value": "6.0", "http://www.wikidata.org/prop/direct/P2547.unit": "http://www.ontology-of-units-of-measure.org/resource/om-2/meter", "http://www.wikidata.org/prop/direct/P3018": "Waltershof", "https://gdi-de.github.io/apworkshop2026/ont#stammdurchmesser.value": "32.0", "https://gdi-de.github.io/apworkshop2026/ont#stammdurchmesser.unit": "http://www.ontology-of-units-of-measure.org/resource/om-2/centimeter"}, "geometry": {"type": "MultiPoint", "coordinates": [[9.924939677021584, 53.51664075353334]]}}, {"type": "Feature", "id": "https://gdi-de.github.io/apworkshop2026/REIS337", "name": "Baum REIS337 (gdide:REIS337)", "dateprops": [], "properties": {"http://www.w3.org/2000/01/rdf-schema#label": "Baum REIS337", "http://rdfs.org/ns/void#inDataset.value": "72757", "http://www.w3.org/2000/01/rdf-schema#comment": "sonst. \u00f6ff. Fl\u00e4chen", "http://www.wikidata.org/prop/direct/P2547.value": "7.0", "http://www.wikidata.org/prop/direct/P2547.unit": "http://www.ontology-of-units-of-measure.org/resource/om-2/meter", "http://www.wikidata.org/prop/direct/P3018": "Reiherstieg S\u00fcd", "https://gdi-de.github.io/apworkshop2026/ont#stammdurchmesser.value": "30.0", "https://gdi-de.github.io/apworkshop2026/ont#stammdurchmesser.unit": "http://www.ontology-of-units-of-measure.org/resource/om-2/centimeter"}, "geometry": {"type": "MultiPoint", "coordinates": [[9.975566408781129, 53.51076814157811]]}}, {"type": "Feature", "id": "https://gdi-de.github.io/apworkshop2026/ROST221", "name": "Baum ROST221 (gdide:ROST221)", "dateprops": [], "properties": {"http://www.w3.org/2000/01/rdf-schema#label": "Baum ROST221", "http://rdfs.org/ns/void#inDataset.value": "72757", "http://www.w3.org/2000/01/rdf-schema#comment": "Wasserwirtschaft", "http://www.wikidata.org/prop/direct/P2547.value": "7.0", "http://www.wikidata.org/prop/direct/P2547.unit": "http://www.ontology-of-units-of-measure.org/resource/om-2/meter", "http://www.wikidata.org/prop/direct/P3018": "Ro\u00df-Terminal", "https://gdi-de.github.io/apworkshop2026/ont#stammdurchmesser.value": "47.0", "https://gdi-de.github.io/apworkshop2026/ont#stammdurchmesser.unit": "http://www.ontology-of-units-of-measure.org/resource/om-2/centimeter"}, "geometry": {"type": "MultiPoint", "coordinates": [[9.941566756312104, 53.5281043646771]]}}, {"type": "Feature", "id": "https://gdi-de.github.io/apworkshop2026/ALTW647", "name": "Baum ALTW647 (gdide:ALTW647)", "dateprops": [], "properties": {"http://www.w3.org/2000/01/rdf-schema#label": "Baum ALTW647", "http://rdfs.org/ns/void#inDataset.value": "72757", "http://www.w3.org/2000/01/rdf-schema#comment": "sonst. \u00f6ff. Fl\u00e4chen", "http://www.wikidata.org/prop/direct/P2547.value": "6.0", "http://www.wikidata.org/prop/direct/P2547.unit": "http://www.ontology-of-units-of-measure.org/resource/om-2/meter", "http://www.wikidata.org/prop/direct/P3018": "Altenwerder Logistik", "https://gdi-de.github.io/apworkshop2026/ont#stammdurchmesser.value": "25.0", "https://gdi-de.github.io/apworkshop2026/ont#stammdurchmesser.unit": "http://www.ontology-of-units-of-measure.org/resource/om-2/centimeter"}, "geometry": {"type": "MultiPoint", "coordinates": [[9.91783283531433, 53.51211880344494]]}}, {"type": "Feature", "id": "https://gdi-de.github.io/apworkshop2026/HOHS36", "name": "Baum HOHS36 (gdide:HOHS36)", "dateprops": [], "properties": {"http://www.w3.org/2000/01/rdf-schema#label": "Baum HOHS36", "http://rdfs.org/ns/void#inDataset.value": "72757", "http://www.w3.org/2000/01/rdf-schema#comment": "Stra\u00dfe", "http://www.wikidata.org/prop/direct/P2547.value": "8.0", "http://www.wikidata.org/prop/direct/P2547.unit": "http://www.ontology-of-units-of-measure.org/resource/om-2/meter", "http://www.wikidata.org/prop/direct/P3018": "Hohe Schaar", "https://gdi-de.github.io/apworkshop2026/ont#stammdurchmesser.value": "48.0", "https://gdi-de.github.io/apworkshop2026/ont#stammdurchmesser.unit": "http://www.ontology-of-units-of-measure.org/resource/om-2/centimeter"}, "geometry": {"type": "MultiPoint", "coordinates": [[9.962041122335146, 53.4933791522466]]}}, {"type": "Feature", "id": "https://gdi-de.github.io/apworkshop2026/REIS547", "name": "Baum REIS547 (gdide:REIS547)", "dateprops": [], "properties": {"http://www.w3.org/2000/01/rdf-schema#label": "Baum REIS547", "http://rdfs.org/ns/void#inDataset.value": "72757", "http://www.w3.org/2000/01/rdf-schema#comment": "sonst. \u00f6ff. Fl\u00e4chen", "http://www.wikidata.org/prop/direct/P2547.value": "5.0", "http://www.wikidata.org/prop/direct/P2547.unit": "http://www.ontology-of-units-of-measure.org/resource/om-2/meter", "http://www.wikidata.org/prop/direct/P3018": "Reiherstieg S\u00fcd", "https://gdi-de.github.io/apworkshop2026/ont#stammdurchmesser.value": "21.0", "https://gdi-de.github.io/apworkshop2026/ont#stammdurchmesser.unit": "http://www.ontology-of-units-of-measure.org/resource/om-2/centimeter"}, "geometry": {"type": "MultiPoint", "coordinates": [[9.982967331962946, 53.50324517376222]]}}, {"type": "Feature", "id": "https://gdi-de.github.io/apworkshop2026/KLGB355", "name": "Baum KLGB355 (gdide:KLGB355)", "dateprops": [], "properties": {"http://www.w3.org/2000/01/rdf-schema#label": "Baum KLGB355", "http://rdfs.org/ns/void#inDataset.value": "72757", "http://www.w3.org/2000/01/rdf-schema#comment": "sonst. \u00f6ff. Fl\u00e4chen", "http://www.wikidata.org/prop/direct/P2547.value": "9.0", "http://www.wikidata.org/prop/direct/P2547.unit": "http://www.ontology-of-units-of-measure.org/resource/om-2/meter", "http://www.wikidata.org/prop/direct/P3018": "Kleiner Grasbrook", "https://gdi-de.github.io/apworkshop2026/ont#stammdurchmesser.value": "40.0", "https://gdi-de.github.io/apworkshop2026/ont#stammdurchmesser.unit": "http://www.ontology-of-units-of-measure.org/resource/om-2/centimeter"}, "geometry": {"type": "MultiPoint", "coordinates": [[9.988315389124882, 53.52655025011721]]}}, {"type": "Feature", "id": "https://gdi-de.github.io/apworkshop2026/REIS198", "name": "Baum REIS198 (gdide:REIS198)", "dateprops": [], "properties": {"http://www.w3.org/2000/01/rdf-schema#label": "Baum REIS198", "http://rdfs.org/ns/void#inDataset.value": "72757", "http://www.w3.org/2000/01/rdf-schema#comment": "Stra\u00dfe", "http://www.wikidata.org/prop/direct/P2547.value": "8.0", "http://www.wikidata.org/prop/direct/P2547.unit": "http://www.ontology-of-units-of-measure.org/resource/om-2/meter", "http://www.wikidata.org/prop/direct/P3018": "Reiherstieg S\u00fcd", "https://gdi-de.github.io/apworkshop2026/ont#stammdurchmesser.value": "28.0", "https://gdi-de.github.io/apworkshop2026/ont#stammdurchmesser.unit": "http://www.ontology-of-units-of-measure.org/resource/om-2/centimeter"}, "geometry": {"type": "MultiPoint", "coordinates": [[9.973608773164516, 53.51206525129954]]}}, {"type": "Feature", "id": "https://gdi-de.github.io/apworkshop2026/PEUB73", "name": "Baum PEUB73 (gdide:PEUB73)", "dateprops": [], "properties": {"http://www.w3.org/2000/01/rdf-schema#label": "Baum PEUB73", "http://rdfs.org/ns/void#inDataset.value": "72757", "http://www.w3.org/2000/01/rdf-schema#comment": "sonst. \u00f6ff. Fl\u00e4chen", "http://www.wikidata.org/prop/direct/P2547.value": "8.0", "http://www.wikidata.org/prop/direct/P2547.unit": "http://www.ontology-of-units-of-measure.org/resource/om-2/meter", "http://www.wikidata.org/prop/direct/P3018": "Peutebahnhof", "https://gdi-de.github.io/apworkshop2026/ont#stammdurchmesser.value": "50.0", "https://gdi-de.github.io/apworkshop2026/ont#stammdurchmesser.unit": "http://www.ontology-of-units-of-measure.org/resource/om-2/centimeter"}, "geometry": {"type": "MultiPoint", "coordinates": [[10.048345343918779, 53.51312548037403]]}}, {"type": "Feature", "id": "https://gdi-de.github.io/apworkshop2026/BFASN389", "name": "Baum BFASN389 (gdide:BFASN389)", "dateprops": [], "properties": {"http://www.w3.org/2000/01/rdf-schema#label": "Baum BFASN389", "http://rdfs.org/ns/void#inDataset.value": "72757", "http://www.w3.org/2000/01/rdf-schema#comment": "Stra\u00dfe", "http://www.wikidata.org/prop/direct/P2547.value": "4.0", "http://www.wikidata.org/prop/direct/P2547.unit": "http://www.ontology-of-units-of-measure.org/resource/om-2/meter", "http://www.wikidata.org/prop/direct/P3018": "Bahnhof Alte S\u00fcderelbe Nord", "https://gdi-de.github.io/apworkshop2026/ont#stammdurchmesser.value": "16.0", "https://gdi-de.github.io/apworkshop2026/ont#stammdurchmesser.unit": "http://www.ontology-of-units-of-measure.org/resource/om-2/centimeter"}, "geometry": {"type": "MultiPoint", "coordinates": [[9.911209377061459, 53.50677858163776]]}}, {"type": "Feature", "id": "https://gdi-de.github.io/apworkshop2026/ALTW643", "name": "Baum ALTW643 (gdide:ALTW643)", "dateprops": [], "properties": {"http://www.w3.org/2000/01/rdf-schema#label": "Baum ALTW643", "http://rdfs.org/ns/void#inDataset.value": "72757", "http://www.w3.org/2000/01/rdf-schema#comment": "sonst. \u00f6ff. Fl\u00e4chen", "http://www.wikidata.org/prop/direct/P2547.value": "5.0", "http://www.wikidata.org/prop/direct/P2547.unit": "http://www.ontology-of-units-of-measure.org/resource/om-2/meter", "http://www.wikidata.org/prop/direct/P3018": "Altenwerder Logistik", "https://gdi-de.github.io/apworkshop2026/ont#stammdurchmesser.value": "27.0", "https://gdi-de.github.io/apworkshop2026/ont#stammdurchmesser.unit": "http://www.ontology-of-units-of-measure.org/resource/om-2/centimeter"}, "geometry": {"type": "MultiPoint", "coordinates": [[9.917722674911039, 53.51212955660075]]}}, {"type": "Feature", "id": "https://gdi-de.github.io/apworkshop2026/ENTW97", "name": "Baum ENTW97 (gdide:ENTW97)", "dateprops": [], "properties": {"http://www.w3.org/2000/01/rdf-schema#label": "Baum ENTW97", "http://rdfs.org/ns/void#inDataset.value": "72757", "http://www.w3.org/2000/01/rdf-schema#comment": "sonst. \u00f6ff. Fl\u00e4chen", "http://www.wikidata.org/prop/direct/P2547.value": "12.0", "http://www.wikidata.org/prop/direct/P2547.unit": "http://www.ontology-of-units-of-measure.org/resource/om-2/meter", "http://www.wikidata.org/prop/direct/P3018": "Entenwerder", "https://gdi-de.github.io/apworkshop2026/ont#stammdurchmesser.value": "55.0", "https://gdi-de.github.io/apworkshop2026/ont#stammdurchmesser.unit": "http://www.ontology-of-units-of-measure.org/resource/om-2/centimeter"}, "geometry": {"type": "MultiPoint", "coordinates": [[10.025189066598152, 53.52990331365858]]}}, {"type": "Feature", "id": "https://gdi-de.github.io/apworkshop2026/REIS325", "name": "Baum REIS325 (gdide:REIS325)", "dateprops": [], "properties": {"http://www.w3.org/2000/01/rdf-schema#label": "Baum REIS325", "http://rdfs.org/ns/void#inDataset.value": "72757", "http://www.w3.org/2000/01/rdf-schema#comment": "sonst. \u00f6ff. Fl\u00e4chen", "http://www.wikidata.org/prop/direct/P2547.value": "10.0", "http://www.wikidata.org/prop/direct/P2547.unit": "http://www.ontology-of-units-of-measure.org/resource/om-2/meter", "http://www.wikidata.org/prop/direct/P3018": "Reiherstieg S\u00fcd", "https://gdi-de.github.io/apworkshop2026/ont#stammdurchmesser.value": "36.0", "https://gdi-de.github.io/apworkshop2026/ont#stammdurchmesser.unit": "http://www.ontology-of-units-of-measure.org/resource/om-2/centimeter"}, "geometry": {"type": "MultiPoint", "coordinates": [[9.975561108720951, 53.510441475382194]]}}, {"type": "Feature", "id": "https://gdi-de.github.io/apworkshop2026/WAHF754", "name": "Baum WAHF754 (gdide:WAHF754)", "dateprops": [], "properties": {"http://www.w3.org/2000/01/rdf-schema#label": "Baum WAHF754", "http://rdfs.org/ns/void#inDataset.value": "72757", "http://www.w3.org/2000/01/rdf-schema#comment": "Bahn", "http://www.wikidata.org/prop/direct/P2547.value": "6.0", "http://www.wikidata.org/prop/direct/P2547.unit": "http://www.ontology-of-units-of-measure.org/resource/om-2/meter", "http://www.wikidata.org/prop/direct/P3018": "Waltershof", "https://gdi-de.github.io/apworkshop2026/ont#stammdurchmesser.value": "27.0", "https://gdi-de.github.io/apworkshop2026/ont#stammdurchmesser.unit": "http://www.ontology-of-units-of-measure.org/resource/om-2/centimeter"}, "geometry": {"type": "MultiPoint", "coordinates": [[9.921128565445555, 53.520535563471725]]}}, {"type": "Feature", "id": "https://gdi-de.github.io/apworkshop2026/VEDL366", "name": "Baum VEDL366 (gdide:VEDL366)", "dateprops": [], "properties": {"http://www.w3.org/2000/01/rdf-schema#label": "Baum VEDL366", "http://rdfs.org/ns/void#inDataset.value": "72757", "http://www.w3.org/2000/01/rdf-schema#comment": "Stra\u00dfe", "http://www.wikidata.org/prop/direct/P2547.value": "3.0", "http://www.wikidata.org/prop/direct/P2547.unit": "http://www.ontology-of-units-of-measure.org/resource/om-2/meter", "http://www.wikidata.org/prop/direct/P3018": "Veddel", "https://gdi-de.github.io/apworkshop2026/ont#stammdurchmesser.value": "10.0", "https://gdi-de.github.io/apworkshop2026/ont#stammdurchmesser.unit": "http://www.ontology-of-units-of-measure.org/resource/om-2/centimeter"}, "geometry": {"type": "MultiPoint", "coordinates": [[10.04864966618758, 53.51689803718134]]}}, {"type": "Feature", "id": "https://gdi-de.github.io/apworkshop2026/BFASN256", "name": "Baum BFASN256 (gdide:BFASN256)", "dateprops": [], "properties": {"http://www.w3.org/2000/01/rdf-schema#label": "Baum BFASN256", "http://rdfs.org/ns/void#inDataset.value": "72757", "http://www.w3.org/2000/01/rdf-schema#comment": "sonst. \u00f6ff. Fl\u00e4chen", "http://www.wikidata.org/prop/direct/P2547.value": "7.0", "http://www.wikidata.org/prop/direct/P2547.unit": "http://www.ontology-of-units-of-measure.org/resource/om-2/meter", "http://www.wikidata.org/prop/direct/P3018": "Bahnhof Alte S\u00fcderelbe Nord", "https://gdi-de.github.io/apworkshop2026/ont#stammdurchmesser.value": "25.0", "https://gdi-de.github.io/apworkshop2026/ont#stammdurchmesser.unit": "http://www.ontology-of-units-of-measure.org/resource/om-2/centimeter"}, "geometry": {"type": "MultiPoint", "coordinates": [[9.9111513279278, 53.50921847675314]]}}, {"type": "Feature", "id": "https://gdi-de.github.io/apworkshop2026/BFAS1573", "name": "Baum BFAS1573 (gdide:BFAS1573)", "dateprops": [], "properties": {"http://www.w3.org/2000/01/rdf-schema#label": "Baum BFAS1573", "http://rdfs.org/ns/void#inDataset.value": "72757", "http://www.w3.org/2000/01/rdf-schema#comment": "Bahn", "http://www.wikidata.org/prop/direct/P2547.value": "6.5", "http://www.wikidata.org/prop/direct/P2547.unit": "http://www.ontology-of-units-of-measure.org/resource/om-2/meter", "http://www.wikidata.org/prop/direct/P3018": "Bahnhof Alte S\u00fcderelbe S\u00fcd", "https://gdi-de.github.io/apworkshop2026/ont#stammdurchmesser.value": "47.0", "https://gdi-de.github.io/apworkshop2026/ont#stammdurchmesser.unit": "http://www.ontology-of-units-of-measure.org/resource/om-2/centimeter"}, "geometry": {"type": "MultiPoint", "coordinates": [[9.898338360586362, 53.4737148452466]]}}, {"type": "Feature", "id": "https://gdi-de.github.io/apworkshop2026/ALTW619", "name": "Baum ALTW619 (gdide:ALTW619)", "dateprops": [], "properties": {"http://www.w3.org/2000/01/rdf-schema#label": "Baum ALTW619", "http://rdfs.org/ns/void#inDataset.value": "72757", "http://www.w3.org/2000/01/rdf-schema#comment": "sonst. \u00f6ff. Fl\u00e4chen", "http://www.wikidata.org/prop/direct/P2547.value": "6.0", "http://www.wikidata.org/prop/direct/P2547.unit": "http://www.ontology-of-units-of-measure.org/resource/om-2/meter", "http://www.wikidata.org/prop/direct/P3018": "Altenwerder Logistik", "https://gdi-de.github.io/apworkshop2026/ont#stammdurchmesser.value": "19.0", "https://gdi-de.github.io/apworkshop2026/ont#stammdurchmesser.unit": "http://www.ontology-of-units-of-measure.org/resource/om-2/centimeter"}, "geometry": {"type": "MultiPoint", "coordinates": [[9.917696578852034, 53.51242595908148]]}}, {"type": "Feature", "id": "https://gdi-de.github.io/apworkshop2026/WAHF427", "name": "Baum WAHF427 (gdide:WAHF427)", "dateprops": [], "properties": {"http://www.w3.org/2000/01/rdf-schema#label": "Baum WAHF427", "http://rdfs.org/ns/void#inDataset.value": "72757", "http://www.w3.org/2000/01/rdf-schema#comment": "sonst. \u00f6ff. Fl\u00e4chen", "http://www.wikidata.org/prop/direct/P2547.value": "8.0", "http://www.wikidata.org/prop/direct/P2547.unit": "http://www.ontology-of-units-of-measure.org/resource/om-2/meter", "http://www.wikidata.org/prop/direct/P3018": "Waltershof", "https://gdi-de.github.io/apworkshop2026/ont#stammdurchmesser.value": "43.0", "https://gdi-de.github.io/apworkshop2026/ont#stammdurchmesser.unit": "http://www.ontology-of-units-of-measure.org/resource/om-2/centimeter"}, "geometry": {"type": "MultiPoint", "coordinates": [[9.931975650636076, 53.525873288188905]]}}, {"type": "Feature", "id": "https://gdi-de.github.io/apworkshop2026/HOHS496", "name": "Baum HOHS496 (gdide:HOHS496)", "dateprops": [], "properties": {"http://www.w3.org/2000/01/rdf-schema#label": "Baum HOHS496", "http://rdfs.org/ns/void#inDataset.value": "72757", "http://www.w3.org/2000/01/rdf-schema#comment": "sonst. \u00f6ff. Fl\u00e4chen", "http://www.wikidata.org/prop/direct/P2547.value": "5.0", "http://www.wikidata.org/prop/direct/P2547.unit": "http://www.ontology-of-units-of-measure.org/resource/om-2/meter", "http://www.wikidata.org/prop/direct/P3018": "Hohe Schaar", "https://gdi-de.github.io/apworkshop2026/ont#stammdurchmesser.value": "34.0", "https://gdi-de.github.io/apworkshop2026/ont#stammdurchmesser.unit": "http://www.ontology-of-units-of-measure.org/resource/om-2/centimeter"}, "geometry": {"type": "MultiPoint", "coordinates": [[9.976042120622987, 53.48926896587131]]}}, {"type": "Feature", "id": "https://gdi-de.github.io/apworkshop2026/BFAS1744", "name": "Baum BFAS1744 (gdide:BFAS1744)", "dateprops": [], "properties": {"http://www.w3.org/2000/01/rdf-schema#label": "Baum BFAS1744", "http://rdfs.org/ns/void#inDataset.value": "72757", "http://www.w3.org/2000/01/rdf-schema#comment": "Bahn", "http://www.wikidata.org/prop/direct/P2547.value": "8.0", "http://www.wikidata.org/prop/direct/P2547.unit": "http://www.ontology-of-units-of-measure.org/resource/om-2/meter", "http://www.wikidata.org/prop/direct/P3018": "Bahnhof Alte S\u00fcderelbe S\u00fcd", "https://gdi-de.github.io/apworkshop2026/ont#stammdurchmesser.value": "29.0", "https://gdi-de.github.io/apworkshop2026/ont#stammdurchmesser.unit": "http://www.ontology-of-units-of-measure.org/resource/om-2/centimeter"}, "geometry": {"type": "MultiPoint", "coordinates": [[9.900755062262617, 53.47246669412033]]}}, {"type": "Feature", "id": "https://gdi-de.github.io/apworkshop2026/REIS379", "name": "Baum REIS379 (gdide:REIS379)", "dateprops": [], "properties": {"http://www.w3.org/2000/01/rdf-schema#label": "Baum REIS379", "http://rdfs.org/ns/void#inDataset.value": "72757", "http://www.w3.org/2000/01/rdf-schema#comment": "sonst. \u00f6ff. Fl\u00e4chen", "http://www.wikidata.org/prop/direct/P2547.value": "10.0", "http://www.wikidata.org/prop/direct/P2547.unit": "http://www.ontology-of-units-of-measure.org/resource/om-2/meter", "http://www.wikidata.org/prop/direct/P3018": "Reiherstieg S\u00fcd", "https://gdi-de.github.io/apworkshop2026/ont#stammdurchmesser.value": "49.0", "https://gdi-de.github.io/apworkshop2026/ont#stammdurchmesser.unit": "http://www.ontology-of-units-of-measure.org/resource/om-2/centimeter"}, "geometry": {"type": "MultiPoint", "coordinates": [[9.974216007347124, 53.511669257125455]]}}, {"type": "Feature", "id": "https://gdi-de.github.io/apworkshop2026/TATB95", "name": "Baum TATB95 (gdide:TATB95)", "dateprops": [], "properties": {"http://www.w3.org/2000/01/rdf-schema#label": "Baum TATB95", "http://rdfs.org/ns/void#inDataset.value": "72757", "http://www.w3.org/2000/01/rdf-schema#comment": "sonst. \u00f6ff. Fl\u00e4chen", "http://www.wikidata.org/prop/direct/P2547.value": "6.0", "http://www.wikidata.org/prop/direct/P2547.unit": "http://www.ontology-of-units-of-measure.org/resource/om-2/meter", "http://www.wikidata.org/prop/direct/P3018": "Tatenberger Schleuse", "https://gdi-de.github.io/apworkshop2026/ont#stammdurchmesser.value": "15.0", "https://gdi-de.github.io/apworkshop2026/ont#stammdurchmesser.unit": "http://www.ontology-of-units-of-measure.org/resource/om-2/centimeter"}, "geometry": {"type": "MultiPoint", "coordinates": [[10.101316310260609, 53.44343722134859]]}}, {"type": "Feature", "id": "https://gdi-de.github.io/apworkshop2026/WAHF764", "name": "Baum WAHF764 (gdide:WAHF764)", "dateprops": [], "properties": {"http://www.w3.org/2000/01/rdf-schema#label": "Baum WAHF764", "http://rdfs.org/ns/void#inDataset.value": "72757", "http://www.w3.org/2000/01/rdf-schema#comment": "Bahn", "http://www.wikidata.org/prop/direct/P2547.value": "4.0", "http://www.wikidata.org/prop/direct/P2547.unit": "http://www.ontology-of-units-of-measure.org/resource/om-2/meter", "http://www.wikidata.org/prop/direct/P3018": "Waltershof", "https://gdi-de.github.io/apworkshop2026/ont#stammdurchmesser.value": "16.0", "https://gdi-de.github.io/apworkshop2026/ont#stammdurchmesser.unit": "http://www.ontology-of-units-of-measure.org/resource/om-2/centimeter"}, "geometry": {"type": "MultiPoint", "coordinates": [[9.921180604849965, 53.520663469990104]]}}, {"type": "Feature", "id": "https://gdi-de.github.io/apworkshop2026/TATB102", "name": "Baum TATB102 (gdide:TATB102)", "dateprops": [], "properties": {"http://www.w3.org/2000/01/rdf-schema#label": "Baum TATB102", "http://rdfs.org/ns/void#inDataset.value": "72757", "http://www.w3.org/2000/01/rdf-schema#comment": "sonst. \u00f6ff. Fl\u00e4chen", "http://www.wikidata.org/prop/direct/P2547.value": "6.0", "http://www.wikidata.org/prop/direct/P2547.unit": "http://www.ontology-of-units-of-measure.org/resource/om-2/meter", "http://www.wikidata.org/prop/direct/P3018": "Tatenberger Schleuse", "https://gdi-de.github.io/apworkshop2026/ont#stammdurchmesser.value": "38.0", "https://gdi-de.github.io/apworkshop2026/ont#stammdurchmesser.unit": "http://www.ontology-of-units-of-measure.org/resource/om-2/centimeter"}, "geometry": {"type": "MultiPoint", "coordinates": [[10.100904917793093, 53.44437932873655]]}}, {"type": "Feature", "id": "https://gdi-de.github.io/apworkshop2026/WAHF773", "name": "Baum WAHF773 (gdide:WAHF773)", "dateprops": [], "properties": {"http://www.w3.org/2000/01/rdf-schema#label": "Baum WAHF773", "http://rdfs.org/ns/void#inDataset.value": "72757", "http://www.w3.org/2000/01/rdf-schema#comment": "Bahn", "http://www.wikidata.org/prop/direct/P2547.value": "8.0", "http://www.wikidata.org/prop/direct/P2547.unit": "http://www.ontology-of-units-of-measure.org/resource/om-2/meter", "http://www.wikidata.org/prop/direct/P3018": "Waltershof", "https://gdi-de.github.io/apworkshop2026/ont#stammdurchmesser.value": "26.0", "https://gdi-de.github.io/apworkshop2026/ont#stammdurchmesser.unit": "http://www.ontology-of-units-of-measure.org/resource/om-2/centimeter"}, "geometry": {"type": "MultiPoint", "coordinates": [[9.920994779350293, 53.5206890042486]]}}, {"type": "Feature", "id": "https://gdi-de.github.io/apworkshop2026/BFAS1772", "name": "Baum BFAS1772 (gdide:BFAS1772)", "dateprops": [], "properties": {"http://www.w3.org/2000/01/rdf-schema#label": "Baum BFAS1772", "http://rdfs.org/ns/void#inDataset.value": "72757", "http://www.w3.org/2000/01/rdf-schema#comment": "Bahn", "http://www.wikidata.org/prop/direct/P2547.value": "4.0", "http://www.wikidata.org/prop/direct/P2547.unit": "http://www.ontology-of-units-of-measure.org/resource/om-2/meter", "http://www.wikidata.org/prop/direct/P3018": "Bahnhof Alte S\u00fcderelbe S\u00fcd", "https://gdi-de.github.io/apworkshop2026/ont#stammdurchmesser.value": "26.0", "https://gdi-de.github.io/apworkshop2026/ont#stammdurchmesser.unit": "http://www.ontology-of-units-of-measure.org/resource/om-2/centimeter"}, "geometry": {"type": "MultiPoint", "coordinates": [[9.909331565740995, 53.50112582975357]]}}, {"type": "Feature", "id": "https://gdi-de.github.io/apworkshop2026/WAHF402", "name": "Baum WAHF402 (gdide:WAHF402)", "dateprops": [], "properties": {"http://www.w3.org/2000/01/rdf-schema#label": "Baum WAHF402", "http://rdfs.org/ns/void#inDataset.value": "72757", "http://www.w3.org/2000/01/rdf-schema#comment": "sonst. \u00f6ff. Fl\u00e4chen", "http://www.wikidata.org/prop/direct/P2547.value": "7.0", "http://www.wikidata.org/prop/direct/P2547.unit": "http://www.ontology-of-units-of-measure.org/resource/om-2/meter", "http://www.wikidata.org/prop/direct/P3018": "Waltershof", "https://gdi-de.github.io/apworkshop2026/ont#stammdurchmesser.value": "39.0", "https://gdi-de.github.io/apworkshop2026/ont#stammdurchmesser.unit": "http://www.ontology-of-units-of-measure.org/resource/om-2/centimeter"}, "geometry": {"type": "MultiPoint", "coordinates": [[9.932033295527857, 53.52583221194618]]}}, {"type": "Feature", "id": "https://gdi-de.github.io/apworkshop2026/WAHF755", "name": "Baum WAHF755 (gdide:WAHF755)", "dateprops": [], "properties": {"http://www.w3.org/2000/01/rdf-schema#label": "Baum WAHF755", "http://rdfs.org/ns/void#inDataset.value": "72757", "http://www.w3.org/2000/01/rdf-schema#comment": "Bahn", "http://www.wikidata.org/prop/direct/P2547.value": "5.0", "http://www.wikidata.org/prop/direct/P2547.unit": "http://www.ontology-of-units-of-measure.org/resource/om-2/meter", "http://www.wikidata.org/prop/direct/P3018": "Waltershof", "https://gdi-de.github.io/apworkshop2026/ont#stammdurchmesser.value": "20.0", "https://gdi-de.github.io/apworkshop2026/ont#stammdurchmesser.unit": "http://www.ontology-of-units-of-measure.org/resource/om-2/centimeter"}, "geometry": {"type": "MultiPoint", "coordinates": [[9.921076579940063, 53.520552200046446]]}}, {"type": "Feature", "id": "https://gdi-de.github.io/apworkshop2026/RETH106", "name": "Baum RETH106 (gdide:RETH106)", "dateprops": [], "properties": {"http://www.w3.org/2000/01/rdf-schema#label": "Baum RETH106", "http://rdfs.org/ns/void#inDataset.value": "72757", "http://www.w3.org/2000/01/rdf-schema#comment": "sonst. \u00f6ff. Fl\u00e4chen", "http://www.wikidata.org/prop/direct/P2547.value": "6.0", "http://www.wikidata.org/prop/direct/P2547.unit": "http://www.ontology-of-units-of-measure.org/resource/om-2/meter", "http://www.wikidata.org/prop/direct/P3018": "Rethe", "https://gdi-de.github.io/apworkshop2026/ont#stammdurchmesser.value": "21.0", "https://gdi-de.github.io/apworkshop2026/ont#stammdurchmesser.unit": "http://www.ontology-of-units-of-measure.org/resource/om-2/centimeter"}, "geometry": {"type": "MultiPoint", "coordinates": [[9.966297528797513, 53.50852091036144]]}}, {"type": "Feature", "id": "https://gdi-de.github.io/apworkshop2026/WAHF761", "name": "Baum WAHF761 (gdide:WAHF761)", "dateprops": [], "properties": {"http://www.w3.org/2000/01/rdf-schema#label": "Baum WAHF761", "http://rdfs.org/ns/void#inDataset.value": "72757", "http://www.w3.org/2000/01/rdf-schema#comment": "Bahn", "http://www.wikidata.org/prop/direct/P2547.value": "10.0", "http://www.wikidata.org/prop/direct/P2547.unit": "http://www.ontology-of-units-of-measure.org/resource/om-2/meter", "http://www.wikidata.org/prop/direct/P3018": "Waltershof", "https://gdi-de.github.io/apworkshop2026/ont#stammdurchmesser.value": "55.0", "https://gdi-de.github.io/apworkshop2026/ont#stammdurchmesser.unit": "http://www.ontology-of-units-of-measure.org/resource/om-2/centimeter"}, "geometry": {"type": "MultiPoint", "coordinates": [[9.92120768905578, 53.520660073254284]]}}, {"type": "Feature", "id": "https://gdi-de.github.io/apworkshop2026/DRHF232", "name": "Baum DRHF232 (gdide:DRHF232)", "dateprops": [], "properties": {"http://www.w3.org/2000/01/rdf-schema#label": "Baum DRHF232", "http://rdfs.org/ns/void#inDataset.value": "72757", "http://www.w3.org/2000/01/rdf-schema#comment": "Stra\u00dfe", "http://www.wikidata.org/prop/direct/P2547.value": "7.0", "http://www.wikidata.org/prop/direct/P2547.unit": "http://www.ontology-of-units-of-measure.org/resource/om-2/meter", "http://www.wikidata.org/prop/direct/P3018": "Dradenauhafen", "https://gdi-de.github.io/apworkshop2026/ont#stammdurchmesser.value": "32.0", "https://gdi-de.github.io/apworkshop2026/ont#stammdurchmesser.unit": "http://www.ontology-of-units-of-measure.org/resource/om-2/centimeter"}, "geometry": {"type": "MultiPoint", "coordinates": [[9.912880701630717, 53.51622237383795]]}}, {"type": "Feature", "id": "https://gdi-de.github.io/apworkshop2026/REIN169", "name": "Baum REIN169 (gdide:REIN169)", "dateprops": [], "properties": {"http://www.w3.org/2000/01/rdf-schema#label": "Baum REIN169", "http://rdfs.org/ns/void#inDataset.value": "72757", "http://www.w3.org/2000/01/rdf-schema#comment": "sonst. \u00f6ff. Fl\u00e4chen", "http://www.wikidata.org/prop/direct/P2547.value": "6.0", "http://www.wikidata.org/prop/direct/P2547.unit": "http://www.ontology-of-units-of-measure.org/resource/om-2/meter", "http://www.wikidata.org/prop/direct/P3018": "Reiherstieg Nord", "https://gdi-de.github.io/apworkshop2026/ont#stammdurchmesser.value": "20.0", "https://gdi-de.github.io/apworkshop2026/ont#stammdurchmesser.unit": "http://www.ontology-of-units-of-measure.org/resource/om-2/centimeter"}, "geometry": {"type": "MultiPoint", "coordinates": [[9.977327627760868, 53.51675436788602]]}}, {"type": "Feature", "id": "https://gdi-de.github.io/apworkshop2026/ROSD758", "name": "Baum ROSD758 (gdide:ROSD758)", "dateprops": [], "properties": {"http://www.w3.org/2000/01/rdf-schema#label": "Baum ROSD758", "http://rdfs.org/ns/void#inDataset.value": "72757", "http://www.w3.org/2000/01/rdf-schema#comment": "sonst. \u00f6ff. Fl\u00e4chen", "http://www.wikidata.org/prop/direct/P2547.value": "6.0", "http://www.wikidata.org/prop/direct/P2547.unit": "http://www.ontology-of-units-of-measure.org/resource/om-2/meter", "http://www.wikidata.org/prop/direct/P3018": "Ro\u00dfdamm", "https://gdi-de.github.io/apworkshop2026/ont#stammdurchmesser.value": "25.0", "https://gdi-de.github.io/apworkshop2026/ont#stammdurchmesser.unit": "http://www.ontology-of-units-of-measure.org/resource/om-2/centimeter"}, "geometry": {"type": "MultiPoint", "coordinates": [[9.975128057871936, 53.52701130108148]]}}, {"type": "Feature", "id": "https://gdi-de.github.io/apworkshop2026/HOHS804", "name": "Baum HOHS804 (gdide:HOHS804)", "dateprops": [], "properties": {"http://www.w3.org/2000/01/rdf-schema#label": "Baum HOHS804", "http://rdfs.org/ns/void#inDataset.value": "72757", "http://www.w3.org/2000/01/rdf-schema#comment": "sonst. \u00f6ff. Fl\u00e4chen", "http://www.wikidata.org/prop/direct/P2547.value": "6.0", "http://www.wikidata.org/prop/direct/P2547.unit": "http://www.ontology-of-units-of-measure.org/resource/om-2/meter", "http://www.wikidata.org/prop/direct/P3018": "Hohe Schaar", "https://gdi-de.github.io/apworkshop2026/ont#stammdurchmesser.value": "17.0", "https://gdi-de.github.io/apworkshop2026/ont#stammdurchmesser.unit": "http://www.ontology-of-units-of-measure.org/resource/om-2/centimeter"}, "geometry": {"type": "MultiPoint", "coordinates": [[9.970368828412436, 53.49196679074983]]}}, {"type": "Feature", "id": "https://gdi-de.github.io/apworkshop2026/REIN133", "name": "Baum REIN133 (gdide:REIN133)", "dateprops": [], "properties": {"http://www.w3.org/2000/01/rdf-schema#label": "Baum REIN133", "http://rdfs.org/ns/void#inDataset.value": "72757", "http://www.w3.org/2000/01/rdf-schema#comment": "sonst. \u00f6ff. Fl\u00e4chen", "http://www.wikidata.org/prop/direct/P2547.value": "7.0", "http://www.wikidata.org/prop/direct/P2547.unit": "http://www.ontology-of-units-of-measure.org/resource/om-2/meter", "http://www.wikidata.org/prop/direct/P3018": "Reiherstieg Nord", "https://gdi-de.github.io/apworkshop2026/ont#stammdurchmesser.value": "25.0", "https://gdi-de.github.io/apworkshop2026/ont#stammdurchmesser.unit": "http://www.ontology-of-units-of-measure.org/resource/om-2/centimeter"}, "geometry": {"type": "MultiPoint", "coordinates": [[9.976188977205634, 53.51423439825023]]}}, {"type": "Feature", "id": "https://gdi-de.github.io/apworkshop2026/REIS535", "name": "Baum REIS535 (gdide:REIS535)", "dateprops": [], "properties": {"http://www.w3.org/2000/01/rdf-schema#label": "Baum REIS535", "http://rdfs.org/ns/void#inDataset.value": "72757", "http://www.w3.org/2000/01/rdf-schema#comment": "sonst. \u00f6ff. Fl\u00e4chen", "http://www.wikidata.org/prop/direct/P2547.value": "6.0", "http://www.wikidata.org/prop/direct/P2547.unit": "http://www.ontology-of-units-of-measure.org/resource/om-2/meter", "http://www.wikidata.org/prop/direct/P3018": "Reiherstieg S\u00fcd", "https://gdi-de.github.io/apworkshop2026/ont#stammdurchmesser.value": "26.0", "https://gdi-de.github.io/apworkshop2026/ont#stammdurchmesser.unit": "http://www.ontology-of-units-of-measure.org/resource/om-2/centimeter"}, "geometry": {"type": "MultiPoint", "coordinates": [[9.982842061896577, 53.50309580529001]]}}, {"type": "Feature", "id": "https://gdi-de.github.io/apworkshop2026/HOHS498", "name": "Baum HOHS498 (gdide:HOHS498)", "dateprops": [], "properties": {"http://www.w3.org/2000/01/rdf-schema#label": "Baum HOHS498", "http://rdfs.org/ns/void#inDataset.value": "72757", "http://www.w3.org/2000/01/rdf-schema#comment": "sonst. \u00f6ff. Fl\u00e4chen", "http://www.wikidata.org/prop/direct/P2547.value": "7.0", "http://www.wikidata.org/prop/direct/P2547.unit": "http://www.ontology-of-units-of-measure.org/resource/om-2/meter", "http://www.wikidata.org/prop/direct/P3018": "Hohe Schaar", "https://gdi-de.github.io/apworkshop2026/ont#stammdurchmesser.value": "39.0", "https://gdi-de.github.io/apworkshop2026/ont#stammdurchmesser.unit": "http://www.ontology-of-units-of-measure.org/resource/om-2/centimeter"}, "geometry": {"type": "MultiPoint", "coordinates": [[9.976033829172914, 53.48942067059739]]}}, {"type": "Feature", "id": "https://gdi-de.github.io/apworkshop2026/BFASN17", "name": "Baum BFASN17 (gdide:BFASN17)", "dateprops": [], "properties": {"http://www.w3.org/2000/01/rdf-schema#label": "Baum BFASN17", "http://rdfs.org/ns/void#inDataset.value": "72757", "http://www.w3.org/2000/01/rdf-schema#comment": "sonst. \u00f6ff. Fl\u00e4chen", "http://www.wikidata.org/prop/direct/P2547.value": "8.0", "http://www.wikidata.org/prop/direct/P2547.unit": "http://www.ontology-of-units-of-measure.org/resource/om-2/meter", "http://www.wikidata.org/prop/direct/P3018": "Bahnhof Alte S\u00fcderelbe Nord", "https://gdi-de.github.io/apworkshop2026/ont#stammdurchmesser.value": "45.0", "https://gdi-de.github.io/apworkshop2026/ont#stammdurchmesser.unit": "http://www.ontology-of-units-of-measure.org/resource/om-2/centimeter"}, "geometry": {"type": "MultiPoint", "coordinates": [[9.91444602499645, 53.51303182906684]]}}, {"type": "Feature", "id": "https://gdi-de.github.io/apworkshop2026/BFASN258", "name": "Baum BFASN258 (gdide:BFASN258)", "dateprops": [], "properties": {"http://www.w3.org/2000/01/rdf-schema#label": "Baum BFASN258", "http://rdfs.org/ns/void#inDataset.value": "72757", "http://www.w3.org/2000/01/rdf-schema#comment": "sonst. \u00f6ff. Fl\u00e4chen", "http://www.wikidata.org/prop/direct/P2547.value": "8.0", "http://www.wikidata.org/prop/direct/P2547.unit": "http://www.ontology-of-units-of-measure.org/resource/om-2/meter", "http://www.wikidata.org/prop/direct/P3018": "Bahnhof Alte S\u00fcderelbe Nord", "https://gdi-de.github.io/apworkshop2026/ont#stammdurchmesser.value": "32.0", "https://gdi-de.github.io/apworkshop2026/ont#stammdurchmesser.unit": "http://www.ontology-of-units-of-measure.org/resource/om-2/centimeter"}, "geometry": {"type": "MultiPoint", "coordinates": [[9.91125029532265, 53.509144882237536]]}}, {"type": "Feature", "id": "https://gdi-de.github.io/apworkshop2026/HOHS481", "name": "Baum HOHS481 (gdide:HOHS481)", "dateprops": [], "properties": {"http://www.w3.org/2000/01/rdf-schema#label": "Baum HOHS481", "http://rdfs.org/ns/void#inDataset.value": "72757", "http://www.w3.org/2000/01/rdf-schema#comment": "sonst. \u00f6ff. Fl\u00e4chen", "http://www.wikidata.org/prop/direct/P2547.value": "7.0", "http://www.wikidata.org/prop/direct/P2547.unit": "http://www.ontology-of-units-of-measure.org/resource/om-2/meter", "http://www.wikidata.org/prop/direct/P3018": "Hohe Schaar", "https://gdi-de.github.io/apworkshop2026/ont#stammdurchmesser.value": "35.0", "https://gdi-de.github.io/apworkshop2026/ont#stammdurchmesser.unit": "http://www.ontology-of-units-of-measure.org/resource/om-2/centimeter"}, "geometry": {"type": "MultiPoint", "coordinates": [[9.976045525237913, 53.4896139778908]]}}, {"type": "Feature", "id": "https://gdi-de.github.io/apworkshop2026/BFHS673", "name": "Baum BFHS673 (gdide:BFHS673)", "dateprops": [], "properties": {"http://www.w3.org/2000/01/rdf-schema#label": "Baum BFHS673", "http://rdfs.org/ns/void#inDataset.value": "72757", "http://www.w3.org/2000/01/rdf-schema#comment": "Bahn", "http://www.wikidata.org/prop/direct/P2547.value": "5.0", "http://www.wikidata.org/prop/direct/P2547.unit": "http://www.ontology-of-units-of-measure.org/resource/om-2/meter", "http://www.wikidata.org/prop/direct/P3018": "Bahnhof Hohe Schaar", "https://gdi-de.github.io/apworkshop2026/ont#stammdurchmesser.value": "38.0", "https://gdi-de.github.io/apworkshop2026/ont#stammdurchmesser.unit": "http://www.ontology-of-units-of-measure.org/resource/om-2/centimeter"}, "geometry": {"type": "MultiPoint", "coordinates": [[9.975518375862885, 53.49425199842519]]}}, {"type": "Feature", "id": "https://gdi-de.github.io/apworkshop2026/VEDL224", "name": "Baum VEDL224 (gdide:VEDL224)", "dateprops": [], "properties": {"http://www.w3.org/2000/01/rdf-schema#label": "Baum VEDL224", "http://rdfs.org/ns/void#inDataset.value": "72757", "http://www.w3.org/2000/01/rdf-schema#comment": "Stra\u00dfe", "http://www.wikidata.org/prop/direct/P2547.value": "8.0", "http://www.wikidata.org/prop/direct/P2547.unit": "http://www.ontology-of-units-of-measure.org/resource/om-2/meter", "http://www.wikidata.org/prop/direct/P3018": "Veddel", "https://gdi-de.github.io/apworkshop2026/ont#stammdurchmesser.value": "34.0", "https://gdi-de.github.io/apworkshop2026/ont#stammdurchmesser.unit": "http://www.ontology-of-units-of-measure.org/resource/om-2/centimeter"}, "geometry": {"type": "MultiPoint", "coordinates": [[10.04532406707316, 53.51795717859988]]}}, {"type": "Feature", "id": "https://gdi-de.github.io/apworkshop2026/BFAS1611", "name": "Baum BFAS1611 (gdide:BFAS1611)", "dateprops": [], "properties": {"http://www.w3.org/2000/01/rdf-schema#label": "Baum BFAS1611", "http://rdfs.org/ns/void#inDataset.value": "72757", "http://www.w3.org/2000/01/rdf-schema#comment": "Bahn", "http://www.wikidata.org/prop/direct/P2547.value": "7.0", "http://www.wikidata.org/prop/direct/P2547.unit": "http://www.ontology-of-units-of-measure.org/resource/om-2/meter", "http://www.wikidata.org/prop/direct/P3018": "Bahnhof Alte S\u00fcderelbe S\u00fcd", "https://gdi-de.github.io/apworkshop2026/ont#stammdurchmesser.value": "24.0", "https://gdi-de.github.io/apworkshop2026/ont#stammdurchmesser.unit": "http://www.ontology-of-units-of-measure.org/resource/om-2/centimeter"}, "geometry": {"type": "MultiPoint", "coordinates": [[9.898594030099373, 53.473334009057574]]}}, {"type": "Feature", "id": "https://gdi-de.github.io/apworkshop2026/HOHS517", "name": "Baum HOHS517 (gdide:HOHS517)", "dateprops": [], "properties": {"http://www.w3.org/2000/01/rdf-schema#label": "Baum HOHS517", "http://rdfs.org/ns/void#inDataset.value": "72757", "http://www.w3.org/2000/01/rdf-schema#comment": "sonst. \u00f6ff. Fl\u00e4chen", "http://www.wikidata.org/prop/direct/P2547.value": "5.0", "http://www.wikidata.org/prop/direct/P2547.unit": "http://www.ontology-of-units-of-measure.org/resource/om-2/meter", "http://www.wikidata.org/prop/direct/P3018": "Hohe Schaar", "https://gdi-de.github.io/apworkshop2026/ont#stammdurchmesser.value": "25.0", "https://gdi-de.github.io/apworkshop2026/ont#stammdurchmesser.unit": "http://www.ontology-of-units-of-measure.org/resource/om-2/centimeter"}, "geometry": {"type": "MultiPoint", "coordinates": [[9.975808181356697, 53.48977586298518]]}}, {"type": "Feature", "id": "https://gdi-de.github.io/apworkshop2026/ROST329", "name": "Baum ROST329 (gdide:ROST329)", "dateprops": [], "properties": {"http://www.w3.org/2000/01/rdf-schema#label": "Baum ROST329", "http://rdfs.org/ns/void#inDataset.value": "72757", "http://www.w3.org/2000/01/rdf-schema#comment": "Bahn", "http://www.wikidata.org/prop/direct/P2547.value": "7.0", "http://www.wikidata.org/prop/direct/P2547.unit": "http://www.ontology-of-units-of-measure.org/resource/om-2/meter", "http://www.wikidata.org/prop/direct/P3018": "Ro\u00df-Terminal", "https://gdi-de.github.io/apworkshop2026/ont#stammdurchmesser.value": "27.0", "https://gdi-de.github.io/apworkshop2026/ont#stammdurchmesser.unit": "http://www.ontology-of-units-of-measure.org/resource/om-2/centimeter"}, "geometry": {"type": "MultiPoint", "coordinates": [[9.953428892857914, 53.51927154922567]]}}, {"type": "Feature", "id": "https://gdi-de.github.io/apworkshop2026/NHKL137", "name": "Baum NHKL137 (gdide:NHKL137)", "dateprops": [], "properties": {"http://www.w3.org/2000/01/rdf-schema#label": "Baum NHKL137", "http://rdfs.org/ns/void#inDataset.value": "72757", "http://www.w3.org/2000/01/rdf-schema#comment": "sonst. \u00f6ff. Fl\u00e4chen", "http://www.wikidata.org/prop/direct/P2547.value": "5.0", "http://www.wikidata.org/prop/direct/P2547.unit": "http://www.ontology-of-units-of-measure.org/resource/om-2/meter", "http://www.wikidata.org/prop/direct/P3018": "Neuh\u00f6fer Kanal", "https://gdi-de.github.io/apworkshop2026/ont#stammdurchmesser.value": "23.0", "https://gdi-de.github.io/apworkshop2026/ont#stammdurchmesser.unit": "http://www.ontology-of-units-of-measure.org/resource/om-2/centimeter"}, "geometry": {"type": "MultiPoint", "coordinates": [[9.965752269386359, 53.516044213093195]]}}, {"type": "Feature", "id": "https://gdi-de.github.io/apworkshop2026/REIS156", "name": "Baum REIS156 (gdide:REIS156)", "dateprops": [], "properties": {"http://www.w3.org/2000/01/rdf-schema#label": "Baum REIS156", "http://rdfs.org/ns/void#inDataset.value": "72757", "http://www.w3.org/2000/01/rdf-schema#comment": "Stra\u00dfe", "http://www.wikidata.org/prop/direct/P2547.value": "5.0", "http://www.wikidata.org/prop/direct/P2547.unit": "http://www.ontology-of-units-of-measure.org/resource/om-2/meter", "http://www.wikidata.org/prop/direct/P3018": "Reiherstieg S\u00fcd", "https://gdi-de.github.io/apworkshop2026/ont#stammdurchmesser.value": "11.0", "https://gdi-de.github.io/apworkshop2026/ont#stammdurchmesser.unit": "http://www.ontology-of-units-of-measure.org/resource/om-2/centimeter"}, "geometry": {"type": "MultiPoint", "coordinates": [[9.974127837701985, 53.512079498046475]]}}, {"type": "Feature", "id": "https://gdi-de.github.io/apworkshop2026/REIS562", "name": "Baum REIS562 (gdide:REIS562)", "dateprops": [], "properties": {"http://www.w3.org/2000/01/rdf-schema#label": "Baum REIS562", "http://rdfs.org/ns/void#inDataset.value": "72757", "http://www.w3.org/2000/01/rdf-schema#comment": "sonst. \u00f6ff. Fl\u00e4chen", "http://www.wikidata.org/prop/direct/P2547.value": "4.0", "http://www.wikidata.org/prop/direct/P2547.unit": "http://www.ontology-of-units-of-measure.org/resource/om-2/meter", "http://www.wikidata.org/prop/direct/P3018": "Reiherstieg S\u00fcd", "https://gdi-de.github.io/apworkshop2026/ont#stammdurchmesser.value": "11.0", "https://gdi-de.github.io/apworkshop2026/ont#stammdurchmesser.unit": "http://www.ontology-of-units-of-measure.org/resource/om-2/centimeter"}, "geometry": {"type": "MultiPoint", "coordinates": [[9.983125363587728, 53.503227974722215]]}}, {"type": "Feature", "id": "https://gdi-de.github.io/apworkshop2026/BFASN2", "name": "Baum BFASN2 (gdide:BFASN2)", "dateprops": [], "properties": {"http://www.w3.org/2000/01/rdf-schema#label": "Baum BFASN2", "http://rdfs.org/ns/void#inDataset.value": "72757", "http://www.w3.org/2000/01/rdf-schema#comment": "sonst. \u00f6ff. Fl\u00e4chen", "http://www.wikidata.org/prop/direct/P2547.value": "6.0", "http://www.wikidata.org/prop/direct/P2547.unit": "http://www.ontology-of-units-of-measure.org/resource/om-2/meter", "http://www.wikidata.org/prop/direct/P3018": "Bahnhof Alte S\u00fcderelbe Nord", "https://gdi-de.github.io/apworkshop2026/ont#stammdurchmesser.value": "25.0", "https://gdi-de.github.io/apworkshop2026/ont#stammdurchmesser.unit": "http://www.ontology-of-units-of-measure.org/resource/om-2/centimeter"}, "geometry": {"type": "MultiPoint", "coordinates": [[9.91301773962731, 53.51316232760894]]}}, {"type": "Feature", "id": "https://gdi-de.github.io/apworkshop2026/HOHS177", "name": "Baum HOHS177 (gdide:HOHS177)", "dateprops": [], "properties": {"http://www.w3.org/2000/01/rdf-schema#label": "Baum HOHS177", "http://rdfs.org/ns/void#inDataset.value": "72757", "http://www.w3.org/2000/01/rdf-schema#comment": "Stra\u00dfe", "http://www.wikidata.org/prop/direct/P2547.value": "7.0", "http://www.wikidata.org/prop/direct/P2547.unit": "http://www.ontology-of-units-of-measure.org/resource/om-2/meter", "http://www.wikidata.org/prop/direct/P3018": "Hohe Schaar", "https://gdi-de.github.io/apworkshop2026/ont#stammdurchmesser.value": "60.0", "https://gdi-de.github.io/apworkshop2026/ont#stammdurchmesser.unit": "http://www.ontology-of-units-of-measure.org/resource/om-2/centimeter"}, "geometry": {"type": "MultiPoint", "coordinates": [[9.976268639805031, 53.486799909071436]]}}, {"type": "Feature", "id": "https://gdi-de.github.io/apworkshop2026/ROSD144", "name": "Baum ROSD144 (gdide:ROSD144)", "dateprops": [], "properties": {"http://www.w3.org/2000/01/rdf-schema#label": "Baum ROSD144", "http://rdfs.org/ns/void#inDataset.value": "72757", "http://www.w3.org/2000/01/rdf-schema#comment": "Stra\u00dfe", "http://www.wikidata.org/prop/direct/P2547.value": "4.0", "http://www.wikidata.org/prop/direct/P2547.unit": "http://www.ontology-of-units-of-measure.org/resource/om-2/meter", "http://www.wikidata.org/prop/direct/P3018": "Ro\u00dfdamm", "https://gdi-de.github.io/apworkshop2026/ont#stammdurchmesser.value": "16.0", "https://gdi-de.github.io/apworkshop2026/ont#stammdurchmesser.unit": "http://www.ontology-of-units-of-measure.org/resource/om-2/centimeter"}, "geometry": {"type": "MultiPoint", "coordinates": [[9.975378903431874, 53.52756378239505]]}}, {"type": "Feature", "id": "https://gdi-de.github.io/apworkshop2026/VEDL246", "name": "Baum VEDL246 (gdide:VEDL246)", "dateprops": [], "properties": {"http://www.w3.org/2000/01/rdf-schema#label": "Baum VEDL246", "http://rdfs.org/ns/void#inDataset.value": "72757", "http://www.w3.org/2000/01/rdf-schema#comment": "Stra\u00dfe", "http://www.wikidata.org/prop/direct/P2547.value": "11.0", "http://www.wikidata.org/prop/direct/P2547.unit": "http://www.ontology-of-units-of-measure.org/resource/om-2/meter", "http://www.wikidata.org/prop/direct/P3018": "Veddel", "https://gdi-de.github.io/apworkshop2026/ont#stammdurchmesser.value": "78701.0", "https://gdi-de.github.io/apworkshop2026/ont#stammdurchmesser.unit": "http://www.ontology-of-units-of-measure.org/resource/om-2/centimeter"}, "geometry": {"type": "MultiPoint", "coordinates": [[10.049687561700548, 53.51653340422138]]}}, {"type": "Feature", "id": "https://gdi-de.github.io/apworkshop2026/REIS105", "name": "Baum REIS105 (gdide:REIS105)", "dateprops": [], "properties": {"http://www.w3.org/2000/01/rdf-schema#label": "Baum REIS105", "http://rdfs.org/ns/void#inDataset.value": "72757", "http://www.w3.org/2000/01/rdf-schema#comment": "Stra\u00dfe", "http://www.wikidata.org/prop/direct/P2547.value": "7.0", "http://www.wikidata.org/prop/direct/P2547.unit": "http://www.ontology-of-units-of-measure.org/resource/om-2/meter", "http://www.wikidata.org/prop/direct/P3018": "Reiherstieg S\u00fcd", "https://gdi-de.github.io/apworkshop2026/ont#stammdurchmesser.value": "31.0", "https://gdi-de.github.io/apworkshop2026/ont#stammdurchmesser.unit": "http://www.ontology-of-units-of-measure.org/resource/om-2/centimeter"}, "geometry": {"type": "MultiPoint", "coordinates": [[9.974785988394899, 53.51219281480234]]}}, {"type": "Feature", "id": "https://gdi-de.github.io/apworkshop2026/WAHF769", "name": "Baum WAHF769 (gdide:WAHF769)", "dateprops": [], "properties": {"http://www.w3.org/2000/01/rdf-schema#label": "Baum WAHF769", "http://rdfs.org/ns/void#inDataset.value": "72757", "http://www.w3.org/2000/01/rdf-schema#comment": "Bahn", "http://www.wikidata.org/prop/direct/P2547.value": "6.0", "http://www.wikidata.org/prop/direct/P2547.unit": "http://www.ontology-of-units-of-measure.org/resource/om-2/meter", "http://www.wikidata.org/prop/direct/P3018": "Waltershof", "https://gdi-de.github.io/apworkshop2026/ont#stammdurchmesser.value": "21.0", "https://gdi-de.github.io/apworkshop2026/ont#stammdurchmesser.unit": "http://www.ontology-of-units-of-measure.org/resource/om-2/centimeter"}, "geometry": {"type": "MultiPoint", "coordinates": [[9.921080397780022, 53.520649498508945]]}}, {"type": "Feature", "id": "https://gdi-de.github.io/apworkshop2026/REIS523", "name": "Baum REIS523 (gdide:REIS523)", "dateprops": [], "properties": {"http://www.w3.org/2000/01/rdf-schema#label": "Baum REIS523", "http://rdfs.org/ns/void#inDataset.value": "72757", "http://www.w3.org/2000/01/rdf-schema#comment": "sonst. \u00f6ff. Fl\u00e4chen", "http://www.wikidata.org/prop/direct/P2547.value": "9.0", "http://www.wikidata.org/prop/direct/P2547.unit": "http://www.ontology-of-units-of-measure.org/resource/om-2/meter", "http://www.wikidata.org/prop/direct/P3018": "Reiherstieg S\u00fcd", "https://gdi-de.github.io/apworkshop2026/ont#stammdurchmesser.value": "30.0", "https://gdi-de.github.io/apworkshop2026/ont#stammdurchmesser.unit": "http://www.ontology-of-units-of-measure.org/resource/om-2/centimeter"}, "geometry": {"type": "MultiPoint", "coordinates": [[9.979871252403616, 53.50226733928726]]}}, {"type": "Feature", "id": "https://gdi-de.github.io/apworkshop2026/BFASN390", "name": "Baum BFASN390 (gdide:BFASN390)", "dateprops": [], "properties": {"http://www.w3.org/2000/01/rdf-schema#label": "Baum BFASN390", "http://rdfs.org/ns/void#inDataset.value": "72757", "http://www.w3.org/2000/01/rdf-schema#comment": "Stra\u00dfe", "http://www.wikidata.org/prop/direct/P2547.value": "2.0", "http://www.wikidata.org/prop/direct/P2547.unit": "http://www.ontology-of-units-of-measure.org/resource/om-2/meter", "http://www.wikidata.org/prop/direct/P3018": "Bahnhof Alte S\u00fcderelbe Nord", "https://gdi-de.github.io/apworkshop2026/ont#stammdurchmesser.value": "11.0", "https://gdi-de.github.io/apworkshop2026/ont#stammdurchmesser.unit": "http://www.ontology-of-units-of-measure.org/resource/om-2/centimeter"}, "geometry": {"type": "MultiPoint", "coordinates": [[9.911190737019314, 53.50675941263707]]}}, {"type": "Feature", "id": "https://gdi-de.github.io/apworkshop2026/VEDL249", "name": "Baum VEDL249 (gdide:VEDL249)", "dateprops": [], "properties": {"http://www.w3.org/2000/01/rdf-schema#label": "Baum VEDL249", "http://rdfs.org/ns/void#inDataset.value": "72757", "http://www.w3.org/2000/01/rdf-schema#comment": "Stra\u00dfe", "http://www.wikidata.org/prop/direct/P2547.value": "10.0", "http://www.wikidata.org/prop/direct/P2547.unit": "http://www.ontology-of-units-of-measure.org/resource/om-2/meter", "http://www.wikidata.org/prop/direct/P3018": "Veddel", "https://gdi-de.github.io/apworkshop2026/ont#stammdurchmesser.value": "42.0", "https://gdi-de.github.io/apworkshop2026/ont#stammdurchmesser.unit": "http://www.ontology-of-units-of-measure.org/resource/om-2/centimeter"}, "geometry": {"type": "MultiPoint", "coordinates": [[10.047187199921881, 53.517358659086526]]}}, {"type": "Feature", "id": "https://gdi-de.github.io/apworkshop2026/WAHF760", "name": "Baum WAHF760 (gdide:WAHF760)", "dateprops": [], "properties": {"http://www.w3.org/2000/01/rdf-schema#label": "Baum WAHF760", "http://rdfs.org/ns/void#inDataset.value": "72757", "http://www.w3.org/2000/01/rdf-schema#comment": "Bahn", "http://www.wikidata.org/prop/direct/P2547.value": "5.0", "http://www.wikidata.org/prop/direct/P2547.unit": "http://www.ontology-of-units-of-measure.org/resource/om-2/meter", "http://www.wikidata.org/prop/direct/P3018": "Waltershof", "https://gdi-de.github.io/apworkshop2026/ont#stammdurchmesser.value": "22.0", "https://gdi-de.github.io/apworkshop2026/ont#stammdurchmesser.unit": "http://www.ontology-of-units-of-measure.org/resource/om-2/centimeter"}, "geometry": {"type": "MultiPoint", "coordinates": [[9.921207159049764, 53.520635895537204]]}}, {"type": "Feature", "id": "https://gdi-de.github.io/apworkshop2026/VEDL278", "name": "Baum VEDL278 (gdide:VEDL278)", "dateprops": [], "properties": {"http://www.w3.org/2000/01/rdf-schema#label": "Baum VEDL278", "http://rdfs.org/ns/void#inDataset.value": "72757", "http://www.w3.org/2000/01/rdf-schema#comment": "Stra\u00dfe", "http://www.wikidata.org/prop/direct/P2547.value": "11.0", "http://www.wikidata.org/prop/direct/P2547.unit": "http://www.ontology-of-units-of-measure.org/resource/om-2/meter", "http://www.wikidata.org/prop/direct/P3018": "Veddel", "https://gdi-de.github.io/apworkshop2026/ont#stammdurchmesser.value": "49.0", "https://gdi-de.github.io/apworkshop2026/ont#stammdurchmesser.unit": "http://www.ontology-of-units-of-measure.org/resource/om-2/centimeter"}, "geometry": {"type": "MultiPoint", "coordinates": [[10.0478154995979, 53.517159960788426]]}}, {"type": "Feature", "id": "https://gdi-de.github.io/apworkshop2026/REIS530", "name": "Baum REIS530 (gdide:REIS530)", "dateprops": [], "properties": {"http://www.w3.org/2000/01/rdf-schema#label": "Baum REIS530", "http://rdfs.org/ns/void#inDataset.value": "72757", "http://www.w3.org/2000/01/rdf-schema#comment": "sonst. \u00f6ff. Fl\u00e4chen", "http://www.wikidata.org/prop/direct/P2547.value": "7.0", "http://www.wikidata.org/prop/direct/P2547.unit": "http://www.ontology-of-units-of-measure.org/resource/om-2/meter", "http://www.wikidata.org/prop/direct/P3018": "Reiherstieg S\u00fcd", "https://gdi-de.github.io/apworkshop2026/ont#stammdurchmesser.value": "33.0", "https://gdi-de.github.io/apworkshop2026/ont#stammdurchmesser.unit": "http://www.ontology-of-units-of-measure.org/resource/om-2/centimeter"}, "geometry": {"type": "MultiPoint", "coordinates": [[9.979650617186683, 53.5022569790185]]}}, {"type": "Feature", "id": "https://gdi-de.github.io/apworkshop2026/KTWK523", "name": "Baum KTWK523 (gdide:KTWK523)", "dateprops": [], "properties": {"http://www.w3.org/2000/01/rdf-schema#label": "Baum KTWK523", "http://rdfs.org/ns/void#inDataset.value": "72757", "http://www.w3.org/2000/01/rdf-schema#comment": "sonst. \u00f6ff. Fl\u00e4chen", "http://www.wikidata.org/prop/direct/P2547.value": "8.0", "http://www.wikidata.org/prop/direct/P2547.unit": "http://www.ontology-of-units-of-measure.org/resource/om-2/meter", "http://www.wikidata.org/prop/direct/P3018": "Kattwyk", "https://gdi-de.github.io/apworkshop2026/ont#stammdurchmesser.value": "22.0", "https://gdi-de.github.io/apworkshop2026/ont#stammdurchmesser.unit": "http://www.ontology-of-units-of-measure.org/resource/om-2/centimeter"}, "geometry": {"type": "MultiPoint", "coordinates": [[9.944978162502467, 53.504652319046656]]}}, {"type": "Feature", "id": "https://gdi-de.github.io/apworkshop2026/HOHS513", "name": "Baum HOHS513 (gdide:HOHS513)", "dateprops": [], "properties": {"http://www.w3.org/2000/01/rdf-schema#label": "Baum HOHS513", "http://rdfs.org/ns/void#inDataset.value": "72757", "http://www.w3.org/2000/01/rdf-schema#comment": "sonst. \u00f6ff. Fl\u00e4chen", "http://www.wikidata.org/prop/direct/P2547.value": "3.0", "http://www.wikidata.org/prop/direct/P2547.unit": "http://www.ontology-of-units-of-measure.org/resource/om-2/meter", "http://www.wikidata.org/prop/direct/P3018": "Hohe Schaar", "https://gdi-de.github.io/apworkshop2026/ont#stammdurchmesser.value": "16.0", "https://gdi-de.github.io/apworkshop2026/ont#stammdurchmesser.unit": "http://www.ontology-of-units-of-measure.org/resource/om-2/centimeter"}, "geometry": {"type": "MultiPoint", "coordinates": [[9.975788678931877, 53.4896859708431]]}}, {"type": "Feature", "id": "https://gdi-de.github.io/apworkshop2026/ROST390", "name": "Baum ROST390 (gdide:ROST390)", "dateprops": [], "properties": {"http://www.w3.org/2000/01/rdf-schema#label": "Baum ROST390", "http://rdfs.org/ns/void#inDataset.value": "72757", "http://www.w3.org/2000/01/rdf-schema#comment": "Bahn", "http://www.wikidata.org/prop/direct/P2547.value": "6.0", "http://www.wikidata.org/prop/direct/P2547.unit": "http://www.ontology-of-units-of-measure.org/resource/om-2/meter", "http://www.wikidata.org/prop/direct/P3018": "Ro\u00df-Terminal", "https://gdi-de.github.io/apworkshop2026/ont#stammdurchmesser.value": "31.0", "https://gdi-de.github.io/apworkshop2026/ont#stammdurchmesser.unit": "http://www.ontology-of-units-of-measure.org/resource/om-2/centimeter"}, "geometry": {"type": "MultiPoint", "coordinates": [[9.950226668364614, 53.520106593946075]]}}, {"type": "Feature", "id": "https://gdi-de.github.io/apworkshop2026/BFAS1612", "name": "Baum BFAS1612 (gdide:BFAS1612)", "dateprops": [], "properties": {"http://www.w3.org/2000/01/rdf-schema#label": "Baum BFAS1612", "http://rdfs.org/ns/void#inDataset.value": "72757", "http://www.w3.org/2000/01/rdf-schema#comment": "Bahn", "http://www.wikidata.org/prop/direct/P2547.value": "9.0", "http://www.wikidata.org/prop/direct/P2547.unit": "http://www.ontology-of-units-of-measure.org/resource/om-2/meter", "http://www.wikidata.org/prop/direct/P3018": "Bahnhof Alte S\u00fcderelbe S\u00fcd", "https://gdi-de.github.io/apworkshop2026/ont#stammdurchmesser.value": "27.0", "https://gdi-de.github.io/apworkshop2026/ont#stammdurchmesser.unit": "http://www.ontology-of-units-of-measure.org/resource/om-2/centimeter"}, "geometry": {"type": "MultiPoint", "coordinates": [[9.898612220983878, 53.47328949204178]]}}, {"type": "Feature", "id": "https://gdi-de.github.io/apworkshop2026/TATB62", "name": "Baum TATB62 (gdide:TATB62)", "dateprops": [], "properties": {"http://www.w3.org/2000/01/rdf-schema#label": "Baum TATB62", "http://rdfs.org/ns/void#inDataset.value": "72757", "http://www.w3.org/2000/01/rdf-schema#comment": "Stra\u00dfe", "http://www.wikidata.org/prop/direct/P2547.value": "5.5", "http://www.wikidata.org/prop/direct/P2547.unit": "http://www.ontology-of-units-of-measure.org/resource/om-2/meter", "http://www.wikidata.org/prop/direct/P3018": "Tatenberger Schleuse", "https://gdi-de.github.io/apworkshop2026/ont#stammdurchmesser.value": "20.0", "https://gdi-de.github.io/apworkshop2026/ont#stammdurchmesser.unit": "http://www.ontology-of-units-of-measure.org/resource/om-2/centimeter"}, "geometry": {"type": "MultiPoint", "coordinates": [[10.100021685222593, 53.445188091573286]]}}, {"type": "Feature", "id": "https://gdi-de.github.io/apworkshop2026/HOHS189", "name": "Baum HOHS189 (gdide:HOHS189)", "dateprops": [], "properties": {"http://www.w3.org/2000/01/rdf-schema#label": "Baum HOHS189", "http://rdfs.org/ns/void#inDataset.value": "72757", "http://www.w3.org/2000/01/rdf-schema#comment": "Stra\u00dfe", "http://www.wikidata.org/prop/direct/P2547.value": "6.0", "http://www.wikidata.org/prop/direct/P2547.unit": "http://www.ontology-of-units-of-measure.org/resource/om-2/meter", "http://www.wikidata.org/prop/direct/P3018": "Hohe Schaar", "https://gdi-de.github.io/apworkshop2026/ont#stammdurchmesser.value": "35.0", "https://gdi-de.github.io/apworkshop2026/ont#stammdurchmesser.unit": "http://www.ontology-of-units-of-measure.org/resource/om-2/centimeter"}, "geometry": {"type": "MultiPoint", "coordinates": [[9.976002549834721, 53.48839469695224]]}}, {"type": "Feature", "id": "https://gdi-de.github.io/apworkshop2026/REIS388", "name": "Baum REIS388 (gdide:REIS388)", "dateprops": [], "properties": {"http://www.w3.org/2000/01/rdf-schema#label": "Baum REIS388", "http://rdfs.org/ns/void#inDataset.value": "72757", "http://www.w3.org/2000/01/rdf-schema#comment": "sonst. \u00f6ff. Fl\u00e4chen", "http://www.wikidata.org/prop/direct/P2547.value": "6.0", "http://www.wikidata.org/prop/direct/P2547.unit": "http://www.ontology-of-units-of-measure.org/resource/om-2/meter", "http://www.wikidata.org/prop/direct/P3018": "Reiherstieg S\u00fcd", "https://gdi-de.github.io/apworkshop2026/ont#stammdurchmesser.value": "17.0", "https://gdi-de.github.io/apworkshop2026/ont#stammdurchmesser.unit": "http://www.ontology-of-units-of-measure.org/resource/om-2/centimeter"}, "geometry": {"type": "MultiPoint", "coordinates": [[9.974707547504288, 53.51201310399826]]}}, {"type": "Feature", "id": "https://gdi-de.github.io/apworkshop2026/WAHF774", "name": "Baum WAHF774 (gdide:WAHF774)", "dateprops": [], "properties": {"http://www.w3.org/2000/01/rdf-schema#label": "Baum WAHF774", "http://rdfs.org/ns/void#inDataset.value": "72757", "http://www.w3.org/2000/01/rdf-schema#comment": "Bahn", "http://www.wikidata.org/prop/direct/P2547.value": "4.0", "http://www.wikidata.org/prop/direct/P2547.unit": "http://www.ontology-of-units-of-measure.org/resource/om-2/meter", "http://www.wikidata.org/prop/direct/P3018": "Waltershof", "https://gdi-de.github.io/apworkshop2026/ont#stammdurchmesser.value": "20.0", "https://gdi-de.github.io/apworkshop2026/ont#stammdurchmesser.unit": "http://www.ontology-of-units-of-measure.org/resource/om-2/centimeter"}, "geometry": {"type": "MultiPoint", "coordinates": [[9.920950151046977, 53.52062453569056]]}}, {"type": "Feature", "id": "https://gdi-de.github.io/apworkshop2026/KTWK533", "name": "Baum KTWK533 (gdide:KTWK533)", "dateprops": [], "properties": {"http://www.w3.org/2000/01/rdf-schema#label": "Baum KTWK533", "http://rdfs.org/ns/void#inDataset.value": "72757", "http://www.w3.org/2000/01/rdf-schema#comment": "Stra\u00dfe", "http://www.wikidata.org/prop/direct/P2547.value": "5.0", "http://www.wikidata.org/prop/direct/P2547.unit": "http://www.ontology-of-units-of-measure.org/resource/om-2/meter", "http://www.wikidata.org/prop/direct/P3018": "Kattwyk", "https://gdi-de.github.io/apworkshop2026/ont#stammdurchmesser.value": "21.0", "https://gdi-de.github.io/apworkshop2026/ont#stammdurchmesser.unit": "http://www.ontology-of-units-of-measure.org/resource/om-2/centimeter"}, "geometry": {"type": "MultiPoint", "coordinates": [[9.945303846708722, 53.50271514198586]]}}, {"type": "Feature", "id": "https://gdi-de.github.io/apworkshop2026/HOHS123", "name": "Baum HOHS123 (gdide:HOHS123)", "dateprops": [], "properties": {"http://www.w3.org/2000/01/rdf-schema#label": "Baum HOHS123", "http://rdfs.org/ns/void#inDataset.value": "72757", "http://www.w3.org/2000/01/rdf-schema#comment": "Stra\u00dfe", "http://www.wikidata.org/prop/direct/P2547.value": "7.0", "http://www.wikidata.org/prop/direct/P2547.unit": "http://www.ontology-of-units-of-measure.org/resource/om-2/meter", "http://www.wikidata.org/prop/direct/P3018": "Hohe Schaar", "https://gdi-de.github.io/apworkshop2026/ont#stammdurchmesser.value": "43.0", "https://gdi-de.github.io/apworkshop2026/ont#stammdurchmesser.unit": "http://www.ontology-of-units-of-measure.org/resource/om-2/centimeter"}, "geometry": {"type": "MultiPoint", "coordinates": [[9.96798089977473, 53.4923731232619]]}}, {"type": "Feature", "id": "https://gdi-de.github.io/apworkshop2026/HOHS287", "name": "Baum HOHS287 (gdide:HOHS287)", "dateprops": [], "properties": {"http://www.w3.org/2000/01/rdf-schema#label": "Baum HOHS287", "http://rdfs.org/ns/void#inDataset.value": "72757", "http://www.w3.org/2000/01/rdf-schema#comment": "sonst. \u00f6ff. Fl\u00e4chen", "http://www.wikidata.org/prop/direct/P2547.value": "10.0", "http://www.wikidata.org/prop/direct/P2547.unit": "http://www.ontology-of-units-of-measure.org/resource/om-2/meter", "http://www.wikidata.org/prop/direct/P3018": "Hohe Schaar", "https://gdi-de.github.io/apworkshop2026/ont#stammdurchmesser.value": "60.0", "https://gdi-de.github.io/apworkshop2026/ont#stammdurchmesser.unit": "http://www.ontology-of-units-of-measure.org/resource/om-2/centimeter"}, "geometry": {"type": "MultiPoint", "coordinates": [[9.977766221215186, 53.482547347156476]]}}, {"type": "Feature", "id": "https://gdi-de.github.io/apworkshop2026/ALTW646", "name": "Baum ALTW646 (gdide:ALTW646)", "dateprops": [], "properties": {"http://www.w3.org/2000/01/rdf-schema#label": "Baum ALTW646", "http://rdfs.org/ns/void#inDataset.value": "72757", "http://www.w3.org/2000/01/rdf-schema#comment": "sonst. \u00f6ff. Fl\u00e4chen", "http://www.wikidata.org/prop/direct/P2547.value": "3.0", "http://www.wikidata.org/prop/direct/P2547.unit": "http://www.ontology-of-units-of-measure.org/resource/om-2/meter", "http://www.wikidata.org/prop/direct/P3018": "Altenwerder Logistik", "https://gdi-de.github.io/apworkshop2026/ont#stammdurchmesser.value": "16.0", "https://gdi-de.github.io/apworkshop2026/ont#stammdurchmesser.unit": "http://www.ontology-of-units-of-measure.org/resource/om-2/centimeter"}, "geometry": {"type": "MultiPoint", "coordinates": [[9.917754753749835, 53.51213684289056]]}}, {"type": "Feature", "id": "https://gdi-de.github.io/apworkshop2026/KLGB337", "name": "Baum KLGB337 (gdide:KLGB337)", "dateprops": [], "properties": {"http://www.w3.org/2000/01/rdf-schema#label": "Baum KLGB337", "http://rdfs.org/ns/void#inDataset.value": "72757", "http://www.w3.org/2000/01/rdf-schema#comment": "sonst. \u00f6ff. Fl\u00e4chen", "http://www.wikidata.org/prop/direct/P2547.value": "3.0", "http://www.wikidata.org/prop/direct/P2547.unit": "http://www.ontology-of-units-of-measure.org/resource/om-2/meter", "http://www.wikidata.org/prop/direct/P3018": "Kleiner Grasbrook", "https://gdi-de.github.io/apworkshop2026/ont#stammdurchmesser.value": "16.0", "https://gdi-de.github.io/apworkshop2026/ont#stammdurchmesser.unit": "http://www.ontology-of-units-of-measure.org/resource/om-2/centimeter"}, "geometry": {"type": "MultiPoint", "coordinates": [[9.99071380110195, 53.52619939753859]]}}, {"type": "Feature", "id": "https://gdi-de.github.io/apworkshop2026/REIS558", "name": "Baum REIS558 (gdide:REIS558)", "dateprops": [], "properties": {"http://www.w3.org/2000/01/rdf-schema#label": "Baum REIS558", "http://rdfs.org/ns/void#inDataset.value": "72757", "http://www.w3.org/2000/01/rdf-schema#comment": "sonst. \u00f6ff. Fl\u00e4chen", "http://www.wikidata.org/prop/direct/P2547.value": "5.0", "http://www.wikidata.org/prop/direct/P2547.unit": "http://www.ontology-of-units-of-measure.org/resource/om-2/meter", "http://www.wikidata.org/prop/direct/P3018": "Reiherstieg S\u00fcd", "https://gdi-de.github.io/apworkshop2026/ont#stammdurchmesser.value": "28.0", "https://gdi-de.github.io/apworkshop2026/ont#stammdurchmesser.unit": "http://www.ontology-of-units-of-measure.org/resource/om-2/centimeter"}, "geometry": {"type": "MultiPoint", "coordinates": [[9.983185344099248, 53.503178664357264]]}}, {"type": "Feature", "id": "https://gdi-de.github.io/apworkshop2026/HOHS4", "name": "Baum HOHS4 (gdide:HOHS4)", "dateprops": [], "properties": {"http://www.w3.org/2000/01/rdf-schema#label": "Baum HOHS4", "http://rdfs.org/ns/void#inDataset.value": "72757", "http://www.w3.org/2000/01/rdf-schema#comment": "Stra\u00dfe", "http://www.wikidata.org/prop/direct/P2547.value": "10.0", "http://www.wikidata.org/prop/direct/P2547.unit": "http://www.ontology-of-units-of-measure.org/resource/om-2/meter", "http://www.wikidata.org/prop/direct/P3018": "Hohe Schaar", "https://gdi-de.github.io/apworkshop2026/ont#stammdurchmesser.value": "49.0", "https://gdi-de.github.io/apworkshop2026/ont#stammdurchmesser.unit": "http://www.ontology-of-units-of-measure.org/resource/om-2/centimeter"}, "geometry": {"type": "MultiPoint", "coordinates": [[9.96234901989878, 53.49332725450979]]}}, {"type": "Feature", "id": "https://gdi-de.github.io/apworkshop2026/ALTW633", "name": "Baum ALTW633 (gdide:ALTW633)", "dateprops": [], "properties": {"http://www.w3.org/2000/01/rdf-schema#label": "Baum ALTW633", "http://rdfs.org/ns/void#inDataset.value": "72757", "http://www.w3.org/2000/01/rdf-schema#comment": "sonst. \u00f6ff. Fl\u00e4chen", "http://www.wikidata.org/prop/direct/P2547.value": "4.0", "http://www.wikidata.org/prop/direct/P2547.unit": "http://www.ontology-of-units-of-measure.org/resource/om-2/meter", "http://www.wikidata.org/prop/direct/P3018": "Altenwerder Logistik", "https://gdi-de.github.io/apworkshop2026/ont#stammdurchmesser.value": "25.0", "https://gdi-de.github.io/apworkshop2026/ont#stammdurchmesser.unit": "http://www.ontology-of-units-of-measure.org/resource/om-2/centimeter"}, "geometry": {"type": "MultiPoint", "coordinates": [[9.917457231727735, 53.512163140830836]]}}, {"type": "Feature", "id": "https://gdi-de.github.io/apworkshop2026/KTWK215", "name": "Baum KTWK215 (gdide:KTWK215)", "dateprops": [], "properties": {"http://www.w3.org/2000/01/rdf-schema#label": "Baum KTWK215", "http://rdfs.org/ns/void#inDataset.value": "72757", "http://www.w3.org/2000/01/rdf-schema#comment": "Wasserwirtschaft", "http://www.wikidata.org/prop/direct/P2547.value": "4.0", "http://www.wikidata.org/prop/direct/P2547.unit": "http://www.ontology-of-units-of-measure.org/resource/om-2/meter", "http://www.wikidata.org/prop/direct/P3018": "Kattwyk", "https://gdi-de.github.io/apworkshop2026/ont#stammdurchmesser.value": "27.0", "https://gdi-de.github.io/apworkshop2026/ont#stammdurchmesser.unit": "http://www.ontology-of-units-of-measure.org/resource/om-2/centimeter"}, "geometry": {"type": "MultiPoint", "coordinates": [[9.950472501325267, 53.498868399472485]]}}, {"type": "Feature", "id": "https://gdi-de.github.io/apworkshop2026/WAHF782", "name": "Baum WAHF782 (gdide:WAHF782)", "dateprops": [], "properties": {"http://www.w3.org/2000/01/rdf-schema#label": "Baum WAHF782", "http://rdfs.org/ns/void#inDataset.value": "72757", "http://www.w3.org/2000/01/rdf-schema#comment": "Bahn", "http://www.wikidata.org/prop/direct/P2547.value": "8.0", "http://www.wikidata.org/prop/direct/P2547.unit": "http://www.ontology-of-units-of-measure.org/resource/om-2/meter", "http://www.wikidata.org/prop/direct/P3018": "Waltershof", "https://gdi-de.github.io/apworkshop2026/ont#stammdurchmesser.value": "42.0", "https://gdi-de.github.io/apworkshop2026/ont#stammdurchmesser.unit": "http://www.ontology-of-units-of-measure.org/resource/om-2/centimeter"}, "geometry": {"type": "MultiPoint", "coordinates": [[9.920567801112597, 53.52071608731584]]}}, {"type": "Feature", "id": "https://gdi-de.github.io/apworkshop2026/STWR35", "name": "Baum STWR35 (gdide:STWR35)", "dateprops": [], "properties": {"http://www.w3.org/2000/01/rdf-schema#label": "Baum STWR35", "http://rdfs.org/ns/void#inDataset.value": "72757", "http://www.w3.org/2000/01/rdf-schema#comment": "Stra\u00dfe", "http://www.wikidata.org/prop/direct/P2547.value": "8.0", "http://www.wikidata.org/prop/direct/P2547.unit": "http://www.ontology-of-units-of-measure.org/resource/om-2/meter", "http://www.wikidata.org/prop/direct/P3018": "Steinwerder", "https://gdi-de.github.io/apworkshop2026/ont#stammdurchmesser.value": "61.0", "https://gdi-de.github.io/apworkshop2026/ont#stammdurchmesser.unit": "http://www.ontology-of-units-of-measure.org/resource/om-2/centimeter"}, "geometry": {"type": "MultiPoint", "coordinates": [[9.967005122763663, 53.537428644670115]]}}, {"type": "Feature", "id": "https://gdi-de.github.io/apworkshop2026/WAHF770", "name": "Baum WAHF770 (gdide:WAHF770)", "dateprops": [], "properties": {"http://www.w3.org/2000/01/rdf-schema#label": "Baum WAHF770", "http://rdfs.org/ns/void#inDataset.value": "72757", "http://www.w3.org/2000/01/rdf-schema#comment": "Bahn", "http://www.wikidata.org/prop/direct/P2547.value": "5.0", "http://www.wikidata.org/prop/direct/P2547.unit": "http://www.ontology-of-units-of-measure.org/resource/om-2/meter", "http://www.wikidata.org/prop/direct/P3018": "Waltershof", "https://gdi-de.github.io/apworkshop2026/ont#stammdurchmesser.value": "19.0", "https://gdi-de.github.io/apworkshop2026/ont#stammdurchmesser.unit": "http://www.ontology-of-units-of-measure.org/resource/om-2/centimeter"}, "geometry": {"type": "MultiPoint", "coordinates": [[9.921069195788428, 53.520654737814915]]}}, {"type": "Feature", "id": "https://gdi-de.github.io/apworkshop2026/ROST36", "name": "Baum ROST36 (gdide:ROST36)", "dateprops": [], "properties": {"http://www.w3.org/2000/01/rdf-schema#label": "Baum ROST36", "http://rdfs.org/ns/void#inDataset.value": "72757", "http://www.w3.org/2000/01/rdf-schema#comment": "sonst. \u00f6ff. Fl\u00e4chen", "http://www.wikidata.org/prop/direct/P2547.value": "8.0", "http://www.wikidata.org/prop/direct/P2547.unit": "http://www.ontology-of-units-of-measure.org/resource/om-2/meter", "http://www.wikidata.org/prop/direct/P3018": "Ro\u00df-Terminal", "https://gdi-de.github.io/apworkshop2026/ont#stammdurchmesser.value": "39.0", "https://gdi-de.github.io/apworkshop2026/ont#stammdurchmesser.unit": "http://www.ontology-of-units-of-measure.org/resource/om-2/centimeter"}, "geometry": {"type": "MultiPoint", "coordinates": [[9.94209235160169, 53.52521107577305]]}}, {"type": "Feature", "id": "https://gdi-de.github.io/apworkshop2026/WAHF757", "name": "Baum WAHF757 (gdide:WAHF757)", "dateprops": [], "properties": {"http://www.w3.org/2000/01/rdf-schema#label": "Baum WAHF757", "http://rdfs.org/ns/void#inDataset.value": "72757", "http://www.w3.org/2000/01/rdf-schema#comment": "Bahn", "http://www.wikidata.org/prop/direct/P2547.value": "2.0", "http://www.wikidata.org/prop/direct/P2547.unit": "http://www.ontology-of-units-of-measure.org/resource/om-2/meter", "http://www.wikidata.org/prop/direct/P3018": "Waltershof", "https://gdi-de.github.io/apworkshop2026/ont#stammdurchmesser.value": "13.0", "https://gdi-de.github.io/apworkshop2026/ont#stammdurchmesser.unit": "http://www.ontology-of-units-of-measure.org/resource/om-2/centimeter"}, "geometry": {"type": "MultiPoint", "coordinates": [[9.921146109543054, 53.52056360797962]]}}, {"type": "Feature", "id": "https://gdi-de.github.io/apworkshop2026/STWR240", "name": "Baum STWR240 (gdide:STWR240)", "dateprops": [], "properties": {"http://www.w3.org/2000/01/rdf-schema#label": "Baum STWR240", "http://rdfs.org/ns/void#inDataset.value": "72757", "http://www.w3.org/2000/01/rdf-schema#comment": "sonst. \u00f6ff. Fl\u00e4chen", "http://www.wikidata.org/prop/direct/P2547.value": "6.0", "http://www.wikidata.org/prop/direct/P2547.unit": "http://www.ontology-of-units-of-measure.org/resource/om-2/meter", "http://www.wikidata.org/prop/direct/P3018": "Steinwerder", "https://gdi-de.github.io/apworkshop2026/ont#stammdurchmesser.value": "22.0", "https://gdi-de.github.io/apworkshop2026/ont#stammdurchmesser.unit": "http://www.ontology-of-units-of-measure.org/resource/om-2/centimeter"}, "geometry": {"type": "MultiPoint", "coordinates": [[9.966876304351919, 53.53742224894822]]}}, {"type": "Feature", "id": "https://gdi-de.github.io/apworkshop2026/GZAW629", "name": "Baum GZAW629 (gdide:GZAW629)", "dateprops": [], "properties": {"http://www.w3.org/2000/01/rdf-schema#label": "Baum GZAW629", "http://rdfs.org/ns/void#inDataset.value": "72757", "http://www.w3.org/2000/01/rdf-schema#comment": "sonst. \u00f6ff. Fl\u00e4chen", "http://www.wikidata.org/prop/direct/P2547.value": "6.0", "http://www.wikidata.org/prop/direct/P2547.unit": "http://www.ontology-of-units-of-measure.org/resource/om-2/meter", "http://www.wikidata.org/prop/direct/P3018": "Gr\u00fcnzug Altenwerder", "https://gdi-de.github.io/apworkshop2026/ont#stammdurchmesser.value": "18.0", "https://gdi-de.github.io/apworkshop2026/ont#stammdurchmesser.unit": "http://www.ontology-of-units-of-measure.org/resource/om-2/centimeter"}, "geometry": {"type": "MultiPoint", "coordinates": [[9.91877456617613, 53.503073241821085]]}}, {"type": "Feature", "id": "https://gdi-de.github.io/apworkshop2026/DRHF209", "name": "Baum DRHF209 (gdide:DRHF209)", "dateprops": [], "properties": {"http://www.w3.org/2000/01/rdf-schema#label": "Baum DRHF209", "http://rdfs.org/ns/void#inDataset.value": "72757", "http://www.w3.org/2000/01/rdf-schema#comment": "Stra\u00dfe", "http://www.wikidata.org/prop/direct/P2547.value": "7.0", "http://www.wikidata.org/prop/direct/P2547.unit": "http://www.ontology-of-units-of-measure.org/resource/om-2/meter", "http://www.wikidata.org/prop/direct/P3018": "Dradenauhafen", "https://gdi-de.github.io/apworkshop2026/ont#stammdurchmesser.value": "25.0", "https://gdi-de.github.io/apworkshop2026/ont#stammdurchmesser.unit": "http://www.ontology-of-units-of-measure.org/resource/om-2/centimeter"}, "geometry": {"type": "MultiPoint", "coordinates": [[9.913172411552928, 53.51653678526417]]}}, {"type": "Feature", "id": "https://gdi-de.github.io/apworkshop2026/REIS36", "name": "Baum REIS36 (gdide:REIS36)", "dateprops": [], "properties": {"http://www.w3.org/2000/01/rdf-schema#label": "Baum REIS36", "http://rdfs.org/ns/void#inDataset.value": "72757", "http://www.w3.org/2000/01/rdf-schema#comment": "Stra\u00dfe", "http://www.wikidata.org/prop/direct/P2547.value": "8.0", "http://www.wikidata.org/prop/direct/P2547.unit": "http://www.ontology-of-units-of-measure.org/resource/om-2/meter", "http://www.wikidata.org/prop/direct/P3018": "Reiherstieg S\u00fcd", "https://gdi-de.github.io/apworkshop2026/ont#stammdurchmesser.value": "34.0", "https://gdi-de.github.io/apworkshop2026/ont#stammdurchmesser.unit": "http://www.ontology-of-units-of-measure.org/resource/om-2/centimeter"}, "geometry": {"type": "MultiPoint", "coordinates": [[9.97392369555367, 53.51227441143957]]}}, {"type": "Feature", "id": "https://gdi-de.github.io/apworkshop2026/REIS410", "name": "Baum REIS410 (gdide:REIS410)", "dateprops": [], "properties": {"http://www.w3.org/2000/01/rdf-schema#label": "Baum REIS410", "http://rdfs.org/ns/void#inDataset.value": "72757", "http://www.w3.org/2000/01/rdf-schema#comment": "sonst. \u00f6ff. Fl\u00e4chen", "http://www.wikidata.org/prop/direct/P2547.value": "6.0", "http://www.wikidata.org/prop/direct/P2547.unit": "http://www.ontology-of-units-of-measure.org/resource/om-2/meter", "http://www.wikidata.org/prop/direct/P3018": "Reiherstieg S\u00fcd", "https://gdi-de.github.io/apworkshop2026/ont#stammdurchmesser.value": "29.0", "https://gdi-de.github.io/apworkshop2026/ont#stammdurchmesser.unit": "http://www.ontology-of-units-of-measure.org/resource/om-2/centimeter"}, "geometry": {"type": "MultiPoint", "coordinates": [[9.975741876705577, 53.51163143102133]]}}, {"type": "Feature", "id": "https://gdi-de.github.io/apworkshop2026/STWR72", "name": "Baum STWR72 (gdide:STWR72)", "dateprops": [], "properties": {"http://www.w3.org/2000/01/rdf-schema#label": "Baum STWR72", "http://rdfs.org/ns/void#inDataset.value": "72757", "http://www.w3.org/2000/01/rdf-schema#comment": "Privatgrund", "http://www.wikidata.org/prop/direct/P2547.value": "4.0", "http://www.wikidata.org/prop/direct/P2547.unit": "http://www.ontology-of-units-of-measure.org/resource/om-2/meter", "http://www.wikidata.org/prop/direct/P3018": "Steinwerder", "https://gdi-de.github.io/apworkshop2026/ont#stammdurchmesser.value": "22.0", "https://gdi-de.github.io/apworkshop2026/ont#stammdurchmesser.unit": "http://www.ontology-of-units-of-measure.org/resource/om-2/centimeter"}, "geometry": {"type": "MultiPoint", "coordinates": [[9.966613035091601, 53.539037816033854]]}}, {"type": "Feature", "id": "https://gdi-de.github.io/apworkshop2026/SCHG232", "name": "Baum SCHG232 (gdide:SCHG232)", "dateprops": [], "properties": {"http://www.w3.org/2000/01/rdf-schema#label": "Baum SCHG232", "http://rdfs.org/ns/void#inDataset.value": "72757", "http://www.w3.org/2000/01/rdf-schema#comment": "nan", "http://www.wikidata.org/prop/direct/P2547.value": "8.0", "http://www.wikidata.org/prop/direct/P2547.unit": "http://www.ontology-of-units-of-measure.org/resource/om-2/meter", "http://www.wikidata.org/prop/direct/P3018": "Schluisgrove", "https://gdi-de.github.io/apworkshop2026/ont#stammdurchmesser.value": "41.0", "https://gdi-de.github.io/apworkshop2026/ont#stammdurchmesser.unit": "http://www.ontology-of-units-of-measure.org/resource/om-2/centimeter"}, "geometry": {"type": "MultiPoint", "coordinates": [[9.989688778447007, 53.49155179633851]]}}, {"type": "Feature", "id": "https://gdi-de.github.io/apworkshop2026/ROST210", "name": "Baum ROST210 (gdide:ROST210)", "dateprops": [], "properties": {"http://www.w3.org/2000/01/rdf-schema#label": "Baum ROST210", "http://rdfs.org/ns/void#inDataset.value": "72757", "http://www.w3.org/2000/01/rdf-schema#comment": "Wasserwirtschaft", "http://www.wikidata.org/prop/direct/P2547.value": "6.0", "http://www.wikidata.org/prop/direct/P2547.unit": "http://www.ontology-of-units-of-measure.org/resource/om-2/meter", "http://www.wikidata.org/prop/direct/P3018": "Ro\u00df-Terminal", "https://gdi-de.github.io/apworkshop2026/ont#stammdurchmesser.value": "27.0", "https://gdi-de.github.io/apworkshop2026/ont#stammdurchmesser.unit": "http://www.ontology-of-units-of-measure.org/resource/om-2/centimeter"}, "geometry": {"type": "MultiPoint", "coordinates": [[9.941550784266353, 53.52787930578863]]}}, {"type": "Feature", "id": "https://gdi-de.github.io/apworkshop2026/TATB98", "name": "Baum TATB98 (gdide:TATB98)", "dateprops": [], "properties": {"http://www.w3.org/2000/01/rdf-schema#label": "Baum TATB98", "http://rdfs.org/ns/void#inDataset.value": "72757", "http://www.w3.org/2000/01/rdf-schema#comment": "sonst. \u00f6ff. Fl\u00e4chen", "http://www.wikidata.org/prop/direct/P2547.value": "7.0", "http://www.wikidata.org/prop/direct/P2547.unit": "http://www.ontology-of-units-of-measure.org/resource/om-2/meter", "http://www.wikidata.org/prop/direct/P3018": "Tatenberger Schleuse", "https://gdi-de.github.io/apworkshop2026/ont#stammdurchmesser.value": "33.0", "https://gdi-de.github.io/apworkshop2026/ont#stammdurchmesser.unit": "http://www.ontology-of-units-of-measure.org/resource/om-2/centimeter"}, "geometry": {"type": "MultiPoint", "coordinates": [[10.101323721361702, 53.44356376607658]]}}, {"type": "Feature", "id": "https://gdi-de.github.io/apworkshop2026/BFAS1609", "name": "Baum BFAS1609 (gdide:BFAS1609)", "dateprops": [], "properties": {"http://www.w3.org/2000/01/rdf-schema#label": "Baum BFAS1609", "http://rdfs.org/ns/void#inDataset.value": "72757", "http://www.w3.org/2000/01/rdf-schema#comment": "Bahn", "http://www.wikidata.org/prop/direct/P2547.value": "6.0", "http://www.wikidata.org/prop/direct/P2547.unit": "http://www.ontology-of-units-of-measure.org/resource/om-2/meter", "http://www.wikidata.org/prop/direct/P3018": "Bahnhof Alte S\u00fcderelbe S\u00fcd", "https://gdi-de.github.io/apworkshop2026/ont#stammdurchmesser.value": "25.0", "https://gdi-de.github.io/apworkshop2026/ont#stammdurchmesser.unit": "http://www.ontology-of-units-of-measure.org/resource/om-2/centimeter"}, "geometry": {"type": "MultiPoint", "coordinates": [[9.898583735406218, 53.473355112651795]]}}, {"type": "Feature", "id": "https://gdi-de.github.io/apworkshop2026/RETH177", "name": "Baum RETH177 (gdide:RETH177)", "dateprops": [], "properties": {"http://www.w3.org/2000/01/rdf-schema#label": "Baum RETH177", "http://rdfs.org/ns/void#inDataset.value": "72757", "http://www.w3.org/2000/01/rdf-schema#comment": "sonst. \u00f6ff. Fl\u00e4chen", "http://www.wikidata.org/prop/direct/P2547.value": "13.0", "http://www.wikidata.org/prop/direct/P2547.unit": "http://www.ontology-of-units-of-measure.org/resource/om-2/meter", "http://www.wikidata.org/prop/direct/P3018": "Rethe", "https://gdi-de.github.io/apworkshop2026/ont#stammdurchmesser.value": "68.0", "https://gdi-de.github.io/apworkshop2026/ont#stammdurchmesser.unit": "http://www.ontology-of-units-of-measure.org/resource/om-2/centimeter"}, "geometry": {"type": "MultiPoint", "coordinates": [[9.966312216252408, 53.50674377504284]]}}, {"type": "Feature", "id": "https://gdi-de.github.io/apworkshop2026/HOHS85", "name": "Baum HOHS85 (gdide:HOHS85)", "dateprops": [], "properties": {"http://www.w3.org/2000/01/rdf-schema#label": "Baum HOHS85", "http://rdfs.org/ns/void#inDataset.value": "72757", "http://www.w3.org/2000/01/rdf-schema#comment": "Stra\u00dfe", "http://www.wikidata.org/prop/direct/P2547.value": "7.0", "http://www.wikidata.org/prop/direct/P2547.unit": "http://www.ontology-of-units-of-measure.org/resource/om-2/meter", "http://www.wikidata.org/prop/direct/P3018": "Hohe Schaar", "https://gdi-de.github.io/apworkshop2026/ont#stammdurchmesser.value": "43.0", "https://gdi-de.github.io/apworkshop2026/ont#stammdurchmesser.unit": "http://www.ontology-of-units-of-measure.org/resource/om-2/centimeter"}, "geometry": {"type": "MultiPoint", "coordinates": [[9.96525881581764, 53.4928347813204]]}}, {"type": "Feature", "id": "https://gdi-de.github.io/apworkshop2026/REIS197", "name": "Baum REIS197 (gdide:REIS197)", "dateprops": [], "properties": {"http://www.w3.org/2000/01/rdf-schema#label": "Baum REIS197", "http://rdfs.org/ns/void#inDataset.value": "72757", "http://www.w3.org/2000/01/rdf-schema#comment": "Stra\u00dfe", "http://www.wikidata.org/prop/direct/P2547.value": "8.0", "http://www.wikidata.org/prop/direct/P2547.unit": "http://www.ontology-of-units-of-measure.org/resource/om-2/meter", "http://www.wikidata.org/prop/direct/P3018": "Reiherstieg S\u00fcd", "https://gdi-de.github.io/apworkshop2026/ont#stammdurchmesser.value": "46.0", "https://gdi-de.github.io/apworkshop2026/ont#stammdurchmesser.unit": "http://www.ontology-of-units-of-measure.org/resource/om-2/centimeter"}, "geometry": {"type": "MultiPoint", "coordinates": [[9.973528832087384, 53.5120498720724]]}}, {"type": "Feature", "id": "https://gdi-de.github.io/apworkshop2026/BFAS1743", "name": "Baum BFAS1743 (gdide:BFAS1743)", "dateprops": [], "properties": {"http://www.w3.org/2000/01/rdf-schema#label": "Baum BFAS1743", "http://rdfs.org/ns/void#inDataset.value": "72757", "http://www.w3.org/2000/01/rdf-schema#comment": "Bahn", "http://www.wikidata.org/prop/direct/P2547.value": "4.0", "http://www.wikidata.org/prop/direct/P2547.unit": "http://www.ontology-of-units-of-measure.org/resource/om-2/meter", "http://www.wikidata.org/prop/direct/P3018": "Bahnhof Alte S\u00fcderelbe S\u00fcd", "https://gdi-de.github.io/apworkshop2026/ont#stammdurchmesser.value": "25.0", "https://gdi-de.github.io/apworkshop2026/ont#stammdurchmesser.unit": "http://www.ontology-of-units-of-measure.org/resource/om-2/centimeter"}, "geometry": {"type": "MultiPoint", "coordinates": [[9.900789746215736, 53.472466325187426]]}}, {"type": "Feature", "id": "https://gdi-de.github.io/apworkshop2026/BFASN15", "name": "Baum BFASN15 (gdide:BFASN15)", "dateprops": [], "properties": {"http://www.w3.org/2000/01/rdf-schema#label": "Baum BFASN15", "http://rdfs.org/ns/void#inDataset.value": "72757", "http://www.w3.org/2000/01/rdf-schema#comment": "sonst. \u00f6ff. Fl\u00e4chen", "http://www.wikidata.org/prop/direct/P2547.value": "10.0", "http://www.wikidata.org/prop/direct/P2547.unit": "http://www.ontology-of-units-of-measure.org/resource/om-2/meter", "http://www.wikidata.org/prop/direct/P3018": "Bahnhof Alte S\u00fcderelbe Nord", "https://gdi-de.github.io/apworkshop2026/ont#stammdurchmesser.value": "37.0", "https://gdi-de.github.io/apworkshop2026/ont#stammdurchmesser.unit": "http://www.ontology-of-units-of-measure.org/resource/om-2/centimeter"}, "geometry": {"type": "MultiPoint", "coordinates": [[9.914352725971039, 53.513506562993385]]}}, {"type": "Feature", "id": "https://gdi-de.github.io/apworkshop2026/DRHF443", "name": "Baum DRHF443 (gdide:DRHF443)", "dateprops": [], "properties": {"http://www.w3.org/2000/01/rdf-schema#label": "Baum DRHF443", "http://rdfs.org/ns/void#inDataset.value": "72757", "http://www.w3.org/2000/01/rdf-schema#comment": "sonst. \u00f6ff. Fl\u00e4chen", "http://www.wikidata.org/prop/direct/P2547.value": "4.0", "http://www.wikidata.org/prop/direct/P2547.unit": "http://www.ontology-of-units-of-measure.org/resource/om-2/meter", "http://www.wikidata.org/prop/direct/P3018": "Dradenauhafen", "https://gdi-de.github.io/apworkshop2026/ont#stammdurchmesser.value": "18.0", "https://gdi-de.github.io/apworkshop2026/ont#stammdurchmesser.unit": "http://www.ontology-of-units-of-measure.org/resource/om-2/centimeter"}, "geometry": {"type": "MultiPoint", "coordinates": [[9.902686889281114, 53.51367110249175]]}}, {"type": "Feature", "id": "https://gdi-de.github.io/apworkshop2026/REIS334", "name": "Baum REIS334 (gdide:REIS334)", "dateprops": [], "properties": {"http://www.w3.org/2000/01/rdf-schema#label": "Baum REIS334", "http://rdfs.org/ns/void#inDataset.value": "72757", "http://www.w3.org/2000/01/rdf-schema#comment": "sonst. \u00f6ff. Fl\u00e4chen", "http://www.wikidata.org/prop/direct/P2547.value": "7.0", "http://www.wikidata.org/prop/direct/P2547.unit": "http://www.ontology-of-units-of-measure.org/resource/om-2/meter", "http://www.wikidata.org/prop/direct/P3018": "Reiherstieg S\u00fcd", "https://gdi-de.github.io/apworkshop2026/ont#stammdurchmesser.value": "34.0", "https://gdi-de.github.io/apworkshop2026/ont#stammdurchmesser.unit": "http://www.ontology-of-units-of-measure.org/resource/om-2/centimeter"}, "geometry": {"type": "MultiPoint", "coordinates": [[9.975572759870186, 53.51065299403467]]}}, {"type": "Feature", "id": "https://gdi-de.github.io/apworkshop2026/WAHF403", "name": "Baum WAHF403 (gdide:WAHF403)", "dateprops": [], "properties": {"http://www.w3.org/2000/01/rdf-schema#label": "Baum WAHF403", "http://rdfs.org/ns/void#inDataset.value": "72757", "http://www.w3.org/2000/01/rdf-schema#comment": "sonst. \u00f6ff. Fl\u00e4chen", "http://www.wikidata.org/prop/direct/P2547.value": "8.0", "http://www.wikidata.org/prop/direct/P2547.unit": "http://www.ontology-of-units-of-measure.org/resource/om-2/meter", "http://www.wikidata.org/prop/direct/P3018": "Waltershof", "https://gdi-de.github.io/apworkshop2026/ont#stammdurchmesser.value": "33.0", "https://gdi-de.github.io/apworkshop2026/ont#stammdurchmesser.unit": "http://www.ontology-of-units-of-measure.org/resource/om-2/centimeter"}, "geometry": {"type": "MultiPoint", "coordinates": [[9.931976674715498, 53.52575782390133]]}}, {"type": "Feature", "id": "https://gdi-de.github.io/apworkshop2026/BFASN257", "name": "Baum BFASN257 (gdide:BFASN257)", "dateprops": [], "properties": {"http://www.w3.org/2000/01/rdf-schema#label": "Baum BFASN257", "http://rdfs.org/ns/void#inDataset.value": "72757", "http://www.w3.org/2000/01/rdf-schema#comment": "sonst. \u00f6ff. Fl\u00e4chen", "http://www.wikidata.org/prop/direct/P2547.value": "9.0", "http://www.wikidata.org/prop/direct/P2547.unit": "http://www.ontology-of-units-of-measure.org/resource/om-2/meter", "http://www.wikidata.org/prop/direct/P3018": "Bahnhof Alte S\u00fcderelbe Nord", "https://gdi-de.github.io/apworkshop2026/ont#stammdurchmesser.value": "51.0", "https://gdi-de.github.io/apworkshop2026/ont#stammdurchmesser.unit": "http://www.ontology-of-units-of-measure.org/resource/om-2/centimeter"}, "geometry": {"type": "MultiPoint", "coordinates": [[9.911205217861694, 53.50916199874343]]}}, {"type": "Feature", "id": "https://gdi-de.github.io/apworkshop2026/BFASN37", "name": "Baum BFASN37 (gdide:BFASN37)", "dateprops": [], "properties": {"http://www.w3.org/2000/01/rdf-schema#label": "Baum BFASN37", "http://rdfs.org/ns/void#inDataset.value": "72757", "http://www.w3.org/2000/01/rdf-schema#comment": "Stra\u00dfe", "http://www.wikidata.org/prop/direct/P2547.value": "6.0", "http://www.wikidata.org/prop/direct/P2547.unit": "http://www.ontology-of-units-of-measure.org/resource/om-2/meter", "http://www.wikidata.org/prop/direct/P3018": "Bahnhof Alte S\u00fcderelbe Nord", "https://gdi-de.github.io/apworkshop2026/ont#stammdurchmesser.value": "19.0", "https://gdi-de.github.io/apworkshop2026/ont#stammdurchmesser.unit": "http://www.ontology-of-units-of-measure.org/resource/om-2/centimeter"}, "geometry": {"type": "MultiPoint", "coordinates": [[9.9171305144589, 53.51300563315879]]}}, {"type": "Feature", "id": "https://gdi-de.github.io/apworkshop2026/BFASN117", "name": "Baum BFASN117 (gdide:BFASN117)", "dateprops": [], "properties": {"http://www.w3.org/2000/01/rdf-schema#label": "Baum BFASN117", "http://rdfs.org/ns/void#inDataset.value": "72757", "http://www.w3.org/2000/01/rdf-schema#comment": "Stra\u00dfe", "http://www.wikidata.org/prop/direct/P2547.value": "8.0", "http://www.wikidata.org/prop/direct/P2547.unit": "http://www.ontology-of-units-of-measure.org/resource/om-2/meter", "http://www.wikidata.org/prop/direct/P3018": "Bahnhof Alte S\u00fcderelbe Nord", "https://gdi-de.github.io/apworkshop2026/ont#stammdurchmesser.value": "31.0", "https://gdi-de.github.io/apworkshop2026/ont#stammdurchmesser.unit": "http://www.ontology-of-units-of-measure.org/resource/om-2/centimeter"}, "geometry": {"type": "MultiPoint", "coordinates": [[9.917536400253724, 53.51259787445496]]}}, {"type": "Feature", "id": "https://gdi-de.github.io/apworkshop2026/ROST395", "name": "Baum ROST395 (gdide:ROST395)", "dateprops": [], "properties": {"http://www.w3.org/2000/01/rdf-schema#label": "Baum ROST395", "http://rdfs.org/ns/void#inDataset.value": "72757", "http://www.w3.org/2000/01/rdf-schema#comment": "Bahn", "http://www.wikidata.org/prop/direct/P2547.value": "5.0", "http://www.wikidata.org/prop/direct/P2547.unit": "http://www.ontology-of-units-of-measure.org/resource/om-2/meter", "http://www.wikidata.org/prop/direct/P3018": "Ro\u00df-Terminal", "https://gdi-de.github.io/apworkshop2026/ont#stammdurchmesser.value": "18.0", "https://gdi-de.github.io/apworkshop2026/ont#stammdurchmesser.unit": "http://www.ontology-of-units-of-measure.org/resource/om-2/centimeter"}, "geometry": {"type": "MultiPoint", "coordinates": [[9.950112187064807, 53.5201039982931]]}}, {"type": "Feature", "id": "https://gdi-de.github.io/apworkshop2026/HOHS297", "name": "Baum HOHS297 (gdide:HOHS297)", "dateprops": [], "properties": {"http://www.w3.org/2000/01/rdf-schema#label": "Baum HOHS297", "http://rdfs.org/ns/void#inDataset.value": "72757", "http://www.w3.org/2000/01/rdf-schema#comment": "sonst. \u00f6ff. Fl\u00e4chen", "http://www.wikidata.org/prop/direct/P2547.value": "8.0", "http://www.wikidata.org/prop/direct/P2547.unit": "http://www.ontology-of-units-of-measure.org/resource/om-2/meter", "http://www.wikidata.org/prop/direct/P3018": "Hohe Schaar", "https://gdi-de.github.io/apworkshop2026/ont#stammdurchmesser.value": "61.0", "https://gdi-de.github.io/apworkshop2026/ont#stammdurchmesser.unit": "http://www.ontology-of-units-of-measure.org/resource/om-2/centimeter"}, "geometry": {"type": "MultiPoint", "coordinates": [[9.977921845355006, 53.48237718620532]]}}, {"type": "Feature", "id": "https://gdi-de.github.io/apworkshop2026/HOHS520", "name": "Baum HOHS520 (gdide:HOHS520)", "dateprops": [], "properties": {"http://www.w3.org/2000/01/rdf-schema#label": "Baum HOHS520", "http://rdfs.org/ns/void#inDataset.value": "72757", "http://www.w3.org/2000/01/rdf-schema#comment": "sonst. \u00f6ff. Fl\u00e4chen", "http://www.wikidata.org/prop/direct/P2547.value": "5.0", "http://www.wikidata.org/prop/direct/P2547.unit": "http://www.ontology-of-units-of-measure.org/resource/om-2/meter", "http://www.wikidata.org/prop/direct/P3018": "Hohe Schaar", "https://gdi-de.github.io/apworkshop2026/ont#stammdurchmesser.value": "23.0", "https://gdi-de.github.io/apworkshop2026/ont#stammdurchmesser.unit": "http://www.ontology-of-units-of-measure.org/resource/om-2/centimeter"}, "geometry": {"type": "MultiPoint", "coordinates": [[9.976005334612102, 53.48976616240347]]}}, {"type": "Feature", "id": "https://gdi-de.github.io/apworkshop2026/SAHF344", "name": "Baum SAHF344 (gdide:SAHF344)", "dateprops": [], "properties": {"http://www.w3.org/2000/01/rdf-schema#label": "Baum SAHF344", "http://rdfs.org/ns/void#inDataset.value": "72757", "http://www.w3.org/2000/01/rdf-schema#comment": "sonst. \u00f6ff. Fl\u00e4chen", "http://www.wikidata.org/prop/direct/P2547.value": "6.0", "http://www.wikidata.org/prop/direct/P2547.unit": "http://www.ontology-of-units-of-measure.org/resource/om-2/meter", "http://www.wikidata.org/prop/direct/P3018": "Saalehafen", "https://gdi-de.github.io/apworkshop2026/ont#stammdurchmesser.value": "25.0", "https://gdi-de.github.io/apworkshop2026/ont#stammdurchmesser.unit": "http://www.ontology-of-units-of-measure.org/resource/om-2/centimeter"}, "geometry": {"type": "MultiPoint", "coordinates": [[10.014747849236151, 53.52460500611147]]}}, {"type": "Feature", "id": "https://gdi-de.github.io/apworkshop2026/NHKL136", "name": "Baum NHKL136 (gdide:NHKL136)", "dateprops": [], "properties": {"http://www.w3.org/2000/01/rdf-schema#label": "Baum NHKL136", "http://rdfs.org/ns/void#inDataset.value": "72757", "http://www.w3.org/2000/01/rdf-schema#comment": "sonst. \u00f6ff. Fl\u00e4chen", "http://www.wikidata.org/prop/direct/P2547.value": "5.0", "http://www.wikidata.org/prop/direct/P2547.unit": "http://www.ontology-of-units-of-measure.org/resource/om-2/meter", "http://www.wikidata.org/prop/direct/P3018": "Neuh\u00f6fer Kanal", "https://gdi-de.github.io/apworkshop2026/ont#stammdurchmesser.value": "24.0", "https://gdi-de.github.io/apworkshop2026/ont#stammdurchmesser.unit": "http://www.ontology-of-units-of-measure.org/resource/om-2/centimeter"}, "geometry": {"type": "MultiPoint", "coordinates": [[9.96578661197967, 53.516033722657525]]}}, {"type": "Feature", "id": "https://gdi-de.github.io/apworkshop2026/HOHS118", "name": "Baum HOHS118 (gdide:HOHS118)", "dateprops": [], "properties": {"http://www.w3.org/2000/01/rdf-schema#label": "Baum HOHS118", "http://rdfs.org/ns/void#inDataset.value": "72757", "http://www.w3.org/2000/01/rdf-schema#comment": "Stra\u00dfe", "http://www.wikidata.org/prop/direct/P2547.value": "12.0", "http://www.wikidata.org/prop/direct/P2547.unit": "http://www.ontology-of-units-of-measure.org/resource/om-2/meter", "http://www.wikidata.org/prop/direct/P3018": "Hohe Schaar", "https://gdi-de.github.io/apworkshop2026/ont#stammdurchmesser.value": "46.0", "https://gdi-de.github.io/apworkshop2026/ont#stammdurchmesser.unit": "http://www.ontology-of-units-of-measure.org/resource/om-2/centimeter"}, "geometry": {"type": "MultiPoint", "coordinates": [[9.967408080050658, 53.49247035816697]]}}, {"type": "Feature", "id": "https://gdi-de.github.io/apworkshop2026/HOHS305", "name": "Baum HOHS305 (gdide:HOHS305)", "dateprops": [], "properties": {"http://www.w3.org/2000/01/rdf-schema#label": "Baum HOHS305", "http://rdfs.org/ns/void#inDataset.value": "72757", "http://www.w3.org/2000/01/rdf-schema#comment": "sonst. \u00f6ff. Fl\u00e4chen", "http://www.wikidata.org/prop/direct/P2547.value": "10.0", "http://www.wikidata.org/prop/direct/P2547.unit": "http://www.ontology-of-units-of-measure.org/resource/om-2/meter", "http://www.wikidata.org/prop/direct/P3018": "Hohe Schaar", "https://gdi-de.github.io/apworkshop2026/ont#stammdurchmesser.value": "46.0", "https://gdi-de.github.io/apworkshop2026/ont#stammdurchmesser.unit": "http://www.ontology-of-units-of-measure.org/resource/om-2/centimeter"}, "geometry": {"type": "MultiPoint", "coordinates": [[9.978187602948662, 53.48215077250927]]}}, {"type": "Feature", "id": "https://gdi-de.github.io/apworkshop2026/NHKL133", "name": "Baum NHKL133 (gdide:NHKL133)", "dateprops": [], "properties": {"http://www.w3.org/2000/01/rdf-schema#label": "Baum NHKL133", "http://rdfs.org/ns/void#inDataset.value": "72757", "http://www.w3.org/2000/01/rdf-schema#comment": "sonst. \u00f6ff. Fl\u00e4chen", "http://www.wikidata.org/prop/direct/P2547.value": "7.0", "http://www.wikidata.org/prop/direct/P2547.unit": "http://www.ontology-of-units-of-measure.org/resource/om-2/meter", "http://www.wikidata.org/prop/direct/P3018": "Neuh\u00f6fer Kanal", "https://gdi-de.github.io/apworkshop2026/ont#stammdurchmesser.value": "35.0", "https://gdi-de.github.io/apworkshop2026/ont#stammdurchmesser.unit": "http://www.ontology-of-units-of-measure.org/resource/om-2/centimeter"}, "geometry": {"type": "MultiPoint", "coordinates": [[9.964915713278023, 53.51623089861451]]}}, {"type": "Feature", "id": "https://gdi-de.github.io/apworkshop2026/ROSD141", "name": "Baum ROSD141 (gdide:ROSD141)", "dateprops": [], "properties": {"http://www.w3.org/2000/01/rdf-schema#label": "Baum ROSD141", "http://rdfs.org/ns/void#inDataset.value": "72757", "http://www.w3.org/2000/01/rdf-schema#comment": "Stra\u00dfe", "http://www.wikidata.org/prop/direct/P2547.value": "7.0", "http://www.wikidata.org/prop/direct/P2547.unit": "http://www.ontology-of-units-of-measure.org/resource/om-2/meter", "http://www.wikidata.org/prop/direct/P3018": "Ro\u00dfdamm", "https://gdi-de.github.io/apworkshop2026/ont#stammdurchmesser.value": "42.0", "https://gdi-de.github.io/apworkshop2026/ont#stammdurchmesser.unit": "http://www.ontology-of-units-of-measure.org/resource/om-2/centimeter"}, "geometry": {"type": "MultiPoint", "coordinates": [[9.975468851741272, 53.527593077128095]]}}, {"type": "Feature", "id": "https://gdi-de.github.io/apworkshop2026/REIS85", "name": "Baum REIS85 (gdide:REIS85)", "dateprops": [], "properties": {"http://www.w3.org/2000/01/rdf-schema#label": "Baum REIS85", "http://rdfs.org/ns/void#inDataset.value": "72757", "http://www.w3.org/2000/01/rdf-schema#comment": "Stra\u00dfe", "http://www.wikidata.org/prop/direct/P2547.value": "9.0", "http://www.wikidata.org/prop/direct/P2547.unit": "http://www.ontology-of-units-of-measure.org/resource/om-2/meter", "http://www.wikidata.org/prop/direct/P3018": "Reiherstieg S\u00fcd", "https://gdi-de.github.io/apworkshop2026/ont#stammdurchmesser.value": "36.0", "https://gdi-de.github.io/apworkshop2026/ont#stammdurchmesser.unit": "http://www.ontology-of-units-of-measure.org/resource/om-2/centimeter"}, "geometry": {"type": "MultiPoint", "coordinates": [[9.975855504605864, 53.511949647878915]]}}, {"type": "Feature", "id": "https://gdi-de.github.io/apworkshop2026/VEDL227", "name": "Baum VEDL227 (gdide:VEDL227)", "dateprops": [], "properties": {"http://www.w3.org/2000/01/rdf-schema#label": "Baum VEDL227", "http://rdfs.org/ns/void#inDataset.value": "72757", "http://www.w3.org/2000/01/rdf-schema#comment": "Stra\u00dfe", "http://www.wikidata.org/prop/direct/P2547.value": "10.0", "http://www.wikidata.org/prop/direct/P2547.unit": "http://www.ontology-of-units-of-measure.org/resource/om-2/meter", "http://www.wikidata.org/prop/direct/P3018": "Veddel", "https://gdi-de.github.io/apworkshop2026/ont#stammdurchmesser.value": "68.0", "https://gdi-de.github.io/apworkshop2026/ont#stammdurchmesser.unit": "http://www.ontology-of-units-of-measure.org/resource/om-2/centimeter"}, "geometry": {"type": "MultiPoint", "coordinates": [[10.045824814961984, 53.517808193121475]]}}, {"type": "Feature", "id": "https://gdi-de.github.io/apworkshop2026/WAHF410", "name": "Baum WAHF410 (gdide:WAHF410)", "dateprops": [], "properties": {"http://www.w3.org/2000/01/rdf-schema#label": "Baum WAHF410", "http://rdfs.org/ns/void#inDataset.value": "72757", "http://www.w3.org/2000/01/rdf-schema#comment": "sonst. \u00f6ff. Fl\u00e4chen", "http://www.wikidata.org/prop/direct/P2547.value": "6.0", "http://www.wikidata.org/prop/direct/P2547.unit": "http://www.ontology-of-units-of-measure.org/resource/om-2/meter", "http://www.wikidata.org/prop/direct/P3018": "Waltershof", "https://gdi-de.github.io/apworkshop2026/ont#stammdurchmesser.value": "27.0", "https://gdi-de.github.io/apworkshop2026/ont#stammdurchmesser.unit": "http://www.ontology-of-units-of-measure.org/resource/om-2/centimeter"}, "geometry": {"type": "MultiPoint", "coordinates": [[9.931952033927258, 53.525816378464455]]}}, {"type": "Feature", "id": "https://gdi-de.github.io/apworkshop2026/REIS320", "name": "Baum REIS320 (gdide:REIS320)", "dateprops": [], "properties": {"http://www.w3.org/2000/01/rdf-schema#label": "Baum REIS320", "http://rdfs.org/ns/void#inDataset.value": "72757", "http://www.w3.org/2000/01/rdf-schema#comment": "sonst. \u00f6ff. Fl\u00e4chen", "http://www.wikidata.org/prop/direct/P2547.value": "7.0", "http://www.wikidata.org/prop/direct/P2547.unit": "http://www.ontology-of-units-of-measure.org/resource/om-2/meter", "http://www.wikidata.org/prop/direct/P3018": "Reiherstieg S\u00fcd", "https://gdi-de.github.io/apworkshop2026/ont#stammdurchmesser.value": "27.0", "https://gdi-de.github.io/apworkshop2026/ont#stammdurchmesser.unit": "http://www.ontology-of-units-of-measure.org/resource/om-2/centimeter"}, "geometry": {"type": "MultiPoint", "coordinates": [[9.975591058552524, 53.51035354485259]]}}, {"type": "Feature", "id": "https://gdi-de.github.io/apworkshop2026/WAHF779", "name": "Baum WAHF779 (gdide:WAHF779)", "dateprops": [], "properties": {"http://www.w3.org/2000/01/rdf-schema#label": "Baum WAHF779", "http://rdfs.org/ns/void#inDataset.value": "72757", "http://www.w3.org/2000/01/rdf-schema#comment": "Bahn", "http://www.wikidata.org/prop/direct/P2547.value": "6.0", "http://www.wikidata.org/prop/direct/P2547.unit": "http://www.ontology-of-units-of-measure.org/resource/om-2/meter", "http://www.wikidata.org/prop/direct/P3018": "Waltershof", "https://gdi-de.github.io/apworkshop2026/ont#stammdurchmesser.value": "19.0", "https://gdi-de.github.io/apworkshop2026/ont#stammdurchmesser.unit": "http://www.ontology-of-units-of-measure.org/resource/om-2/centimeter"}, "geometry": {"type": "MultiPoint", "coordinates": [[9.92064764337505, 53.52065601426144]]}}, {"type": "Feature", "id": "https://gdi-de.github.io/apworkshop2026/DRHF211", "name": "Baum DRHF211 (gdide:DRHF211)", "dateprops": [], "properties": {"http://www.w3.org/2000/01/rdf-schema#label": "Baum DRHF211", "http://rdfs.org/ns/void#inDataset.value": "72757", "http://www.w3.org/2000/01/rdf-schema#comment": "Stra\u00dfe", "http://www.wikidata.org/prop/direct/P2547.value": "6.0", "http://www.wikidata.org/prop/direct/P2547.unit": "http://www.ontology-of-units-of-measure.org/resource/om-2/meter", "http://www.wikidata.org/prop/direct/P3018": "Dradenauhafen", "https://gdi-de.github.io/apworkshop2026/ont#stammdurchmesser.value": "27.0", "https://gdi-de.github.io/apworkshop2026/ont#stammdurchmesser.unit": "http://www.ontology-of-units-of-measure.org/resource/om-2/centimeter"}, "geometry": {"type": "MultiPoint", "coordinates": [[9.913122617936732, 53.51649130941496]]}}, {"type": "Feature", "id": "https://gdi-de.github.io/apworkshop2026/WAHF767", "name": "Baum WAHF767 (gdide:WAHF767)", "dateprops": [], "properties": {"http://www.w3.org/2000/01/rdf-schema#label": "Baum WAHF767", "http://rdfs.org/ns/void#inDataset.value": "72757", "http://www.w3.org/2000/01/rdf-schema#comment": "Bahn", "http://www.wikidata.org/prop/direct/P2547.value": "4.0", "http://www.wikidata.org/prop/direct/P2547.unit": "http://www.ontology-of-units-of-measure.org/resource/om-2/meter", "http://www.wikidata.org/prop/direct/P3018": "Waltershof", "https://gdi-de.github.io/apworkshop2026/ont#stammdurchmesser.value": "22.0", "https://gdi-de.github.io/apworkshop2026/ont#stammdurchmesser.unit": "http://www.ontology-of-units-of-measure.org/resource/om-2/centimeter"}, "geometry": {"type": "MultiPoint", "coordinates": [[9.921097699332394, 53.520669270076105]]}}, {"type": "Feature", "id": "https://gdi-de.github.io/apworkshop2026/WAHF294", "name": "Baum WAHF294 (gdide:WAHF294)", "dateprops": [], "properties": {"http://www.w3.org/2000/01/rdf-schema#label": "Baum WAHF294", "http://rdfs.org/ns/void#inDataset.value": "72757", "http://www.w3.org/2000/01/rdf-schema#comment": "sonst. \u00f6ff. Fl\u00e4chen", "http://www.wikidata.org/prop/direct/P2547.value": "5.0", "http://www.wikidata.org/prop/direct/P2547.unit": "http://www.ontology-of-units-of-measure.org/resource/om-2/meter", "http://www.wikidata.org/prop/direct/P3018": "Waltershof", "https://gdi-de.github.io/apworkshop2026/ont#stammdurchmesser.value": "18.0", "https://gdi-de.github.io/apworkshop2026/ont#stammdurchmesser.unit": "http://www.ontology-of-units-of-measure.org/resource/om-2/centimeter"}, "geometry": {"type": "MultiPoint", "coordinates": [[9.928291264397176, 53.51920061594494]]}}, {"type": "Feature", "id": "https://gdi-de.github.io/apworkshop2026/VEDL233", "name": "Baum VEDL233 (gdide:VEDL233)", "dateprops": [], "properties": {"http://www.w3.org/2000/01/rdf-schema#label": "Baum VEDL233", "http://rdfs.org/ns/void#inDataset.value": "72757", "http://www.w3.org/2000/01/rdf-schema#comment": "Stra\u00dfe", "http://www.wikidata.org/prop/direct/P2547.value": "8.0", "http://www.wikidata.org/prop/direct/P2547.unit": "http://www.ontology-of-units-of-measure.org/resource/om-2/meter", "http://www.wikidata.org/prop/direct/P3018": "Veddel", "https://gdi-de.github.io/apworkshop2026/ont#stammdurchmesser.value": "51.0", "https://gdi-de.github.io/apworkshop2026/ont#stammdurchmesser.unit": "http://www.ontology-of-units-of-measure.org/resource/om-2/centimeter"}, "geometry": {"type": "MultiPoint", "coordinates": [[10.046463247634408, 53.51758979337157]]}}, {"type": "Feature", "id": "https://gdi-de.github.io/apworkshop2026/HOHS888", "name": "Baum HOHS888 (gdide:HOHS888)", "dateprops": [], "properties": {"http://www.w3.org/2000/01/rdf-schema#label": "Baum HOHS888", "http://rdfs.org/ns/void#inDataset.value": "72757", "http://www.w3.org/2000/01/rdf-schema#comment": "sonst. \u00f6ff. Fl\u00e4chen", "http://www.wikidata.org/prop/direct/P2547.value": "4.0", "http://www.wikidata.org/prop/direct/P2547.unit": "http://www.ontology-of-units-of-measure.org/resource/om-2/meter", "http://www.wikidata.org/prop/direct/P3018": "Hohe Schaar", "https://gdi-de.github.io/apworkshop2026/ont#stammdurchmesser.value": "21.0", "https://gdi-de.github.io/apworkshop2026/ont#stammdurchmesser.unit": "http://www.ontology-of-units-of-measure.org/resource/om-2/centimeter"}, "geometry": {"type": "MultiPoint", "coordinates": [[9.978075151841395, 53.48219316870614]]}}, {"type": "Feature", "id": "https://gdi-de.github.io/apworkshop2026/HOHS22", "name": "Baum HOHS22 (gdide:HOHS22)", "dateprops": [], "properties": {"http://www.w3.org/2000/01/rdf-schema#label": "Baum HOHS22", "http://rdfs.org/ns/void#inDataset.value": "72757", "http://www.w3.org/2000/01/rdf-schema#comment": "Stra\u00dfe", "http://www.wikidata.org/prop/direct/P2547.value": "10.0", "http://www.wikidata.org/prop/direct/P2547.unit": "http://www.ontology-of-units-of-measure.org/resource/om-2/meter", "http://www.wikidata.org/prop/direct/P3018": "Hohe Schaar", "https://gdi-de.github.io/apworkshop2026/ont#stammdurchmesser.value": "42.0", "https://gdi-de.github.io/apworkshop2026/ont#stammdurchmesser.unit": "http://www.ontology-of-units-of-measure.org/resource/om-2/centimeter"}, "geometry": {"type": "MultiPoint", "coordinates": [[9.959197792764158, 53.493865895522426]]}}, {"type": "Feature", "id": "https://gdi-de.github.io/apworkshop2026/BFASN99", "name": "Baum BFASN99 (gdide:BFASN99)", "dateprops": [], "properties": {"http://www.w3.org/2000/01/rdf-schema#label": "Baum BFASN99", "http://rdfs.org/ns/void#inDataset.value": "72757", "http://www.w3.org/2000/01/rdf-schema#comment": "sonst. \u00f6ff. Fl\u00e4chen", "http://www.wikidata.org/prop/direct/P2547.value": "7.0", "http://www.wikidata.org/prop/direct/P2547.unit": "http://www.ontology-of-units-of-measure.org/resource/om-2/meter", "http://www.wikidata.org/prop/direct/P3018": "Bahnhof Alte S\u00fcderelbe Nord", "https://gdi-de.github.io/apworkshop2026/ont#stammdurchmesser.value": "30.0", "https://gdi-de.github.io/apworkshop2026/ont#stammdurchmesser.unit": "http://www.ontology-of-units-of-measure.org/resource/om-2/centimeter"}, "geometry": {"type": "MultiPoint", "coordinates": [[9.910839765237808, 53.51320755597017]]}}, {"type": "Feature", "id": "https://gdi-de.github.io/apworkshop2026/WAHF702", "name": "Baum WAHF702 (gdide:WAHF702)", "dateprops": [], "properties": {"http://www.w3.org/2000/01/rdf-schema#label": "Baum WAHF702", "http://rdfs.org/ns/void#inDataset.value": "72757", "http://www.w3.org/2000/01/rdf-schema#comment": "Privatgrund", "http://www.wikidata.org/prop/direct/P2547.value": "5.0", "http://www.wikidata.org/prop/direct/P2547.unit": "http://www.ontology-of-units-of-measure.org/resource/om-2/meter", "http://www.wikidata.org/prop/direct/P3018": "Waltershof", "https://gdi-de.github.io/apworkshop2026/ont#stammdurchmesser.value": "43.0", "https://gdi-de.github.io/apworkshop2026/ont#stammdurchmesser.unit": "http://www.ontology-of-units-of-measure.org/resource/om-2/centimeter"}, "geometry": {"type": "MultiPoint", "coordinates": [[9.921314831119718, 53.52062394820428]]}}, {"type": "Feature", "id": "https://gdi-de.github.io/apworkshop2026/WAHF762", "name": "Baum WAHF762 (gdide:WAHF762)", "dateprops": [], "properties": {"http://www.w3.org/2000/01/rdf-schema#label": "Baum WAHF762", "http://rdfs.org/ns/void#inDataset.value": "72757", "http://www.w3.org/2000/01/rdf-schema#comment": "Bahn", "http://www.wikidata.org/prop/direct/P2547.value": "4.0", "http://www.wikidata.org/prop/direct/P2547.unit": "http://www.ontology-of-units-of-measure.org/resource/om-2/meter", "http://www.wikidata.org/prop/direct/P3018": "Waltershof", "https://gdi-de.github.io/apworkshop2026/ont#stammdurchmesser.value": "17.0", "https://gdi-de.github.io/apworkshop2026/ont#stammdurchmesser.unit": "http://www.ontology-of-units-of-measure.org/resource/om-2/centimeter"}, "geometry": {"type": "MultiPoint", "coordinates": [[9.921177721257903, 53.52063564986119]]}}, {"type": "Feature", "id": "https://gdi-de.github.io/apworkshop2026/BFASN3", "name": "Baum BFASN3 (gdide:BFASN3)", "dateprops": [], "properties": {"http://www.w3.org/2000/01/rdf-schema#label": "Baum BFASN3", "http://rdfs.org/ns/void#inDataset.value": "72757", "http://www.w3.org/2000/01/rdf-schema#comment": "sonst. \u00f6ff. Fl\u00e4chen", "http://www.wikidata.org/prop/direct/P2547.value": "6.0", "http://www.wikidata.org/prop/direct/P2547.unit": "http://www.ontology-of-units-of-measure.org/resource/om-2/meter", "http://www.wikidata.org/prop/direct/P3018": "Bahnhof Alte S\u00fcderelbe Nord", "https://gdi-de.github.io/apworkshop2026/ont#stammdurchmesser.value": "33.0", "https://gdi-de.github.io/apworkshop2026/ont#stammdurchmesser.unit": "http://www.ontology-of-units-of-measure.org/resource/om-2/centimeter"}, "geometry": {"type": "MultiPoint", "coordinates": [[9.913083586137635, 53.51316782424358]]}}, {"type": "Feature", "id": "https://gdi-de.github.io/apworkshop2026/REIN287", "name": "Baum REIN287 (gdide:REIN287)", "dateprops": [], "properties": {"http://www.w3.org/2000/01/rdf-schema#label": "Baum REIN287", "http://rdfs.org/ns/void#inDataset.value": "72757", "http://www.w3.org/2000/01/rdf-schema#comment": "sonst. \u00f6ff. Fl\u00e4chen", "http://www.wikidata.org/prop/direct/P2547.value": "6.0", "http://www.wikidata.org/prop/direct/P2547.unit": "http://www.ontology-of-units-of-measure.org/resource/om-2/meter", "http://www.wikidata.org/prop/direct/P3018": "Reiherstieg Nord", "https://gdi-de.github.io/apworkshop2026/ont#stammdurchmesser.value": "28.0", "https://gdi-de.github.io/apworkshop2026/ont#stammdurchmesser.unit": "http://www.ontology-of-units-of-measure.org/resource/om-2/centimeter"}, "geometry": {"type": "MultiPoint", "coordinates": [[9.978523150656738, 53.51769979990135]]}}, {"type": "Feature", "id": "https://gdi-de.github.io/apworkshop2026/ROST393", "name": "Baum ROST393 (gdide:ROST393)", "dateprops": [], "properties": {"http://www.w3.org/2000/01/rdf-schema#label": "Baum ROST393", "http://rdfs.org/ns/void#inDataset.value": "72757", "http://www.w3.org/2000/01/rdf-schema#comment": "Bahn", "http://www.wikidata.org/prop/direct/P2547.value": "2.5", "http://www.wikidata.org/prop/direct/P2547.unit": "http://www.ontology-of-units-of-measure.org/resource/om-2/meter", "http://www.wikidata.org/prop/direct/P3018": "Ro\u00df-Terminal", "https://gdi-de.github.io/apworkshop2026/ont#stammdurchmesser.value": "21.0", "https://gdi-de.github.io/apworkshop2026/ont#stammdurchmesser.unit": "http://www.ontology-of-units-of-measure.org/resource/om-2/centimeter"}, "geometry": {"type": "MultiPoint", "coordinates": [[9.950550016951134, 53.520014186465865]]}}, {"type": "Feature", "id": "https://gdi-de.github.io/apworkshop2026/STWR239", "name": "Baum STWR239 (gdide:STWR239)", "dateprops": [], "properties": {"http://www.w3.org/2000/01/rdf-schema#label": "Baum STWR239", "http://rdfs.org/ns/void#inDataset.value": "72757", "http://www.w3.org/2000/01/rdf-schema#comment": "sonst. \u00f6ff. Fl\u00e4chen", "http://www.wikidata.org/prop/direct/P2547.value": "7.0", "http://www.wikidata.org/prop/direct/P2547.unit": "http://www.ontology-of-units-of-measure.org/resource/om-2/meter", "http://www.wikidata.org/prop/direct/P3018": "Steinwerder", "https://gdi-de.github.io/apworkshop2026/ont#stammdurchmesser.value": "23.0", "https://gdi-de.github.io/apworkshop2026/ont#stammdurchmesser.unit": "http://www.ontology-of-units-of-measure.org/resource/om-2/centimeter"}, "geometry": {"type": "MultiPoint", "coordinates": [[9.966588888376766, 53.53752620333318]]}}, {"type": "Feature", "id": "https://gdi-de.github.io/apworkshop2026/REIS525", "name": "Baum REIS525 (gdide:REIS525)", "dateprops": [], "properties": {"http://www.w3.org/2000/01/rdf-schema#label": "Baum REIS525", "http://rdfs.org/ns/void#inDataset.value": "72757", "http://www.w3.org/2000/01/rdf-schema#comment": "sonst. \u00f6ff. Fl\u00e4chen", "http://www.wikidata.org/prop/direct/P2547.value": "7.0", "http://www.wikidata.org/prop/direct/P2547.unit": "http://www.ontology-of-units-of-measure.org/resource/om-2/meter", "http://www.wikidata.org/prop/direct/P3018": "Reiherstieg S\u00fcd", "https://gdi-de.github.io/apworkshop2026/ont#stammdurchmesser.value": "37.0", "https://gdi-de.github.io/apworkshop2026/ont#stammdurchmesser.unit": "http://www.ontology-of-units-of-measure.org/resource/om-2/centimeter"}, "geometry": {"type": "MultiPoint", "coordinates": [[9.979849971314536, 53.50225920174785]]}}, {"type": "Feature", "id": "https://gdi-de.github.io/apworkshop2026/ROST389", "name": "Baum ROST389 (gdide:ROST389)", "dateprops": [], "properties": {"http://www.w3.org/2000/01/rdf-schema#label": "Baum ROST389", "http://rdfs.org/ns/void#inDataset.value": "72757", "http://www.w3.org/2000/01/rdf-schema#comment": "Bahn", "http://www.wikidata.org/prop/direct/P2547.value": "7.0", "http://www.wikidata.org/prop/direct/P2547.unit": "http://www.ontology-of-units-of-measure.org/resource/om-2/meter", "http://www.wikidata.org/prop/direct/P3018": "Ro\u00df-Terminal", "https://gdi-de.github.io/apworkshop2026/ont#stammdurchmesser.value": "30.0", "https://gdi-de.github.io/apworkshop2026/ont#stammdurchmesser.unit": "http://www.ontology-of-units-of-measure.org/resource/om-2/centimeter"}, "geometry": {"type": "MultiPoint", "coordinates": [[9.95031919483888, 53.520094918847285]]}}, {"type": "Feature", "id": "https://gdi-de.github.io/apworkshop2026/HOHS293", "name": "Baum HOHS293 (gdide:HOHS293)", "dateprops": [], "properties": {"http://www.w3.org/2000/01/rdf-schema#label": "Baum HOHS293", "http://rdfs.org/ns/void#inDataset.value": "72757", "http://www.w3.org/2000/01/rdf-schema#comment": "Bahn", "http://www.wikidata.org/prop/direct/P2547.value": "7.0", "http://www.wikidata.org/prop/direct/P2547.unit": "http://www.ontology-of-units-of-measure.org/resource/om-2/meter", "http://www.wikidata.org/prop/direct/P3018": "Hohe Schaar", "https://gdi-de.github.io/apworkshop2026/ont#stammdurchmesser.value": "33.0", "https://gdi-de.github.io/apworkshop2026/ont#stammdurchmesser.unit": "http://www.ontology-of-units-of-measure.org/resource/om-2/centimeter"}, "geometry": {"type": "MultiPoint", "coordinates": [[9.977520630799662, 53.48275354718835]]}}, {"type": "Feature", "id": "https://gdi-de.github.io/apworkshop2026/REIS310", "name": "Baum REIS310 (gdide:REIS310)", "dateprops": [], "properties": {"http://www.w3.org/2000/01/rdf-schema#label": "Baum REIS310", "http://rdfs.org/ns/void#inDataset.value": "72757", "http://www.w3.org/2000/01/rdf-schema#comment": "sonst. \u00f6ff. Fl\u00e4chen", "http://www.wikidata.org/prop/direct/P2547.value": "7.0", "http://www.wikidata.org/prop/direct/P2547.unit": "http://www.ontology-of-units-of-measure.org/resource/om-2/meter", "http://www.wikidata.org/prop/direct/P3018": "Reiherstieg S\u00fcd", "https://gdi-de.github.io/apworkshop2026/ont#stammdurchmesser.value": "37.0", "https://gdi-de.github.io/apworkshop2026/ont#stammdurchmesser.unit": "http://www.ontology-of-units-of-measure.org/resource/om-2/centimeter"}, "geometry": {"type": "MultiPoint", "coordinates": [[9.975606815002608, 53.510205884188906]]}}, {"type": "Feature", "id": "https://gdi-de.github.io/apworkshop2026/REIS413", "name": "Baum REIS413 (gdide:REIS413)", "dateprops": [], "properties": {"http://www.w3.org/2000/01/rdf-schema#label": "Baum REIS413", "http://rdfs.org/ns/void#inDataset.value": "72757", "http://www.w3.org/2000/01/rdf-schema#comment": "sonst. \u00f6ff. Fl\u00e4chen", "http://www.wikidata.org/prop/direct/P2547.value": "4.0", "http://www.wikidata.org/prop/direct/P2547.unit": "http://www.ontology-of-units-of-measure.org/resource/om-2/meter", "http://www.wikidata.org/prop/direct/P3018": "Reiherstieg S\u00fcd", "https://gdi-de.github.io/apworkshop2026/ont#stammdurchmesser.value": "14.0", "https://gdi-de.github.io/apworkshop2026/ont#stammdurchmesser.unit": "http://www.ontology-of-units-of-measure.org/resource/om-2/centimeter"}, "geometry": {"type": "MultiPoint", "coordinates": [[9.973730243357235, 53.51192443420801]]}}, {"type": "Feature", "id": "https://gdi-de.github.io/apworkshop2026/ALTW641", "name": "Baum ALTW641 (gdide:ALTW641)", "dateprops": [], "properties": {"http://www.w3.org/2000/01/rdf-schema#label": "Baum ALTW641", "http://rdfs.org/ns/void#inDataset.value": "72757", "http://www.w3.org/2000/01/rdf-schema#comment": "sonst. \u00f6ff. Fl\u00e4chen", "http://www.wikidata.org/prop/direct/P2547.value": "4.0", "http://www.wikidata.org/prop/direct/P2547.unit": "http://www.ontology-of-units-of-measure.org/resource/om-2/meter", "http://www.wikidata.org/prop/direct/P3018": "Altenwerder Logistik", "https://gdi-de.github.io/apworkshop2026/ont#stammdurchmesser.value": "21.0", "https://gdi-de.github.io/apworkshop2026/ont#stammdurchmesser.unit": "http://www.ontology-of-units-of-measure.org/resource/om-2/centimeter"}, "geometry": {"type": "MultiPoint", "coordinates": [[9.91765552584355, 53.512130470057976]]}}, {"type": "Feature", "id": "https://gdi-de.github.io/apworkshop2026/BFASN16", "name": "Baum BFASN16 (gdide:BFASN16)", "dateprops": [], "properties": {"http://www.w3.org/2000/01/rdf-schema#label": "Baum BFASN16", "http://rdfs.org/ns/void#inDataset.value": "72757", "http://www.w3.org/2000/01/rdf-schema#comment": "sonst. \u00f6ff. Fl\u00e4chen", "http://www.wikidata.org/prop/direct/P2547.value": "8.0", "http://www.wikidata.org/prop/direct/P2547.unit": "http://www.ontology-of-units-of-measure.org/resource/om-2/meter", "http://www.wikidata.org/prop/direct/P3018": "Bahnhof Alte S\u00fcderelbe Nord", "https://gdi-de.github.io/apworkshop2026/ont#stammdurchmesser.value": "35.0", "https://gdi-de.github.io/apworkshop2026/ont#stammdurchmesser.unit": "http://www.ontology-of-units-of-measure.org/resource/om-2/centimeter"}, "geometry": {"type": "MultiPoint", "coordinates": [[9.914374177740024, 53.51348881792345]]}}, {"type": "Feature", "id": "https://gdi-de.github.io/apworkshop2026/BFASN250", "name": "Baum BFASN250 (gdide:BFASN250)", "dateprops": [], "properties": {"http://www.w3.org/2000/01/rdf-schema#label": "Baum BFASN250", "http://rdfs.org/ns/void#inDataset.value": "72757", "http://www.w3.org/2000/01/rdf-schema#comment": "sonst. \u00f6ff. Fl\u00e4chen", "http://www.wikidata.org/prop/direct/P2547.value": "6.0", "http://www.wikidata.org/prop/direct/P2547.unit": "http://www.ontology-of-units-of-measure.org/resource/om-2/meter", "http://www.wikidata.org/prop/direct/P3018": "Bahnhof Alte S\u00fcderelbe Nord", "https://gdi-de.github.io/apworkshop2026/ont#stammdurchmesser.value": "32.0", "https://gdi-de.github.io/apworkshop2026/ont#stammdurchmesser.unit": "http://www.ontology-of-units-of-measure.org/resource/om-2/centimeter"}, "geometry": {"type": "MultiPoint", "coordinates": [[9.91125733811448, 53.50929344943183]]}}, {"type": "Feature", "id": "https://gdi-de.github.io/apworkshop2026/HOHS509", "name": "Baum HOHS509 (gdide:HOHS509)", "dateprops": [], "properties": {"http://www.w3.org/2000/01/rdf-schema#label": "Baum HOHS509", "http://rdfs.org/ns/void#inDataset.value": "72757", "http://www.w3.org/2000/01/rdf-schema#comment": "sonst. \u00f6ff. Fl\u00e4chen", "http://www.wikidata.org/prop/direct/P2547.value": "6.0", "http://www.wikidata.org/prop/direct/P2547.unit": "http://www.ontology-of-units-of-measure.org/resource/om-2/meter", "http://www.wikidata.org/prop/direct/P3018": "Hohe Schaar", "https://gdi-de.github.io/apworkshop2026/ont#stammdurchmesser.value": "31.0", "https://gdi-de.github.io/apworkshop2026/ont#stammdurchmesser.unit": "http://www.ontology-of-units-of-measure.org/resource/om-2/centimeter"}, "geometry": {"type": "MultiPoint", "coordinates": [[9.975767676320535, 53.48958659702023]]}}, {"type": "Feature", "id": "https://gdi-de.github.io/apworkshop2026/REIS231", "name": "Baum REIS231 (gdide:REIS231)", "dateprops": [], "properties": {"http://www.w3.org/2000/01/rdf-schema#label": "Baum REIS231", "http://rdfs.org/ns/void#inDataset.value": "72757", "http://www.w3.org/2000/01/rdf-schema#comment": "Bezirksamt", "http://www.wikidata.org/prop/direct/P2547.value": "7.0", "http://www.wikidata.org/prop/direct/P2547.unit": "http://www.ontology-of-units-of-measure.org/resource/om-2/meter", "http://www.wikidata.org/prop/direct/P3018": "Reiherstieg S\u00fcd", "https://gdi-de.github.io/apworkshop2026/ont#stammdurchmesser.value": "25.0", "https://gdi-de.github.io/apworkshop2026/ont#stammdurchmesser.unit": "http://www.ontology-of-units-of-measure.org/resource/om-2/centimeter"}, "geometry": {"type": "MultiPoint", "coordinates": [[9.975400364184011, 53.50771366894394]]}}, {"type": "Feature", "id": "https://gdi-de.github.io/apworkshop2026/ALTW648", "name": "Baum ALTW648 (gdide:ALTW648)", "dateprops": [], "properties": {"http://www.w3.org/2000/01/rdf-schema#label": "Baum ALTW648", "http://rdfs.org/ns/void#inDataset.value": "72757", "http://www.w3.org/2000/01/rdf-schema#comment": "sonst. \u00f6ff. Fl\u00e4chen", "http://www.wikidata.org/prop/direct/P2547.value": "2.0", "http://www.wikidata.org/prop/direct/P2547.unit": "http://www.ontology-of-units-of-measure.org/resource/om-2/meter", "http://www.wikidata.org/prop/direct/P3018": "Altenwerder Logistik", "https://gdi-de.github.io/apworkshop2026/ont#stammdurchmesser.value": "11.0", "https://gdi-de.github.io/apworkshop2026/ont#stammdurchmesser.unit": "http://www.ontology-of-units-of-measure.org/resource/om-2/centimeter"}, "geometry": {"type": "MultiPoint", "coordinates": [[9.917816998015871, 53.51212447115433]]}}, {"type": "Feature", "id": "https://gdi-de.github.io/apworkshop2026/RETH237", "name": "Baum RETH237 (gdide:RETH237)", "dateprops": [], "properties": {"http://www.w3.org/2000/01/rdf-schema#label": "Baum RETH237", "http://rdfs.org/ns/void#inDataset.value": "72757", "http://www.w3.org/2000/01/rdf-schema#comment": "sonst. \u00f6ff. Fl\u00e4chen", "http://www.wikidata.org/prop/direct/P2547.value": "9.0", "http://www.wikidata.org/prop/direct/P2547.unit": "http://www.ontology-of-units-of-measure.org/resource/om-2/meter", "http://www.wikidata.org/prop/direct/P3018": "Rethe", "https://gdi-de.github.io/apworkshop2026/ont#stammdurchmesser.value": "43.0", "https://gdi-de.github.io/apworkshop2026/ont#stammdurchmesser.unit": "http://www.ontology-of-units-of-measure.org/resource/om-2/centimeter"}, "geometry": {"type": "MultiPoint", "coordinates": [[9.96640428458588, 53.50894632171648]]}}, {"type": "Feature", "id": "https://gdi-de.github.io/apworkshop2026/WAHF227", "name": "Baum WAHF227 (gdide:WAHF227)", "dateprops": [], "properties": {"http://www.w3.org/2000/01/rdf-schema#label": "Baum WAHF227", "http://rdfs.org/ns/void#inDataset.value": "72757", "http://www.w3.org/2000/01/rdf-schema#comment": "Stra\u00dfe", "http://www.wikidata.org/prop/direct/P2547.value": "7.0", "http://www.wikidata.org/prop/direct/P2547.unit": "http://www.ontology-of-units-of-measure.org/resource/om-2/meter", "http://www.wikidata.org/prop/direct/P3018": "Waltershof", "https://gdi-de.github.io/apworkshop2026/ont#stammdurchmesser.value": "21.0", "https://gdi-de.github.io/apworkshop2026/ont#stammdurchmesser.unit": "http://www.ontology-of-units-of-measure.org/resource/om-2/centimeter"}, "geometry": {"type": "MultiPoint", "coordinates": [[9.932222426827776, 53.52137522967847]]}}, {"type": "Feature", "id": "https://gdi-de.github.io/apworkshop2026/REIS636", "name": "Baum REIS636 (gdide:REIS636)", "dateprops": [], "properties": {"http://www.w3.org/2000/01/rdf-schema#label": "Baum REIS636", "http://rdfs.org/ns/void#inDataset.value": "72757", "http://www.w3.org/2000/01/rdf-schema#comment": "sonst. \u00f6ff. Fl\u00e4chen", "http://www.wikidata.org/prop/direct/P2547.value": "6.0", "http://www.wikidata.org/prop/direct/P2547.unit": "http://www.ontology-of-units-of-measure.org/resource/om-2/meter", "http://www.wikidata.org/prop/direct/P3018": "Reiherstieg S\u00fcd", "https://gdi-de.github.io/apworkshop2026/ont#stammdurchmesser.value": "14.0", "https://gdi-de.github.io/apworkshop2026/ont#stammdurchmesser.unit": "http://www.ontology-of-units-of-measure.org/resource/om-2/centimeter"}, "geometry": {"type": "MultiPoint", "coordinates": [[9.975382685339222, 53.51115358308282]]}}, {"type": "Feature", "id": "https://gdi-de.github.io/apworkshop2026/HOHS491", "name": "Baum HOHS491 (gdide:HOHS491)", "dateprops": [], "properties": {"http://www.w3.org/2000/01/rdf-schema#label": "Baum HOHS491", "http://rdfs.org/ns/void#inDataset.value": "72757", "http://www.w3.org/2000/01/rdf-schema#comment": "sonst. \u00f6ff. Fl\u00e4chen", "http://www.wikidata.org/prop/direct/P2547.value": "8.0", "http://www.wikidata.org/prop/direct/P2547.unit": "http://www.ontology-of-units-of-measure.org/resource/om-2/meter", "http://www.wikidata.org/prop/direct/P3018": "Hohe Schaar", "https://gdi-de.github.io/apworkshop2026/ont#stammdurchmesser.value": "34.0", "https://gdi-de.github.io/apworkshop2026/ont#stammdurchmesser.unit": "http://www.ontology-of-units-of-measure.org/resource/om-2/centimeter"}, "geometry": {"type": "MultiPoint", "coordinates": [[9.976049145448508, 53.48970560186226]]}}, {"type": "Feature", "id": "https://gdi-de.github.io/apworkshop2026/TATB96", "name": "Baum TATB96 (gdide:TATB96)", "dateprops": [], "properties": {"http://www.w3.org/2000/01/rdf-schema#label": "Baum TATB96", "http://rdfs.org/ns/void#inDataset.value": "72757", "http://www.w3.org/2000/01/rdf-schema#comment": "sonst. \u00f6ff. Fl\u00e4chen", "http://www.wikidata.org/prop/direct/P2547.value": "4.5", "http://www.wikidata.org/prop/direct/P2547.unit": "http://www.ontology-of-units-of-measure.org/resource/om-2/meter", "http://www.wikidata.org/prop/direct/P3018": "Tatenberger Schleuse", "https://gdi-de.github.io/apworkshop2026/ont#stammdurchmesser.value": "22.0", "https://gdi-de.github.io/apworkshop2026/ont#stammdurchmesser.unit": "http://www.ontology-of-units-of-measure.org/resource/om-2/centimeter"}, "geometry": {"type": "MultiPoint", "coordinates": [[10.101341903263052, 53.44351486253098]]}}, {"type": "Feature", "id": "https://gdi-de.github.io/apworkshop2026/VEDL222", "name": "Baum VEDL222 (gdide:VEDL222)", "dateprops": [], "properties": {"http://www.w3.org/2000/01/rdf-schema#label": "Baum VEDL222", "http://rdfs.org/ns/void#inDataset.value": "72757", "http://www.w3.org/2000/01/rdf-schema#comment": "Stra\u00dfe", "http://www.wikidata.org/prop/direct/P2547.value": "10.0", "http://www.wikidata.org/prop/direct/P2547.unit": "http://www.ontology-of-units-of-measure.org/resource/om-2/meter", "http://www.wikidata.org/prop/direct/P3018": "Veddel", "https://gdi-de.github.io/apworkshop2026/ont#stammdurchmesser.value": "57.0", "https://gdi-de.github.io/apworkshop2026/ont#stammdurchmesser.unit": "http://www.ontology-of-units-of-measure.org/resource/om-2/centimeter"}, "geometry": {"type": "MultiPoint", "coordinates": [[10.045061696128124, 53.51804310646006]]}}, {"type": "Feature", "id": "https://gdi-de.github.io/apworkshop2026/VEDL321", "name": "Baum VEDL321 (gdide:VEDL321)", "dateprops": [], "properties": {"http://www.w3.org/2000/01/rdf-schema#label": "Baum VEDL321", "http://rdfs.org/ns/void#inDataset.value": "72757", "http://www.w3.org/2000/01/rdf-schema#comment": "Stra\u00dfe", "http://www.wikidata.org/prop/direct/P2547.value": "6.0", "http://www.wikidata.org/prop/direct/P2547.unit": "http://www.ontology-of-units-of-measure.org/resource/om-2/meter", "http://www.wikidata.org/prop/direct/P3018": "Veddel", "https://gdi-de.github.io/apworkshop2026/ont#stammdurchmesser.value": "55.0", "https://gdi-de.github.io/apworkshop2026/ont#stammdurchmesser.unit": "http://www.ontology-of-units-of-measure.org/resource/om-2/centimeter"}, "geometry": {"type": "MultiPoint", "coordinates": [[10.048824334611425, 53.516847503546536]]}}, {"type": "Feature", "id": "https://gdi-de.github.io/apworkshop2026/REIS408", "name": "Baum REIS408 (gdide:REIS408)", "dateprops": [], "properties": {"http://www.w3.org/2000/01/rdf-schema#label": "Baum REIS408", "http://rdfs.org/ns/void#inDataset.value": "72757", "http://www.w3.org/2000/01/rdf-schema#comment": "sonst. \u00f6ff. Fl\u00e4chen", "http://www.wikidata.org/prop/direct/P2547.value": "6.0", "http://www.wikidata.org/prop/direct/P2547.unit": "http://www.ontology-of-units-of-measure.org/resource/om-2/meter", "http://www.wikidata.org/prop/direct/P3018": "Reiherstieg S\u00fcd", "https://gdi-de.github.io/apworkshop2026/ont#stammdurchmesser.value": "22.0", "https://gdi-de.github.io/apworkshop2026/ont#stammdurchmesser.unit": "http://www.ontology-of-units-of-measure.org/resource/om-2/centimeter"}, "geometry": {"type": "MultiPoint", "coordinates": [[9.974375359495372, 53.511643706747]]}}, {"type": "Feature", "id": "https://gdi-de.github.io/apworkshop2026/HOHS290", "name": "Baum HOHS290 (gdide:HOHS290)", "dateprops": [], "properties": {"http://www.w3.org/2000/01/rdf-schema#label": "Baum HOHS290", "http://rdfs.org/ns/void#inDataset.value": "72757", "http://www.w3.org/2000/01/rdf-schema#comment": "sonst. \u00f6ff. Fl\u00e4chen", "http://www.wikidata.org/prop/direct/P2547.value": "7.0", "http://www.wikidata.org/prop/direct/P2547.unit": "http://www.ontology-of-units-of-measure.org/resource/om-2/meter", "http://www.wikidata.org/prop/direct/P3018": "Hohe Schaar", "https://gdi-de.github.io/apworkshop2026/ont#stammdurchmesser.value": "22.0", "https://gdi-de.github.io/apworkshop2026/ont#stammdurchmesser.unit": "http://www.ontology-of-units-of-measure.org/resource/om-2/centimeter"}, "geometry": {"type": "MultiPoint", "coordinates": [[9.977828474464376, 53.48240171717872]]}}, {"type": "Feature", "id": "https://gdi-de.github.io/apworkshop2026/TATB29", "name": "Baum TATB29 (gdide:TATB29)", "dateprops": [], "properties": {"http://www.w3.org/2000/01/rdf-schema#label": "Baum TATB29", "http://rdfs.org/ns/void#inDataset.value": "72757", "http://www.w3.org/2000/01/rdf-schema#comment": "sonst. \u00f6ff. Fl\u00e4chen", "http://www.wikidata.org/prop/direct/P2547.value": "8.0", "http://www.wikidata.org/prop/direct/P2547.unit": "http://www.ontology-of-units-of-measure.org/resource/om-2/meter", "http://www.wikidata.org/prop/direct/P3018": "Tatenberger Schleuse", "https://gdi-de.github.io/apworkshop2026/ont#stammdurchmesser.value": "40.0", "https://gdi-de.github.io/apworkshop2026/ont#stammdurchmesser.unit": "http://www.ontology-of-units-of-measure.org/resource/om-2/centimeter"}, "geometry": {"type": "MultiPoint", "coordinates": [[10.098051149798502, 53.447984344491445]]}}, {"type": "Feature", "id": "https://gdi-de.github.io/apworkshop2026/DRHF218", "name": "Baum DRHF218 (gdide:DRHF218)", "dateprops": [], "properties": {"http://www.w3.org/2000/01/rdf-schema#label": "Baum DRHF218", "http://rdfs.org/ns/void#inDataset.value": "72757", "http://www.w3.org/2000/01/rdf-schema#comment": "Stra\u00dfe", "http://www.wikidata.org/prop/direct/P2547.value": "7.0", "http://www.wikidata.org/prop/direct/P2547.unit": "http://www.ontology-of-units-of-measure.org/resource/om-2/meter", "http://www.wikidata.org/prop/direct/P3018": "Dradenauhafen", "https://gdi-de.github.io/apworkshop2026/ont#stammdurchmesser.value": "24.0", "https://gdi-de.github.io/apworkshop2026/ont#stammdurchmesser.unit": "http://www.ontology-of-units-of-measure.org/resource/om-2/centimeter"}, "geometry": {"type": "MultiPoint", "coordinates": [[9.913076489446892, 53.51639924657622]]}}, {"type": "Feature", "id": "https://gdi-de.github.io/apworkshop2026/HOHS298", "name": "Baum HOHS298 (gdide:HOHS298)", "dateprops": [], "properties": {"http://www.w3.org/2000/01/rdf-schema#label": "Baum HOHS298", "http://rdfs.org/ns/void#inDataset.value": "72757", "http://www.w3.org/2000/01/rdf-schema#comment": "sonst. \u00f6ff. Fl\u00e4chen", "http://www.wikidata.org/prop/direct/P2547.value": "8.0", "http://www.wikidata.org/prop/direct/P2547.unit": "http://www.ontology-of-units-of-measure.org/resource/om-2/meter", "http://www.wikidata.org/prop/direct/P3018": "Hohe Schaar", "https://gdi-de.github.io/apworkshop2026/ont#stammdurchmesser.value": "19.0", "https://gdi-de.github.io/apworkshop2026/ont#stammdurchmesser.unit": "http://www.ontology-of-units-of-measure.org/resource/om-2/centimeter"}, "geometry": {"type": "MultiPoint", "coordinates": [[9.977712753489476, 53.48253816344325]]}}, {"type": "Feature", "id": "https://gdi-de.github.io/apworkshop2026/RDLD324", "name": "Baum RDLD324 (gdide:RDLD324)", "dateprops": [], "properties": {"http://www.w3.org/2000/01/rdf-schema#label": "Baum RDLD324", "http://rdfs.org/ns/void#inDataset.value": "72757", "http://www.w3.org/2000/01/rdf-schema#comment": "sonst. \u00f6ff. Fl\u00e4chen", "http://www.wikidata.org/prop/direct/P2547.value": "6.0", "http://www.wikidata.org/prop/direct/P2547.unit": "http://www.ontology-of-units-of-measure.org/resource/om-2/meter", "http://www.wikidata.org/prop/direct/P3018": "Radeland", "https://gdi-de.github.io/apworkshop2026/ont#stammdurchmesser.value": "25.0", "https://gdi-de.github.io/apworkshop2026/ont#stammdurchmesser.unit": "http://www.ontology-of-units-of-measure.org/resource/om-2/centimeter"}, "geometry": {"type": "MultiPoint", "coordinates": [[9.965373413898435, 53.471618000965876]]}}, {"type": "Feature", "id": "https://gdi-de.github.io/apworkshop2026/VEDL260", "name": "Baum VEDL260 (gdide:VEDL260)", "dateprops": [], "properties": {"http://www.w3.org/2000/01/rdf-schema#label": "Baum VEDL260", "http://rdfs.org/ns/void#inDataset.value": "72757", "http://www.w3.org/2000/01/rdf-schema#comment": "Stra\u00dfe", "http://www.wikidata.org/prop/direct/P2547.value": "9.0", "http://www.wikidata.org/prop/direct/P2547.unit": "http://www.ontology-of-units-of-measure.org/resource/om-2/meter", "http://www.wikidata.org/prop/direct/P3018": "Veddel", "https://gdi-de.github.io/apworkshop2026/ont#stammdurchmesser.value": "40.0", "https://gdi-de.github.io/apworkshop2026/ont#stammdurchmesser.unit": "http://www.ontology-of-units-of-measure.org/resource/om-2/centimeter"}, "geometry": {"type": "MultiPoint", "coordinates": [[10.047561258406187, 53.51724305942392]]}}, {"type": "Feature", "id": "https://gdi-de.github.io/apworkshop2026/REIS537", "name": "Baum REIS537 (gdide:REIS537)", "dateprops": [], "properties": {"http://www.w3.org/2000/01/rdf-schema#label": "Baum REIS537", "http://rdfs.org/ns/void#inDataset.value": "72757", "http://www.w3.org/2000/01/rdf-schema#comment": "sonst. \u00f6ff. Fl\u00e4chen", "http://www.wikidata.org/prop/direct/P2547.value": "8.0", "http://www.wikidata.org/prop/direct/P2547.unit": "http://www.ontology-of-units-of-measure.org/resource/om-2/meter", "http://www.wikidata.org/prop/direct/P3018": "Reiherstieg S\u00fcd", "https://gdi-de.github.io/apworkshop2026/ont#stammdurchmesser.value": "34.0", "https://gdi-de.github.io/apworkshop2026/ont#stammdurchmesser.unit": "http://www.ontology-of-units-of-measure.org/resource/om-2/centimeter"}, "geometry": {"type": "MultiPoint", "coordinates": [[9.98287483243814, 53.50310168792579]]}}, {"type": "Feature", "id": "https://gdi-de.github.io/apworkshop2026/VEDL226", "name": "Baum VEDL226 (gdide:VEDL226)", "dateprops": [], "properties": {"http://www.w3.org/2000/01/rdf-schema#label": "Baum VEDL226", "http://rdfs.org/ns/void#inDataset.value": "72757", "http://www.w3.org/2000/01/rdf-schema#comment": "Stra\u00dfe", "http://www.wikidata.org/prop/direct/P2547.value": "7.0", "http://www.wikidata.org/prop/direct/P2547.unit": "http://www.ontology-of-units-of-measure.org/resource/om-2/meter", "http://www.wikidata.org/prop/direct/P3018": "Veddel", "https://gdi-de.github.io/apworkshop2026/ont#stammdurchmesser.value": "45.0", "https://gdi-de.github.io/apworkshop2026/ont#stammdurchmesser.unit": "http://www.ontology-of-units-of-measure.org/resource/om-2/centimeter"}, "geometry": {"type": "MultiPoint", "coordinates": [[10.045580625918301, 53.51787143216389]]}}, {"type": "Feature", "id": "https://gdi-de.github.io/apworkshop2026/GEOW7", "name": "Baum GEOW7 (gdide:GEOW7)", "dateprops": [], "properties": {"http://www.w3.org/2000/01/rdf-schema#label": "Baum GEOW7", "http://rdfs.org/ns/void#inDataset.value": "72757", "http://www.w3.org/2000/01/rdf-schema#comment": "Stra\u00dfe", "http://www.wikidata.org/prop/direct/P2547.value": "12.0", "http://www.wikidata.org/prop/direct/P2547.unit": "http://www.ontology-of-units-of-measure.org/resource/om-2/meter", "http://www.wikidata.org/prop/direct/P3018": "Georgswerder", "https://gdi-de.github.io/apworkshop2026/ont#stammdurchmesser.value": "47.0", "https://gdi-de.github.io/apworkshop2026/ont#stammdurchmesser.unit": "http://www.ontology-of-units-of-measure.org/resource/om-2/centimeter"}, "geometry": {"type": "MultiPoint", "coordinates": [[10.028584186332413, 53.518631671297804]]}}, {"type": "Feature", "id": "https://gdi-de.github.io/apworkshop2026/STWR34", "name": "Baum STWR34 (gdide:STWR34)", "dateprops": [], "properties": {"http://www.w3.org/2000/01/rdf-schema#label": "Baum STWR34", "http://rdfs.org/ns/void#inDataset.value": "72757", "http://www.w3.org/2000/01/rdf-schema#comment": "Stra\u00dfe", "http://www.wikidata.org/prop/direct/P2547.value": "8.0", "http://www.wikidata.org/prop/direct/P2547.unit": "http://www.ontology-of-units-of-measure.org/resource/om-2/meter", "http://www.wikidata.org/prop/direct/P3018": "Steinwerder", "https://gdi-de.github.io/apworkshop2026/ont#stammdurchmesser.value": "50.0", "https://gdi-de.github.io/apworkshop2026/ont#stammdurchmesser.unit": "http://www.ontology-of-units-of-measure.org/resource/om-2/centimeter"}, "geometry": {"type": "MultiPoint", "coordinates": [[9.966448544579926, 53.53759356640712]]}}, {"type": "Feature", "id": "https://gdi-de.github.io/apworkshop2026/DRHF174", "name": "Baum DRHF174 (gdide:DRHF174)", "dateprops": [], "properties": {"http://www.w3.org/2000/01/rdf-schema#label": "Baum DRHF174", "http://rdfs.org/ns/void#inDataset.value": "72757", "http://www.w3.org/2000/01/rdf-schema#comment": "Stra\u00dfe", "http://www.wikidata.org/prop/direct/P2547.value": "2.0", "http://www.wikidata.org/prop/direct/P2547.unit": "http://www.ontology-of-units-of-measure.org/resource/om-2/meter", "http://www.wikidata.org/prop/direct/P3018": "Dradenauhafen", "https://gdi-de.github.io/apworkshop2026/ont#stammdurchmesser.value": "10.0", "https://gdi-de.github.io/apworkshop2026/ont#stammdurchmesser.unit": "http://www.ontology-of-units-of-measure.org/resource/om-2/centimeter"}, "geometry": {"type": "MultiPoint", "coordinates": [[9.912549133459349, 53.51609980594923]]}}, {"type": "Feature", "id": "https://gdi-de.github.io/apworkshop2026/REIS668", "name": "Baum REIS668 (gdide:REIS668)", "dateprops": [], "properties": {"http://www.w3.org/2000/01/rdf-schema#label": "Baum REIS668", "http://rdfs.org/ns/void#inDataset.value": "72757", "http://www.w3.org/2000/01/rdf-schema#comment": "sonst. \u00f6ff. Fl\u00e4chen", "http://www.wikidata.org/prop/direct/P2547.value": "8.0", "http://www.wikidata.org/prop/direct/P2547.unit": "http://www.ontology-of-units-of-measure.org/resource/om-2/meter", "http://www.wikidata.org/prop/direct/P3018": "Reiherstieg S\u00fcd", "https://gdi-de.github.io/apworkshop2026/ont#stammdurchmesser.value": "47.0", "https://gdi-de.github.io/apworkshop2026/ont#stammdurchmesser.unit": "http://www.ontology-of-units-of-measure.org/resource/om-2/centimeter"}, "geometry": {"type": "MultiPoint", "coordinates": [[9.97609913669407, 53.50512855198215]]}}, {"type": "Feature", "id": "https://gdi-de.github.io/apworkshop2026/REIS384", "name": "Baum REIS384 (gdide:REIS384)", "dateprops": [], "properties": {"http://www.w3.org/2000/01/rdf-schema#label": "Baum REIS384", "http://rdfs.org/ns/void#inDataset.value": "72757", "http://www.w3.org/2000/01/rdf-schema#comment": "sonst. \u00f6ff. Fl\u00e4chen", "http://www.wikidata.org/prop/direct/P2547.value": "7.0", "http://www.wikidata.org/prop/direct/P2547.unit": "http://www.ontology-of-units-of-measure.org/resource/om-2/meter", "http://www.wikidata.org/prop/direct/P3018": "Reiherstieg S\u00fcd", "https://gdi-de.github.io/apworkshop2026/ont#stammdurchmesser.value": "30.0", "https://gdi-de.github.io/apworkshop2026/ont#stammdurchmesser.unit": "http://www.ontology-of-units-of-measure.org/resource/om-2/centimeter"}, "geometry": {"type": "MultiPoint", "coordinates": [[9.974531738220033, 53.51181447144462]]}}, {"type": "Feature", "id": "https://gdi-de.github.io/apworkshop2026/BFAS1610", "name": "Baum BFAS1610 (gdide:BFAS1610)", "dateprops": [], "properties": {"http://www.w3.org/2000/01/rdf-schema#label": "Baum BFAS1610", "http://rdfs.org/ns/void#inDataset.value": "72757", "http://www.w3.org/2000/01/rdf-schema#comment": "Bahn", "http://www.wikidata.org/prop/direct/P2547.value": "4.0", "http://www.wikidata.org/prop/direct/P2547.unit": "http://www.ontology-of-units-of-measure.org/resource/om-2/meter", "http://www.wikidata.org/prop/direct/P3018": "Bahnhof Alte S\u00fcderelbe S\u00fcd", "https://gdi-de.github.io/apworkshop2026/ont#stammdurchmesser.value": "23.0", "https://gdi-de.github.io/apworkshop2026/ont#stammdurchmesser.unit": "http://www.ontology-of-units-of-measure.org/resource/om-2/centimeter"}, "geometry": {"type": "MultiPoint", "coordinates": [[9.898570646952528, 53.473333763107334]]}}, {"type": "Feature", "id": "https://gdi-de.github.io/apworkshop2026/REIS278", "name": "Baum REIS278 (gdide:REIS278)", "dateprops": [], "properties": {"http://www.w3.org/2000/01/rdf-schema#label": "Baum REIS278", "http://rdfs.org/ns/void#inDataset.value": "72757", "http://www.w3.org/2000/01/rdf-schema#comment": "sonst. \u00f6ff. Fl\u00e4chen", "http://www.wikidata.org/prop/direct/P2547.value": "8.0", "http://www.wikidata.org/prop/direct/P2547.unit": "http://www.ontology-of-units-of-measure.org/resource/om-2/meter", "http://www.wikidata.org/prop/direct/P3018": "Reiherstieg S\u00fcd", "https://gdi-de.github.io/apworkshop2026/ont#stammdurchmesser.value": "37.0", "https://gdi-de.github.io/apworkshop2026/ont#stammdurchmesser.unit": "http://www.ontology-of-units-of-measure.org/resource/om-2/centimeter"}, "geometry": {"type": "MultiPoint", "coordinates": [[9.975512384099941, 53.509164872862655]]}}, {"type": "Feature", "id": "https://gdi-de.github.io/apworkshop2026/REIS202", "name": "Baum REIS202 (gdide:REIS202)", "dateprops": [], "properties": {"http://www.w3.org/2000/01/rdf-schema#label": "Baum REIS202", "http://rdfs.org/ns/void#inDataset.value": "72757", "http://www.w3.org/2000/01/rdf-schema#comment": "Stra\u00dfe", "http://www.wikidata.org/prop/direct/P2547.value": "7.0", "http://www.wikidata.org/prop/direct/P2547.unit": "http://www.ontology-of-units-of-measure.org/resource/om-2/meter", "http://www.wikidata.org/prop/direct/P3018": "Reiherstieg S\u00fcd", "https://gdi-de.github.io/apworkshop2026/ont#stammdurchmesser.value": "30.0", "https://gdi-de.github.io/apworkshop2026/ont#stammdurchmesser.unit": "http://www.ontology-of-units-of-measure.org/resource/om-2/centimeter"}, "geometry": {"type": "MultiPoint", "coordinates": [[9.976087368763848, 53.511575063065635]]}}, {"type": "Feature", "id": "https://gdi-de.github.io/apworkshop2026/WAHF772", "name": "Baum WAHF772 (gdide:WAHF772)", "dateprops": [], "properties": {"http://www.w3.org/2000/01/rdf-schema#label": "Baum WAHF772", "http://rdfs.org/ns/void#inDataset.value": "72757", "http://www.w3.org/2000/01/rdf-schema#comment": "Bahn", "http://www.wikidata.org/prop/direct/P2547.value": "8.0", "http://www.wikidata.org/prop/direct/P2547.unit": "http://www.ontology-of-units-of-measure.org/resource/om-2/meter", "http://www.wikidata.org/prop/direct/P3018": "Waltershof", "https://gdi-de.github.io/apworkshop2026/ont#stammdurchmesser.value": "25.0", "https://gdi-de.github.io/apworkshop2026/ont#stammdurchmesser.unit": "http://www.ontology-of-units-of-measure.org/resource/om-2/centimeter"}, "geometry": {"type": "MultiPoint", "coordinates": [[9.921011128688463, 53.520675796507106]]}}, {"type": "Feature", "id": "https://gdi-de.github.io/apworkshop2026/DRHF217", "name": "Baum DRHF217 (gdide:DRHF217)", "dateprops": [], "properties": {"http://www.w3.org/2000/01/rdf-schema#label": "Baum DRHF217", "http://rdfs.org/ns/void#inDataset.value": "72757", "http://www.w3.org/2000/01/rdf-schema#comment": "Stra\u00dfe", "http://www.wikidata.org/prop/direct/P2547.value": "3.0", "http://www.wikidata.org/prop/direct/P2547.unit": "http://www.ontology-of-units-of-measure.org/resource/om-2/meter", "http://www.wikidata.org/prop/direct/P3018": "Dradenauhafen", "https://gdi-de.github.io/apworkshop2026/ont#stammdurchmesser.value": "12.0", "https://gdi-de.github.io/apworkshop2026/ont#stammdurchmesser.unit": "http://www.ontology-of-units-of-measure.org/resource/om-2/centimeter"}, "geometry": {"type": "MultiPoint", "coordinates": [[9.913063625572024, 53.51642795614503]]}}, {"type": "Feature", "id": "https://gdi-de.github.io/apworkshop2026/BFASN279", "name": "Baum BFASN279 (gdide:BFASN279)", "dateprops": [], "properties": {"http://www.w3.org/2000/01/rdf-schema#label": "Baum BFASN279", "http://rdfs.org/ns/void#inDataset.value": "72757", "http://www.w3.org/2000/01/rdf-schema#comment": "sonst. \u00f6ff. Fl\u00e4chen", "http://www.wikidata.org/prop/direct/P2547.value": "6.0", "http://www.wikidata.org/prop/direct/P2547.unit": "http://www.ontology-of-units-of-measure.org/resource/om-2/meter", "http://www.wikidata.org/prop/direct/P3018": "Bahnhof Alte S\u00fcderelbe Nord", "https://gdi-de.github.io/apworkshop2026/ont#stammdurchmesser.value": "22.0", "https://gdi-de.github.io/apworkshop2026/ont#stammdurchmesser.unit": "http://www.ontology-of-units-of-measure.org/resource/om-2/centimeter"}, "geometry": {"type": "MultiPoint", "coordinates": [[9.911240000629496, 53.50891480773421]]}}, {"type": "Feature", "id": "https://gdi-de.github.io/apworkshop2026/REIN462", "name": "Baum REIN462 (gdide:REIN462)", "dateprops": [], "properties": {"http://www.w3.org/2000/01/rdf-schema#label": "Baum REIN462", "http://rdfs.org/ns/void#inDataset.value": "72757", "http://www.w3.org/2000/01/rdf-schema#comment": "sonst. \u00f6ff. Fl\u00e4chen", "http://www.wikidata.org/prop/direct/P2547.value": "6.0", "http://www.wikidata.org/prop/direct/P2547.unit": "http://www.ontology-of-units-of-measure.org/resource/om-2/meter", "http://www.wikidata.org/prop/direct/P3018": "Reiherstieg Nord", "https://gdi-de.github.io/apworkshop2026/ont#stammdurchmesser.value": "41.0", "https://gdi-de.github.io/apworkshop2026/ont#stammdurchmesser.unit": "http://www.ontology-of-units-of-measure.org/resource/om-2/centimeter"}, "geometry": {"type": "MultiPoint", "coordinates": [[9.978604933280204, 53.51814819266332]]}}, {"type": "Feature", "id": "https://gdi-de.github.io/apworkshop2026/HOHS294", "name": "Baum HOHS294 (gdide:HOHS294)", "dateprops": [], "properties": {"http://www.w3.org/2000/01/rdf-schema#label": "Baum HOHS294", "http://rdfs.org/ns/void#inDataset.value": "72757", "http://www.w3.org/2000/01/rdf-schema#comment": "sonst. \u00f6ff. Fl\u00e4chen", "http://www.wikidata.org/prop/direct/P2547.value": "18.0", "http://www.wikidata.org/prop/direct/P2547.unit": "http://www.ontology-of-units-of-measure.org/resource/om-2/meter", "http://www.wikidata.org/prop/direct/P3018": "Hohe Schaar", "https://gdi-de.github.io/apworkshop2026/ont#stammdurchmesser.value": "59.0", "https://gdi-de.github.io/apworkshop2026/ont#stammdurchmesser.unit": "http://www.ontology-of-units-of-measure.org/resource/om-2/centimeter"}, "geometry": {"type": "MultiPoint", "coordinates": [[9.977978313453768, 53.48229576722028]]}}, {"type": "Feature", "id": "https://gdi-de.github.io/apworkshop2026/KLGB432", "name": "Baum KLGB432 (gdide:KLGB432)", "dateprops": [], "properties": {"http://www.w3.org/2000/01/rdf-schema#label": "Baum KLGB432", "http://rdfs.org/ns/void#inDataset.value": "72757", "http://www.w3.org/2000/01/rdf-schema#comment": "sonst. \u00f6ff. Fl\u00e4chen", "http://www.wikidata.org/prop/direct/P2547.value": "6.0", "http://www.wikidata.org/prop/direct/P2547.unit": "http://www.ontology-of-units-of-measure.org/resource/om-2/meter", "http://www.wikidata.org/prop/direct/P3018": "Kleiner Grasbrook", "https://gdi-de.github.io/apworkshop2026/ont#stammdurchmesser.value": "26.0", "https://gdi-de.github.io/apworkshop2026/ont#stammdurchmesser.unit": "http://www.ontology-of-units-of-measure.org/resource/om-2/centimeter"}, "geometry": {"type": "MultiPoint", "coordinates": [[9.99366349120258, 53.526863847982106]]}}, {"type": "Feature", "id": "https://gdi-de.github.io/apworkshop2026/STWR75", "name": "Baum STWR75 (gdide:STWR75)", "dateprops": [], "properties": {"http://www.w3.org/2000/01/rdf-schema#label": "Baum STWR75", "http://rdfs.org/ns/void#inDataset.value": "72757", "http://www.w3.org/2000/01/rdf-schema#comment": "Privatgrund", "http://www.wikidata.org/prop/direct/P2547.value": "4.0", "http://www.wikidata.org/prop/direct/P2547.unit": "http://www.ontology-of-units-of-measure.org/resource/om-2/meter", "http://www.wikidata.org/prop/direct/P3018": "Steinwerder", "https://gdi-de.github.io/apworkshop2026/ont#stammdurchmesser.value": "19.0", "https://gdi-de.github.io/apworkshop2026/ont#stammdurchmesser.unit": "http://www.ontology-of-units-of-measure.org/resource/om-2/centimeter"}, "geometry": {"type": "MultiPoint", "coordinates": [[9.96660901063913, 53.53905717863366]]}}, {"type": "Feature", "id": "https://gdi-de.github.io/apworkshop2026/REIS548", "name": "Baum REIS548 (gdide:REIS548)", "dateprops": [], "properties": {"http://www.w3.org/2000/01/rdf-schema#label": "Baum REIS548", "http://rdfs.org/ns/void#inDataset.value": "72757", "http://www.w3.org/2000/01/rdf-schema#comment": "sonst. \u00f6ff. Fl\u00e4chen", "http://www.wikidata.org/prop/direct/P2547.value": "6.0", "http://www.wikidata.org/prop/direct/P2547.unit": "http://www.ontology-of-units-of-measure.org/resource/om-2/meter", "http://www.wikidata.org/prop/direct/P3018": "Reiherstieg S\u00fcd", "https://gdi-de.github.io/apworkshop2026/ont#stammdurchmesser.value": "31.0", "https://gdi-de.github.io/apworkshop2026/ont#stammdurchmesser.unit": "http://www.ontology-of-units-of-measure.org/resource/om-2/centimeter"}, "geometry": {"type": "MultiPoint", "coordinates": [[9.982956237769187, 53.50322787854862]]}}, {"type": "Feature", "id": "https://gdi-de.github.io/apworkshop2026/TATB66", "name": "Baum TATB66 (gdide:TATB66)", "dateprops": [], "properties": {"http://www.w3.org/2000/01/rdf-schema#label": "Baum TATB66", "http://rdfs.org/ns/void#inDataset.value": "72757", "http://www.w3.org/2000/01/rdf-schema#comment": "sonst. \u00f6ff. Fl\u00e4chen", "http://www.wikidata.org/prop/direct/P2547.value": "6.0", "http://www.wikidata.org/prop/direct/P2547.unit": "http://www.ontology-of-units-of-measure.org/resource/om-2/meter", "http://www.wikidata.org/prop/direct/P3018": "Tatenberger Schleuse", "https://gdi-de.github.io/apworkshop2026/ont#stammdurchmesser.value": "15.0", "https://gdi-de.github.io/apworkshop2026/ont#stammdurchmesser.unit": "http://www.ontology-of-units-of-measure.org/resource/om-2/centimeter"}, "geometry": {"type": "MultiPoint", "coordinates": [[10.100794128569103, 53.44466570747836]]}}, {"type": "Feature", "id": "https://gdi-de.github.io/apworkshop2026/HOHS557", "name": "Baum HOHS557 (gdide:HOHS557)", "dateprops": [], "properties": {"http://www.w3.org/2000/01/rdf-schema#label": "Baum HOHS557", "http://rdfs.org/ns/void#inDataset.value": "72757", "http://www.w3.org/2000/01/rdf-schema#comment": "sonst. \u00f6ff. Fl\u00e4chen", "http://www.wikidata.org/prop/direct/P2547.value": "7.0", "http://www.wikidata.org/prop/direct/P2547.unit": "http://www.ontology-of-units-of-measure.org/resource/om-2/meter", "http://www.wikidata.org/prop/direct/P3018": "Hohe Schaar", "https://gdi-de.github.io/apworkshop2026/ont#stammdurchmesser.value": "31.0", "https://gdi-de.github.io/apworkshop2026/ont#stammdurchmesser.unit": "http://www.ontology-of-units-of-measure.org/resource/om-2/centimeter"}, "geometry": {"type": "MultiPoint", "coordinates": [[9.978525315596574, 53.48187652994117]]}}, {"type": "Feature", "id": "https://gdi-de.github.io/apworkshop2026/STWR33", "name": "Baum STWR33 (gdide:STWR33)", "dateprops": [], "properties": {"http://www.w3.org/2000/01/rdf-schema#label": "Baum STWR33", "http://rdfs.org/ns/void#inDataset.value": "72757", "http://www.w3.org/2000/01/rdf-schema#comment": "Privatgrund", "http://www.wikidata.org/prop/direct/P2547.value": "8.0", "http://www.wikidata.org/prop/direct/P2547.unit": "http://www.ontology-of-units-of-measure.org/resource/om-2/meter", "http://www.wikidata.org/prop/direct/P3018": "Steinwerder", "https://gdi-de.github.io/apworkshop2026/ont#stammdurchmesser.value": "53.0", "https://gdi-de.github.io/apworkshop2026/ont#stammdurchmesser.unit": "http://www.ontology-of-units-of-measure.org/resource/om-2/centimeter"}, "geometry": {"type": "MultiPoint", "coordinates": [[9.969178075570724, 53.537929296432814]]}}, {"type": "Feature", "id": "https://gdi-de.github.io/apworkshop2026/VEDL245", "name": "Baum VEDL245 (gdide:VEDL245)", "dateprops": [], "properties": {"http://www.w3.org/2000/01/rdf-schema#label": "Baum VEDL245", "http://rdfs.org/ns/void#inDataset.value": "72757", "http://www.w3.org/2000/01/rdf-schema#comment": "Stra\u00dfe", "http://www.wikidata.org/prop/direct/P2547.value": "10.0", "http://www.wikidata.org/prop/direct/P2547.unit": "http://www.ontology-of-units-of-measure.org/resource/om-2/meter", "http://www.wikidata.org/prop/direct/P3018": "Veddel", "https://gdi-de.github.io/apworkshop2026/ont#stammdurchmesser.value": "67.0", "https://gdi-de.github.io/apworkshop2026/ont#stammdurchmesser.unit": "http://www.ontology-of-units-of-measure.org/resource/om-2/centimeter"}, "geometry": {"type": "MultiPoint", "coordinates": [[10.04695353913333, 53.517441089684134]]}}, {"type": "Feature", "id": "https://gdi-de.github.io/apworkshop2026/REIS286", "name": "Baum REIS286 (gdide:REIS286)", "dateprops": [], "properties": {"http://www.w3.org/2000/01/rdf-schema#label": "Baum REIS286", "http://rdfs.org/ns/void#inDataset.value": "72757", "http://www.w3.org/2000/01/rdf-schema#comment": "sonst. \u00f6ff. Fl\u00e4chen", "http://www.wikidata.org/prop/direct/P2547.value": "6.0", "http://www.wikidata.org/prop/direct/P2547.unit": "http://www.ontology-of-units-of-measure.org/resource/om-2/meter", "http://www.wikidata.org/prop/direct/P3018": "Reiherstieg S\u00fcd", "https://gdi-de.github.io/apworkshop2026/ont#stammdurchmesser.value": "28.0", "https://gdi-de.github.io/apworkshop2026/ont#stammdurchmesser.unit": "http://www.ontology-of-units-of-measure.org/resource/om-2/centimeter"}, "geometry": {"type": "MultiPoint", "coordinates": [[9.975545190574119, 53.5093923496993]]}}, {"type": "Feature", "id": "https://gdi-de.github.io/apworkshop2026/TATB101", "name": "Baum TATB101 (gdide:TATB101)", "dateprops": [], "properties": {"http://www.w3.org/2000/01/rdf-schema#label": "Baum TATB101", "http://rdfs.org/ns/void#inDataset.value": "72757", "http://www.w3.org/2000/01/rdf-schema#comment": "Stra\u00dfe", "http://www.wikidata.org/prop/direct/P2547.value": "6.5", "http://www.wikidata.org/prop/direct/P2547.unit": "http://www.ontology-of-units-of-measure.org/resource/om-2/meter", "http://www.wikidata.org/prop/direct/P3018": "Tatenberger Schleuse", "https://gdi-de.github.io/apworkshop2026/ont#stammdurchmesser.value": "37.0", "https://gdi-de.github.io/apworkshop2026/ont#stammdurchmesser.unit": "http://www.ontology-of-units-of-measure.org/resource/om-2/centimeter"}, "geometry": {"type": "MultiPoint", "coordinates": [[10.100326312918591, 53.44527605559484]]}}, {"type": "Feature", "id": "https://gdi-de.github.io/apworkshop2026/KTWK524", "name": "Baum KTWK524 (gdide:KTWK524)", "dateprops": [], "properties": {"http://www.w3.org/2000/01/rdf-schema#label": "Baum KTWK524", "http://rdfs.org/ns/void#inDataset.value": "72757", "http://www.w3.org/2000/01/rdf-schema#comment": "sonst. \u00f6ff. Fl\u00e4chen", "http://www.wikidata.org/prop/direct/P2547.value": "6.0", "http://www.wikidata.org/prop/direct/P2547.unit": "http://www.ontology-of-units-of-measure.org/resource/om-2/meter", "http://www.wikidata.org/prop/direct/P3018": "Kattwyk", "https://gdi-de.github.io/apworkshop2026/ont#stammdurchmesser.value": "25.0", "https://gdi-de.github.io/apworkshop2026/ont#stammdurchmesser.unit": "http://www.ontology-of-units-of-measure.org/resource/om-2/centimeter"}, "geometry": {"type": "MultiPoint", "coordinates": [[9.944893550185855, 53.504674790847595]]}}, {"type": "Feature", "id": "https://gdi-de.github.io/apworkshop2026/KLGB186", "name": "Baum KLGB186 (gdide:KLGB186)", "dateprops": [], "properties": {"http://www.w3.org/2000/01/rdf-schema#label": "Baum KLGB186", "http://rdfs.org/ns/void#inDataset.value": "72757", "http://www.w3.org/2000/01/rdf-schema#comment": "sonst. \u00f6ff. Fl\u00e4chen", "http://www.wikidata.org/prop/direct/P2547.value": "8.0", "http://www.wikidata.org/prop/direct/P2547.unit": "http://www.ontology-of-units-of-measure.org/resource/om-2/meter", "http://www.wikidata.org/prop/direct/P3018": "Kleiner Grasbrook", "https://gdi-de.github.io/apworkshop2026/ont#stammdurchmesser.value": "49.0", "https://gdi-de.github.io/apworkshop2026/ont#stammdurchmesser.unit": "http://www.ontology-of-units-of-measure.org/resource/om-2/centimeter"}, "geometry": {"type": "MultiPoint", "coordinates": [[10.004685873637646, 53.52254531055474]]}}, {"type": "Feature", "id": "https://gdi-de.github.io/apworkshop2026/ROSD142", "name": "Baum ROSD142 (gdide:ROSD142)", "dateprops": [], "properties": {"http://www.w3.org/2000/01/rdf-schema#label": "Baum ROSD142", "http://rdfs.org/ns/void#inDataset.value": "72757", "http://www.w3.org/2000/01/rdf-schema#comment": "Stra\u00dfe", "http://www.wikidata.org/prop/direct/P2547.value": "4.0", "http://www.wikidata.org/prop/direct/P2547.unit": "http://www.ontology-of-units-of-measure.org/resource/om-2/meter", "http://www.wikidata.org/prop/direct/P3018": "Ro\u00dfdamm", "https://gdi-de.github.io/apworkshop2026/ont#stammdurchmesser.value": "13.0", "https://gdi-de.github.io/apworkshop2026/ont#stammdurchmesser.unit": "http://www.ontology-of-units-of-measure.org/resource/om-2/centimeter"}, "geometry": {"type": "MultiPoint", "coordinates": [[9.975423918010762, 53.527595683002026]]}}, {"type": "Feature", "id": "https://gdi-de.github.io/apworkshop2026/HOHS516", "name": "Baum HOHS516 (gdide:HOHS516)", "dateprops": [], "properties": {"http://www.w3.org/2000/01/rdf-schema#label": "Baum HOHS516", "http://rdfs.org/ns/void#inDataset.value": "72757", "http://www.w3.org/2000/01/rdf-schema#comment": "sonst. \u00f6ff. Fl\u00e4chen", "http://www.wikidata.org/prop/direct/P2547.value": "3.0", "http://www.wikidata.org/prop/direct/P2547.unit": "http://www.ontology-of-units-of-measure.org/resource/om-2/meter", "http://www.wikidata.org/prop/direct/P3018": "Hohe Schaar", "https://gdi-de.github.io/apworkshop2026/ont#stammdurchmesser.value": "23.0", "https://gdi-de.github.io/apworkshop2026/ont#stammdurchmesser.unit": "http://www.ontology-of-units-of-measure.org/resource/om-2/centimeter"}, "geometry": {"type": "MultiPoint", "coordinates": [[9.97584739281885, 53.489746226765796]]}}, {"type": "Feature", "id": "https://gdi-de.github.io/apworkshop2026/HOHS285", "name": "Baum HOHS285 (gdide:HOHS285)", "dateprops": [], "properties": {"http://www.w3.org/2000/01/rdf-schema#label": "Baum HOHS285", "http://rdfs.org/ns/void#inDataset.value": "72757", "http://www.w3.org/2000/01/rdf-schema#comment": "sonst. \u00f6ff. Fl\u00e4chen", "http://www.wikidata.org/prop/direct/P2547.value": "10.0", "http://www.wikidata.org/prop/direct/P2547.unit": "http://www.ontology-of-units-of-measure.org/resource/om-2/meter", "http://www.wikidata.org/prop/direct/P3018": "Hohe Schaar", "https://gdi-de.github.io/apworkshop2026/ont#stammdurchmesser.value": "49.0", "https://gdi-de.github.io/apworkshop2026/ont#stammdurchmesser.unit": "http://www.ontology-of-units-of-measure.org/resource/om-2/centimeter"}, "geometry": {"type": "MultiPoint", "coordinates": [[9.978091465246955, 53.48222965794718]]}}, {"type": "Feature", "id": "https://gdi-de.github.io/apworkshop2026/VEDL223", "name": "Baum VEDL223 (gdide:VEDL223)", "dateprops": [], "properties": {"http://www.w3.org/2000/01/rdf-schema#label": "Baum VEDL223", "http://rdfs.org/ns/void#inDataset.value": "72757", "http://www.w3.org/2000/01/rdf-schema#comment": "Stra\u00dfe", "http://www.wikidata.org/prop/direct/P2547.value": "8.0", "http://www.wikidata.org/prop/direct/P2547.unit": "http://www.ontology-of-units-of-measure.org/resource/om-2/meter", "http://www.wikidata.org/prop/direct/P3018": "Veddel", "https://gdi-de.github.io/apworkshop2026/ont#stammdurchmesser.value": "49.0", "https://gdi-de.github.io/apworkshop2026/ont#stammdurchmesser.unit": "http://www.ontology-of-units-of-measure.org/resource/om-2/centimeter"}, "geometry": {"type": "MultiPoint", "coordinates": [[10.045216907042917, 53.51799419254908]]}}, {"type": "Feature", "id": "https://gdi-de.github.io/apworkshop2026/HOHS511", "name": "Baum HOHS511 (gdide:HOHS511)", "dateprops": [], "properties": {"http://www.w3.org/2000/01/rdf-schema#label": "Baum HOHS511", "http://rdfs.org/ns/void#inDataset.value": "72757", "http://www.w3.org/2000/01/rdf-schema#comment": "sonst. \u00f6ff. Fl\u00e4chen", "http://www.wikidata.org/prop/direct/P2547.value": "3.0", "http://www.wikidata.org/prop/direct/P2547.unit": "http://www.ontology-of-units-of-measure.org/resource/om-2/meter", "http://www.wikidata.org/prop/direct/P3018": "Hohe Schaar", "https://gdi-de.github.io/apworkshop2026/ont#stammdurchmesser.value": "16.0", "https://gdi-de.github.io/apworkshop2026/ont#stammdurchmesser.unit": "http://www.ontology-of-units-of-measure.org/resource/om-2/centimeter"}, "geometry": {"type": "MultiPoint", "coordinates": [[9.975816706368741, 53.48969373666799]]}}, {"type": "Feature", "id": "https://gdi-de.github.io/apworkshop2026/BFASN5", "name": "Baum BFASN5 (gdide:BFASN5)", "dateprops": [], "properties": {"http://www.w3.org/2000/01/rdf-schema#label": "Baum BFASN5", "http://rdfs.org/ns/void#inDataset.value": "72757", "http://www.w3.org/2000/01/rdf-schema#comment": "sonst. \u00f6ff. Fl\u00e4chen", "http://www.wikidata.org/prop/direct/P2547.value": "5.0", "http://www.wikidata.org/prop/direct/P2547.unit": "http://www.ontology-of-units-of-measure.org/resource/om-2/meter", "http://www.wikidata.org/prop/direct/P3018": "Bahnhof Alte S\u00fcderelbe Nord", "https://gdi-de.github.io/apworkshop2026/ont#stammdurchmesser.value": "32.0", "https://gdi-de.github.io/apworkshop2026/ont#stammdurchmesser.unit": "http://www.ontology-of-units-of-measure.org/resource/om-2/centimeter"}, "geometry": {"type": "MultiPoint", "coordinates": [[9.91296793702796, 53.5131761947247]]}}, {"type": "Feature", "id": "https://gdi-de.github.io/apworkshop2026/VEDL239", "name": "Baum VEDL239 (gdide:VEDL239)", "dateprops": [], "properties": {"http://www.w3.org/2000/01/rdf-schema#label": "Baum VEDL239", "http://rdfs.org/ns/void#inDataset.value": "72757", "http://www.w3.org/2000/01/rdf-schema#comment": "Stra\u00dfe", "http://www.wikidata.org/prop/direct/P2547.value": "11.0", "http://www.wikidata.org/prop/direct/P2547.unit": "http://www.ontology-of-units-of-measure.org/resource/om-2/meter", "http://www.wikidata.org/prop/direct/P3018": "Veddel", "https://gdi-de.github.io/apworkshop2026/ont#stammdurchmesser.value": "68.0", "https://gdi-de.github.io/apworkshop2026/ont#stammdurchmesser.unit": "http://www.ontology-of-units-of-measure.org/resource/om-2/centimeter"}, "geometry": {"type": "MultiPoint", "coordinates": [[10.049394899564133, 53.516640737509476]]}}, {"type": "Feature", "id": "https://gdi-de.github.io/apworkshop2026/ALTW627", "name": "Baum ALTW627 (gdide:ALTW627)", "dateprops": [], "properties": {"http://www.w3.org/2000/01/rdf-schema#label": "Baum ALTW627", "http://rdfs.org/ns/void#inDataset.value": "72757", "http://www.w3.org/2000/01/rdf-schema#comment": "sonst. \u00f6ff. Fl\u00e4chen", "http://www.wikidata.org/prop/direct/P2547.value": "4.0", "http://www.wikidata.org/prop/direct/P2547.unit": "http://www.ontology-of-units-of-measure.org/resource/om-2/meter", "http://www.wikidata.org/prop/direct/P3018": "Altenwerder Logistik", "https://gdi-de.github.io/apworkshop2026/ont#stammdurchmesser.value": "22.0", "https://gdi-de.github.io/apworkshop2026/ont#stammdurchmesser.unit": "http://www.ontology-of-units-of-measure.org/resource/om-2/centimeter"}, "geometry": {"type": "MultiPoint", "coordinates": [[9.917478665530414, 53.51225083790676]]}}, {"type": "Feature", "id": "https://gdi-de.github.io/apworkshop2026/REIS536", "name": "Baum REIS536 (gdide:REIS536)", "dateprops": [], "properties": {"http://www.w3.org/2000/01/rdf-schema#label": "Baum REIS536", "http://rdfs.org/ns/void#inDataset.value": "72757", "http://www.w3.org/2000/01/rdf-schema#comment": "sonst. \u00f6ff. Fl\u00e4chen", "http://www.wikidata.org/prop/direct/P2547.value": "6.0", "http://www.wikidata.org/prop/direct/P2547.unit": "http://www.ontology-of-units-of-measure.org/resource/om-2/meter", "http://www.wikidata.org/prop/direct/P3018": "Reiherstieg S\u00fcd", "https://gdi-de.github.io/apworkshop2026/ont#stammdurchmesser.value": "30.0", "https://gdi-de.github.io/apworkshop2026/ont#stammdurchmesser.unit": "http://www.ontology-of-units-of-measure.org/resource/om-2/centimeter"}, "geometry": {"type": "MultiPoint", "coordinates": [[9.982851988280466, 53.50309125305902]]}}, {"type": "Feature", "id": "https://gdi-de.github.io/apworkshop2026/ROSD139", "name": "Baum ROSD139 (gdide:ROSD139)", "dateprops": [], "properties": {"http://www.w3.org/2000/01/rdf-schema#label": "Baum ROSD139", "http://rdfs.org/ns/void#inDataset.value": "72757", "http://www.w3.org/2000/01/rdf-schema#comment": "Stra\u00dfe", "http://www.wikidata.org/prop/direct/P2547.value": "7.0", "http://www.wikidata.org/prop/direct/P2547.unit": "http://www.ontology-of-units-of-measure.org/resource/om-2/meter", "http://www.wikidata.org/prop/direct/P3018": "Ro\u00dfdamm", "https://gdi-de.github.io/apworkshop2026/ont#stammdurchmesser.value": "42.0", "https://gdi-de.github.io/apworkshop2026/ont#stammdurchmesser.unit": "http://www.ontology-of-units-of-measure.org/resource/om-2/centimeter"}, "geometry": {"type": "MultiPoint", "coordinates": [[9.975739918378256, 53.52758728332997]]}}, {"type": "Feature", "id": "https://gdi-de.github.io/apworkshop2026/BFASN463", "name": "Baum BFASN463 (gdide:BFASN463)", "dateprops": [], "properties": {"http://www.w3.org/2000/01/rdf-schema#label": "Baum BFASN463", "http://rdfs.org/ns/void#inDataset.value": "72757", "http://www.w3.org/2000/01/rdf-schema#comment": "sonst. \u00f6ff. Fl\u00e4chen", "http://www.wikidata.org/prop/direct/P2547.value": "5.0", "http://www.wikidata.org/prop/direct/P2547.unit": "http://www.ontology-of-units-of-measure.org/resource/om-2/meter", "http://www.wikidata.org/prop/direct/P3018": "Bahnhof Alte S\u00fcderelbe Nord", "https://gdi-de.github.io/apworkshop2026/ont#stammdurchmesser.value": "19.0", "https://gdi-de.github.io/apworkshop2026/ont#stammdurchmesser.unit": "http://www.ontology-of-units-of-measure.org/resource/om-2/centimeter"}, "geometry": {"type": "MultiPoint", "coordinates": [[9.911201813246768, 53.50746562003917]]}}, {"type": "Feature", "id": "https://gdi-de.github.io/apworkshop2026/WAHF758", "name": "Baum WAHF758 (gdide:WAHF758)", "dateprops": [], "properties": {"http://www.w3.org/2000/01/rdf-schema#label": "Baum WAHF758", "http://rdfs.org/ns/void#inDataset.value": "72757", "http://www.w3.org/2000/01/rdf-schema#comment": "Bahn", "http://www.wikidata.org/prop/direct/P2547.value": "10.0", "http://www.wikidata.org/prop/direct/P2547.unit": "http://www.ontology-of-units-of-measure.org/resource/om-2/meter", "http://www.wikidata.org/prop/direct/P3018": "Waltershof", "https://gdi-de.github.io/apworkshop2026/ont#stammdurchmesser.value": "33.0", "https://gdi-de.github.io/apworkshop2026/ont#stammdurchmesser.unit": "http://www.ontology-of-units-of-measure.org/resource/om-2/centimeter"}, "geometry": {"type": "MultiPoint", "coordinates": [[9.921164965180868, 53.52058701132355]]}}, {"type": "Feature", "id": "https://gdi-de.github.io/apworkshop2026/HOHS514", "name": "Baum HOHS514 (gdide:HOHS514)", "dateprops": [], "properties": {"http://www.w3.org/2000/01/rdf-schema#label": "Baum HOHS514", "http://rdfs.org/ns/void#inDataset.value": "72757", "http://www.w3.org/2000/01/rdf-schema#comment": "sonst. \u00f6ff. Fl\u00e4chen", "http://www.wikidata.org/prop/direct/P2547.value": "4.0", "http://www.wikidata.org/prop/direct/P2547.unit": "http://www.ontology-of-units-of-measure.org/resource/om-2/meter", "http://www.wikidata.org/prop/direct/P3018": "Hohe Schaar", "https://gdi-de.github.io/apworkshop2026/ont#stammdurchmesser.value": "24.0", "https://gdi-de.github.io/apworkshop2026/ont#stammdurchmesser.unit": "http://www.ontology-of-units-of-measure.org/resource/om-2/centimeter"}, "geometry": {"type": "MultiPoint", "coordinates": [[9.975724530237438, 53.48967590680225]]}}, {"type": "Feature", "id": "https://gdi-de.github.io/apworkshop2026/ROSD143", "name": "Baum ROSD143 (gdide:ROSD143)", "dateprops": [], "properties": {"http://www.w3.org/2000/01/rdf-schema#label": "Baum ROSD143", "http://rdfs.org/ns/void#inDataset.value": "72757", "http://www.w3.org/2000/01/rdf-schema#comment": "Stra\u00dfe", "http://www.wikidata.org/prop/direct/P2547.value": "5.0", "http://www.wikidata.org/prop/direct/P2547.unit": "http://www.ontology-of-units-of-measure.org/resource/om-2/meter", "http://www.wikidata.org/prop/direct/P3018": "Ro\u00dfdamm", "https://gdi-de.github.io/apworkshop2026/ont#stammdurchmesser.value": "19.0", "https://gdi-de.github.io/apworkshop2026/ont#stammdurchmesser.unit": "http://www.ontology-of-units-of-measure.org/resource/om-2/centimeter"}, "geometry": {"type": "MultiPoint", "coordinates": [[9.975378436307926, 53.52759617427332]]}}, {"type": "Feature", "id": "https://gdi-de.github.io/apworkshop2026/WITB543", "name": "Baum WITB543 (gdide:WITB543)", "dateprops": [], "properties": {"http://www.w3.org/2000/01/rdf-schema#label": "Baum WITB543", "http://rdfs.org/ns/void#inDataset.value": "72757", "http://www.w3.org/2000/01/rdf-schema#comment": "Wasserwirtschaft", "http://www.wikidata.org/prop/direct/P2547.value": "6.0", "http://www.wikidata.org/prop/direct/P2547.unit": "http://www.ontology-of-units-of-measure.org/resource/om-2/meter", "http://www.wikidata.org/prop/direct/P3018": "Wittenbergen", "https://gdi-de.github.io/apworkshop2026/ont#stammdurchmesser.value": "32.0", "https://gdi-de.github.io/apworkshop2026/ont#stammdurchmesser.unit": "http://www.ontology-of-units-of-measure.org/resource/om-2/centimeter"}, "geometry": {"type": "MultiPoint", "coordinates": [[9.746409090343759, 53.56460905064299]]}}, {"type": "Feature", "id": "https://gdi-de.github.io/apworkshop2026/REIN461", "name": "Baum REIN461 (gdide:REIN461)", "dateprops": [], "properties": {"http://www.w3.org/2000/01/rdf-schema#label": "Baum REIN461", "http://rdfs.org/ns/void#inDataset.value": "72757", "http://www.w3.org/2000/01/rdf-schema#comment": "sonst. \u00f6ff. Fl\u00e4chen", "http://www.wikidata.org/prop/direct/P2547.value": "6.0", "http://www.wikidata.org/prop/direct/P2547.unit": "http://www.ontology-of-units-of-measure.org/resource/om-2/meter", "http://www.wikidata.org/prop/direct/P3018": "Reiherstieg Nord", "https://gdi-de.github.io/apworkshop2026/ont#stammdurchmesser.value": "34.0", "https://gdi-de.github.io/apworkshop2026/ont#stammdurchmesser.unit": "http://www.ontology-of-units-of-measure.org/resource/om-2/centimeter"}, "geometry": {"type": "MultiPoint", "coordinates": [[9.978629376439086, 53.518169797393014]]}}, {"type": "Feature", "id": "https://gdi-de.github.io/apworkshop2026/REIS375", "name": "Baum REIS375 (gdide:REIS375)", "dateprops": [], "properties": {"http://www.w3.org/2000/01/rdf-schema#label": "Baum REIS375", "http://rdfs.org/ns/void#inDataset.value": "72757", "http://www.w3.org/2000/01/rdf-schema#comment": "sonst. \u00f6ff. Fl\u00e4chen", "http://www.wikidata.org/prop/direct/P2547.value": "5.0", "http://www.wikidata.org/prop/direct/P2547.unit": "http://www.ontology-of-units-of-measure.org/resource/om-2/meter", "http://www.wikidata.org/prop/direct/P3018": "Reiherstieg S\u00fcd", "https://gdi-de.github.io/apworkshop2026/ont#stammdurchmesser.value": "16.0", "https://gdi-de.github.io/apworkshop2026/ont#stammdurchmesser.unit": "http://www.ontology-of-units-of-measure.org/resource/om-2/centimeter"}, "geometry": {"type": "MultiPoint", "coordinates": [[9.974234818069172, 53.511968809190385]]}}, {"type": "Feature", "id": "https://gdi-de.github.io/apworkshop2026/BFASN145", "name": "Baum BFASN145 (gdide:BFASN145)", "dateprops": [], "properties": {"http://www.w3.org/2000/01/rdf-schema#label": "Baum BFASN145", "http://rdfs.org/ns/void#inDataset.value": "72757", "http://www.w3.org/2000/01/rdf-schema#comment": "sonst. \u00f6ff. Fl\u00e4chen", "http://www.wikidata.org/prop/direct/P2547.value": "6.0", "http://www.wikidata.org/prop/direct/P2547.unit": "http://www.ontology-of-units-of-measure.org/resource/om-2/meter", "http://www.wikidata.org/prop/direct/P3018": "Bahnhof Alte S\u00fcderelbe Nord", "https://gdi-de.github.io/apworkshop2026/ont#stammdurchmesser.value": "19.0", "https://gdi-de.github.io/apworkshop2026/ont#stammdurchmesser.unit": "http://www.ontology-of-units-of-measure.org/resource/om-2/centimeter"}, "geometry": {"type": "MultiPoint", "coordinates": [[9.912327995185857, 53.51200554525175]]}}, {"type": "Feature", "id": "https://gdi-de.github.io/apworkshop2026/VHWN897", "name": "Baum VHWN897 (gdide:VHWN897)", "dateprops": [], "properties": {"http://www.w3.org/2000/01/rdf-schema#label": "Baum VHWN897", "http://rdfs.org/ns/void#inDataset.value": "72757", "http://www.w3.org/2000/01/rdf-schema#comment": "sonst. \u00f6ff. Fl\u00e4chen", "http://www.wikidata.org/prop/direct/P2547.value": "2.0", "http://www.wikidata.org/prop/direct/P2547.unit": "http://www.ontology-of-units-of-measure.org/resource/om-2/meter", "http://www.wikidata.org/prop/direct/P3018": "Vollh\u00f6fner Weiden", "https://gdi-de.github.io/apworkshop2026/ont#stammdurchmesser.value": "10.0", "https://gdi-de.github.io/apworkshop2026/ont#stammdurchmesser.unit": "http://www.ontology-of-units-of-measure.org/resource/om-2/centimeter"}, "geometry": {"type": "MultiPoint", "coordinates": [[9.905408182720757, 53.51305923219149]]}}, {"type": "Feature", "id": "https://gdi-de.github.io/apworkshop2026/HOHS497", "name": "Baum HOHS497 (gdide:HOHS497)", "dateprops": [], "properties": {"http://www.w3.org/2000/01/rdf-schema#label": "Baum HOHS497", "http://rdfs.org/ns/void#inDataset.value": "72757", "http://www.w3.org/2000/01/rdf-schema#comment": "sonst. \u00f6ff. Fl\u00e4chen", "http://www.wikidata.org/prop/direct/P2547.value": "5.0", "http://www.wikidata.org/prop/direct/P2547.unit": "http://www.ontology-of-units-of-measure.org/resource/om-2/meter", "http://www.wikidata.org/prop/direct/P3018": "Hohe Schaar", "https://gdi-de.github.io/apworkshop2026/ont#stammdurchmesser.value": "24.0", "https://gdi-de.github.io/apworkshop2026/ont#stammdurchmesser.unit": "http://www.ontology-of-units-of-measure.org/resource/om-2/centimeter"}, "geometry": {"type": "MultiPoint", "coordinates": [[9.976025834166885, 53.48933127476225]]}}, {"type": "Feature", "id": "https://gdi-de.github.io/apworkshop2026/REIS532", "name": "Baum REIS532 (gdide:REIS532)", "dateprops": [], "properties": {"http://www.w3.org/2000/01/rdf-schema#label": "Baum REIS532", "http://rdfs.org/ns/void#inDataset.value": "72757", "http://www.w3.org/2000/01/rdf-schema#comment": "sonst. \u00f6ff. Fl\u00e4chen", "http://www.wikidata.org/prop/direct/P2547.value": "9.0", "http://www.wikidata.org/prop/direct/P2547.unit": "http://www.ontology-of-units-of-measure.org/resource/om-2/meter", "http://www.wikidata.org/prop/direct/P3018": "Reiherstieg S\u00fcd", "https://gdi-de.github.io/apworkshop2026/ont#stammdurchmesser.value": "43.0", "https://gdi-de.github.io/apworkshop2026/ont#stammdurchmesser.unit": "http://www.ontology-of-units-of-measure.org/resource/om-2/centimeter"}, "geometry": {"type": "MultiPoint", "coordinates": [[9.97949077994818, 53.50225708588049]]}}, {"type": "Feature", "id": "https://gdi-de.github.io/apworkshop2026/BFASN35", "name": "Baum BFASN35 (gdide:BFASN35)", "dateprops": [], "properties": {"http://www.w3.org/2000/01/rdf-schema#label": "Baum BFASN35", "http://rdfs.org/ns/void#inDataset.value": "72757", "http://www.w3.org/2000/01/rdf-schema#comment": "Stra\u00dfe", "http://www.wikidata.org/prop/direct/P2547.value": "6.0", "http://www.wikidata.org/prop/direct/P2547.unit": "http://www.ontology-of-units-of-measure.org/resource/om-2/meter", "http://www.wikidata.org/prop/direct/P3018": "Bahnhof Alte S\u00fcderelbe Nord", "https://gdi-de.github.io/apworkshop2026/ont#stammdurchmesser.value": "29.0", "https://gdi-de.github.io/apworkshop2026/ont#stammdurchmesser.unit": "http://www.ontology-of-units-of-measure.org/resource/om-2/centimeter"}, "geometry": {"type": "MultiPoint", "coordinates": [[9.917178942635868, 53.51301063303156]]}}, {"type": "Feature", "id": "https://gdi-de.github.io/apworkshop2026/KLGB608", "name": "Baum KLGB608 (gdide:KLGB608)", "dateprops": [], "properties": {"http://www.w3.org/2000/01/rdf-schema#label": "Baum KLGB608", "http://rdfs.org/ns/void#inDataset.value": "72757", "http://www.w3.org/2000/01/rdf-schema#comment": "sonst. \u00f6ff. Fl\u00e4chen", "http://www.wikidata.org/prop/direct/P2547.value": "8.0", "http://www.wikidata.org/prop/direct/P2547.unit": "http://www.ontology-of-units-of-measure.org/resource/om-2/meter", "http://www.wikidata.org/prop/direct/P3018": "Kleiner Grasbrook", "https://gdi-de.github.io/apworkshop2026/ont#stammdurchmesser.value": "33.0", "https://gdi-de.github.io/apworkshop2026/ont#stammdurchmesser.unit": "http://www.ontology-of-units-of-measure.org/resource/om-2/centimeter"}, "geometry": {"type": "MultiPoint", "coordinates": [[9.978754969898958, 53.52714841016275]]}}, {"type": "Feature", "id": "https://gdi-de.github.io/apworkshop2026/BFHS670", "name": "Baum BFHS670 (gdide:BFHS670)", "dateprops": [], "properties": {"http://www.w3.org/2000/01/rdf-schema#label": "Baum BFHS670", "http://rdfs.org/ns/void#inDataset.value": "72757", "http://www.w3.org/2000/01/rdf-schema#comment": "Bahn", "http://www.wikidata.org/prop/direct/P2547.value": "6.0", "http://www.wikidata.org/prop/direct/P2547.unit": "http://www.ontology-of-units-of-measure.org/resource/om-2/meter", "http://www.wikidata.org/prop/direct/P3018": "Bahnhof Hohe Schaar", "https://gdi-de.github.io/apworkshop2026/ont#stammdurchmesser.value": "49.0", "https://gdi-de.github.io/apworkshop2026/ont#stammdurchmesser.unit": "http://www.ontology-of-units-of-measure.org/resource/om-2/centimeter"}, "geometry": {"type": "MultiPoint", "coordinates": [[9.975861640099254, 53.493636887085]]}}, {"type": "Feature", "id": "https://gdi-de.github.io/apworkshop2026/DRHF142", "name": "Baum DRHF142 (gdide:DRHF142)", "dateprops": [], "properties": {"http://www.w3.org/2000/01/rdf-schema#label": "Baum DRHF142", "http://rdfs.org/ns/void#inDataset.value": "72757", "http://www.w3.org/2000/01/rdf-schema#comment": "Stra\u00dfe", "http://www.wikidata.org/prop/direct/P2547.value": "8.0", "http://www.wikidata.org/prop/direct/P2547.unit": "http://www.ontology-of-units-of-measure.org/resource/om-2/meter", "http://www.wikidata.org/prop/direct/P3018": "Dradenauhafen", "https://gdi-de.github.io/apworkshop2026/ont#stammdurchmesser.value": "38.0", "https://gdi-de.github.io/apworkshop2026/ont#stammdurchmesser.unit": "http://www.ontology-of-units-of-measure.org/resource/om-2/centimeter"}, "geometry": {"type": "MultiPoint", "coordinates": [[9.913736867961706, 53.51468413101985]]}}, {"type": "Feature", "id": "https://gdi-de.github.io/apworkshop2026/KLGB191", "name": "Baum KLGB191 (gdide:KLGB191)", "dateprops": [], "properties": {"http://www.w3.org/2000/01/rdf-schema#label": "Baum KLGB191", "http://rdfs.org/ns/void#inDataset.value": "72757", "http://www.w3.org/2000/01/rdf-schema#comment": "sonst. \u00f6ff. Fl\u00e4chen", "http://www.wikidata.org/prop/direct/P2547.value": "10.0", "http://www.wikidata.org/prop/direct/P2547.unit": "http://www.ontology-of-units-of-measure.org/resource/om-2/meter", "http://www.wikidata.org/prop/direct/P3018": "Kleiner Grasbrook", "https://gdi-de.github.io/apworkshop2026/ont#stammdurchmesser.value": "52.0", "https://gdi-de.github.io/apworkshop2026/ont#stammdurchmesser.unit": "http://www.ontology-of-units-of-measure.org/resource/om-2/centimeter"}, "geometry": {"type": "MultiPoint", "coordinates": [[10.004555159780653, 53.52256106515111]]}}, {"type": "Feature", "id": "https://gdi-de.github.io/apworkshop2026/BFAS1756", "name": "Baum BFAS1756 (gdide:BFAS1756)", "dateprops": [], "properties": {"http://www.w3.org/2000/01/rdf-schema#label": "Baum BFAS1756", "http://rdfs.org/ns/void#inDataset.value": "72757", "http://www.w3.org/2000/01/rdf-schema#comment": "Bahn", "http://www.wikidata.org/prop/direct/P2547.value": "8.0", "http://www.wikidata.org/prop/direct/P2547.unit": "http://www.ontology-of-units-of-measure.org/resource/om-2/meter", "http://www.wikidata.org/prop/direct/P3018": "Bahnhof Alte S\u00fcderelbe S\u00fcd", "https://gdi-de.github.io/apworkshop2026/ont#stammdurchmesser.value": "52.0", "https://gdi-de.github.io/apworkshop2026/ont#stammdurchmesser.unit": "http://www.ontology-of-units-of-measure.org/resource/om-2/centimeter"}, "geometry": {"type": "MultiPoint", "coordinates": [[9.900421122538898, 53.4723530519439]]}}, {"type": "Feature", "id": "https://gdi-de.github.io/apworkshop2026/DRHF210", "name": "Baum DRHF210 (gdide:DRHF210)", "dateprops": [], "properties": {"http://www.w3.org/2000/01/rdf-schema#label": "Baum DRHF210", "http://rdfs.org/ns/void#inDataset.value": "72757", "http://www.w3.org/2000/01/rdf-schema#comment": "Stra\u00dfe", "http://www.wikidata.org/prop/direct/P2547.value": "6.0", "http://www.wikidata.org/prop/direct/P2547.unit": "http://www.ontology-of-units-of-measure.org/resource/om-2/meter", "http://www.wikidata.org/prop/direct/P3018": "Dradenauhafen", "https://gdi-de.github.io/apworkshop2026/ont#stammdurchmesser.value": "25.0", "https://gdi-de.github.io/apworkshop2026/ont#stammdurchmesser.unit": "http://www.ontology-of-units-of-measure.org/resource/om-2/centimeter"}, "geometry": {"type": "MultiPoint", "coordinates": [[9.913138401336274, 53.51652579286816]]}}, {"type": "Feature", "id": "https://gdi-de.github.io/apworkshop2026/TATB31", "name": "Baum TATB31 (gdide:TATB31)", "dateprops": [], "properties": {"http://www.w3.org/2000/01/rdf-schema#label": "Baum TATB31", "http://rdfs.org/ns/void#inDataset.value": "72757", "http://www.w3.org/2000/01/rdf-schema#comment": "sonst. \u00f6ff. Fl\u00e4chen", "http://www.wikidata.org/prop/direct/P2547.value": "2.0", "http://www.wikidata.org/prop/direct/P2547.unit": "http://www.ontology-of-units-of-measure.org/resource/om-2/meter", "http://www.wikidata.org/prop/direct/P3018": "Tatenberger Schleuse", "https://gdi-de.github.io/apworkshop2026/ont#stammdurchmesser.value": "14.0", "https://gdi-de.github.io/apworkshop2026/ont#stammdurchmesser.unit": "http://www.ontology-of-units-of-measure.org/resource/om-2/centimeter"}, "geometry": {"type": "MultiPoint", "coordinates": [[10.098073131573504, 53.44794831264709]]}}, {"type": "Feature", "id": "https://gdi-de.github.io/apworkshop2026/BFASN4", "name": "Baum BFASN4 (gdide:BFASN4)", "dateprops": [], "properties": {"http://www.w3.org/2000/01/rdf-schema#label": "Baum BFASN4", "http://rdfs.org/ns/void#inDataset.value": "72757", "http://www.w3.org/2000/01/rdf-schema#comment": "sonst. \u00f6ff. Fl\u00e4chen", "http://www.wikidata.org/prop/direct/P2547.value": "5.0", "http://www.wikidata.org/prop/direct/P2547.unit": "http://www.ontology-of-units-of-measure.org/resource/om-2/meter", "http://www.wikidata.org/prop/direct/P3018": "Bahnhof Alte S\u00fcderelbe Nord", "https://gdi-de.github.io/apworkshop2026/ont#stammdurchmesser.value": "28.0", "https://gdi-de.github.io/apworkshop2026/ont#stammdurchmesser.unit": "http://www.ontology-of-units-of-measure.org/resource/om-2/centimeter"}, "geometry": {"type": "MultiPoint", "coordinates": [[9.912944122689776, 53.51316054881448]]}}, {"type": "Feature", "id": "https://gdi-de.github.io/apworkshop2026/REIS48", "name": "Baum REIS48 (gdide:REIS48)", "dateprops": [], "properties": {"http://www.w3.org/2000/01/rdf-schema#label": "Baum REIS48", "http://rdfs.org/ns/void#inDataset.value": "72757", "http://www.w3.org/2000/01/rdf-schema#comment": "Stra\u00dfe", "http://www.wikidata.org/prop/direct/P2547.value": "4.0", "http://www.wikidata.org/prop/direct/P2547.unit": "http://www.ontology-of-units-of-measure.org/resource/om-2/meter", "http://www.wikidata.org/prop/direct/P3018": "Reiherstieg S\u00fcd", "https://gdi-de.github.io/apworkshop2026/ont#stammdurchmesser.value": "14.0", "https://gdi-de.github.io/apworkshop2026/ont#stammdurchmesser.unit": "http://www.ontology-of-units-of-measure.org/resource/om-2/centimeter"}, "geometry": {"type": "MultiPoint", "coordinates": [[9.973700733700152, 53.51208166684218]]}}, {"type": "Feature", "id": "https://gdi-de.github.io/apworkshop2026/KLGB782", "name": "Baum KLGB782 (gdide:KLGB782)", "dateprops": [], "properties": {"http://www.w3.org/2000/01/rdf-schema#label": "Baum KLGB782", "http://rdfs.org/ns/void#inDataset.value": "72757", "http://www.w3.org/2000/01/rdf-schema#comment": "HPA", "http://www.wikidata.org/prop/direct/P2547.value": "8.0", "http://www.wikidata.org/prop/direct/P2547.unit": "http://www.ontology-of-units-of-measure.org/resource/om-2/meter", "http://www.wikidata.org/prop/direct/P3018": "Kleiner Grasbrook", "https://gdi-de.github.io/apworkshop2026/ont#stammdurchmesser.value": "80.0", "https://gdi-de.github.io/apworkshop2026/ont#stammdurchmesser.unit": "http://www.ontology-of-units-of-measure.org/resource/om-2/centimeter"}, "geometry": {"type": "MultiPoint", "coordinates": [[9.979525392036077, 53.528650936624196]]}}, {"type": "Feature", "id": "https://gdi-de.github.io/apworkshop2026/DRHF153", "name": "Baum DRHF153 (gdide:DRHF153)", "dateprops": [], "properties": {"http://www.w3.org/2000/01/rdf-schema#label": "Baum DRHF153", "http://rdfs.org/ns/void#inDataset.value": "72757", "http://www.w3.org/2000/01/rdf-schema#comment": "Stra\u00dfe", "http://www.wikidata.org/prop/direct/P2547.value": "5.0", "http://www.wikidata.org/prop/direct/P2547.unit": "http://www.ontology-of-units-of-measure.org/resource/om-2/meter", "http://www.wikidata.org/prop/direct/P3018": "Dradenauhafen", "https://gdi-de.github.io/apworkshop2026/ont#stammdurchmesser.value": "16.0", "https://gdi-de.github.io/apworkshop2026/ont#stammdurchmesser.unit": "http://www.ontology-of-units-of-measure.org/resource/om-2/centimeter"}, "geometry": {"type": "MultiPoint", "coordinates": [[9.912525714379893, 53.516089187334785]]}}, {"type": "Feature", "id": "https://gdi-de.github.io/apworkshop2026/REIS637", "name": "Baum REIS637 (gdide:REIS637)", "dateprops": [], "properties": {"http://www.w3.org/2000/01/rdf-schema#label": "Baum REIS637", "http://rdfs.org/ns/void#inDataset.value": "72757", "http://www.w3.org/2000/01/rdf-schema#comment": "sonst. \u00f6ff. Fl\u00e4chen", "http://www.wikidata.org/prop/direct/P2547.value": "8.0", "http://www.wikidata.org/prop/direct/P2547.unit": "http://www.ontology-of-units-of-measure.org/resource/om-2/meter", "http://www.wikidata.org/prop/direct/P3018": "Reiherstieg S\u00fcd", "https://gdi-de.github.io/apworkshop2026/ont#stammdurchmesser.value": "34.0", "https://gdi-de.github.io/apworkshop2026/ont#stammdurchmesser.unit": "http://www.ontology-of-units-of-measure.org/resource/om-2/centimeter"}, "geometry": {"type": "MultiPoint", "coordinates": [[9.975301989677247, 53.511174016144444]]}}, {"type": "Feature", "id": "https://gdi-de.github.io/apworkshop2026/WAHF214", "name": "Baum WAHF214 (gdide:WAHF214)", "dateprops": [], "properties": {"http://www.w3.org/2000/01/rdf-schema#label": "Baum WAHF214", "http://rdfs.org/ns/void#inDataset.value": "72757", "http://www.w3.org/2000/01/rdf-schema#comment": "Stra\u00dfe", "http://www.wikidata.org/prop/direct/P2547.value": "7.0", "http://www.wikidata.org/prop/direct/P2547.unit": "http://www.ontology-of-units-of-measure.org/resource/om-2/meter", "http://www.wikidata.org/prop/direct/P3018": "Waltershof", "https://gdi-de.github.io/apworkshop2026/ont#stammdurchmesser.value": "26.0", "https://gdi-de.github.io/apworkshop2026/ont#stammdurchmesser.unit": "http://www.ontology-of-units-of-measure.org/resource/om-2/centimeter"}, "geometry": {"type": "MultiPoint", "coordinates": [[9.931951728500058, 53.52124423838099]]}}, {"type": "Feature", "id": "https://gdi-de.github.io/apworkshop2026/BFASN452", "name": "Baum BFASN452 (gdide:BFASN452)", "dateprops": [], "properties": {"http://www.w3.org/2000/01/rdf-schema#label": "Baum BFASN452", "http://rdfs.org/ns/void#inDataset.value": "72757", "http://www.w3.org/2000/01/rdf-schema#comment": "Stra\u00dfe", "http://www.wikidata.org/prop/direct/P2547.value": "5.0", "http://www.wikidata.org/prop/direct/P2547.unit": "http://www.ontology-of-units-of-measure.org/resource/om-2/meter", "http://www.wikidata.org/prop/direct/P3018": "Bahnhof Alte S\u00fcderelbe Nord", "https://gdi-de.github.io/apworkshop2026/ont#stammdurchmesser.value": "13.0", "https://gdi-de.github.io/apworkshop2026/ont#stammdurchmesser.unit": "http://www.ontology-of-units-of-measure.org/resource/om-2/centimeter"}, "geometry": {"type": "MultiPoint", "coordinates": [[9.911151300978343, 53.50604628545885]]}}, {"type": "Feature", "id": "https://gdi-de.github.io/apworkshop2026/VEDL231", "name": "Baum VEDL231 (gdide:VEDL231)", "dateprops": [], "properties": {"http://www.w3.org/2000/01/rdf-schema#label": "Baum VEDL231", "http://rdfs.org/ns/void#inDataset.value": "72757", "http://www.w3.org/2000/01/rdf-schema#comment": "Stra\u00dfe", "http://www.wikidata.org/prop/direct/P2547.value": "8.0", "http://www.wikidata.org/prop/direct/P2547.unit": "http://www.ontology-of-units-of-measure.org/resource/om-2/meter", "http://www.wikidata.org/prop/direct/P3018": "Veddel", "https://gdi-de.github.io/apworkshop2026/ont#stammdurchmesser.value": "60.0", "https://gdi-de.github.io/apworkshop2026/ont#stammdurchmesser.unit": "http://www.ontology-of-units-of-measure.org/resource/om-2/centimeter"}, "geometry": {"type": "MultiPoint", "coordinates": [[10.046085056899795, 53.51772324755648]]}}, {"type": "Feature", "id": "https://gdi-de.github.io/apworkshop2026/REIS376", "name": "Baum REIS376 (gdide:REIS376)", "dateprops": [], "properties": {"http://www.w3.org/2000/01/rdf-schema#label": "Baum REIS376", "http://rdfs.org/ns/void#inDataset.value": "72757", "http://www.w3.org/2000/01/rdf-schema#comment": "sonst. \u00f6ff. Fl\u00e4chen", "http://www.wikidata.org/prop/direct/P2547.value": "7.0", "http://www.wikidata.org/prop/direct/P2547.unit": "http://www.ontology-of-units-of-measure.org/resource/om-2/meter", "http://www.wikidata.org/prop/direct/P3018": "Reiherstieg S\u00fcd", "https://gdi-de.github.io/apworkshop2026/ont#stammdurchmesser.value": "47.0", "https://gdi-de.github.io/apworkshop2026/ont#stammdurchmesser.unit": "http://www.ontology-of-units-of-measure.org/resource/om-2/centimeter"}, "geometry": {"type": "MultiPoint", "coordinates": [[9.97409746566223, 53.511688044629956]]}}, {"type": "Feature", "id": "https://gdi-de.github.io/apworkshop2026/REIS383", "name": "Baum REIS383 (gdide:REIS383)", "dateprops": [], "properties": {"http://www.w3.org/2000/01/rdf-schema#label": "Baum REIS383", "http://rdfs.org/ns/void#inDataset.value": "72757", "http://www.w3.org/2000/01/rdf-schema#comment": "sonst. \u00f6ff. Fl\u00e4chen", "http://www.wikidata.org/prop/direct/P2547.value": "8.0", "http://www.wikidata.org/prop/direct/P2547.unit": "http://www.ontology-of-units-of-measure.org/resource/om-2/meter", "http://www.wikidata.org/prop/direct/P3018": "Reiherstieg S\u00fcd", "https://gdi-de.github.io/apworkshop2026/ont#stammdurchmesser.value": "35.0", "https://gdi-de.github.io/apworkshop2026/ont#stammdurchmesser.unit": "http://www.ontology-of-units-of-measure.org/resource/om-2/centimeter"}, "geometry": {"type": "MultiPoint", "coordinates": [[9.974429716553214, 53.511774823882284]]}}, {"type": "Feature", "id": "https://gdi-de.github.io/apworkshop2026/ROST394", "name": "Baum ROST394 (gdide:ROST394)", "dateprops": [], "properties": {"http://www.w3.org/2000/01/rdf-schema#label": "Baum ROST394", "http://rdfs.org/ns/void#inDataset.value": "72757", "http://www.w3.org/2000/01/rdf-schema#comment": "Bahn", "http://www.wikidata.org/prop/direct/P2547.value": "3.0", "http://www.wikidata.org/prop/direct/P2547.unit": "http://www.ontology-of-units-of-measure.org/resource/om-2/meter", "http://www.wikidata.org/prop/direct/P3018": "Ro\u00df-Terminal", "https://gdi-de.github.io/apworkshop2026/ont#stammdurchmesser.value": "13.0", "https://gdi-de.github.io/apworkshop2026/ont#stammdurchmesser.unit": "http://www.ontology-of-units-of-measure.org/resource/om-2/centimeter"}, "geometry": {"type": "MultiPoint", "coordinates": [[9.95047295048291, 53.52003287947604]]}}, {"type": "Feature", "id": "https://gdi-de.github.io/apworkshop2026/ROSD138", "name": "Baum ROSD138 (gdide:ROSD138)", "dateprops": [], "properties": {"http://www.w3.org/2000/01/rdf-schema#label": "Baum ROSD138", "http://rdfs.org/ns/void#inDataset.value": "72757", "http://www.w3.org/2000/01/rdf-schema#comment": "Stra\u00dfe", "http://www.wikidata.org/prop/direct/P2547.value": "8.0", "http://www.wikidata.org/prop/direct/P2547.unit": "http://www.ontology-of-units-of-measure.org/resource/om-2/meter", "http://www.wikidata.org/prop/direct/P3018": "Ro\u00dfdamm", "https://gdi-de.github.io/apworkshop2026/ont#stammdurchmesser.value": "44.0", "https://gdi-de.github.io/apworkshop2026/ont#stammdurchmesser.unit": "http://www.ontology-of-units-of-measure.org/resource/om-2/centimeter"}, "geometry": {"type": "MultiPoint", "coordinates": [[9.975820308613033, 53.52757966862265]]}}, {"type": "Feature", "id": "https://gdi-de.github.io/apworkshop2026/REIS534", "name": "Baum REIS534 (gdide:REIS534)", "dateprops": [], "properties": {"http://www.w3.org/2000/01/rdf-schema#label": "Baum REIS534", "http://rdfs.org/ns/void#inDataset.value": "72757", "http://www.w3.org/2000/01/rdf-schema#comment": "sonst. \u00f6ff. Fl\u00e4chen", "http://www.wikidata.org/prop/direct/P2547.value": "7.0", "http://www.wikidata.org/prop/direct/P2547.unit": "http://www.ontology-of-units-of-measure.org/resource/om-2/meter", "http://www.wikidata.org/prop/direct/P3018": "Reiherstieg S\u00fcd", "https://gdi-de.github.io/apworkshop2026/ont#stammdurchmesser.value": "32.0", "https://gdi-de.github.io/apworkshop2026/ont#stammdurchmesser.unit": "http://www.ontology-of-units-of-measure.org/resource/om-2/centimeter"}, "geometry": {"type": "MultiPoint", "coordinates": [[9.982905644652385, 53.50312175620308]]}}, {"type": "Feature", "id": "https://gdi-de.github.io/apworkshop2026/WITB542", "name": "Baum WITB542 (gdide:WITB542)", "dateprops": [], "properties": {"http://www.w3.org/2000/01/rdf-schema#label": "Baum WITB542", "http://rdfs.org/ns/void#inDataset.value": "72757", "http://www.w3.org/2000/01/rdf-schema#comment": "Wasserwirtschaft", "http://www.wikidata.org/prop/direct/P2547.value": "7.0", "http://www.wikidata.org/prop/direct/P2547.unit": "http://www.ontology-of-units-of-measure.org/resource/om-2/meter", "http://www.wikidata.org/prop/direct/P3018": "Wittenbergen", "https://gdi-de.github.io/apworkshop2026/ont#stammdurchmesser.value": "32.0", "https://gdi-de.github.io/apworkshop2026/ont#stammdurchmesser.unit": "http://www.ontology-of-units-of-measure.org/resource/om-2/centimeter"}, "geometry": {"type": "MultiPoint", "coordinates": [[9.746396334266725, 53.56456513094322]]}}, {"type": "Feature", "id": "https://gdi-de.github.io/apworkshop2026/HOHS802", "name": "Baum HOHS802 (gdide:HOHS802)", "dateprops": [], "properties": {"http://www.w3.org/2000/01/rdf-schema#label": "Baum HOHS802", "http://rdfs.org/ns/void#inDataset.value": "72757", "http://www.w3.org/2000/01/rdf-schema#comment": "sonst. \u00f6ff. Fl\u00e4chen", "http://www.wikidata.org/prop/direct/P2547.value": "2.5", "http://www.wikidata.org/prop/direct/P2547.unit": "http://www.ontology-of-units-of-measure.org/resource/om-2/meter", "http://www.wikidata.org/prop/direct/P3018": "Hohe Schaar", "https://gdi-de.github.io/apworkshop2026/ont#stammdurchmesser.value": "10.0", "https://gdi-de.github.io/apworkshop2026/ont#stammdurchmesser.unit": "http://www.ontology-of-units-of-measure.org/resource/om-2/centimeter"}, "geometry": {"type": "MultiPoint", "coordinates": [[9.959610856098099, 53.49388257463338]]}}, {"type": "Feature", "id": "https://gdi-de.github.io/apworkshop2026/KLGB183", "name": "Baum KLGB183 (gdide:KLGB183)", "dateprops": [], "properties": {"http://www.w3.org/2000/01/rdf-schema#label": "Baum KLGB183", "http://rdfs.org/ns/void#inDataset.value": "72757", "http://www.w3.org/2000/01/rdf-schema#comment": "sonst. \u00f6ff. Fl\u00e4chen", "http://www.wikidata.org/prop/direct/P2547.value": "7.0", "http://www.wikidata.org/prop/direct/P2547.unit": "http://www.ontology-of-units-of-measure.org/resource/om-2/meter", "http://www.wikidata.org/prop/direct/P3018": "Kleiner Grasbrook", "https://gdi-de.github.io/apworkshop2026/ont#stammdurchmesser.value": "34.0", "https://gdi-de.github.io/apworkshop2026/ont#stammdurchmesser.unit": "http://www.ontology-of-units-of-measure.org/resource/om-2/centimeter"}, "geometry": {"type": "MultiPoint", "coordinates": [[10.004865428896633, 53.52257720960091]]}}, {"type": "Feature", "id": "https://gdi-de.github.io/apworkshop2026/WAHF753", "name": "Baum WAHF753 (gdide:WAHF753)", "dateprops": [], "properties": {"http://www.w3.org/2000/01/rdf-schema#label": "Baum WAHF753", "http://rdfs.org/ns/void#inDataset.value": "72757", "http://www.w3.org/2000/01/rdf-schema#comment": "Bahn", "http://www.wikidata.org/prop/direct/P2547.value": "10.0", "http://www.wikidata.org/prop/direct/P2547.unit": "http://www.ontology-of-units-of-measure.org/resource/om-2/meter", "http://www.wikidata.org/prop/direct/P3018": "Waltershof", "https://gdi-de.github.io/apworkshop2026/ont#stammdurchmesser.value": "51.0", "https://gdi-de.github.io/apworkshop2026/ont#stammdurchmesser.unit": "http://www.ontology-of-units-of-measure.org/resource/om-2/centimeter"}, "geometry": {"type": "MultiPoint", "coordinates": [[9.921046432479129, 53.520513116102286]]}}, {"type": "Feature", "id": "https://gdi-de.github.io/apworkshop2026/BFASN7", "name": "Baum BFASN7 (gdide:BFASN7)", "dateprops": [], "properties": {"http://www.w3.org/2000/01/rdf-schema#label": "Baum BFASN7", "http://rdfs.org/ns/void#inDataset.value": "72757", "http://www.w3.org/2000/01/rdf-schema#comment": "sonst. \u00f6ff. Fl\u00e4chen", "http://www.wikidata.org/prop/direct/P2547.value": "4.0", "http://www.wikidata.org/prop/direct/P2547.unit": "http://www.ontology-of-units-of-measure.org/resource/om-2/meter", "http://www.wikidata.org/prop/direct/P3018": "Bahnhof Alte S\u00fcderelbe Nord", "https://gdi-de.github.io/apworkshop2026/ont#stammdurchmesser.value": "21.0", "https://gdi-de.github.io/apworkshop2026/ont#stammdurchmesser.unit": "http://www.ontology-of-units-of-measure.org/resource/om-2/centimeter"}, "geometry": {"type": "MultiPoint", "coordinates": [[9.913016014861965, 53.513208618972286]]}}, {"type": "Feature", "id": "https://gdi-de.github.io/apworkshop2026/TATB100", "name": "Baum TATB100 (gdide:TATB100)", "dateprops": [], "properties": {"http://www.w3.org/2000/01/rdf-schema#label": "Baum TATB100", "http://rdfs.org/ns/void#inDataset.value": "72757", "http://www.w3.org/2000/01/rdf-schema#comment": "sonst. \u00f6ff. Fl\u00e4chen", "http://www.wikidata.org/prop/direct/P2547.value": "11.0", "http://www.wikidata.org/prop/direct/P2547.unit": "http://www.ontology-of-units-of-measure.org/resource/om-2/meter", "http://www.wikidata.org/prop/direct/P3018": "Tatenberger Schleuse", "https://gdi-de.github.io/apworkshop2026/ont#stammdurchmesser.value": "45.0", "https://gdi-de.github.io/apworkshop2026/ont#stammdurchmesser.unit": "http://www.ontology-of-units-of-measure.org/resource/om-2/centimeter"}, "geometry": {"type": "MultiPoint", "coordinates": [[10.100666981023789, 53.44441131336513]]}}, {"type": "Feature", "id": "https://gdi-de.github.io/apworkshop2026/TEUB195", "name": "Baum TEUB195 (gdide:TEUB195)", "dateprops": [], "properties": {"http://www.w3.org/2000/01/rdf-schema#label": "Baum TEUB195", "http://rdfs.org/ns/void#inDataset.value": "72757", "http://www.w3.org/2000/01/rdf-schema#comment": "Wasserwirtschaft", "http://www.wikidata.org/prop/direct/P2547.value": "8.0", "http://www.wikidata.org/prop/direct/P2547.unit": "http://www.ontology-of-units-of-measure.org/resource/om-2/meter", "http://www.wikidata.org/prop/direct/P3018": "Teufelsbr\u00fcck-Blankenese", "https://gdi-de.github.io/apworkshop2026/ont#stammdurchmesser.value": "35.0", "https://gdi-de.github.io/apworkshop2026/ont#stammdurchmesser.unit": "http://www.ontology-of-units-of-measure.org/resource/om-2/centimeter"}, "geometry": {"type": "MultiPoint", "coordinates": [[9.826524728103566, 53.55334607032248]]}}, {"type": "Feature", "id": "https://gdi-de.github.io/apworkshop2026/DRHF175", "name": "Baum DRHF175 (gdide:DRHF175)", "dateprops": [], "properties": {"http://www.w3.org/2000/01/rdf-schema#label": "Baum DRHF175", "http://rdfs.org/ns/void#inDataset.value": "72757", "http://www.w3.org/2000/01/rdf-schema#comment": "Stra\u00dfe", "http://www.wikidata.org/prop/direct/P2547.value": "4.0", "http://www.wikidata.org/prop/direct/P2547.unit": "http://www.ontology-of-units-of-measure.org/resource/om-2/meter", "http://www.wikidata.org/prop/direct/P3018": "Dradenauhafen", "https://gdi-de.github.io/apworkshop2026/ont#stammdurchmesser.value": "16.0", "https://gdi-de.github.io/apworkshop2026/ont#stammdurchmesser.unit": "http://www.ontology-of-units-of-measure.org/resource/om-2/centimeter"}, "geometry": {"type": "MultiPoint", "coordinates": [[9.912551522978005, 53.51607395378466]]}}, {"type": "Feature", "id": "https://gdi-de.github.io/apworkshop2026/DRHF216", "name": "Baum DRHF216 (gdide:DRHF216)", "dateprops": [], "properties": {"http://www.w3.org/2000/01/rdf-schema#label": "Baum DRHF216", "http://rdfs.org/ns/void#inDataset.value": "72757", "http://www.w3.org/2000/01/rdf-schema#comment": "Stra\u00dfe", "http://www.wikidata.org/prop/direct/P2547.value": "5.0", "http://www.wikidata.org/prop/direct/P2547.unit": "http://www.ontology-of-units-of-measure.org/resource/om-2/meter", "http://www.wikidata.org/prop/direct/P3018": "Dradenauhafen", "https://gdi-de.github.io/apworkshop2026/ont#stammdurchmesser.value": "19.0", "https://gdi-de.github.io/apworkshop2026/ont#stammdurchmesser.unit": "http://www.ontology-of-units-of-measure.org/resource/om-2/centimeter"}, "geometry": {"type": "MultiPoint", "coordinates": [[9.913103393989651, 53.516430349053344]]}}, {"type": "Feature", "id": "https://gdi-de.github.io/apworkshop2026/REIS125", "name": "Baum REIS125 (gdide:REIS125)", "dateprops": [], "properties": {"http://www.w3.org/2000/01/rdf-schema#label": "Baum REIS125", "http://rdfs.org/ns/void#inDataset.value": "72757", "http://www.w3.org/2000/01/rdf-schema#comment": "Stra\u00dfe", "http://www.wikidata.org/prop/direct/P2547.value": "6.0", "http://www.wikidata.org/prop/direct/P2547.unit": "http://www.ontology-of-units-of-measure.org/resource/om-2/meter", "http://www.wikidata.org/prop/direct/P3018": "Reiherstieg S\u00fcd", "https://gdi-de.github.io/apworkshop2026/ont#stammdurchmesser.value": "21.0", "https://gdi-de.github.io/apworkshop2026/ont#stammdurchmesser.unit": "http://www.ontology-of-units-of-measure.org/resource/om-2/centimeter"}, "geometry": {"type": "MultiPoint", "coordinates": [[9.973781043086554, 53.51229327346147]]}}, {"type": "Feature", "id": "https://gdi-de.github.io/apworkshop2026/HOHS559", "name": "Baum HOHS559 (gdide:HOHS559)", "dateprops": [], "properties": {"http://www.w3.org/2000/01/rdf-schema#label": "Baum HOHS559", "http://rdfs.org/ns/void#inDataset.value": "72757", "http://www.w3.org/2000/01/rdf-schema#comment": "sonst. \u00f6ff. Fl\u00e4chen", "http://www.wikidata.org/prop/direct/P2547.value": "10.0", "http://www.wikidata.org/prop/direct/P2547.unit": "http://www.ontology-of-units-of-measure.org/resource/om-2/meter", "http://www.wikidata.org/prop/direct/P3018": "Hohe Schaar", "https://gdi-de.github.io/apworkshop2026/ont#stammdurchmesser.value": "40.0", "https://gdi-de.github.io/apworkshop2026/ont#stammdurchmesser.unit": "http://www.ontology-of-units-of-measure.org/resource/om-2/centimeter"}, "geometry": {"type": "MultiPoint", "coordinates": [[9.978698663496951, 53.48172821947177]]}}, {"type": "Feature", "id": "https://gdi-de.github.io/apworkshop2026/KLGB284", "name": "Baum KLGB284 (gdide:KLGB284)", "dateprops": [], "properties": {"http://www.w3.org/2000/01/rdf-schema#label": "Baum KLGB284", "http://rdfs.org/ns/void#inDataset.value": "72757", "http://www.w3.org/2000/01/rdf-schema#comment": "sonst. \u00f6ff. Fl\u00e4chen", "http://www.wikidata.org/prop/direct/P2547.value": "9.0", "http://www.wikidata.org/prop/direct/P2547.unit": "http://www.ontology-of-units-of-measure.org/resource/om-2/meter", "http://www.wikidata.org/prop/direct/P3018": "Kleiner Grasbrook", "https://gdi-de.github.io/apworkshop2026/ont#stammdurchmesser.value": "53.0", "https://gdi-de.github.io/apworkshop2026/ont#stammdurchmesser.unit": "http://www.ontology-of-units-of-measure.org/resource/om-2/centimeter"}, "geometry": {"type": "MultiPoint", "coordinates": [[9.990570618628816, 53.526198206700414]]}}, {"type": "Feature", "id": "https://gdi-de.github.io/apworkshop2026/KLGB274", "name": "Baum KLGB274 (gdide:KLGB274)", "dateprops": [], "properties": {"http://www.w3.org/2000/01/rdf-schema#label": "Baum KLGB274", "http://rdfs.org/ns/void#inDataset.value": "72757", "http://www.w3.org/2000/01/rdf-schema#comment": "sonst. \u00f6ff. Fl\u00e4chen", "http://www.wikidata.org/prop/direct/P2547.value": "7.0", "http://www.wikidata.org/prop/direct/P2547.unit": "http://www.ontology-of-units-of-measure.org/resource/om-2/meter", "http://www.wikidata.org/prop/direct/P3018": "Kleiner Grasbrook", "https://gdi-de.github.io/apworkshop2026/ont#stammdurchmesser.value": "39.0", "https://gdi-de.github.io/apworkshop2026/ont#stammdurchmesser.unit": "http://www.ontology-of-units-of-measure.org/resource/om-2/centimeter"}, "geometry": {"type": "MultiPoint", "coordinates": [[9.989367918193826, 53.52639068950451]]}}, {"type": "Feature", "id": "https://gdi-de.github.io/apworkshop2026/NHKL139", "name": "Baum NHKL139 (gdide:NHKL139)", "dateprops": [], "properties": {"http://www.w3.org/2000/01/rdf-schema#label": "Baum NHKL139", "http://rdfs.org/ns/void#inDataset.value": "72757", "http://www.w3.org/2000/01/rdf-schema#comment": "sonst. \u00f6ff. Fl\u00e4chen", "http://www.wikidata.org/prop/direct/P2547.value": "4.0", "http://www.wikidata.org/prop/direct/P2547.unit": "http://www.ontology-of-units-of-measure.org/resource/om-2/meter", "http://www.wikidata.org/prop/direct/P3018": "Neuh\u00f6fer Kanal", "https://gdi-de.github.io/apworkshop2026/ont#stammdurchmesser.value": "21.0", "https://gdi-de.github.io/apworkshop2026/ont#stammdurchmesser.unit": "http://www.ontology-of-units-of-measure.org/resource/om-2/centimeter"}, "geometry": {"type": "MultiPoint", "coordinates": [[9.965990466667096, 53.51598915430107]]}}, {"type": "Feature", "id": "https://gdi-de.github.io/apworkshop2026/TATB68", "name": "Baum TATB68 (gdide:TATB68)", "dateprops": [], "properties": {"http://www.w3.org/2000/01/rdf-schema#label": "Baum TATB68", "http://rdfs.org/ns/void#inDataset.value": "72757", "http://www.w3.org/2000/01/rdf-schema#comment": "sonst. \u00f6ff. Fl\u00e4chen", "http://www.wikidata.org/prop/direct/P2547.value": "5.0", "http://www.wikidata.org/prop/direct/P2547.unit": "http://www.ontology-of-units-of-measure.org/resource/om-2/meter", "http://www.wikidata.org/prop/direct/P3018": "Tatenberger Schleuse", "https://gdi-de.github.io/apworkshop2026/ont#stammdurchmesser.value": "16.0", "https://gdi-de.github.io/apworkshop2026/ont#stammdurchmesser.unit": "http://www.ontology-of-units-of-measure.org/resource/om-2/centimeter"}, "geometry": {"type": "MultiPoint", "coordinates": [[10.100532395427921, 53.44450687117857]]}}, {"type": "Feature", "id": "https://gdi-de.github.io/apworkshop2026/BFAS1773", "name": "Baum BFAS1773 (gdide:BFAS1773)", "dateprops": [], "properties": {"http://www.w3.org/2000/01/rdf-schema#label": "Baum BFAS1773", "http://rdfs.org/ns/void#inDataset.value": "72757", "http://www.w3.org/2000/01/rdf-schema#comment": "Bahn", "http://www.wikidata.org/prop/direct/P2547.value": "3.0", "http://www.wikidata.org/prop/direct/P2547.unit": "http://www.ontology-of-units-of-measure.org/resource/om-2/meter", "http://www.wikidata.org/prop/direct/P3018": "Bahnhof Alte S\u00fcderelbe S\u00fcd", "https://gdi-de.github.io/apworkshop2026/ont#stammdurchmesser.value": "14.0", "https://gdi-de.github.io/apworkshop2026/ont#stammdurchmesser.unit": "http://www.ontology-of-units-of-measure.org/resource/om-2/centimeter"}, "geometry": {"type": "MultiPoint", "coordinates": [[9.909342722816826, 53.501100342481024]]}}, {"type": "Feature", "id": "https://gdi-de.github.io/apworkshop2026/REIN168", "name": "Baum REIN168 (gdide:REIN168)", "dateprops": [], "properties": {"http://www.w3.org/2000/01/rdf-schema#label": "Baum REIN168", "http://rdfs.org/ns/void#inDataset.value": "72757", "http://www.w3.org/2000/01/rdf-schema#comment": "sonst. \u00f6ff. Fl\u00e4chen", "http://www.wikidata.org/prop/direct/P2547.value": "6.0", "http://www.wikidata.org/prop/direct/P2547.unit": "http://www.ontology-of-units-of-measure.org/resource/om-2/meter", "http://www.wikidata.org/prop/direct/P3018": "Reiherstieg Nord", "https://gdi-de.github.io/apworkshop2026/ont#stammdurchmesser.value": "20.0", "https://gdi-de.github.io/apworkshop2026/ont#stammdurchmesser.unit": "http://www.ontology-of-units-of-measure.org/resource/om-2/centimeter"}, "geometry": {"type": "MultiPoint", "coordinates": [[9.977297920474422, 53.516722624693614]]}}, {"type": "Feature", "id": "https://gdi-de.github.io/apworkshop2026/DRHF212", "name": "Baum DRHF212 (gdide:DRHF212)", "dateprops": [], "properties": {"http://www.w3.org/2000/01/rdf-schema#label": "Baum DRHF212", "http://rdfs.org/ns/void#inDataset.value": "72757", "http://www.w3.org/2000/01/rdf-schema#comment": "Stra\u00dfe", "http://www.wikidata.org/prop/direct/P2547.value": "7.0", "http://www.wikidata.org/prop/direct/P2547.unit": "http://www.ontology-of-units-of-measure.org/resource/om-2/meter", "http://www.wikidata.org/prop/direct/P3018": "Dradenauhafen", "https://gdi-de.github.io/apworkshop2026/ont#stammdurchmesser.value": "29.0", "https://gdi-de.github.io/apworkshop2026/ont#stammdurchmesser.unit": "http://www.ontology-of-units-of-measure.org/resource/om-2/centimeter"}, "geometry": {"type": "MultiPoint", "coordinates": [[9.913177738562565, 53.51649645309169]]}}, {"type": "Feature", "id": "https://gdi-de.github.io/apworkshop2026/RDLD243", "name": "Baum RDLD243 (gdide:RDLD243)", "dateprops": [], "properties": {"http://www.w3.org/2000/01/rdf-schema#label": "Baum RDLD243", "http://rdfs.org/ns/void#inDataset.value": "72757", "http://www.w3.org/2000/01/rdf-schema#comment": "sonst. \u00f6ff. Fl\u00e4chen", "http://www.wikidata.org/prop/direct/P2547.value": "6.0", "http://www.wikidata.org/prop/direct/P2547.unit": "http://www.ontology-of-units-of-measure.org/resource/om-2/meter", "http://www.wikidata.org/prop/direct/P3018": "Radeland", "https://gdi-de.github.io/apworkshop2026/ont#stammdurchmesser.value": "19.0", "https://gdi-de.github.io/apworkshop2026/ont#stammdurchmesser.unit": "http://www.ontology-of-units-of-measure.org/resource/om-2/centimeter"}, "geometry": {"type": "MultiPoint", "coordinates": [[9.963004358864849, 53.47204272929496]]}}, {"type": "Feature", "id": "https://gdi-de.github.io/apworkshop2026/VEDL268", "name": "Baum VEDL268 (gdide:VEDL268)", "dateprops": [], "properties": {"http://www.w3.org/2000/01/rdf-schema#label": "Baum VEDL268", "http://rdfs.org/ns/void#inDataset.value": "72757", "http://www.w3.org/2000/01/rdf-schema#comment": "Stra\u00dfe", "http://www.wikidata.org/prop/direct/P2547.value": "8.0", "http://www.wikidata.org/prop/direct/P2547.unit": "http://www.ontology-of-units-of-measure.org/resource/om-2/meter", "http://www.wikidata.org/prop/direct/P3018": "Veddel", "https://gdi-de.github.io/apworkshop2026/ont#stammdurchmesser.value": "50.0", "https://gdi-de.github.io/apworkshop2026/ont#stammdurchmesser.unit": "http://www.ontology-of-units-of-measure.org/resource/om-2/centimeter"}, "geometry": {"type": "MultiPoint", "coordinates": [[10.047686869832367, 53.517201520808975]]}}, {"type": "Feature", "id": "https://gdi-de.github.io/apworkshop2026/REIS204", "name": "Baum REIS204 (gdide:REIS204)", "dateprops": [], "properties": {"http://www.w3.org/2000/01/rdf-schema#label": "Baum REIS204", "http://rdfs.org/ns/void#inDataset.value": "72757", "http://www.w3.org/2000/01/rdf-schema#comment": "Stra\u00dfe", "http://www.wikidata.org/prop/direct/P2547.value": "5.0", "http://www.wikidata.org/prop/direct/P2547.unit": "http://www.ontology-of-units-of-measure.org/resource/om-2/meter", "http://www.wikidata.org/prop/direct/P3018": "Reiherstieg S\u00fcd", "https://gdi-de.github.io/apworkshop2026/ont#stammdurchmesser.value": "18.0", "https://gdi-de.github.io/apworkshop2026/ont#stammdurchmesser.unit": "http://www.ontology-of-units-of-measure.org/resource/om-2/centimeter"}, "geometry": {"type": "MultiPoint", "coordinates": [[9.975715762680267, 53.51171334391202]]}}, {"type": "Feature", "id": "https://gdi-de.github.io/apworkshop2026/RETH234", "name": "Baum RETH234 (gdide:RETH234)", "dateprops": [], "properties": {"http://www.w3.org/2000/01/rdf-schema#label": "Baum RETH234", "http://rdfs.org/ns/void#inDataset.value": "72757", "http://www.w3.org/2000/01/rdf-schema#comment": "sonst. \u00f6ff. Fl\u00e4chen", "http://www.wikidata.org/prop/direct/P2547.value": "11.0", "http://www.wikidata.org/prop/direct/P2547.unit": "http://www.ontology-of-units-of-measure.org/resource/om-2/meter", "http://www.wikidata.org/prop/direct/P3018": "Rethe", "https://gdi-de.github.io/apworkshop2026/ont#stammdurchmesser.value": "56.0", "https://gdi-de.github.io/apworkshop2026/ont#stammdurchmesser.unit": "http://www.ontology-of-units-of-measure.org/resource/om-2/centimeter"}, "geometry": {"type": "MultiPoint", "coordinates": [[9.966377047666462, 53.508554219651394]]}}, {"type": "Feature", "id": "https://gdi-de.github.io/apworkshop2026/RETH236", "name": "Baum RETH236 (gdide:RETH236)", "dateprops": [], "properties": {"http://www.w3.org/2000/01/rdf-schema#label": "Baum RETH236", "http://rdfs.org/ns/void#inDataset.value": "72757", "http://www.w3.org/2000/01/rdf-schema#comment": "sonst. \u00f6ff. Fl\u00e4chen", "http://www.wikidata.org/prop/direct/P2547.value": "11.0", "http://www.wikidata.org/prop/direct/P2547.unit": "http://www.ontology-of-units-of-measure.org/resource/om-2/meter", "http://www.wikidata.org/prop/direct/P3018": "Rethe", "https://gdi-de.github.io/apworkshop2026/ont#stammdurchmesser.value": "55.0", "https://gdi-de.github.io/apworkshop2026/ont#stammdurchmesser.unit": "http://www.ontology-of-units-of-measure.org/resource/om-2/centimeter"}, "geometry": {"type": "MultiPoint", "coordinates": [[9.966376652407739, 53.508641400650596]]}}, {"type": "Feature", "id": "https://gdi-de.github.io/apworkshop2026/REIS129", "name": "Baum REIS129 (gdide:REIS129)", "dateprops": [], "properties": {"http://www.w3.org/2000/01/rdf-schema#label": "Baum REIS129", "http://rdfs.org/ns/void#inDataset.value": "72757", "http://www.w3.org/2000/01/rdf-schema#comment": "Stra\u00dfe", "http://www.wikidata.org/prop/direct/P2547.value": "6.0", "http://www.wikidata.org/prop/direct/P2547.unit": "http://www.ontology-of-units-of-measure.org/resource/om-2/meter", "http://www.wikidata.org/prop/direct/P3018": "Reiherstieg S\u00fcd", "https://gdi-de.github.io/apworkshop2026/ont#stammdurchmesser.value": "28.0", "https://gdi-de.github.io/apworkshop2026/ont#stammdurchmesser.unit": "http://www.ontology-of-units-of-measure.org/resource/om-2/centimeter"}, "geometry": {"type": "MultiPoint", "coordinates": [[9.97499413702938, 53.51225059752397]]}}, {"type": "Feature", "id": "https://gdi-de.github.io/apworkshop2026/TATB44", "name": "Baum TATB44 (gdide:TATB44)", "dateprops": [], "properties": {"http://www.w3.org/2000/01/rdf-schema#label": "Baum TATB44", "http://rdfs.org/ns/void#inDataset.value": "72757", "http://www.w3.org/2000/01/rdf-schema#comment": "sonst. \u00f6ff. Fl\u00e4chen", "http://www.wikidata.org/prop/direct/P2547.value": "8.0", "http://www.wikidata.org/prop/direct/P2547.unit": "http://www.ontology-of-units-of-measure.org/resource/om-2/meter", "http://www.wikidata.org/prop/direct/P3018": "Tatenberger Schleuse", "https://gdi-de.github.io/apworkshop2026/ont#stammdurchmesser.value": "26.0", "https://gdi-de.github.io/apworkshop2026/ont#stammdurchmesser.unit": "http://www.ontology-of-units-of-measure.org/resource/om-2/centimeter"}, "geometry": {"type": "MultiPoint", "coordinates": [[10.101023971517698, 53.44313015980972]]}}, {"type": "Feature", "id": "https://gdi-de.github.io/apworkshop2026/DRHF233", "name": "Baum DRHF233 (gdide:DRHF233)", "dateprops": [], "properties": {"http://www.w3.org/2000/01/rdf-schema#label": "Baum DRHF233", "http://rdfs.org/ns/void#inDataset.value": "72757", "http://www.w3.org/2000/01/rdf-schema#comment": "Stra\u00dfe", "http://www.wikidata.org/prop/direct/P2547.value": "6.0", "http://www.wikidata.org/prop/direct/P2547.unit": "http://www.ontology-of-units-of-measure.org/resource/om-2/meter", "http://www.wikidata.org/prop/direct/P3018": "Dradenauhafen", "https://gdi-de.github.io/apworkshop2026/ont#stammdurchmesser.value": "21.0", "https://gdi-de.github.io/apworkshop2026/ont#stammdurchmesser.unit": "http://www.ontology-of-units-of-measure.org/resource/om-2/centimeter"}, "geometry": {"type": "MultiPoint", "coordinates": [[9.912796008465731, 53.51626481609824]]}}, {"type": "Feature", "id": "https://gdi-de.github.io/apworkshop2026/ROSD140", "name": "Baum ROSD140 (gdide:ROSD140)", "dateprops": [], "properties": {"http://www.w3.org/2000/01/rdf-schema#label": "Baum ROSD140", "http://rdfs.org/ns/void#inDataset.value": "72757", "http://www.w3.org/2000/01/rdf-schema#comment": "Stra\u00dfe", "http://www.wikidata.org/prop/direct/P2547.value": "6.0", "http://www.wikidata.org/prop/direct/P2547.unit": "http://www.ontology-of-units-of-measure.org/resource/om-2/meter", "http://www.wikidata.org/prop/direct/P3018": "Ro\u00dfdamm", "https://gdi-de.github.io/apworkshop2026/ont#stammdurchmesser.value": "32.0", "https://gdi-de.github.io/apworkshop2026/ont#stammdurchmesser.unit": "http://www.ontology-of-units-of-measure.org/resource/om-2/centimeter"}, "geometry": {"type": "MultiPoint", "coordinates": [[9.97563527363081, 53.527590209598614]]}}, {"type": "Feature", "id": "https://gdi-de.github.io/apworkshop2026/BFASN85", "name": "Baum BFASN85 (gdide:BFASN85)", "dateprops": [], "properties": {"http://www.w3.org/2000/01/rdf-schema#label": "Baum BFASN85", "http://rdfs.org/ns/void#inDataset.value": "72757", "http://www.w3.org/2000/01/rdf-schema#comment": "sonst. \u00f6ff. Fl\u00e4chen", "http://www.wikidata.org/prop/direct/P2547.value": "7.0", "http://www.wikidata.org/prop/direct/P2547.unit": "http://www.ontology-of-units-of-measure.org/resource/om-2/meter", "http://www.wikidata.org/prop/direct/P3018": "Bahnhof Alte S\u00fcderelbe Nord", "https://gdi-de.github.io/apworkshop2026/ont#stammdurchmesser.value": "25.0", "https://gdi-de.github.io/apworkshop2026/ont#stammdurchmesser.unit": "http://www.ontology-of-units-of-measure.org/resource/om-2/centimeter"}, "geometry": {"type": "MultiPoint", "coordinates": [[9.911313294173528, 53.5134861631065]]}}, {"type": "Feature", "id": "https://gdi-de.github.io/apworkshop2026/KLGB250", "name": "Baum KLGB250 (gdide:KLGB250)", "dateprops": [], "properties": {"http://www.w3.org/2000/01/rdf-schema#label": "Baum KLGB250", "http://rdfs.org/ns/void#inDataset.value": "72757", "http://www.w3.org/2000/01/rdf-schema#comment": "sonst. \u00f6ff. Fl\u00e4chen", "http://www.wikidata.org/prop/direct/P2547.value": "5.0", "http://www.wikidata.org/prop/direct/P2547.unit": "http://www.ontology-of-units-of-measure.org/resource/om-2/meter", "http://www.wikidata.org/prop/direct/P3018": "Kleiner Grasbrook", "https://gdi-de.github.io/apworkshop2026/ont#stammdurchmesser.value": "25.0", "https://gdi-de.github.io/apworkshop2026/ont#stammdurchmesser.unit": "http://www.ontology-of-units-of-measure.org/resource/om-2/centimeter"}, "geometry": {"type": "MultiPoint", "coordinates": [[9.98638861063828, 53.527274320935035]]}}, {"type": "Feature", "id": "https://gdi-de.github.io/apworkshop2026/REIS632", "name": "Baum REIS632 (gdide:REIS632)", "dateprops": [], "properties": {"http://www.w3.org/2000/01/rdf-schema#label": "Baum REIS632", "http://rdfs.org/ns/void#inDataset.value": "72757", "http://www.w3.org/2000/01/rdf-schema#comment": "sonst. \u00f6ff. Fl\u00e4chen", "http://www.wikidata.org/prop/direct/P2547.value": "8.0", "http://www.wikidata.org/prop/direct/P2547.unit": "http://www.ontology-of-units-of-measure.org/resource/om-2/meter", "http://www.wikidata.org/prop/direct/P3018": "Reiherstieg S\u00fcd", "https://gdi-de.github.io/apworkshop2026/ont#stammdurchmesser.value": "38.0", "https://gdi-de.github.io/apworkshop2026/ont#stammdurchmesser.unit": "http://www.ontology-of-units-of-measure.org/resource/om-2/centimeter"}, "geometry": {"type": "MultiPoint", "coordinates": [[9.975489036885708, 53.51092549068451]]}}, {"type": "Feature", "id": "https://gdi-de.github.io/apworkshop2026/HOHS344", "name": "Baum HOHS344 (gdide:HOHS344)", "dateprops": [], "properties": {"http://www.w3.org/2000/01/rdf-schema#label": "Baum HOHS344", "http://rdfs.org/ns/void#inDataset.value": "72757", "http://www.w3.org/2000/01/rdf-schema#comment": "sonst. \u00f6ff. Fl\u00e4chen", "http://www.wikidata.org/prop/direct/P2547.value": "7.0", "http://www.wikidata.org/prop/direct/P2547.unit": "http://www.ontology-of-units-of-measure.org/resource/om-2/meter", "http://www.wikidata.org/prop/direct/P3018": "Hohe Schaar", "https://gdi-de.github.io/apworkshop2026/ont#stammdurchmesser.value": "40.0", "https://gdi-de.github.io/apworkshop2026/ont#stammdurchmesser.unit": "http://www.ontology-of-units-of-measure.org/resource/om-2/centimeter"}, "geometry": {"type": "MultiPoint", "coordinates": [[9.977281436388958, 53.48299518173091]]}}, {"type": "Feature", "id": "https://gdi-de.github.io/apworkshop2026/BFASN34", "name": "Baum BFASN34 (gdide:BFASN34)", "dateprops": [], "properties": {"http://www.w3.org/2000/01/rdf-schema#label": "Baum BFASN34", "http://rdfs.org/ns/void#inDataset.value": "72757", "http://www.w3.org/2000/01/rdf-schema#comment": "Stra\u00dfe", "http://www.wikidata.org/prop/direct/P2547.value": "8.0", "http://www.wikidata.org/prop/direct/P2547.unit": "http://www.ontology-of-units-of-measure.org/resource/om-2/meter", "http://www.wikidata.org/prop/direct/P3018": "Bahnhof Alte S\u00fcderelbe Nord", "https://gdi-de.github.io/apworkshop2026/ont#stammdurchmesser.value": "30.0", "https://gdi-de.github.io/apworkshop2026/ont#stammdurchmesser.unit": "http://www.ontology-of-units-of-measure.org/resource/om-2/centimeter"}, "geometry": {"type": "MultiPoint", "coordinates": [[9.917110760505802, 53.51303334077963]]}}, {"type": "Feature", "id": "https://gdi-de.github.io/apworkshop2026/BFASN105", "name": "Baum BFASN105 (gdide:BFASN105)", "dateprops": [], "properties": {"http://www.w3.org/2000/01/rdf-schema#label": "Baum BFASN105", "http://rdfs.org/ns/void#inDataset.value": "72757", "http://www.w3.org/2000/01/rdf-schema#comment": "sonst. \u00f6ff. Fl\u00e4chen", "http://www.wikidata.org/prop/direct/P2547.value": "3.0", "http://www.wikidata.org/prop/direct/P2547.unit": "http://www.ontology-of-units-of-measure.org/resource/om-2/meter", "http://www.wikidata.org/prop/direct/P3018": "Bahnhof Alte S\u00fcderelbe Nord", "https://gdi-de.github.io/apworkshop2026/ont#stammdurchmesser.value": "8.0", "https://gdi-de.github.io/apworkshop2026/ont#stammdurchmesser.unit": "http://www.ontology-of-units-of-measure.org/resource/om-2/centimeter"}, "geometry": {"type": "MultiPoint", "coordinates": [[9.912327644842897, 53.512034418053545]]}}, {"type": "Feature", "id": "https://gdi-de.github.io/apworkshop2026/REIN166", "name": "Baum REIN166 (gdide:REIN166)", "dateprops": [], "properties": {"http://www.w3.org/2000/01/rdf-schema#label": "Baum REIN166", "http://rdfs.org/ns/void#inDataset.value": "72757", "http://www.w3.org/2000/01/rdf-schema#comment": "sonst. \u00f6ff. Fl\u00e4chen", "http://www.wikidata.org/prop/direct/P2547.value": "7.0", "http://www.wikidata.org/prop/direct/P2547.unit": "http://www.ontology-of-units-of-measure.org/resource/om-2/meter", "http://www.wikidata.org/prop/direct/P3018": "Reiherstieg Nord", "https://gdi-de.github.io/apworkshop2026/ont#stammdurchmesser.value": "25.0", "https://gdi-de.github.io/apworkshop2026/ont#stammdurchmesser.unit": "http://www.ontology-of-units-of-measure.org/resource/om-2/centimeter"}, "geometry": {"type": "MultiPoint", "coordinates": [[9.977241703903942, 53.51665700172373]]}}, {"type": "Feature", "id": "https://gdi-de.github.io/apworkshop2026/MOBG363", "name": "Baum MOBG363 (gdide:MOBG363)", "dateprops": [], "properties": {"http://www.w3.org/2000/01/rdf-schema#label": "Baum MOBG363", "http://rdfs.org/ns/void#inDataset.value": "72757", "http://www.w3.org/2000/01/rdf-schema#comment": "Stra\u00dfe", "http://www.wikidata.org/prop/direct/P2547.value": "5.0", "http://www.wikidata.org/prop/direct/P2547.unit": "http://www.ontology-of-units-of-measure.org/resource/om-2/meter", "http://www.wikidata.org/prop/direct/P3018": "Moorburg", "https://gdi-de.github.io/apworkshop2026/ont#stammdurchmesser.value": "23.0", "https://gdi-de.github.io/apworkshop2026/ont#stammdurchmesser.unit": "http://www.ontology-of-units-of-measure.org/resource/om-2/centimeter"}, "geometry": {"type": "MultiPoint", "coordinates": [[9.94974024860457, 53.48664936554104]]}}, {"type": "Feature", "id": "https://gdi-de.github.io/apworkshop2026/HOHS90", "name": "Baum HOHS90 (gdide:HOHS90)", "dateprops": [], "properties": {"http://www.w3.org/2000/01/rdf-schema#label": "Baum HOHS90", "http://rdfs.org/ns/void#inDataset.value": "72757", "http://www.w3.org/2000/01/rdf-schema#comment": "sonst. \u00f6ff. Fl\u00e4chen", "http://www.wikidata.org/prop/direct/P2547.value": "6.0", "http://www.wikidata.org/prop/direct/P2547.unit": "http://www.ontology-of-units-of-measure.org/resource/om-2/meter", "http://www.wikidata.org/prop/direct/P3018": "Hohe Schaar", "https://gdi-de.github.io/apworkshop2026/ont#stammdurchmesser.value": "13.0", "https://gdi-de.github.io/apworkshop2026/ont#stammdurchmesser.unit": "http://www.ontology-of-units-of-measure.org/resource/om-2/centimeter"}, "geometry": {"type": "MultiPoint", "coordinates": [[9.968492777789928, 53.492455132159684]]}}, {"type": "Feature", "id": "https://gdi-de.github.io/apworkshop2026/BFASN113", "name": "Baum BFASN113 (gdide:BFASN113)", "dateprops": [], "properties": {"http://www.w3.org/2000/01/rdf-schema#label": "Baum BFASN113", "http://rdfs.org/ns/void#inDataset.value": "72757", "http://www.w3.org/2000/01/rdf-schema#comment": "Stra\u00dfe", "http://www.wikidata.org/prop/direct/P2547.value": "10.0", "http://www.wikidata.org/prop/direct/P2547.unit": "http://www.ontology-of-units-of-measure.org/resource/om-2/meter", "http://www.wikidata.org/prop/direct/P3018": "Bahnhof Alte S\u00fcderelbe Nord", "https://gdi-de.github.io/apworkshop2026/ont#stammdurchmesser.value": "21.0", "https://gdi-de.github.io/apworkshop2026/ont#stammdurchmesser.unit": "http://www.ontology-of-units-of-measure.org/resource/om-2/centimeter"}, "geometry": {"type": "MultiPoint", "coordinates": [[9.917489580061115, 53.5126367787383]]}}, {"type": "Feature", "id": "https://gdi-de.github.io/apworkshop2026/ROST350", "name": "Baum ROST350 (gdide:ROST350)", "dateprops": [], "properties": {"http://www.w3.org/2000/01/rdf-schema#label": "Baum ROST350", "http://rdfs.org/ns/void#inDataset.value": "72757", "http://www.w3.org/2000/01/rdf-schema#comment": "Bahn", "http://www.wikidata.org/prop/direct/P2547.value": "6.0", "http://www.wikidata.org/prop/direct/P2547.unit": "http://www.ontology-of-units-of-measure.org/resource/om-2/meter", "http://www.wikidata.org/prop/direct/P3018": "Ro\u00df-Terminal", "https://gdi-de.github.io/apworkshop2026/ont#stammdurchmesser.value": "43.0", "https://gdi-de.github.io/apworkshop2026/ont#stammdurchmesser.unit": "http://www.ontology-of-units-of-measure.org/resource/om-2/centimeter"}, "geometry": {"type": "MultiPoint", "coordinates": [[9.946354498298724, 53.521403732929535]]}}, {"type": "Feature", "id": "https://gdi-de.github.io/apworkshop2026/ROSD762", "name": "Baum ROSD762 (gdide:ROSD762)", "dateprops": [], "properties": {"http://www.w3.org/2000/01/rdf-schema#label": "Baum ROSD762", "http://rdfs.org/ns/void#inDataset.value": "72757", "http://www.w3.org/2000/01/rdf-schema#comment": "Wasserwirtschaft", "http://www.wikidata.org/prop/direct/P2547.value": "8.0", "http://www.wikidata.org/prop/direct/P2547.unit": "http://www.ontology-of-units-of-measure.org/resource/om-2/meter", "http://www.wikidata.org/prop/direct/P3018": "Ro\u00dfdamm", "https://gdi-de.github.io/apworkshop2026/ont#stammdurchmesser.value": "35.0", "https://gdi-de.github.io/apworkshop2026/ont#stammdurchmesser.unit": "http://www.ontology-of-units-of-measure.org/resource/om-2/centimeter"}, "geometry": {"type": "MultiPoint", "coordinates": [[9.9751429609225, 53.526921439817976]]}}, {"type": "Feature", "id": "https://gdi-de.github.io/apworkshop2026/BFAS977", "name": "Baum BFAS977 (gdide:BFAS977)", "dateprops": [], "properties": {"http://www.w3.org/2000/01/rdf-schema#label": "Baum BFAS977", "http://rdfs.org/ns/void#inDataset.value": "72757", "http://www.w3.org/2000/01/rdf-schema#comment": "Bahn", "http://www.wikidata.org/prop/direct/P2547.value": "6.0", "http://www.wikidata.org/prop/direct/P2547.unit": "http://www.ontology-of-units-of-measure.org/resource/om-2/meter", "http://www.wikidata.org/prop/direct/P3018": "Bahnhof Alte S\u00fcderelbe S\u00fcd", "https://gdi-de.github.io/apworkshop2026/ont#stammdurchmesser.value": "44.0", "https://gdi-de.github.io/apworkshop2026/ont#stammdurchmesser.unit": "http://www.ontology-of-units-of-measure.org/resource/om-2/centimeter"}, "geometry": {"type": "MultiPoint", "coordinates": [[9.897551193852344, 53.47482411516551]]}}, {"type": "Feature", "id": "https://gdi-de.github.io/apworkshop2026/HOHS300", "name": "Baum HOHS300 (gdide:HOHS300)", "dateprops": [], "properties": {"http://www.w3.org/2000/01/rdf-schema#label": "Baum HOHS300", "http://rdfs.org/ns/void#inDataset.value": "72757", "http://www.w3.org/2000/01/rdf-schema#comment": "sonst. \u00f6ff. Fl\u00e4chen", "http://www.wikidata.org/prop/direct/P2547.value": "9.0", "http://www.wikidata.org/prop/direct/P2547.unit": "http://www.ontology-of-units-of-measure.org/resource/om-2/meter", "http://www.wikidata.org/prop/direct/P3018": "Hohe Schaar", "https://gdi-de.github.io/apworkshop2026/ont#stammdurchmesser.value": "53.0", "https://gdi-de.github.io/apworkshop2026/ont#stammdurchmesser.unit": "http://www.ontology-of-units-of-measure.org/resource/om-2/centimeter"}, "geometry": {"type": "MultiPoint", "coordinates": [[9.978269439471044, 53.48207641468432]]}}, {"type": "Feature", "id": "https://gdi-de.github.io/apworkshop2026/VEDL236", "name": "Baum VEDL236 (gdide:VEDL236)", "dateprops": [], "properties": {"http://www.w3.org/2000/01/rdf-schema#label": "Baum VEDL236", "http://rdfs.org/ns/void#inDataset.value": "72757", "http://www.w3.org/2000/01/rdf-schema#comment": "Stra\u00dfe", "http://www.wikidata.org/prop/direct/P2547.value": "12.0", "http://www.wikidata.org/prop/direct/P2547.unit": "http://www.ontology-of-units-of-measure.org/resource/om-2/meter", "http://www.wikidata.org/prop/direct/P3018": "Veddel", "https://gdi-de.github.io/apworkshop2026/ont#stammdurchmesser.value": "73.0", "https://gdi-de.github.io/apworkshop2026/ont#stammdurchmesser.unit": "http://www.ontology-of-units-of-measure.org/resource/om-2/centimeter"}, "geometry": {"type": "MultiPoint", "coordinates": [[10.04793965575332, 53.517120232767674]]}}, {"type": "Feature", "id": "https://gdi-de.github.io/apworkshop2026/REIS294", "name": "Baum REIS294 (gdide:REIS294)", "dateprops": [], "properties": {"http://www.w3.org/2000/01/rdf-schema#label": "Baum REIS294", "http://rdfs.org/ns/void#inDataset.value": "72757", "http://www.w3.org/2000/01/rdf-schema#comment": "sonst. \u00f6ff. Fl\u00e4chen", "http://www.wikidata.org/prop/direct/P2547.value": "6.0", "http://www.wikidata.org/prop/direct/P2547.unit": "http://www.ontology-of-units-of-measure.org/resource/om-2/meter", "http://www.wikidata.org/prop/direct/P3018": "Reiherstieg S\u00fcd", "https://gdi-de.github.io/apworkshop2026/ont#stammdurchmesser.value": "33.0", "https://gdi-de.github.io/apworkshop2026/ont#stammdurchmesser.unit": "http://www.ontology-of-units-of-measure.org/resource/om-2/centimeter"}, "geometry": {"type": "MultiPoint", "coordinates": [[9.975549277908662, 53.509643891790844]]}}, {"type": "Feature", "id": "https://gdi-de.github.io/apworkshop2026/RETH99", "name": "Baum RETH99 (gdide:RETH99)", "dateprops": [], "properties": {"http://www.w3.org/2000/01/rdf-schema#label": "Baum RETH99", "http://rdfs.org/ns/void#inDataset.value": "72757", "http://www.w3.org/2000/01/rdf-schema#comment": "sonst. \u00f6ff. Fl\u00e4chen", "http://www.wikidata.org/prop/direct/P2547.value": "11.0", "http://www.wikidata.org/prop/direct/P2547.unit": "http://www.ontology-of-units-of-measure.org/resource/om-2/meter", "http://www.wikidata.org/prop/direct/P3018": "Rethe", "https://gdi-de.github.io/apworkshop2026/ont#stammdurchmesser.value": "56.0", "https://gdi-de.github.io/apworkshop2026/ont#stammdurchmesser.unit": "http://www.ontology-of-units-of-measure.org/resource/om-2/centimeter"}, "geometry": {"type": "MultiPoint", "coordinates": [[9.966345840193492, 53.50775655780402]]}}, {"type": "Feature", "id": "https://gdi-de.github.io/apworkshop2026/VEDL248", "name": "Baum VEDL248 (gdide:VEDL248)", "dateprops": [], "properties": {"http://www.w3.org/2000/01/rdf-schema#label": "Baum VEDL248", "http://rdfs.org/ns/void#inDataset.value": "72757", "http://www.w3.org/2000/01/rdf-schema#comment": "Stra\u00dfe", "http://www.wikidata.org/prop/direct/P2547.value": "10.0", "http://www.wikidata.org/prop/direct/P2547.unit": "http://www.ontology-of-units-of-measure.org/resource/om-2/meter", "http://www.wikidata.org/prop/direct/P3018": "Veddel", "https://gdi-de.github.io/apworkshop2026/ont#stammdurchmesser.value": "53.0", "https://gdi-de.github.io/apworkshop2026/ont#stammdurchmesser.unit": "http://www.ontology-of-units-of-measure.org/resource/om-2/centimeter"}, "geometry": {"type": "MultiPoint", "coordinates": [[10.04707368880258, 53.51740188536367]]}}, {"type": "Feature", "id": "https://gdi-de.github.io/apworkshop2026/HOHS560", "name": "Baum HOHS560 (gdide:HOHS560)", "dateprops": [], "properties": {"http://www.w3.org/2000/01/rdf-schema#label": "Baum HOHS560", "http://rdfs.org/ns/void#inDataset.value": "72757", "http://www.w3.org/2000/01/rdf-schema#comment": "sonst. \u00f6ff. Fl\u00e4chen", "http://www.wikidata.org/prop/direct/P2547.value": "8.0", "http://www.wikidata.org/prop/direct/P2547.unit": "http://www.ontology-of-units-of-measure.org/resource/om-2/meter", "http://www.wikidata.org/prop/direct/P3018": "Hohe Schaar", "https://gdi-de.github.io/apworkshop2026/ont#stammdurchmesser.value": "37.0", "https://gdi-de.github.io/apworkshop2026/ont#stammdurchmesser.unit": "http://www.ontology-of-units-of-measure.org/resource/om-2/centimeter"}, "geometry": {"type": "MultiPoint", "coordinates": [[9.978768642257581, 53.48167286485107]]}}, {"type": "Feature", "id": "https://gdi-de.github.io/apworkshop2026/HOHS889", "name": "Baum HOHS889 (gdide:HOHS889)", "dateprops": [], "properties": {"http://www.w3.org/2000/01/rdf-schema#label": "Baum HOHS889", "http://rdfs.org/ns/void#inDataset.value": "72757", "http://www.w3.org/2000/01/rdf-schema#comment": "sonst. \u00f6ff. Fl\u00e4chen", "http://www.wikidata.org/prop/direct/P2547.value": "4.0", "http://www.wikidata.org/prop/direct/P2547.unit": "http://www.ontology-of-units-of-measure.org/resource/om-2/meter", "http://www.wikidata.org/prop/direct/P3018": "Hohe Schaar", "https://gdi-de.github.io/apworkshop2026/ont#stammdurchmesser.value": "23.0", "https://gdi-de.github.io/apworkshop2026/ont#stammdurchmesser.unit": "http://www.ontology-of-units-of-measure.org/resource/om-2/centimeter"}, "geometry": {"type": "MultiPoint", "coordinates": [[9.978083030066436, 53.482165943413996]]}}, {"type": "Feature", "id": "https://gdi-de.github.io/apworkshop2026/VEDL241", "name": "Baum VEDL241 (gdide:VEDL241)", "dateprops": [], "properties": {"http://www.w3.org/2000/01/rdf-schema#label": "Baum VEDL241", "http://rdfs.org/ns/void#inDataset.value": "72757", "http://www.w3.org/2000/01/rdf-schema#comment": "Stra\u00dfe", "http://www.wikidata.org/prop/direct/P2547.value": "6.0", "http://www.wikidata.org/prop/direct/P2547.unit": "http://www.ontology-of-units-of-measure.org/resource/om-2/meter", "http://www.wikidata.org/prop/direct/P3018": "Veddel", "https://gdi-de.github.io/apworkshop2026/ont#stammdurchmesser.value": "34.0", "https://gdi-de.github.io/apworkshop2026/ont#stammdurchmesser.unit": "http://www.ontology-of-units-of-measure.org/resource/om-2/centimeter"}, "geometry": {"type": "MultiPoint", "coordinates": [[10.048408585314782, 53.51696735591985]]}}, {"type": "Feature", "id": "https://gdi-de.github.io/apworkshop2026/HOHS508", "name": "Baum HOHS508 (gdide:HOHS508)", "dateprops": [], "properties": {"http://www.w3.org/2000/01/rdf-schema#label": "Baum HOHS508", "http://rdfs.org/ns/void#inDataset.value": "72757", "http://www.w3.org/2000/01/rdf-schema#comment": "sonst. \u00f6ff. Fl\u00e4chen", "http://www.wikidata.org/prop/direct/P2547.value": "6.0", "http://www.wikidata.org/prop/direct/P2547.unit": "http://www.ontology-of-units-of-measure.org/resource/om-2/meter", "http://www.wikidata.org/prop/direct/P3018": "Hohe Schaar", "https://gdi-de.github.io/apworkshop2026/ont#stammdurchmesser.value": "22.0", "https://gdi-de.github.io/apworkshop2026/ont#stammdurchmesser.unit": "http://www.ontology-of-units-of-measure.org/resource/om-2/centimeter"}, "geometry": {"type": "MultiPoint", "coordinates": [[9.97580541454562, 53.48954290944973]]}}, {"type": "Feature", "id": "https://gdi-de.github.io/apworkshop2026/WAHF749", "name": "Baum WAHF749 (gdide:WAHF749)", "dateprops": [], "properties": {"http://www.w3.org/2000/01/rdf-schema#label": "Baum WAHF749", "http://rdfs.org/ns/void#inDataset.value": "72757", "http://www.w3.org/2000/01/rdf-schema#comment": "Bahn", "http://www.wikidata.org/prop/direct/P2547.value": "6.0", "http://www.wikidata.org/prop/direct/P2547.unit": "http://www.ontology-of-units-of-measure.org/resource/om-2/meter", "http://www.wikidata.org/prop/direct/P3018": "Waltershof", "https://gdi-de.github.io/apworkshop2026/ont#stammdurchmesser.value": "28.0", "https://gdi-de.github.io/apworkshop2026/ont#stammdurchmesser.unit": "http://www.ontology-of-units-of-measure.org/resource/om-2/centimeter"}, "geometry": {"type": "MultiPoint", "coordinates": [[9.921011038856935, 53.52043922609293]]}}, {"type": "Feature", "id": "https://gdi-de.github.io/apworkshop2026/RETH159", "name": "Baum RETH159 (gdide:RETH159)", "dateprops": [], "properties": {"http://www.w3.org/2000/01/rdf-schema#label": "Baum RETH159", "http://rdfs.org/ns/void#inDataset.value": "72757", "http://www.w3.org/2000/01/rdf-schema#comment": "sonst. \u00f6ff. Fl\u00e4chen", "http://www.wikidata.org/prop/direct/P2547.value": "6.0", "http://www.wikidata.org/prop/direct/P2547.unit": "http://www.ontology-of-units-of-measure.org/resource/om-2/meter", "http://www.wikidata.org/prop/direct/P3018": "Rethe", "https://gdi-de.github.io/apworkshop2026/ont#stammdurchmesser.value": "18.0", "https://gdi-de.github.io/apworkshop2026/ont#stammdurchmesser.unit": "http://www.ontology-of-units-of-measure.org/resource/om-2/centimeter"}, "geometry": {"type": "MultiPoint", "coordinates": [[9.96631592629453, 53.50771614248053]]}}, {"type": "Feature", "id": "https://gdi-de.github.io/apworkshop2026/BFASN6", "name": "Baum BFASN6 (gdide:BFASN6)", "dateprops": [], "properties": {"http://www.w3.org/2000/01/rdf-schema#label": "Baum BFASN6", "http://rdfs.org/ns/void#inDataset.value": "72757", "http://www.w3.org/2000/01/rdf-schema#comment": "sonst. \u00f6ff. Fl\u00e4chen", "http://www.wikidata.org/prop/direct/P2547.value": "4.0", "http://www.wikidata.org/prop/direct/P2547.unit": "http://www.ontology-of-units-of-measure.org/resource/om-2/meter", "http://www.wikidata.org/prop/direct/P3018": "Bahnhof Alte S\u00fcderelbe Nord", "https://gdi-de.github.io/apworkshop2026/ont#stammdurchmesser.value": "18.0", "https://gdi-de.github.io/apworkshop2026/ont#stammdurchmesser.unit": "http://www.ontology-of-units-of-measure.org/resource/om-2/centimeter"}, "geometry": {"type": "MultiPoint", "coordinates": [[9.91298024394735, 53.513203485579886]]}}, {"type": "Feature", "id": "https://gdi-de.github.io/apworkshop2026/REIS552", "name": "Baum REIS552 (gdide:REIS552)", "dateprops": [], "properties": {"http://www.w3.org/2000/01/rdf-schema#label": "Baum REIS552", "http://rdfs.org/ns/void#inDataset.value": "72757", "http://www.w3.org/2000/01/rdf-schema#comment": "sonst. \u00f6ff. Fl\u00e4chen", "http://www.wikidata.org/prop/direct/P2547.value": "8.0", "http://www.wikidata.org/prop/direct/P2547.unit": "http://www.ontology-of-units-of-measure.org/resource/om-2/meter", "http://www.wikidata.org/prop/direct/P3018": "Reiherstieg S\u00fcd", "https://gdi-de.github.io/apworkshop2026/ont#stammdurchmesser.value": "39.0", "https://gdi-de.github.io/apworkshop2026/ont#stammdurchmesser.unit": "http://www.ontology-of-units-of-measure.org/resource/om-2/centimeter"}, "geometry": {"type": "MultiPoint", "coordinates": [[9.983146977053464, 53.50317044150504]]}}, {"type": "Feature", "id": "https://gdi-de.github.io/apworkshop2026/VEDL252", "name": "Baum VEDL252 (gdide:VEDL252)", "dateprops": [], "properties": {"http://www.w3.org/2000/01/rdf-schema#label": "Baum VEDL252", "http://rdfs.org/ns/void#inDataset.value": "72757", "http://www.w3.org/2000/01/rdf-schema#comment": "Stra\u00dfe", "http://www.wikidata.org/prop/direct/P2547.value": "10.0", "http://www.wikidata.org/prop/direct/P2547.unit": "http://www.ontology-of-units-of-measure.org/resource/om-2/meter", "http://www.wikidata.org/prop/direct/P3018": "Veddel", "https://gdi-de.github.io/apworkshop2026/ont#stammdurchmesser.value": "55.0", "https://gdi-de.github.io/apworkshop2026/ont#stammdurchmesser.unit": "http://www.ontology-of-units-of-measure.org/resource/om-2/centimeter"}, "geometry": {"type": "MultiPoint", "coordinates": [[10.04743859345414, 53.517281873983336]]}}, {"type": "Feature", "id": "https://gdi-de.github.io/apworkshop2026/BFASN453", "name": "Baum BFASN453 (gdide:BFASN453)", "dateprops": [], "properties": {"http://www.w3.org/2000/01/rdf-schema#label": "Baum BFASN453", "http://rdfs.org/ns/void#inDataset.value": "72757", "http://www.w3.org/2000/01/rdf-schema#comment": "Stra\u00dfe", "http://www.wikidata.org/prop/direct/P2547.value": "3.0", "http://www.wikidata.org/prop/direct/P2547.unit": "http://www.ontology-of-units-of-measure.org/resource/om-2/meter", "http://www.wikidata.org/prop/direct/P3018": "Bahnhof Alte S\u00fcderelbe Nord", "https://gdi-de.github.io/apworkshop2026/ont#stammdurchmesser.value": "13.0", "https://gdi-de.github.io/apworkshop2026/ont#stammdurchmesser.unit": "http://www.ontology-of-units-of-measure.org/resource/om-2/centimeter"}, "geometry": {"type": "MultiPoint", "coordinates": [[9.911189200900179, 53.50659492109831]]}}, {"type": "Feature", "id": "https://gdi-de.github.io/apworkshop2026/WAHF226", "name": "Baum WAHF226 (gdide:WAHF226)", "dateprops": [], "properties": {"http://www.w3.org/2000/01/rdf-schema#label": "Baum WAHF226", "http://rdfs.org/ns/void#inDataset.value": "72757", "http://www.w3.org/2000/01/rdf-schema#comment": "Stra\u00dfe", "http://www.wikidata.org/prop/direct/P2547.value": "5.0", "http://www.wikidata.org/prop/direct/P2547.unit": "http://www.ontology-of-units-of-measure.org/resource/om-2/meter", "http://www.wikidata.org/prop/direct/P3018": "Waltershof", "https://gdi-de.github.io/apworkshop2026/ont#stammdurchmesser.value": "18.0", "https://gdi-de.github.io/apworkshop2026/ont#stammdurchmesser.unit": "http://www.ontology-of-units-of-measure.org/resource/om-2/centimeter"}, "geometry": {"type": "MultiPoint", "coordinates": [[9.932325652237074, 53.52139793294409]]}}, {"type": "Feature", "id": "https://gdi-de.github.io/apworkshop2026/KLGB480", "name": "Baum KLGB480 (gdide:KLGB480)", "dateprops": [], "properties": {"http://www.w3.org/2000/01/rdf-schema#label": "Baum KLGB480", "http://rdfs.org/ns/void#inDataset.value": "72757", "http://www.w3.org/2000/01/rdf-schema#comment": "sonst. \u00f6ff. Fl\u00e4chen", "http://www.wikidata.org/prop/direct/P2547.value": "3.0", "http://www.wikidata.org/prop/direct/P2547.unit": "http://www.ontology-of-units-of-measure.org/resource/om-2/meter", "http://www.wikidata.org/prop/direct/P3018": "Kleiner Grasbrook", "https://gdi-de.github.io/apworkshop2026/ont#stammdurchmesser.value": "18.0", "https://gdi-de.github.io/apworkshop2026/ont#stammdurchmesser.unit": "http://www.ontology-of-units-of-measure.org/resource/om-2/centimeter"}, "geometry": {"type": "MultiPoint", "coordinates": [[9.994661528466391, 53.52670575171563]]}}, {"type": "Feature", "id": "https://gdi-de.github.io/apworkshop2026/BFASN242", "name": "Baum BFASN242 (gdide:BFASN242)", "dateprops": [], "properties": {"http://www.w3.org/2000/01/rdf-schema#label": "Baum BFASN242", "http://rdfs.org/ns/void#inDataset.value": "72757", "http://www.w3.org/2000/01/rdf-schema#comment": "sonst. \u00f6ff. Fl\u00e4chen", "http://www.wikidata.org/prop/direct/P2547.value": "7.0", "http://www.wikidata.org/prop/direct/P2547.unit": "http://www.ontology-of-units-of-measure.org/resource/om-2/meter", "http://www.wikidata.org/prop/direct/P3018": "Bahnhof Alte S\u00fcderelbe Nord", "https://gdi-de.github.io/apworkshop2026/ont#stammdurchmesser.value": "54.0", "https://gdi-de.github.io/apworkshop2026/ont#stammdurchmesser.unit": "http://www.ontology-of-units-of-measure.org/resource/om-2/centimeter"}, "geometry": {"type": "MultiPoint", "coordinates": [[9.911193899089115, 53.50943261384298]]}}, {"type": "Feature", "id": "https://gdi-de.github.io/apworkshop2026/NHKL138", "name": "Baum NHKL138 (gdide:NHKL138)", "dateprops": [], "properties": {"http://www.w3.org/2000/01/rdf-schema#label": "Baum NHKL138", "http://rdfs.org/ns/void#inDataset.value": "72757", "http://www.w3.org/2000/01/rdf-schema#comment": "sonst. \u00f6ff. Fl\u00e4chen", "http://www.wikidata.org/prop/direct/P2547.value": "4.0", "http://www.wikidata.org/prop/direct/P2547.unit": "http://www.ontology-of-units-of-measure.org/resource/om-2/meter", "http://www.wikidata.org/prop/direct/P3018": "Neuh\u00f6fer Kanal", "https://gdi-de.github.io/apworkshop2026/ont#stammdurchmesser.value": "18.0", "https://gdi-de.github.io/apworkshop2026/ont#stammdurchmesser.unit": "http://www.ontology-of-units-of-measure.org/resource/om-2/centimeter"}, "geometry": {"type": "MultiPoint", "coordinates": [[9.965958872918554, 53.51599401494625]]}}, {"type": "Feature", "id": "https://gdi-de.github.io/apworkshop2026/KLGB290", "name": "Baum KLGB290 (gdide:KLGB290)", "dateprops": [], "properties": {"http://www.w3.org/2000/01/rdf-schema#label": "Baum KLGB290", "http://rdfs.org/ns/void#inDataset.value": "72757", "http://www.w3.org/2000/01/rdf-schema#comment": "sonst. \u00f6ff. Fl\u00e4chen", "http://www.wikidata.org/prop/direct/P2547.value": "6.0", "http://www.wikidata.org/prop/direct/P2547.unit": "http://www.ontology-of-units-of-measure.org/resource/om-2/meter", "http://www.wikidata.org/prop/direct/P3018": "Kleiner Grasbrook", "https://gdi-de.github.io/apworkshop2026/ont#stammdurchmesser.value": "39.0", "https://gdi-de.github.io/apworkshop2026/ont#stammdurchmesser.unit": "http://www.ontology-of-units-of-measure.org/resource/om-2/centimeter"}, "geometry": {"type": "MultiPoint", "coordinates": [[9.991373065705814, 53.52607286411951]]}}, {"type": "Feature", "id": "https://gdi-de.github.io/apworkshop2026/KTWK527", "name": "Baum KTWK527 (gdide:KTWK527)", "dateprops": [], "properties": {"http://www.w3.org/2000/01/rdf-schema#label": "Baum KTWK527", "http://rdfs.org/ns/void#inDataset.value": "72757", "http://www.w3.org/2000/01/rdf-schema#comment": "sonst. \u00f6ff. Fl\u00e4chen", "http://www.wikidata.org/prop/direct/P2547.value": "8.0", "http://www.wikidata.org/prop/direct/P2547.unit": "http://www.ontology-of-units-of-measure.org/resource/om-2/meter", "http://www.wikidata.org/prop/direct/P3018": "Kattwyk", "https://gdi-de.github.io/apworkshop2026/ont#stammdurchmesser.value": "22.0", "https://gdi-de.github.io/apworkshop2026/ont#stammdurchmesser.unit": "http://www.ontology-of-units-of-measure.org/resource/om-2/centimeter"}, "geometry": {"type": "MultiPoint", "coordinates": [[9.945052417243852, 53.50508391872859]]}}, {"type": "Feature", "id": "https://gdi-de.github.io/apworkshop2026/REIS386", "name": "Baum REIS386 (gdide:REIS386)", "dateprops": [], "properties": {"http://www.w3.org/2000/01/rdf-schema#label": "Baum REIS386", "http://rdfs.org/ns/void#inDataset.value": "72757", "http://www.w3.org/2000/01/rdf-schema#comment": "sonst. \u00f6ff. Fl\u00e4chen", "http://www.wikidata.org/prop/direct/P2547.value": "8.0", "http://www.wikidata.org/prop/direct/P2547.unit": "http://www.ontology-of-units-of-measure.org/resource/om-2/meter", "http://www.wikidata.org/prop/direct/P3018": "Reiherstieg S\u00fcd", "https://gdi-de.github.io/apworkshop2026/ont#stammdurchmesser.value": "26.0", "https://gdi-de.github.io/apworkshop2026/ont#stammdurchmesser.unit": "http://www.ontology-of-units-of-measure.org/resource/om-2/centimeter"}, "geometry": {"type": "MultiPoint", "coordinates": [[9.974371442840733, 53.51174457269249]]}}, {"type": "Feature", "id": "https://gdi-de.github.io/apworkshop2026/KLGB253", "name": "Baum KLGB253 (gdide:KLGB253)", "dateprops": [], "properties": {"http://www.w3.org/2000/01/rdf-schema#label": "Baum KLGB253", "http://rdfs.org/ns/void#inDataset.value": "72757", "http://www.w3.org/2000/01/rdf-schema#comment": "sonst. \u00f6ff. Fl\u00e4chen", "http://www.wikidata.org/prop/direct/P2547.value": "7.0", "http://www.wikidata.org/prop/direct/P2547.unit": "http://www.ontology-of-units-of-measure.org/resource/om-2/meter", "http://www.wikidata.org/prop/direct/P3018": "Kleiner Grasbrook", "https://gdi-de.github.io/apworkshop2026/ont#stammdurchmesser.value": "20.0", "https://gdi-de.github.io/apworkshop2026/ont#stammdurchmesser.unit": "http://www.ontology-of-units-of-measure.org/resource/om-2/centimeter"}, "geometry": {"type": "MultiPoint", "coordinates": [[9.986437577804415, 53.52720420738692]]}}, {"type": "Feature", "id": "https://gdi-de.github.io/apworkshop2026/HOHS495", "name": "Baum HOHS495 (gdide:HOHS495)", "dateprops": [], "properties": {"http://www.w3.org/2000/01/rdf-schema#label": "Baum HOHS495", "http://rdfs.org/ns/void#inDataset.value": "72757", "http://www.w3.org/2000/01/rdf-schema#comment": "sonst. \u00f6ff. Fl\u00e4chen", "http://www.wikidata.org/prop/direct/P2547.value": "6.0", "http://www.wikidata.org/prop/direct/P2547.unit": "http://www.ontology-of-units-of-measure.org/resource/om-2/meter", "http://www.wikidata.org/prop/direct/P3018": "Hohe Schaar", "https://gdi-de.github.io/apworkshop2026/ont#stammdurchmesser.value": "25.0", "https://gdi-de.github.io/apworkshop2026/ont#stammdurchmesser.unit": "http://www.ontology-of-units-of-measure.org/resource/om-2/centimeter"}, "geometry": {"type": "MultiPoint", "coordinates": [[9.976011694684313, 53.4891811303827]]}}, {"type": "Feature", "id": "https://gdi-de.github.io/apworkshop2026/STWR52", "name": "Baum STWR52 (gdide:STWR52)", "dateprops": [], "properties": {"http://www.w3.org/2000/01/rdf-schema#label": "Baum STWR52", "http://rdfs.org/ns/void#inDataset.value": "72757", "http://www.w3.org/2000/01/rdf-schema#comment": "Privatgrund", "http://www.wikidata.org/prop/direct/P2547.value": "8.0", "http://www.wikidata.org/prop/direct/P2547.unit": "http://www.ontology-of-units-of-measure.org/resource/om-2/meter", "http://www.wikidata.org/prop/direct/P3018": "Steinwerder", "https://gdi-de.github.io/apworkshop2026/ont#stammdurchmesser.value": "29.0", "https://gdi-de.github.io/apworkshop2026/ont#stammdurchmesser.unit": "http://www.ontology-of-units-of-measure.org/resource/om-2/centimeter"}, "geometry": {"type": "MultiPoint", "coordinates": [[9.966635744501986, 53.5390063938307]]}}, {"type": "Feature", "id": "https://gdi-de.github.io/apworkshop2026/REIS511", "name": "Baum REIS511 (gdide:REIS511)", "dateprops": [], "properties": {"http://www.w3.org/2000/01/rdf-schema#label": "Baum REIS511", "http://rdfs.org/ns/void#inDataset.value": "72757", "http://www.w3.org/2000/01/rdf-schema#comment": "Privatgrund", "http://www.wikidata.org/prop/direct/P2547.value": "8.0", "http://www.wikidata.org/prop/direct/P2547.unit": "http://www.ontology-of-units-of-measure.org/resource/om-2/meter", "http://www.wikidata.org/prop/direct/P3018": "Reiherstieg S\u00fcd", "https://gdi-de.github.io/apworkshop2026/ont#stammdurchmesser.value": "33.0", "https://gdi-de.github.io/apworkshop2026/ont#stammdurchmesser.unit": "http://www.ontology-of-units-of-measure.org/resource/om-2/centimeter"}, "geometry": {"type": "MultiPoint", "coordinates": [[9.980745852164237, 53.50246344122539]]}}, {"type": "Feature", "id": "https://gdi-de.github.io/apworkshop2026/REIS538", "name": "Baum REIS538 (gdide:REIS538)", "dateprops": [], "properties": {"http://www.w3.org/2000/01/rdf-schema#label": "Baum REIS538", "http://rdfs.org/ns/void#inDataset.value": "72757", "http://www.w3.org/2000/01/rdf-schema#comment": "sonst. \u00f6ff. Fl\u00e4chen", "http://www.wikidata.org/prop/direct/P2547.value": "6.0", "http://www.wikidata.org/prop/direct/P2547.unit": "http://www.ontology-of-units-of-measure.org/resource/om-2/meter", "http://www.wikidata.org/prop/direct/P3018": "Reiherstieg S\u00fcd", "https://gdi-de.github.io/apworkshop2026/ont#stammdurchmesser.value": "31.0", "https://gdi-de.github.io/apworkshop2026/ont#stammdurchmesser.unit": "http://www.ontology-of-units-of-measure.org/resource/om-2/centimeter"}, "geometry": {"type": "MultiPoint", "coordinates": [[9.982856982913445, 53.50308287524298]]}}, {"type": "Feature", "id": "https://gdi-de.github.io/apworkshop2026/REIS716", "name": "Baum REIS716 (gdide:REIS716)", "dateprops": [], "properties": {"http://www.w3.org/2000/01/rdf-schema#label": "Baum REIS716", "http://rdfs.org/ns/void#inDataset.value": "72757", "http://www.w3.org/2000/01/rdf-schema#comment": "sonst. \u00f6ff. Fl\u00e4chen", "http://www.wikidata.org/prop/direct/P2547.value": "4.0", "http://www.wikidata.org/prop/direct/P2547.unit": "http://www.ontology-of-units-of-measure.org/resource/om-2/meter", "http://www.wikidata.org/prop/direct/P3018": "Reiherstieg S\u00fcd", "https://gdi-de.github.io/apworkshop2026/ont#stammdurchmesser.value": "27.0", "https://gdi-de.github.io/apworkshop2026/ont#stammdurchmesser.unit": "http://www.ontology-of-units-of-measure.org/resource/om-2/centimeter"}, "geometry": {"type": "MultiPoint", "coordinates": [[9.97582105421472, 53.51052281897275]]}}, {"type": "Feature", "id": "https://gdi-de.github.io/apworkshop2026/REIS155", "name": "Baum REIS155 (gdide:REIS155)", "dateprops": [], "properties": {"http://www.w3.org/2000/01/rdf-schema#label": "Baum REIS155", "http://rdfs.org/ns/void#inDataset.value": "72757", "http://www.w3.org/2000/01/rdf-schema#comment": "Stra\u00dfe", "http://www.wikidata.org/prop/direct/P2547.value": "6.0", "http://www.wikidata.org/prop/direct/P2547.unit": "http://www.ontology-of-units-of-measure.org/resource/om-2/meter", "http://www.wikidata.org/prop/direct/P3018": "Reiherstieg S\u00fcd", "https://gdi-de.github.io/apworkshop2026/ont#stammdurchmesser.value": "21.0", "https://gdi-de.github.io/apworkshop2026/ont#stammdurchmesser.unit": "http://www.ontology-of-units-of-measure.org/resource/om-2/centimeter"}, "geometry": {"type": "MultiPoint", "coordinates": [[9.975375552715864, 53.511853857217254]]}}, {"type": "Feature", "id": "https://gdi-de.github.io/apworkshop2026/BFAS825", "name": "Baum BFAS825 (gdide:BFAS825)", "dateprops": [], "properties": {"http://www.w3.org/2000/01/rdf-schema#label": "Baum BFAS825", "http://rdfs.org/ns/void#inDataset.value": "72757", "http://www.w3.org/2000/01/rdf-schema#comment": "Stra\u00dfe", "http://www.wikidata.org/prop/direct/P2547.value": "0.5", "http://www.wikidata.org/prop/direct/P2547.unit": "http://www.ontology-of-units-of-measure.org/resource/om-2/meter", "http://www.wikidata.org/prop/direct/P3018": "Bahnhof Alte S\u00fcderelbe S\u00fcd", "https://gdi-de.github.io/apworkshop2026/ont#stammdurchmesser.value": "8.0", "https://gdi-de.github.io/apworkshop2026/ont#stammdurchmesser.unit": "http://www.ontology-of-units-of-measure.org/resource/om-2/centimeter"}, "geometry": {"type": "MultiPoint", "coordinates": [[9.911478431472208, 53.51116252555336]]}}, {"type": "Feature", "id": "https://gdi-de.github.io/apworkshop2026/KLGB488", "name": "Baum KLGB488 (gdide:KLGB488)", "dateprops": [], "properties": {"http://www.w3.org/2000/01/rdf-schema#label": "Baum KLGB488", "http://rdfs.org/ns/void#inDataset.value": "72757", "http://www.w3.org/2000/01/rdf-schema#comment": "sonst. \u00f6ff. Fl\u00e4chen", "http://www.wikidata.org/prop/direct/P2547.value": "8.0", "http://www.wikidata.org/prop/direct/P2547.unit": "http://www.ontology-of-units-of-measure.org/resource/om-2/meter", "http://www.wikidata.org/prop/direct/P3018": "Kleiner Grasbrook", "https://gdi-de.github.io/apworkshop2026/ont#stammdurchmesser.value": "32.0", "https://gdi-de.github.io/apworkshop2026/ont#stammdurchmesser.unit": "http://www.ontology-of-units-of-measure.org/resource/om-2/centimeter"}, "geometry": {"type": "MultiPoint", "coordinates": [[9.995158018340772, 53.52660565296715]]}}, {"type": "Feature", "id": "https://gdi-de.github.io/apworkshop2026/RETH224", "name": "Baum RETH224 (gdide:RETH224)", "dateprops": [], "properties": {"http://www.w3.org/2000/01/rdf-schema#label": "Baum RETH224", "http://rdfs.org/ns/void#inDataset.value": "72757", "http://www.w3.org/2000/01/rdf-schema#comment": "sonst. \u00f6ff. Fl\u00e4chen", "http://www.wikidata.org/prop/direct/P2547.value": "8.0", "http://www.wikidata.org/prop/direct/P2547.unit": "http://www.ontology-of-units-of-measure.org/resource/om-2/meter", "http://www.wikidata.org/prop/direct/P3018": "Rethe", "https://gdi-de.github.io/apworkshop2026/ont#stammdurchmesser.value": "39.0", "https://gdi-de.github.io/apworkshop2026/ont#stammdurchmesser.unit": "http://www.ontology-of-units-of-measure.org/resource/om-2/centimeter"}, "geometry": {"type": "MultiPoint", "coordinates": [[9.966162278448337, 53.50964040335468]]}}, {"type": "Feature", "id": "https://gdi-de.github.io/apworkshop2026/REIS382", "name": "Baum REIS382 (gdide:REIS382)", "dateprops": [], "properties": {"http://www.w3.org/2000/01/rdf-schema#label": "Baum REIS382", "http://rdfs.org/ns/void#inDataset.value": "72757", "http://www.w3.org/2000/01/rdf-schema#comment": "sonst. \u00f6ff. Fl\u00e4chen", "http://www.wikidata.org/prop/direct/P2547.value": "7.0", "http://www.wikidata.org/prop/direct/P2547.unit": "http://www.ontology-of-units-of-measure.org/resource/om-2/meter", "http://www.wikidata.org/prop/direct/P3018": "Reiherstieg S\u00fcd", "https://gdi-de.github.io/apworkshop2026/ont#stammdurchmesser.value": "31.0", "https://gdi-de.github.io/apworkshop2026/ont#stammdurchmesser.unit": "http://www.ontology-of-units-of-measure.org/resource/om-2/centimeter"}, "geometry": {"type": "MultiPoint", "coordinates": [[9.974405722551978, 53.511823536639255]]}}, {"type": "Feature", "id": "https://gdi-de.github.io/apworkshop2026/HOHS886", "name": "Baum HOHS886 (gdide:HOHS886)", "dateprops": [], "properties": {"http://www.w3.org/2000/01/rdf-schema#label": "Baum HOHS886", "http://rdfs.org/ns/void#inDataset.value": "72757", "http://www.w3.org/2000/01/rdf-schema#comment": "sonst. \u00f6ff. Fl\u00e4chen", "http://www.wikidata.org/prop/direct/P2547.value": "4.0", "http://www.wikidata.org/prop/direct/P2547.unit": "http://www.ontology-of-units-of-measure.org/resource/om-2/meter", "http://www.wikidata.org/prop/direct/P3018": "Hohe Schaar", "https://gdi-de.github.io/apworkshop2026/ont#stammdurchmesser.value": "18.0", "https://gdi-de.github.io/apworkshop2026/ont#stammdurchmesser.unit": "http://www.ontology-of-units-of-measure.org/resource/om-2/centimeter"}, "geometry": {"type": "MultiPoint", "coordinates": [[9.977909197075807, 53.482189619208995]]}}], "numberMatched": 367, "numberReturned": 367, "bbox": [9.746396334266725, 53.44313015980972, 10.101341903263052, 53.56460905064299], "crs": "http://www.opengis.net/def/crs/EPSG/0/4326"}