{"type": "FeatureCollection", "id": "https://gdi-de.github.io/apworkshop2026/Q104819_collection", "name": "Q104819 Instances Collection", "features": [{"type": "Feature", "id": "https://gdi-de.github.io/apworkshop2026/REIS539", "name": "Baum REIS539 (gdide:REIS539)", "dateprops": [], "properties": {"http://www.w3.org/2000/01/rdf-schema#label": "Baum REIS539", "http://rdfs.org/ns/void#inDataset.value": "72757", "http://www.w3.org/2000/01/rdf-schema#comment": "sonst. \u00f6ff. Fl\u00e4chen", "http://www.wikidata.org/prop/direct/P2547.value": "4.0", "http://www.wikidata.org/prop/direct/P2547.unit": "http://www.ontology-of-units-of-measure.org/resource/om-2/meter", "http://www.wikidata.org/prop/direct/P3018": "Reiherstieg S\u00fcd", "https://gdi-de.github.io/apworkshop2026/ont#stammdurchmesser.value": "13.0", "https://gdi-de.github.io/apworkshop2026/ont#stammdurchmesser.unit": "http://www.ontology-of-units-of-measure.org/resource/om-2/centimeter"}, "geometry": {"type": "MultiPoint", "coordinates": [[9.982572333749363, 53.50275081211793]]}}, {"type": "Feature", "id": "https://gdi-de.github.io/apworkshop2026/MOBG848", "name": "Baum MOBG848 (gdide:MOBG848)", "dateprops": [], "properties": {"http://www.w3.org/2000/01/rdf-schema#label": "Baum MOBG848", "http://rdfs.org/ns/void#inDataset.value": "72757", "http://www.w3.org/2000/01/rdf-schema#comment": "sonst. \u00f6ff. Fl\u00e4chen", "http://www.wikidata.org/prop/direct/P2547.value": "4.0", "http://www.wikidata.org/prop/direct/P2547.unit": "http://www.ontology-of-units-of-measure.org/resource/om-2/meter", "http://www.wikidata.org/prop/direct/P3018": "Moorburg", "https://gdi-de.github.io/apworkshop2026/ont#stammdurchmesser.value": "17.0", "https://gdi-de.github.io/apworkshop2026/ont#stammdurchmesser.unit": "http://www.ontology-of-units-of-measure.org/resource/om-2/centimeter"}, "geometry": {"type": "MultiPoint", "coordinates": [[9.925514670668646, 53.496020717133305]]}}, {"type": "Feature", "id": "https://gdi-de.github.io/apworkshop2026/MOBG898", "name": "Baum MOBG898 (gdide:MOBG898)", "dateprops": [], "properties": {"http://www.w3.org/2000/01/rdf-schema#label": "Baum MOBG898", "http://rdfs.org/ns/void#inDataset.value": "72757", "http://www.w3.org/2000/01/rdf-schema#comment": "sonst. \u00f6ff. Fl\u00e4chen", "http://www.wikidata.org/prop/direct/P2547.value": "5.0", "http://www.wikidata.org/prop/direct/P2547.unit": "http://www.ontology-of-units-of-measure.org/resource/om-2/meter", "http://www.wikidata.org/prop/direct/P3018": "Moorburg", "https://gdi-de.github.io/apworkshop2026/ont#stammdurchmesser.value": "19.0", "https://gdi-de.github.io/apworkshop2026/ont#stammdurchmesser.unit": "http://www.ontology-of-units-of-measure.org/resource/om-2/centimeter"}, "geometry": {"type": "MultiPoint", "coordinates": [[9.93109302891997, 53.49619086610674]]}}, {"type": "Feature", "id": "https://gdi-de.github.io/apworkshop2026/MOBG970", "name": "Baum MOBG970 (gdide:MOBG970)", "dateprops": [], "properties": {"http://www.w3.org/2000/01/rdf-schema#label": "Baum MOBG970", "http://rdfs.org/ns/void#inDataset.value": "72757", "http://www.w3.org/2000/01/rdf-schema#comment": "sonst. \u00f6ff. Fl\u00e4chen", "http://www.wikidata.org/prop/direct/P2547.value": "8.0", "http://www.wikidata.org/prop/direct/P2547.unit": "http://www.ontology-of-units-of-measure.org/resource/om-2/meter", "http://www.wikidata.org/prop/direct/P3018": "Moorburg", "https://gdi-de.github.io/apworkshop2026/ont#stammdurchmesser.value": "26.0", "https://gdi-de.github.io/apworkshop2026/ont#stammdurchmesser.unit": "http://www.ontology-of-units-of-measure.org/resource/om-2/centimeter"}, "geometry": {"type": "MultiPoint", "coordinates": [[9.934718853985498, 53.494741018934555]]}}, {"type": "Feature", "id": "https://gdi-de.github.io/apworkshop2026/MOBG903", "name": "Baum MOBG903 (gdide:MOBG903)", "dateprops": [], "properties": {"http://www.w3.org/2000/01/rdf-schema#label": "Baum MOBG903", "http://rdfs.org/ns/void#inDataset.value": "72757", "http://www.w3.org/2000/01/rdf-schema#comment": "sonst. \u00f6ff. Fl\u00e4chen", "http://www.wikidata.org/prop/direct/P2547.value": "5.0", "http://www.wikidata.org/prop/direct/P2547.unit": "http://www.ontology-of-units-of-measure.org/resource/om-2/meter", "http://www.wikidata.org/prop/direct/P3018": "Moorburg", "https://gdi-de.github.io/apworkshop2026/ont#stammdurchmesser.value": "17.0", "https://gdi-de.github.io/apworkshop2026/ont#stammdurchmesser.unit": "http://www.ontology-of-units-of-measure.org/resource/om-2/centimeter"}, "geometry": {"type": "MultiPoint", "coordinates": [[9.931238088872052, 53.496166743897454]]}}, {"type": "Feature", "id": "https://gdi-de.github.io/apworkshop2026/MEFC429", "name": "Baum MEFC429 (gdide:MEFC429)", "dateprops": [], "properties": {"http://www.w3.org/2000/01/rdf-schema#label": "Baum MEFC429", "http://rdfs.org/ns/void#inDataset.value": "72757", "http://www.w3.org/2000/01/rdf-schema#comment": "Metha", "http://www.wikidata.org/prop/direct/P2547.value": "1.0", "http://www.wikidata.org/prop/direct/P2547.unit": "http://www.ontology-of-units-of-measure.org/resource/om-2/meter", "http://www.wikidata.org/prop/direct/P3018": "METHA-Francop", "https://gdi-de.github.io/apworkshop2026/ont#stammdurchmesser.value": "7.0", "https://gdi-de.github.io/apworkshop2026/ont#stammdurchmesser.unit": "http://www.ontology-of-units-of-measure.org/resource/om-2/centimeter"}, "geometry": {"type": "MultiPoint", "coordinates": [[9.87556154960805, 53.51648176984256]]}}, {"type": "Feature", "id": "https://gdi-de.github.io/apworkshop2026/MOBG921", "name": "Baum MOBG921 (gdide:MOBG921)", "dateprops": [], "properties": {"http://www.w3.org/2000/01/rdf-schema#label": "Baum MOBG921", "http://rdfs.org/ns/void#inDataset.value": "72757", "http://www.w3.org/2000/01/rdf-schema#comment": "sonst. \u00f6ff. Fl\u00e4chen", "http://www.wikidata.org/prop/direct/P2547.value": "5.0", "http://www.wikidata.org/prop/direct/P2547.unit": "http://www.ontology-of-units-of-measure.org/resource/om-2/meter", "http://www.wikidata.org/prop/direct/P3018": "Moorburg", "https://gdi-de.github.io/apworkshop2026/ont#stammdurchmesser.value": "19.0", "https://gdi-de.github.io/apworkshop2026/ont#stammdurchmesser.unit": "http://www.ontology-of-units-of-measure.org/resource/om-2/centimeter"}, "geometry": {"type": "MultiPoint", "coordinates": [[9.932179361593056, 53.495862906556475]]}}, {"type": "Feature", "id": "https://gdi-de.github.io/apworkshop2026/BFHS288", "name": "Baum BFHS288 (gdide:BFHS288)", "dateprops": [], "properties": {"http://www.w3.org/2000/01/rdf-schema#label": "Baum BFHS288", "http://rdfs.org/ns/void#inDataset.value": "72757", "http://www.w3.org/2000/01/rdf-schema#comment": "Bahn", "http://www.wikidata.org/prop/direct/P2547.value": "4.0", "http://www.wikidata.org/prop/direct/P2547.unit": "http://www.ontology-of-units-of-measure.org/resource/om-2/meter", "http://www.wikidata.org/prop/direct/P3018": "Bahnhof Hohe Schaar", "https://gdi-de.github.io/apworkshop2026/ont#stammdurchmesser.value": "19.0", "https://gdi-de.github.io/apworkshop2026/ont#stammdurchmesser.unit": "http://www.ontology-of-units-of-measure.org/resource/om-2/centimeter"}, "geometry": {"type": "MultiPoint", "coordinates": [[9.974075052695893, 53.499048406471786]]}}, {"type": "Feature", "id": "https://gdi-de.github.io/apworkshop2026/MOBG840", "name": "Baum MOBG840 (gdide:MOBG840)", "dateprops": [], "properties": {"http://www.w3.org/2000/01/rdf-schema#label": "Baum MOBG840", "http://rdfs.org/ns/void#inDataset.value": "72757", "http://www.w3.org/2000/01/rdf-schema#comment": "sonst. \u00f6ff. Fl\u00e4chen", "http://www.wikidata.org/prop/direct/P2547.value": "5.0", "http://www.wikidata.org/prop/direct/P2547.unit": "http://www.ontology-of-units-of-measure.org/resource/om-2/meter", "http://www.wikidata.org/prop/direct/P3018": "Moorburg", "https://gdi-de.github.io/apworkshop2026/ont#stammdurchmesser.value": "17.0", "https://gdi-de.github.io/apworkshop2026/ont#stammdurchmesser.unit": "http://www.ontology-of-units-of-measure.org/resource/om-2/centimeter"}, "geometry": {"type": "MultiPoint", "coordinates": [[9.92602806683667, 53.49602749317959]]}}, {"type": "Feature", "id": "https://gdi-de.github.io/apworkshop2026/MOBG891", "name": "Baum MOBG891 (gdide:MOBG891)", "dateprops": [], "properties": {"http://www.w3.org/2000/01/rdf-schema#label": "Baum MOBG891", "http://rdfs.org/ns/void#inDataset.value": "72757", "http://www.w3.org/2000/01/rdf-schema#comment": "sonst. \u00f6ff. Fl\u00e4chen", "http://www.wikidata.org/prop/direct/P2547.value": "5.0", "http://www.wikidata.org/prop/direct/P2547.unit": "http://www.ontology-of-units-of-measure.org/resource/om-2/meter", "http://www.wikidata.org/prop/direct/P3018": "Moorburg", "https://gdi-de.github.io/apworkshop2026/ont#stammdurchmesser.value": "16.0", "https://gdi-de.github.io/apworkshop2026/ont#stammdurchmesser.unit": "http://www.ontology-of-units-of-measure.org/resource/om-2/centimeter"}, "geometry": {"type": "MultiPoint", "coordinates": [[9.930804696663227, 53.49628943356498]]}}, {"type": "Feature", "id": "https://gdi-de.github.io/apworkshop2026/MOBG518", "name": "Baum MOBG518 (gdide:MOBG518)", "dateprops": [], "properties": {"http://www.w3.org/2000/01/rdf-schema#label": "Baum MOBG518", "http://rdfs.org/ns/void#inDataset.value": "72757", "http://www.w3.org/2000/01/rdf-schema#comment": "sonst. \u00f6ff. Fl\u00e4chen", "http://www.wikidata.org/prop/direct/P2547.value": "2.0", "http://www.wikidata.org/prop/direct/P2547.unit": "http://www.ontology-of-units-of-measure.org/resource/om-2/meter", "http://www.wikidata.org/prop/direct/P3018": "Moorburg", "https://gdi-de.github.io/apworkshop2026/ont#stammdurchmesser.value": "10.0", "https://gdi-de.github.io/apworkshop2026/ont#stammdurchmesser.unit": "http://www.ontology-of-units-of-measure.org/resource/om-2/centimeter"}, "geometry": {"type": "MultiPoint", "coordinates": [[9.927326330051587, 53.49495055849149]]}}, {"type": "Feature", "id": "https://gdi-de.github.io/apworkshop2026/MOBG850", "name": "Baum MOBG850 (gdide:MOBG850)", "dateprops": [], "properties": {"http://www.w3.org/2000/01/rdf-schema#label": "Baum MOBG850", "http://rdfs.org/ns/void#inDataset.value": "72757", "http://www.w3.org/2000/01/rdf-schema#comment": "sonst. \u00f6ff. Fl\u00e4chen", "http://www.wikidata.org/prop/direct/P2547.value": "8.0", "http://www.wikidata.org/prop/direct/P2547.unit": "http://www.ontology-of-units-of-measure.org/resource/om-2/meter", "http://www.wikidata.org/prop/direct/P3018": "Moorburg", "https://gdi-de.github.io/apworkshop2026/ont#stammdurchmesser.value": "26.0", "https://gdi-de.github.io/apworkshop2026/ont#stammdurchmesser.unit": "http://www.ontology-of-units-of-measure.org/resource/om-2/centimeter"}, "geometry": {"type": "MultiPoint", "coordinates": [[9.925246703219392, 53.49612677709649]]}}, {"type": "Feature", "id": "https://gdi-de.github.io/apworkshop2026/MOBG858", "name": "Baum MOBG858 (gdide:MOBG858)", "dateprops": [], "properties": {"http://www.w3.org/2000/01/rdf-schema#label": "Baum MOBG858", "http://rdfs.org/ns/void#inDataset.value": "72757", "http://www.w3.org/2000/01/rdf-schema#comment": "sonst. \u00f6ff. Fl\u00e4chen", "http://www.wikidata.org/prop/direct/P2547.value": "4.0", "http://www.wikidata.org/prop/direct/P2547.unit": "http://www.ontology-of-units-of-measure.org/resource/om-2/meter", "http://www.wikidata.org/prop/direct/P3018": "Moorburg", "https://gdi-de.github.io/apworkshop2026/ont#stammdurchmesser.value": "18.0", "https://gdi-de.github.io/apworkshop2026/ont#stammdurchmesser.unit": "http://www.ontology-of-units-of-measure.org/resource/om-2/centimeter"}, "geometry": {"type": "MultiPoint", "coordinates": [[9.92469854224987, 53.49609045478193]]}}, {"type": "Feature", "id": "https://gdi-de.github.io/apworkshop2026/MOBG658", "name": "Baum MOBG658 (gdide:MOBG658)", "dateprops": [], "properties": {"http://www.w3.org/2000/01/rdf-schema#label": "Baum MOBG658", "http://rdfs.org/ns/void#inDataset.value": "72757", "http://www.w3.org/2000/01/rdf-schema#comment": "sonst. \u00f6ff. Fl\u00e4chen", "http://www.wikidata.org/prop/direct/P2547.value": "1.5", "http://www.wikidata.org/prop/direct/P2547.unit": "http://www.ontology-of-units-of-measure.org/resource/om-2/meter", "http://www.wikidata.org/prop/direct/P3018": "Moorburg", "https://gdi-de.github.io/apworkshop2026/ont#stammdurchmesser.value": "8.0", "https://gdi-de.github.io/apworkshop2026/ont#stammdurchmesser.unit": "http://www.ontology-of-units-of-measure.org/resource/om-2/centimeter"}, "geometry": {"type": "MultiPoint", "coordinates": [[9.916818403796587, 53.49554112741557]]}}, {"type": "Feature", "id": "https://gdi-de.github.io/apworkshop2026/MOBG875", "name": "Baum MOBG875 (gdide:MOBG875)", "dateprops": [], "properties": {"http://www.w3.org/2000/01/rdf-schema#label": "Baum MOBG875", "http://rdfs.org/ns/void#inDataset.value": "72757", "http://www.w3.org/2000/01/rdf-schema#comment": "sonst. \u00f6ff. Fl\u00e4chen", "http://www.wikidata.org/prop/direct/P2547.value": "4.0", "http://www.wikidata.org/prop/direct/P2547.unit": "http://www.ontology-of-units-of-measure.org/resource/om-2/meter", "http://www.wikidata.org/prop/direct/P3018": "Moorburg", "https://gdi-de.github.io/apworkshop2026/ont#stammdurchmesser.value": "20.0", "https://gdi-de.github.io/apworkshop2026/ont#stammdurchmesser.unit": "http://www.ontology-of-units-of-measure.org/resource/om-2/centimeter"}, "geometry": {"type": "MultiPoint", "coordinates": [[9.930463211091121, 53.4961061444011]]}}, {"type": "Feature", "id": "https://gdi-de.github.io/apworkshop2026/MOBG859", "name": "Baum MOBG859 (gdide:MOBG859)", "dateprops": [], "properties": {"http://www.w3.org/2000/01/rdf-schema#label": "Baum MOBG859", "http://rdfs.org/ns/void#inDataset.value": "72757", "http://www.w3.org/2000/01/rdf-schema#comment": "sonst. \u00f6ff. Fl\u00e4chen", "http://www.wikidata.org/prop/direct/P2547.value": "5.0", "http://www.wikidata.org/prop/direct/P2547.unit": "http://www.ontology-of-units-of-measure.org/resource/om-2/meter", "http://www.wikidata.org/prop/direct/P3018": "Moorburg", "https://gdi-de.github.io/apworkshop2026/ont#stammdurchmesser.value": "19.0", "https://gdi-de.github.io/apworkshop2026/ont#stammdurchmesser.unit": "http://www.ontology-of-units-of-measure.org/resource/om-2/centimeter"}, "geometry": {"type": "MultiPoint", "coordinates": [[9.924564558525242, 53.49616522089529]]}}, {"type": "Feature", "id": "https://gdi-de.github.io/apworkshop2026/MOBG654", "name": "Baum MOBG654 (gdide:MOBG654)", "dateprops": [], "properties": {"http://www.w3.org/2000/01/rdf-schema#label": "Baum MOBG654", "http://rdfs.org/ns/void#inDataset.value": "72757", "http://www.w3.org/2000/01/rdf-schema#comment": "sonst. \u00f6ff. Fl\u00e4chen", "http://www.wikidata.org/prop/direct/P2547.value": "2.0", "http://www.wikidata.org/prop/direct/P2547.unit": "http://www.ontology-of-units-of-measure.org/resource/om-2/meter", "http://www.wikidata.org/prop/direct/P3018": "Moorburg", "https://gdi-de.github.io/apworkshop2026/ont#stammdurchmesser.value": "10.0", "https://gdi-de.github.io/apworkshop2026/ont#stammdurchmesser.unit": "http://www.ontology-of-units-of-measure.org/resource/om-2/centimeter"}, "geometry": {"type": "MultiPoint", "coordinates": [[9.917124747274777, 53.49556692263486]]}}, {"type": "Feature", "id": "https://gdi-de.github.io/apworkshop2026/MOBG928", "name": "Baum MOBG928 (gdide:MOBG928)", "dateprops": [], "properties": {"http://www.w3.org/2000/01/rdf-schema#label": "Baum MOBG928", "http://rdfs.org/ns/void#inDataset.value": "72757", "http://www.w3.org/2000/01/rdf-schema#comment": "sonst. \u00f6ff. Fl\u00e4chen", "http://www.wikidata.org/prop/direct/P2547.value": "3.0", "http://www.wikidata.org/prop/direct/P2547.unit": "http://www.ontology-of-units-of-measure.org/resource/om-2/meter", "http://www.wikidata.org/prop/direct/P3018": "Moorburg", "https://gdi-de.github.io/apworkshop2026/ont#stammdurchmesser.value": "12.0", "https://gdi-de.github.io/apworkshop2026/ont#stammdurchmesser.unit": "http://www.ontology-of-units-of-measure.org/resource/om-2/centimeter"}, "geometry": {"type": "MultiPoint", "coordinates": [[9.932410947273302, 53.49575288608929]]}}, {"type": "Feature", "id": "https://gdi-de.github.io/apworkshop2026/MOBG979", "name": "Baum MOBG979 (gdide:MOBG979)", "dateprops": [], "properties": {"http://www.w3.org/2000/01/rdf-schema#label": "Baum MOBG979", "http://rdfs.org/ns/void#inDataset.value": "72757", "http://www.w3.org/2000/01/rdf-schema#comment": "sonst. \u00f6ff. Fl\u00e4chen", "http://www.wikidata.org/prop/direct/P2547.value": "5.0", "http://www.wikidata.org/prop/direct/P2547.unit": "http://www.ontology-of-units-of-measure.org/resource/om-2/meter", "http://www.wikidata.org/prop/direct/P3018": "Moorburg", "https://gdi-de.github.io/apworkshop2026/ont#stammdurchmesser.value": "19.0", "https://gdi-de.github.io/apworkshop2026/ont#stammdurchmesser.unit": "http://www.ontology-of-units-of-measure.org/resource/om-2/centimeter"}, "geometry": {"type": "MultiPoint", "coordinates": [[9.935172278625155, 53.495054114792026]]}}, {"type": "Feature", "id": "https://gdi-de.github.io/apworkshop2026/MOBG847", "name": "Baum MOBG847 (gdide:MOBG847)", "dateprops": [], "properties": {"http://www.w3.org/2000/01/rdf-schema#label": "Baum MOBG847", "http://rdfs.org/ns/void#inDataset.value": "72757", "http://www.w3.org/2000/01/rdf-schema#comment": "sonst. \u00f6ff. Fl\u00e4chen", "http://www.wikidata.org/prop/direct/P2547.value": "7.0", "http://www.wikidata.org/prop/direct/P2547.unit": "http://www.ontology-of-units-of-measure.org/resource/om-2/meter", "http://www.wikidata.org/prop/direct/P3018": "Moorburg", "https://gdi-de.github.io/apworkshop2026/ont#stammdurchmesser.value": "21.0", "https://gdi-de.github.io/apworkshop2026/ont#stammdurchmesser.unit": "http://www.ontology-of-units-of-measure.org/resource/om-2/centimeter"}, "geometry": {"type": "MultiPoint", "coordinates": [[9.925574732028542, 53.496092394609136]]}}, {"type": "Feature", "id": "https://gdi-de.github.io/apworkshop2026/VHWN66", "name": "Baum VHWN66 (gdide:VHWN66)", "dateprops": [], "properties": {"http://www.w3.org/2000/01/rdf-schema#label": "Baum VHWN66", "http://rdfs.org/ns/void#inDataset.value": "72757", "http://www.w3.org/2000/01/rdf-schema#comment": "Stra\u00dfe", "http://www.wikidata.org/prop/direct/P2547.value": "8.0", "http://www.wikidata.org/prop/direct/P2547.unit": "http://www.ontology-of-units-of-measure.org/resource/om-2/meter", "http://www.wikidata.org/prop/direct/P3018": "Vollh\u00f6fner Weiden", "https://gdi-de.github.io/apworkshop2026/ont#stammdurchmesser.value": "31.0", "https://gdi-de.github.io/apworkshop2026/ont#stammdurchmesser.unit": "http://www.ontology-of-units-of-measure.org/resource/om-2/centimeter"}, "geometry": {"type": "MultiPoint", "coordinates": [[9.909986743010316, 53.495776992502265]]}}, {"type": "Feature", "id": "https://gdi-de.github.io/apworkshop2026/MOBG901", "name": "Baum MOBG901 (gdide:MOBG901)", "dateprops": [], "properties": {"http://www.w3.org/2000/01/rdf-schema#label": "Baum MOBG901", "http://rdfs.org/ns/void#inDataset.value": "72757", "http://www.w3.org/2000/01/rdf-schema#comment": "sonst. \u00f6ff. Fl\u00e4chen", "http://www.wikidata.org/prop/direct/P2547.value": "6.0", "http://www.wikidata.org/prop/direct/P2547.unit": "http://www.ontology-of-units-of-measure.org/resource/om-2/meter", "http://www.wikidata.org/prop/direct/P3018": "Moorburg", "https://gdi-de.github.io/apworkshop2026/ont#stammdurchmesser.value": "19.0", "https://gdi-de.github.io/apworkshop2026/ont#stammdurchmesser.unit": "http://www.ontology-of-units-of-measure.org/resource/om-2/centimeter"}, "geometry": {"type": "MultiPoint", "coordinates": [[9.931342185647173, 53.49627573192715]]}}, {"type": "Feature", "id": "https://gdi-de.github.io/apworkshop2026/MOBG655", "name": "Baum MOBG655 (gdide:MOBG655)", "dateprops": [], "properties": {"http://www.w3.org/2000/01/rdf-schema#label": "Baum MOBG655", "http://rdfs.org/ns/void#inDataset.value": "72757", "http://www.w3.org/2000/01/rdf-schema#comment": "sonst. \u00f6ff. Fl\u00e4chen", "http://www.wikidata.org/prop/direct/P2547.value": "2.0", "http://www.wikidata.org/prop/direct/P2547.unit": "http://www.ontology-of-units-of-measure.org/resource/om-2/meter", "http://www.wikidata.org/prop/direct/P3018": "Moorburg", "https://gdi-de.github.io/apworkshop2026/ont#stammdurchmesser.value": "9.0", "https://gdi-de.github.io/apworkshop2026/ont#stammdurchmesser.unit": "http://www.ontology-of-units-of-measure.org/resource/om-2/centimeter"}, "geometry": {"type": "MultiPoint", "coordinates": [[9.917265665993396, 53.495597554103384]]}}, {"type": "Feature", "id": "https://gdi-de.github.io/apworkshop2026/MOBG544", "name": "Baum MOBG544 (gdide:MOBG544)", "dateprops": [], "properties": {"http://www.w3.org/2000/01/rdf-schema#label": "Baum MOBG544", "http://rdfs.org/ns/void#inDataset.value": "72757", "http://www.w3.org/2000/01/rdf-schema#comment": "sonst. \u00f6ff. Fl\u00e4chen", "http://www.wikidata.org/prop/direct/P2547.value": "10.5", "http://www.wikidata.org/prop/direct/P2547.unit": "http://www.ontology-of-units-of-measure.org/resource/om-2/meter", "http://www.wikidata.org/prop/direct/P3018": "Moorburg", "https://gdi-de.github.io/apworkshop2026/ont#stammdurchmesser.value": "38.0", "https://gdi-de.github.io/apworkshop2026/ont#stammdurchmesser.unit": "http://www.ontology-of-units-of-measure.org/resource/om-2/centimeter"}, "geometry": {"type": "MultiPoint", "coordinates": [[9.921912498244547, 53.49512381662238]]}}, {"type": "Feature", "id": "https://gdi-de.github.io/apworkshop2026/MOBG905", "name": "Baum MOBG905 (gdide:MOBG905)", "dateprops": [], "properties": {"http://www.w3.org/2000/01/rdf-schema#label": "Baum MOBG905", "http://rdfs.org/ns/void#inDataset.value": "72757", "http://www.w3.org/2000/01/rdf-schema#comment": "sonst. \u00f6ff. Fl\u00e4chen", "http://www.wikidata.org/prop/direct/P2547.value": "5.0", "http://www.wikidata.org/prop/direct/P2547.unit": "http://www.ontology-of-units-of-measure.org/resource/om-2/meter", "http://www.wikidata.org/prop/direct/P3018": "Moorburg", "https://gdi-de.github.io/apworkshop2026/ont#stammdurchmesser.value": "16.0", "https://gdi-de.github.io/apworkshop2026/ont#stammdurchmesser.unit": "http://www.ontology-of-units-of-measure.org/resource/om-2/centimeter"}, "geometry": {"type": "MultiPoint", "coordinates": [[9.931336193884228, 53.496062917776214]]}}, {"type": "Feature", "id": "https://gdi-de.github.io/apworkshop2026/MOBG862", "name": "Baum MOBG862 (gdide:MOBG862)", "dateprops": [], "properties": {"http://www.w3.org/2000/01/rdf-schema#label": "Baum MOBG862", "http://rdfs.org/ns/void#inDataset.value": "72757", "http://www.w3.org/2000/01/rdf-schema#comment": "sonst. \u00f6ff. Fl\u00e4chen", "http://www.wikidata.org/prop/direct/P2547.value": "8.0", "http://www.wikidata.org/prop/direct/P2547.unit": "http://www.ontology-of-units-of-measure.org/resource/om-2/meter", "http://www.wikidata.org/prop/direct/P3018": "Moorburg", "https://gdi-de.github.io/apworkshop2026/ont#stammdurchmesser.value": "26.0", "https://gdi-de.github.io/apworkshop2026/ont#stammdurchmesser.unit": "http://www.ontology-of-units-of-measure.org/resource/om-2/centimeter"}, "geometry": {"type": "MultiPoint", "coordinates": [[9.924398603759656, 53.496114972481266]]}}, {"type": "Feature", "id": "https://gdi-de.github.io/apworkshop2026/MOBG945", "name": "Baum MOBG945 (gdide:MOBG945)", "dateprops": [], "properties": {"http://www.w3.org/2000/01/rdf-schema#label": "Baum MOBG945", "http://rdfs.org/ns/void#inDataset.value": "72757", "http://www.w3.org/2000/01/rdf-schema#comment": "sonst. \u00f6ff. Fl\u00e4chen", "http://www.wikidata.org/prop/direct/P2547.value": "3.0", "http://www.wikidata.org/prop/direct/P2547.unit": "http://www.ontology-of-units-of-measure.org/resource/om-2/meter", "http://www.wikidata.org/prop/direct/P3018": "Moorburg", "https://gdi-de.github.io/apworkshop2026/ont#stammdurchmesser.value": "16.0", "https://gdi-de.github.io/apworkshop2026/ont#stammdurchmesser.unit": "http://www.ontology-of-units-of-measure.org/resource/om-2/centimeter"}, "geometry": {"type": "MultiPoint", "coordinates": [[9.931467904871186, 53.4964437156253]]}}, {"type": "Feature", "id": "https://gdi-de.github.io/apworkshop2026/MOBG876", "name": "Baum MOBG876 (gdide:MOBG876)", "dateprops": [], "properties": {"http://www.w3.org/2000/01/rdf-schema#label": "Baum MOBG876", "http://rdfs.org/ns/void#inDataset.value": "72757", "http://www.w3.org/2000/01/rdf-schema#comment": "nan", "http://www.wikidata.org/prop/direct/P2547.value": "nan", "http://www.wikidata.org/prop/direct/P2547.unit": "http://www.ontology-of-units-of-measure.org/resource/om-2/meter", "http://www.wikidata.org/prop/direct/P3018": "Moorburg", "https://gdi-de.github.io/apworkshop2026/ont#stammdurchmesser.value": "318.0", "https://gdi-de.github.io/apworkshop2026/ont#stammdurchmesser.unit": "http://www.ontology-of-units-of-measure.org/resource/om-2/centimeter"}, "geometry": {"type": "MultiPoint", "coordinates": [[9.930543161151407, 53.496167433256296]]}}, {"type": "Feature", "id": "https://gdi-de.github.io/apworkshop2026/GEOW230", "name": "Baum GEOW230 (gdide:GEOW230)", "dateprops": [], "properties": {"http://www.w3.org/2000/01/rdf-schema#label": "Baum GEOW230", "http://rdfs.org/ns/void#inDataset.value": "72757", "http://www.w3.org/2000/01/rdf-schema#comment": "sonst. \u00f6ff. Fl\u00e4chen", "http://www.wikidata.org/prop/direct/P2547.value": "6.0", "http://www.wikidata.org/prop/direct/P2547.unit": "http://www.ontology-of-units-of-measure.org/resource/om-2/meter", "http://www.wikidata.org/prop/direct/P3018": "Georgswerder", "https://gdi-de.github.io/apworkshop2026/ont#stammdurchmesser.value": "20.0", "https://gdi-de.github.io/apworkshop2026/ont#stammdurchmesser.unit": "http://www.ontology-of-units-of-measure.org/resource/om-2/centimeter"}, "geometry": {"type": "MultiPoint", "coordinates": [[10.028587860441926, 53.520763513351255]]}}, {"type": "Feature", "id": "https://gdi-de.github.io/apworkshop2026/MOBG899", "name": "Baum MOBG899 (gdide:MOBG899)", "dateprops": [], "properties": {"http://www.w3.org/2000/01/rdf-schema#label": "Baum MOBG899", "http://rdfs.org/ns/void#inDataset.value": "72757", "http://www.w3.org/2000/01/rdf-schema#comment": "sonst. \u00f6ff. Fl\u00e4chen", "http://www.wikidata.org/prop/direct/P2547.value": "5.0", "http://www.wikidata.org/prop/direct/P2547.unit": "http://www.ontology-of-units-of-measure.org/resource/om-2/meter", "http://www.wikidata.org/prop/direct/P3018": "Moorburg", "https://gdi-de.github.io/apworkshop2026/ont#stammdurchmesser.value": "16.0", "https://gdi-de.github.io/apworkshop2026/ont#stammdurchmesser.unit": "http://www.ontology-of-units-of-measure.org/resource/om-2/centimeter"}, "geometry": {"type": "MultiPoint", "coordinates": [[9.931127847620383, 53.496262735673746]]}}, {"type": "Feature", "id": "https://gdi-de.github.io/apworkshop2026/REIS544", "name": "Baum REIS544 (gdide:REIS544)", "dateprops": [], "properties": {"http://www.w3.org/2000/01/rdf-schema#label": "Baum REIS544", "http://rdfs.org/ns/void#inDataset.value": "72757", "http://www.w3.org/2000/01/rdf-schema#comment": "sonst. \u00f6ff. Fl\u00e4chen", "http://www.wikidata.org/prop/direct/P2547.value": "3.0", "http://www.wikidata.org/prop/direct/P2547.unit": "http://www.ontology-of-units-of-measure.org/resource/om-2/meter", "http://www.wikidata.org/prop/direct/P3018": "Reiherstieg S\u00fcd", "https://gdi-de.github.io/apworkshop2026/ont#stammdurchmesser.value": "13.0", "https://gdi-de.github.io/apworkshop2026/ont#stammdurchmesser.unit": "http://www.ontology-of-units-of-measure.org/resource/om-2/centimeter"}, "geometry": {"type": "MultiPoint", "coordinates": [[9.982815444814706, 53.50298710194127]]}}, {"type": "Feature", "id": "https://gdi-de.github.io/apworkshop2026/MOBG941", "name": "Baum MOBG941 (gdide:MOBG941)", "dateprops": [], "properties": {"http://www.w3.org/2000/01/rdf-schema#label": "Baum MOBG941", "http://rdfs.org/ns/void#inDataset.value": "72757", "http://www.w3.org/2000/01/rdf-schema#comment": "sonst. \u00f6ff. Fl\u00e4chen", "http://www.wikidata.org/prop/direct/P2547.value": "3.0", "http://www.wikidata.org/prop/direct/P2547.unit": "http://www.ontology-of-units-of-measure.org/resource/om-2/meter", "http://www.wikidata.org/prop/direct/P3018": "Moorburg", "https://gdi-de.github.io/apworkshop2026/ont#stammdurchmesser.value": "16.0", "https://gdi-de.github.io/apworkshop2026/ont#stammdurchmesser.unit": "http://www.ontology-of-units-of-measure.org/resource/om-2/centimeter"}, "geometry": {"type": "MultiPoint", "coordinates": [[9.931718983993097, 53.496404502566435]]}}, {"type": "Feature", "id": "https://gdi-de.github.io/apworkshop2026/MOBG1062", "name": "Baum MOBG1062 (gdide:MOBG1062)", "dateprops": [], "properties": {"http://www.w3.org/2000/01/rdf-schema#label": "Baum MOBG1062", "http://rdfs.org/ns/void#inDataset.value": "72757", "http://www.w3.org/2000/01/rdf-schema#comment": "sonst. \u00f6ff. Fl\u00e4chen", "http://www.wikidata.org/prop/direct/P2547.value": "1.5", "http://www.wikidata.org/prop/direct/P2547.unit": "http://www.ontology-of-units-of-measure.org/resource/om-2/meter", "http://www.wikidata.org/prop/direct/P3018": "Moorburg", "https://gdi-de.github.io/apworkshop2026/ont#stammdurchmesser.value": "10.0", "https://gdi-de.github.io/apworkshop2026/ont#stammdurchmesser.unit": "http://www.ontology-of-units-of-measure.org/resource/om-2/centimeter"}, "geometry": {"type": "MultiPoint", "coordinates": [[9.932288201472879, 53.4963962837441]]}}, {"type": "Feature", "id": "https://gdi-de.github.io/apworkshop2026/MOBG545", "name": "Baum MOBG545 (gdide:MOBG545)", "dateprops": [], "properties": {"http://www.w3.org/2000/01/rdf-schema#label": "Baum MOBG545", "http://rdfs.org/ns/void#inDataset.value": "72757", "http://www.w3.org/2000/01/rdf-schema#comment": "sonst. \u00f6ff. Fl\u00e4chen", "http://www.wikidata.org/prop/direct/P2547.value": "5.0", "http://www.wikidata.org/prop/direct/P2547.unit": "http://www.ontology-of-units-of-measure.org/resource/om-2/meter", "http://www.wikidata.org/prop/direct/P3018": "Moorburg", "https://gdi-de.github.io/apworkshop2026/ont#stammdurchmesser.value": "20.0", "https://gdi-de.github.io/apworkshop2026/ont#stammdurchmesser.unit": "http://www.ontology-of-units-of-measure.org/resource/om-2/centimeter"}, "geometry": {"type": "MultiPoint", "coordinates": [[9.921788934977219, 53.49512754673321]]}}, {"type": "Feature", "id": "https://gdi-de.github.io/apworkshop2026/MOBG843", "name": "Baum MOBG843 (gdide:MOBG843)", "dateprops": [], "properties": {"http://www.w3.org/2000/01/rdf-schema#label": "Baum MOBG843", "http://rdfs.org/ns/void#inDataset.value": "72757", "http://www.w3.org/2000/01/rdf-schema#comment": "sonst. \u00f6ff. Fl\u00e4chen", "http://www.wikidata.org/prop/direct/P2547.value": "6.0", "http://www.wikidata.org/prop/direct/P2547.unit": "http://www.ontology-of-units-of-measure.org/resource/om-2/meter", "http://www.wikidata.org/prop/direct/P3018": "Moorburg", "https://gdi-de.github.io/apworkshop2026/ont#stammdurchmesser.value": "20.0", "https://gdi-de.github.io/apworkshop2026/ont#stammdurchmesser.unit": "http://www.ontology-of-units-of-measure.org/resource/om-2/centimeter"}, "geometry": {"type": "MultiPoint", "coordinates": [[9.925784434748467, 53.49613442417684]]}}, {"type": "Feature", "id": "https://gdi-de.github.io/apworkshop2026/ROSD279", "name": "Baum ROSD279 (gdide:ROSD279)", "dateprops": [], "properties": {"http://www.w3.org/2000/01/rdf-schema#label": "Baum ROSD279", "http://rdfs.org/ns/void#inDataset.value": "72757", "http://www.w3.org/2000/01/rdf-schema#comment": "sonst. \u00f6ff. Fl\u00e4chen", "http://www.wikidata.org/prop/direct/P2547.value": "9.0", "http://www.wikidata.org/prop/direct/P2547.unit": "http://www.ontology-of-units-of-measure.org/resource/om-2/meter", "http://www.wikidata.org/prop/direct/P3018": "Ro\u00dfdamm", "https://gdi-de.github.io/apworkshop2026/ont#stammdurchmesser.value": "18.0", "https://gdi-de.github.io/apworkshop2026/ont#stammdurchmesser.unit": "http://www.ontology-of-units-of-measure.org/resource/om-2/centimeter"}, "geometry": {"type": "MultiPoint", "coordinates": [[9.97484834944192, 53.525004286469105]]}}, {"type": "Feature", "id": "https://gdi-de.github.io/apworkshop2026/MOBG920", "name": "Baum MOBG920 (gdide:MOBG920)", "dateprops": [], "properties": {"http://www.w3.org/2000/01/rdf-schema#label": "Baum MOBG920", "http://rdfs.org/ns/void#inDataset.value": "72757", "http://www.w3.org/2000/01/rdf-schema#comment": "sonst. \u00f6ff. Fl\u00e4chen", "http://www.wikidata.org/prop/direct/P2547.value": "4.0", "http://www.wikidata.org/prop/direct/P2547.unit": "http://www.ontology-of-units-of-measure.org/resource/om-2/meter", "http://www.wikidata.org/prop/direct/P3018": "Moorburg", "https://gdi-de.github.io/apworkshop2026/ont#stammdurchmesser.value": "18.0", "https://gdi-de.github.io/apworkshop2026/ont#stammdurchmesser.unit": "http://www.ontology-of-units-of-measure.org/resource/om-2/centimeter"}, "geometry": {"type": "MultiPoint", "coordinates": [[9.932030941941814, 53.49597584450287]]}}, {"type": "Feature", "id": "https://gdi-de.github.io/apworkshop2026/REIS543", "name": "Baum REIS543 (gdide:REIS543)", "dateprops": [], "properties": {"http://www.w3.org/2000/01/rdf-schema#label": "Baum REIS543", "http://rdfs.org/ns/void#inDataset.value": "72757", "http://www.w3.org/2000/01/rdf-schema#comment": "sonst. \u00f6ff. Fl\u00e4chen", "http://www.wikidata.org/prop/direct/P2547.value": "2.0", "http://www.wikidata.org/prop/direct/P2547.unit": "http://www.ontology-of-units-of-measure.org/resource/om-2/meter", "http://www.wikidata.org/prop/direct/P3018": "Reiherstieg S\u00fcd", "https://gdi-de.github.io/apworkshop2026/ont#stammdurchmesser.value": "9.0", "https://gdi-de.github.io/apworkshop2026/ont#stammdurchmesser.unit": "http://www.ontology-of-units-of-measure.org/resource/om-2/centimeter"}, "geometry": {"type": "MultiPoint", "coordinates": [[9.98288270168003, 53.50304024346081]]}}, {"type": "Feature", "id": "https://gdi-de.github.io/apworkshop2026/MOBG930", "name": "Baum MOBG930 (gdide:MOBG930)", "dateprops": [], "properties": {"http://www.w3.org/2000/01/rdf-schema#label": "Baum MOBG930", "http://rdfs.org/ns/void#inDataset.value": "72757", "http://www.w3.org/2000/01/rdf-schema#comment": "sonst. \u00f6ff. Fl\u00e4chen", "http://www.wikidata.org/prop/direct/P2547.value": "4.0", "http://www.wikidata.org/prop/direct/P2547.unit": "http://www.ontology-of-units-of-measure.org/resource/om-2/meter", "http://www.wikidata.org/prop/direct/P3018": "Moorburg", "https://gdi-de.github.io/apworkshop2026/ont#stammdurchmesser.value": "16.0", "https://gdi-de.github.io/apworkshop2026/ont#stammdurchmesser.unit": "http://www.ontology-of-units-of-measure.org/resource/om-2/centimeter"}, "geometry": {"type": "MultiPoint", "coordinates": [[9.932515232694634, 53.49587059109175]]}}, {"type": "Feature", "id": "https://gdi-de.github.io/apworkshop2026/MOBG954", "name": "Baum MOBG954 (gdide:MOBG954)", "dateprops": [], "properties": {"http://www.w3.org/2000/01/rdf-schema#label": "Baum MOBG954", "http://rdfs.org/ns/void#inDataset.value": "72757", "http://www.w3.org/2000/01/rdf-schema#comment": "sonst. \u00f6ff. Fl\u00e4chen", "http://www.wikidata.org/prop/direct/P2547.value": "8.0", "http://www.wikidata.org/prop/direct/P2547.unit": "http://www.ontology-of-units-of-measure.org/resource/om-2/meter", "http://www.wikidata.org/prop/direct/P3018": "Moorburg", "https://gdi-de.github.io/apworkshop2026/ont#stammdurchmesser.value": "25.0", "https://gdi-de.github.io/apworkshop2026/ont#stammdurchmesser.unit": "http://www.ontology-of-units-of-measure.org/resource/om-2/centimeter"}, "geometry": {"type": "MultiPoint", "coordinates": [[9.935566288691923, 53.4947891687688]]}}, {"type": "Feature", "id": "https://gdi-de.github.io/apworkshop2026/TEUB284", "name": "Baum TEUB284 (gdide:TEUB284)", "dateprops": [], "properties": {"http://www.w3.org/2000/01/rdf-schema#label": "Baum TEUB284", "http://rdfs.org/ns/void#inDataset.value": "72757", "http://www.w3.org/2000/01/rdf-schema#comment": "Wasserwirtschaft", "http://www.wikidata.org/prop/direct/P2547.value": "12.0", "http://www.wikidata.org/prop/direct/P2547.unit": "http://www.ontology-of-units-of-measure.org/resource/om-2/meter", "http://www.wikidata.org/prop/direct/P3018": "Teufelsbr\u00fcck-Blankenese", "https://gdi-de.github.io/apworkshop2026/ont#stammdurchmesser.value": "33.0", "https://gdi-de.github.io/apworkshop2026/ont#stammdurchmesser.unit": "http://www.ontology-of-units-of-measure.org/resource/om-2/centimeter"}, "geometry": {"type": "MultiPoint", "coordinates": [[9.857098250994722, 53.54780750533192]]}}, {"type": "Feature", "id": "https://gdi-de.github.io/apworkshop2026/MOBG929", "name": "Baum MOBG929 (gdide:MOBG929)", "dateprops": [], "properties": {"http://www.w3.org/2000/01/rdf-schema#label": "Baum MOBG929", "http://rdfs.org/ns/void#inDataset.value": "72757", "http://www.w3.org/2000/01/rdf-schema#comment": "sonst. \u00f6ff. Fl\u00e4chen", "http://www.wikidata.org/prop/direct/P2547.value": "3.0", "http://www.wikidata.org/prop/direct/P2547.unit": "http://www.ontology-of-units-of-measure.org/resource/om-2/meter", "http://www.wikidata.org/prop/direct/P3018": "Moorburg", "https://gdi-de.github.io/apworkshop2026/ont#stammdurchmesser.value": "16.0", "https://gdi-de.github.io/apworkshop2026/ont#stammdurchmesser.unit": "http://www.ontology-of-units-of-measure.org/resource/om-2/centimeter"}, "geometry": {"type": "MultiPoint", "coordinates": [[9.932462187177107, 53.495815906882406]]}}, {"type": "Feature", "id": "https://gdi-de.github.io/apworkshop2026/WAHF649", "name": "Baum WAHF649 (gdide:WAHF649)", "dateprops": [], "properties": {"http://www.w3.org/2000/01/rdf-schema#label": "Baum WAHF649", "http://rdfs.org/ns/void#inDataset.value": "72757", "http://www.w3.org/2000/01/rdf-schema#comment": "Bahn", "http://www.wikidata.org/prop/direct/P2547.value": "8.0", "http://www.wikidata.org/prop/direct/P2547.unit": "http://www.ontology-of-units-of-measure.org/resource/om-2/meter", "http://www.wikidata.org/prop/direct/P3018": "Waltershof", "https://gdi-de.github.io/apworkshop2026/ont#stammdurchmesser.value": "47.0", "https://gdi-de.github.io/apworkshop2026/ont#stammdurchmesser.unit": "http://www.ontology-of-units-of-measure.org/resource/om-2/centimeter"}, "geometry": {"type": "MultiPoint", "coordinates": [[9.93048980122353, 53.52623258613183]]}}, {"type": "Feature", "id": "https://gdi-de.github.io/apworkshop2026/MOBG976", "name": "Baum MOBG976 (gdide:MOBG976)", "dateprops": [], "properties": {"http://www.w3.org/2000/01/rdf-schema#label": "Baum MOBG976", "http://rdfs.org/ns/void#inDataset.value": "72757", "http://www.w3.org/2000/01/rdf-schema#comment": "sonst. \u00f6ff. Fl\u00e4chen", "http://www.wikidata.org/prop/direct/P2547.value": "4.0", "http://www.wikidata.org/prop/direct/P2547.unit": "http://www.ontology-of-units-of-measure.org/resource/om-2/meter", "http://www.wikidata.org/prop/direct/P3018": "Moorburg", "https://gdi-de.github.io/apworkshop2026/ont#stammdurchmesser.value": "20.0", "https://gdi-de.github.io/apworkshop2026/ont#stammdurchmesser.unit": "http://www.ontology-of-units-of-measure.org/resource/om-2/centimeter"}, "geometry": {"type": "MultiPoint", "coordinates": [[9.934888069635567, 53.495119520047325]]}}, {"type": "Feature", "id": "https://gdi-de.github.io/apworkshop2026/REIS662", "name": "Baum REIS662 (gdide:REIS662)", "dateprops": [], "properties": {"http://www.w3.org/2000/01/rdf-schema#label": "Baum REIS662", "http://rdfs.org/ns/void#inDataset.value": "72757", "http://www.w3.org/2000/01/rdf-schema#comment": "sonst. \u00f6ff. Fl\u00e4chen", "http://www.wikidata.org/prop/direct/P2547.value": "6.0", "http://www.wikidata.org/prop/direct/P2547.unit": "http://www.ontology-of-units-of-measure.org/resource/om-2/meter", "http://www.wikidata.org/prop/direct/P3018": "Reiherstieg S\u00fcd", "https://gdi-de.github.io/apworkshop2026/ont#stammdurchmesser.value": "16.0", "https://gdi-de.github.io/apworkshop2026/ont#stammdurchmesser.unit": "http://www.ontology-of-units-of-measure.org/resource/om-2/centimeter"}, "geometry": {"type": "MultiPoint", "coordinates": [[9.981121599481277, 53.50190199268444]]}}, {"type": "Feature", "id": "https://gdi-de.github.io/apworkshop2026/TEUB236", "name": "Baum TEUB236 (gdide:TEUB236)", "dateprops": [], "properties": {"http://www.w3.org/2000/01/rdf-schema#label": "Baum TEUB236", "http://rdfs.org/ns/void#inDataset.value": "72757", "http://www.w3.org/2000/01/rdf-schema#comment": "Wasserwirtschaft", "http://www.wikidata.org/prop/direct/P2547.value": "6.0", "http://www.wikidata.org/prop/direct/P2547.unit": "http://www.ontology-of-units-of-measure.org/resource/om-2/meter", "http://www.wikidata.org/prop/direct/P3018": "Teufelsbr\u00fcck-Blankenese", "https://gdi-de.github.io/apworkshop2026/ont#stammdurchmesser.value": "22.0", "https://gdi-de.github.io/apworkshop2026/ont#stammdurchmesser.unit": "http://www.ontology-of-units-of-measure.org/resource/om-2/centimeter"}, "geometry": {"type": "MultiPoint", "coordinates": [[9.840289972528243, 53.55053702698274]]}}, {"type": "Feature", "id": "https://gdi-de.github.io/apworkshop2026/MOBG839", "name": "Baum MOBG839 (gdide:MOBG839)", "dateprops": [], "properties": {"http://www.w3.org/2000/01/rdf-schema#label": "Baum MOBG839", "http://rdfs.org/ns/void#inDataset.value": "72757", "http://www.w3.org/2000/01/rdf-schema#comment": "sonst. \u00f6ff. Fl\u00e4chen", "http://www.wikidata.org/prop/direct/P2547.value": "6.0", "http://www.wikidata.org/prop/direct/P2547.unit": "http://www.ontology-of-units-of-measure.org/resource/om-2/meter", "http://www.wikidata.org/prop/direct/P3018": "Moorburg", "https://gdi-de.github.io/apworkshop2026/ont#stammdurchmesser.value": "22.0", "https://gdi-de.github.io/apworkshop2026/ont#stammdurchmesser.unit": "http://www.ontology-of-units-of-measure.org/resource/om-2/centimeter"}, "geometry": {"type": "MultiPoint", "coordinates": [[9.926091901120762, 53.4960896318249]]}}, {"type": "Feature", "id": "https://gdi-de.github.io/apworkshop2026/REIS663", "name": "Baum REIS663 (gdide:REIS663)", "dateprops": [], "properties": {"http://www.w3.org/2000/01/rdf-schema#label": "Baum REIS663", "http://rdfs.org/ns/void#inDataset.value": "72757", "http://www.w3.org/2000/01/rdf-schema#comment": "sonst. \u00f6ff. Fl\u00e4chen", "http://www.wikidata.org/prop/direct/P2547.value": "3.0", "http://www.wikidata.org/prop/direct/P2547.unit": "http://www.ontology-of-units-of-measure.org/resource/om-2/meter", "http://www.wikidata.org/prop/direct/P3018": "Reiherstieg S\u00fcd", "https://gdi-de.github.io/apworkshop2026/ont#stammdurchmesser.value": "11.0", "https://gdi-de.github.io/apworkshop2026/ont#stammdurchmesser.unit": "http://www.ontology-of-units-of-measure.org/resource/om-2/centimeter"}, "geometry": {"type": "MultiPoint", "coordinates": [[9.981023180058749, 53.501843340948994]]}}, {"type": "Feature", "id": "https://gdi-de.github.io/apworkshop2026/KSBK231", "name": "Baum KSBK231 (gdide:KSBK231)", "dateprops": [], "properties": {"http://www.w3.org/2000/01/rdf-schema#label": "Baum KSBK231", "http://rdfs.org/ns/void#inDataset.value": "72757", "http://www.w3.org/2000/01/rdf-schema#comment": "Dep. Feldhofe", "http://www.wikidata.org/prop/direct/P2547.value": "3.0", "http://www.wikidata.org/prop/direct/P2547.unit": "http://www.ontology-of-units-of-measure.org/resource/om-2/meter", "http://www.wikidata.org/prop/direct/P3018": "Kirchsteinbek", "https://gdi-de.github.io/apworkshop2026/ont#stammdurchmesser.value": "19.0", "https://gdi-de.github.io/apworkshop2026/ont#stammdurchmesser.unit": "http://www.ontology-of-units-of-measure.org/resource/om-2/centimeter"}, "geometry": {"type": "MultiPoint", "coordinates": [[10.094240352632822, 53.50015824305713]]}}, {"type": "Feature", "id": "https://gdi-de.github.io/apworkshop2026/KSBK232", "name": "Baum KSBK232 (gdide:KSBK232)", "dateprops": [], "properties": {"http://www.w3.org/2000/01/rdf-schema#label": "Baum KSBK232", "http://rdfs.org/ns/void#inDataset.value": "72757", "http://www.w3.org/2000/01/rdf-schema#comment": "Dep. Feldhofe", "http://www.wikidata.org/prop/direct/P2547.value": "4.0", "http://www.wikidata.org/prop/direct/P2547.unit": "http://www.ontology-of-units-of-measure.org/resource/om-2/meter", "http://www.wikidata.org/prop/direct/P3018": "Kirchsteinbek", "https://gdi-de.github.io/apworkshop2026/ont#stammdurchmesser.value": "20.0", "https://gdi-de.github.io/apworkshop2026/ont#stammdurchmesser.unit": "http://www.ontology-of-units-of-measure.org/resource/om-2/centimeter"}, "geometry": {"type": "MultiPoint", "coordinates": [[10.094267769215291, 53.50013856344272]]}}, {"type": "Feature", "id": "https://gdi-de.github.io/apworkshop2026/KLGB177", "name": "Baum KLGB177 (gdide:KLGB177)", "dateprops": [], "properties": {"http://www.w3.org/2000/01/rdf-schema#label": "Baum KLGB177", "http://rdfs.org/ns/void#inDataset.value": "72757", "http://www.w3.org/2000/01/rdf-schema#comment": "Bahn", "http://www.wikidata.org/prop/direct/P2547.value": "7.0", "http://www.wikidata.org/prop/direct/P2547.unit": "http://www.ontology-of-units-of-measure.org/resource/om-2/meter", "http://www.wikidata.org/prop/direct/P3018": "Kleiner Grasbrook", "https://gdi-de.github.io/apworkshop2026/ont#stammdurchmesser.value": "29.0", "https://gdi-de.github.io/apworkshop2026/ont#stammdurchmesser.unit": "http://www.ontology-of-units-of-measure.org/resource/om-2/centimeter"}, "geometry": {"type": "MultiPoint", "coordinates": [[9.99230017199479, 53.52527246139719]]}}, {"type": "Feature", "id": "https://gdi-de.github.io/apworkshop2026/MOBG697", "name": "Baum MOBG697 (gdide:MOBG697)", "dateprops": [], "properties": {"http://www.w3.org/2000/01/rdf-schema#label": "Baum MOBG697", "http://rdfs.org/ns/void#inDataset.value": "72757", "http://www.w3.org/2000/01/rdf-schema#comment": "sonst. \u00f6ff. Fl\u00e4chen", "http://www.wikidata.org/prop/direct/P2547.value": "2.0", "http://www.wikidata.org/prop/direct/P2547.unit": "http://www.ontology-of-units-of-measure.org/resource/om-2/meter", "http://www.wikidata.org/prop/direct/P3018": "Moorburg", "https://gdi-de.github.io/apworkshop2026/ont#stammdurchmesser.value": "10.0", "https://gdi-de.github.io/apworkshop2026/ont#stammdurchmesser.unit": "http://www.ontology-of-units-of-measure.org/resource/om-2/centimeter"}, "geometry": {"type": "MultiPoint", "coordinates": [[9.915471155449227, 53.49551119061975]]}}, {"type": "Feature", "id": "https://gdi-de.github.io/apworkshop2026/MOBG953", "name": "Baum MOBG953 (gdide:MOBG953)", "dateprops": [], "properties": {"http://www.w3.org/2000/01/rdf-schema#label": "Baum MOBG953", "http://rdfs.org/ns/void#inDataset.value": "72757", "http://www.w3.org/2000/01/rdf-schema#comment": "sonst. \u00f6ff. Fl\u00e4chen", "http://www.wikidata.org/prop/direct/P2547.value": "8.0", "http://www.wikidata.org/prop/direct/P2547.unit": "http://www.ontology-of-units-of-measure.org/resource/om-2/meter", "http://www.wikidata.org/prop/direct/P3018": "Moorburg", "https://gdi-de.github.io/apworkshop2026/ont#stammdurchmesser.value": "24.0", "https://gdi-de.github.io/apworkshop2026/ont#stammdurchmesser.unit": "http://www.ontology-of-units-of-measure.org/resource/om-2/centimeter"}, "geometry": {"type": "MultiPoint", "coordinates": [[9.935611985990429, 53.49484193045003]]}}, {"type": "Feature", "id": "https://gdi-de.github.io/apworkshop2026/MOBG895", "name": "Baum MOBG895 (gdide:MOBG895)", "dateprops": [], "properties": {"http://www.w3.org/2000/01/rdf-schema#label": "Baum MOBG895", "http://rdfs.org/ns/void#inDataset.value": "72757", "http://www.w3.org/2000/01/rdf-schema#comment": "sonst. \u00f6ff. Fl\u00e4chen", "http://www.wikidata.org/prop/direct/P2547.value": "5.0", "http://www.wikidata.org/prop/direct/P2547.unit": "http://www.ontology-of-units-of-measure.org/resource/om-2/meter", "http://www.wikidata.org/prop/direct/P3018": "Moorburg", "https://gdi-de.github.io/apworkshop2026/ont#stammdurchmesser.value": "18.0", "https://gdi-de.github.io/apworkshop2026/ont#stammdurchmesser.unit": "http://www.ontology-of-units-of-measure.org/resource/om-2/centimeter"}, "geometry": {"type": "MultiPoint", "coordinates": [[9.930927298733204, 53.496211578918825]]}}, {"type": "Feature", "id": "https://gdi-de.github.io/apworkshop2026/MOBG530", "name": "Baum MOBG530 (gdide:MOBG530)", "dateprops": [], "properties": {"http://www.w3.org/2000/01/rdf-schema#label": "Baum MOBG530", "http://rdfs.org/ns/void#inDataset.value": "72757", "http://www.w3.org/2000/01/rdf-schema#comment": "sonst. \u00f6ff. Fl\u00e4chen", "http://www.wikidata.org/prop/direct/P2547.value": "8.0", "http://www.wikidata.org/prop/direct/P2547.unit": "http://www.ontology-of-units-of-measure.org/resource/om-2/meter", "http://www.wikidata.org/prop/direct/P3018": "Moorburg", "https://gdi-de.github.io/apworkshop2026/ont#stammdurchmesser.value": "34.0", "https://gdi-de.github.io/apworkshop2026/ont#stammdurchmesser.unit": "http://www.ontology-of-units-of-measure.org/resource/om-2/centimeter"}, "geometry": {"type": "MultiPoint", "coordinates": [[9.92548094791288, 53.49503907140872]]}}, {"type": "Feature", "id": "https://gdi-de.github.io/apworkshop2026/VHWN44", "name": "Baum VHWN44 (gdide:VHWN44)", "dateprops": [], "properties": {"http://www.w3.org/2000/01/rdf-schema#label": "Baum VHWN44", "http://rdfs.org/ns/void#inDataset.value": "72757", "http://www.w3.org/2000/01/rdf-schema#comment": "Stra\u00dfe", "http://www.wikidata.org/prop/direct/P2547.value": "8.0", "http://www.wikidata.org/prop/direct/P2547.unit": "http://www.ontology-of-units-of-measure.org/resource/om-2/meter", "http://www.wikidata.org/prop/direct/P3018": "Vollh\u00f6fner Weiden", "https://gdi-de.github.io/apworkshop2026/ont#stammdurchmesser.value": "39.0", "https://gdi-de.github.io/apworkshop2026/ont#stammdurchmesser.unit": "http://www.ontology-of-units-of-measure.org/resource/om-2/centimeter"}, "geometry": {"type": "MultiPoint", "coordinates": [[9.909672314694568, 53.49584323563612]]}}, {"type": "Feature", "id": "https://gdi-de.github.io/apworkshop2026/MOBG944", "name": "Baum MOBG944 (gdide:MOBG944)", "dateprops": [], "properties": {"http://www.w3.org/2000/01/rdf-schema#label": "Baum MOBG944", "http://rdfs.org/ns/void#inDataset.value": "72757", "http://www.w3.org/2000/01/rdf-schema#comment": "sonst. \u00f6ff. Fl\u00e4chen", "http://www.wikidata.org/prop/direct/P2547.value": "3.0", "http://www.wikidata.org/prop/direct/P2547.unit": "http://www.ontology-of-units-of-measure.org/resource/om-2/meter", "http://www.wikidata.org/prop/direct/P3018": "Moorburg", "https://gdi-de.github.io/apworkshop2026/ont#stammdurchmesser.value": "11.0", "https://gdi-de.github.io/apworkshop2026/ont#stammdurchmesser.unit": "http://www.ontology-of-units-of-measure.org/resource/om-2/centimeter"}, "geometry": {"type": "MultiPoint", "coordinates": [[9.931603254035045, 53.496492606317965]]}}, {"type": "Feature", "id": "https://gdi-de.github.io/apworkshop2026/MOBG890", "name": "Baum MOBG890 (gdide:MOBG890)", "dateprops": [], "properties": {"http://www.w3.org/2000/01/rdf-schema#label": "Baum MOBG890", "http://rdfs.org/ns/void#inDataset.value": "72757", "http://www.w3.org/2000/01/rdf-schema#comment": "sonst. \u00f6ff. Fl\u00e4chen", "http://www.wikidata.org/prop/direct/P2547.value": "4.0", "http://www.wikidata.org/prop/direct/P2547.unit": "http://www.ontology-of-units-of-measure.org/resource/om-2/meter", "http://www.wikidata.org/prop/direct/P3018": "Moorburg", "https://gdi-de.github.io/apworkshop2026/ont#stammdurchmesser.value": "16.0", "https://gdi-de.github.io/apworkshop2026/ont#stammdurchmesser.unit": "http://www.ontology-of-units-of-measure.org/resource/om-2/centimeter"}, "geometry": {"type": "MultiPoint", "coordinates": [[9.93065060864254, 53.49629578740412]]}}, {"type": "Feature", "id": "https://gdi-de.github.io/apworkshop2026/MOBG977", "name": "Baum MOBG977 (gdide:MOBG977)", "dateprops": [], "properties": {"http://www.w3.org/2000/01/rdf-schema#label": "Baum MOBG977", "http://rdfs.org/ns/void#inDataset.value": "72757", "http://www.w3.org/2000/01/rdf-schema#comment": "sonst. \u00f6ff. Fl\u00e4chen", "http://www.wikidata.org/prop/direct/P2547.value": "8.0", "http://www.wikidata.org/prop/direct/P2547.unit": "http://www.ontology-of-units-of-measure.org/resource/om-2/meter", "http://www.wikidata.org/prop/direct/P3018": "Moorburg", "https://gdi-de.github.io/apworkshop2026/ont#stammdurchmesser.value": "24.0", "https://gdi-de.github.io/apworkshop2026/ont#stammdurchmesser.unit": "http://www.ontology-of-units-of-measure.org/resource/om-2/centimeter"}, "geometry": {"type": "MultiPoint", "coordinates": [[9.935073616657501, 53.495071536252354]]}}, {"type": "Feature", "id": "https://gdi-de.github.io/apworkshop2026/VHWN55", "name": "Baum VHWN55 (gdide:VHWN55)", "dateprops": [], "properties": {"http://www.w3.org/2000/01/rdf-schema#label": "Baum VHWN55", "http://rdfs.org/ns/void#inDataset.value": "72757", "http://www.w3.org/2000/01/rdf-schema#comment": "Stra\u00dfe", "http://www.wikidata.org/prop/direct/P2547.value": "5.0", "http://www.wikidata.org/prop/direct/P2547.unit": "http://www.ontology-of-units-of-measure.org/resource/om-2/meter", "http://www.wikidata.org/prop/direct/P3018": "Vollh\u00f6fner Weiden", "https://gdi-de.github.io/apworkshop2026/ont#stammdurchmesser.value": "21.0", "https://gdi-de.github.io/apworkshop2026/ont#stammdurchmesser.unit": "http://www.ontology-of-units-of-measure.org/resource/om-2/centimeter"}, "geometry": {"type": "MultiPoint", "coordinates": [[9.90980132175252, 53.49581780397088]]}}, {"type": "Feature", "id": "https://gdi-de.github.io/apworkshop2026/MOBG894", "name": "Baum MOBG894 (gdide:MOBG894)", "dateprops": [], "properties": {"http://www.w3.org/2000/01/rdf-schema#label": "Baum MOBG894", "http://rdfs.org/ns/void#inDataset.value": "72757", "http://www.w3.org/2000/01/rdf-schema#comment": "sonst. \u00f6ff. Fl\u00e4chen", "http://www.wikidata.org/prop/direct/P2547.value": "5.0", "http://www.wikidata.org/prop/direct/P2547.unit": "http://www.ontology-of-units-of-measure.org/resource/om-2/meter", "http://www.wikidata.org/prop/direct/P3018": "Moorburg", "https://gdi-de.github.io/apworkshop2026/ont#stammdurchmesser.value": "20.0", "https://gdi-de.github.io/apworkshop2026/ont#stammdurchmesser.unit": "http://www.ontology-of-units-of-measure.org/resource/om-2/centimeter"}, "geometry": {"type": "MultiPoint", "coordinates": [[9.930895857698259, 53.49614206056807]]}}, {"type": "Feature", "id": "https://gdi-de.github.io/apworkshop2026/FINW54", "name": "Baum FINW54 (gdide:FINW54)", "dateprops": [], "properties": {"http://www.w3.org/2000/01/rdf-schema#label": "Baum FINW54", "http://rdfs.org/ns/void#inDataset.value": "72757", "http://www.w3.org/2000/01/rdf-schema#comment": "Wasserwirtschaft", "http://www.wikidata.org/prop/direct/P2547.value": "5.0", "http://www.wikidata.org/prop/direct/P2547.unit": "http://www.ontology-of-units-of-measure.org/resource/om-2/meter", "http://www.wikidata.org/prop/direct/P3018": "Finkenwerder", "https://gdi-de.github.io/apworkshop2026/ont#stammdurchmesser.value": "24.0", "https://gdi-de.github.io/apworkshop2026/ont#stammdurchmesser.unit": "http://www.ontology-of-units-of-measure.org/resource/om-2/centimeter"}, "geometry": {"type": "MultiPoint", "coordinates": [[9.854656935479682, 53.53972093622588]]}}, {"type": "Feature", "id": "https://gdi-de.github.io/apworkshop2026/MOBG955", "name": "Baum MOBG955 (gdide:MOBG955)", "dateprops": [], "properties": {"http://www.w3.org/2000/01/rdf-schema#label": "Baum MOBG955", "http://rdfs.org/ns/void#inDataset.value": "72757", "http://www.w3.org/2000/01/rdf-schema#comment": "sonst. \u00f6ff. Fl\u00e4chen", "http://www.wikidata.org/prop/direct/P2547.value": "8.0", "http://www.wikidata.org/prop/direct/P2547.unit": "http://www.ontology-of-units-of-measure.org/resource/om-2/meter", "http://www.wikidata.org/prop/direct/P3018": "Moorburg", "https://gdi-de.github.io/apworkshop2026/ont#stammdurchmesser.value": "25.0", "https://gdi-de.github.io/apworkshop2026/ont#stammdurchmesser.unit": "http://www.ontology-of-units-of-measure.org/resource/om-2/centimeter"}, "geometry": {"type": "MultiPoint", "coordinates": [[9.935334622163303, 53.494683164244535]]}}, {"type": "Feature", "id": "https://gdi-de.github.io/apworkshop2026/MOBG926", "name": "Baum MOBG926 (gdide:MOBG926)", "dateprops": [], "properties": {"http://www.w3.org/2000/01/rdf-schema#label": "Baum MOBG926", "http://rdfs.org/ns/void#inDataset.value": "72757", "http://www.w3.org/2000/01/rdf-schema#comment": "sonst. \u00f6ff. Fl\u00e4chen", "http://www.wikidata.org/prop/direct/P2547.value": "4.0", "http://www.wikidata.org/prop/direct/P2547.unit": "http://www.ontology-of-units-of-measure.org/resource/om-2/meter", "http://www.wikidata.org/prop/direct/P3018": "Moorburg", "https://gdi-de.github.io/apworkshop2026/ont#stammdurchmesser.value": "16.0", "https://gdi-de.github.io/apworkshop2026/ont#stammdurchmesser.unit": "http://www.ontology-of-units-of-measure.org/resource/om-2/centimeter"}, "geometry": {"type": "MultiPoint", "coordinates": [[9.932413543404474, 53.49596215879538]]}}, {"type": "Feature", "id": "https://gdi-de.github.io/apworkshop2026/MOBG946", "name": "Baum MOBG946 (gdide:MOBG946)", "dateprops": [], "properties": {"http://www.w3.org/2000/01/rdf-schema#label": "Baum MOBG946", "http://rdfs.org/ns/void#inDataset.value": "72757", "http://www.w3.org/2000/01/rdf-schema#comment": "sonst. \u00f6ff. Fl\u00e4chen", "http://www.wikidata.org/prop/direct/P2547.value": "4.0", "http://www.wikidata.org/prop/direct/P2547.unit": "http://www.ontology-of-units-of-measure.org/resource/om-2/meter", "http://www.wikidata.org/prop/direct/P3018": "Moorburg", "https://gdi-de.github.io/apworkshop2026/ont#stammdurchmesser.value": "11.0", "https://gdi-de.github.io/apworkshop2026/ont#stammdurchmesser.unit": "http://www.ontology-of-units-of-measure.org/resource/om-2/centimeter"}, "geometry": {"type": "MultiPoint", "coordinates": [[9.931503945280385, 53.49651082341703]]}}, {"type": "Feature", "id": "https://gdi-de.github.io/apworkshop2026/KSBK211", "name": "Baum KSBK211 (gdide:KSBK211)", "dateprops": [], "properties": {"http://www.w3.org/2000/01/rdf-schema#label": "Baum KSBK211", "http://rdfs.org/ns/void#inDataset.value": "72757", "http://www.w3.org/2000/01/rdf-schema#comment": "Dep. Feldhofe", "http://www.wikidata.org/prop/direct/P2547.value": "4.0", "http://www.wikidata.org/prop/direct/P2547.unit": "http://www.ontology-of-units-of-measure.org/resource/om-2/meter", "http://www.wikidata.org/prop/direct/P3018": "Kirchsteinbek", "https://gdi-de.github.io/apworkshop2026/ont#stammdurchmesser.value": "19.0", "https://gdi-de.github.io/apworkshop2026/ont#stammdurchmesser.unit": "http://www.ontology-of-units-of-measure.org/resource/om-2/centimeter"}, "geometry": {"type": "MultiPoint", "coordinates": [[10.093448460760412, 53.50085258615781]]}}, {"type": "Feature", "id": "https://gdi-de.github.io/apworkshop2026/MOBG696", "name": "Baum MOBG696 (gdide:MOBG696)", "dateprops": [], "properties": {"http://www.w3.org/2000/01/rdf-schema#label": "Baum MOBG696", "http://rdfs.org/ns/void#inDataset.value": "72757", "http://www.w3.org/2000/01/rdf-schema#comment": "sonst. \u00f6ff. Fl\u00e4chen", "http://www.wikidata.org/prop/direct/P2547.value": "2.5", "http://www.wikidata.org/prop/direct/P2547.unit": "http://www.ontology-of-units-of-measure.org/resource/om-2/meter", "http://www.wikidata.org/prop/direct/P3018": "Moorburg", "https://gdi-de.github.io/apworkshop2026/ont#stammdurchmesser.value": "11.0", "https://gdi-de.github.io/apworkshop2026/ont#stammdurchmesser.unit": "http://www.ontology-of-units-of-measure.org/resource/om-2/centimeter"}, "geometry": {"type": "MultiPoint", "coordinates": [[9.915598689270116, 53.49550664291829]]}}, {"type": "Feature", "id": "https://gdi-de.github.io/apworkshop2026/MOBG967", "name": "Baum MOBG967 (gdide:MOBG967)", "dateprops": [], "properties": {"http://www.w3.org/2000/01/rdf-schema#label": "Baum MOBG967", "http://rdfs.org/ns/void#inDataset.value": "72757", "http://www.w3.org/2000/01/rdf-schema#comment": "sonst. \u00f6ff. Fl\u00e4chen", "http://www.wikidata.org/prop/direct/P2547.value": "5.0", "http://www.wikidata.org/prop/direct/P2547.unit": "http://www.ontology-of-units-of-measure.org/resource/om-2/meter", "http://www.wikidata.org/prop/direct/P3018": "Moorburg", "https://gdi-de.github.io/apworkshop2026/ont#stammdurchmesser.value": "19.0", "https://gdi-de.github.io/apworkshop2026/ont#stammdurchmesser.unit": "http://www.ontology-of-units-of-measure.org/resource/om-2/centimeter"}, "geometry": {"type": "MultiPoint", "coordinates": [[9.934937162565843, 53.49474573238356]]}}, {"type": "Feature", "id": "https://gdi-de.github.io/apworkshop2026/MOBG855", "name": "Baum MOBG855 (gdide:MOBG855)", "dateprops": [], "properties": {"http://www.w3.org/2000/01/rdf-schema#label": "Baum MOBG855", "http://rdfs.org/ns/void#inDataset.value": "72757", "http://www.w3.org/2000/01/rdf-schema#comment": "sonst. \u00f6ff. Fl\u00e4chen", "http://www.wikidata.org/prop/direct/P2547.value": "5.0", "http://www.wikidata.org/prop/direct/P2547.unit": "http://www.ontology-of-units-of-measure.org/resource/om-2/meter", "http://www.wikidata.org/prop/direct/P3018": "Moorburg", "https://gdi-de.github.io/apworkshop2026/ont#stammdurchmesser.value": "18.0", "https://gdi-de.github.io/apworkshop2026/ont#stammdurchmesser.unit": "http://www.ontology-of-units-of-measure.org/resource/om-2/centimeter"}, "geometry": {"type": "MultiPoint", "coordinates": [[9.924897141792883, 53.49611349757212]]}}, {"type": "Feature", "id": "https://gdi-de.github.io/apworkshop2026/MOBG942", "name": "Baum MOBG942 (gdide:MOBG942)", "dateprops": [], "properties": {"http://www.w3.org/2000/01/rdf-schema#label": "Baum MOBG942", "http://rdfs.org/ns/void#inDataset.value": "72757", "http://www.w3.org/2000/01/rdf-schema#comment": "sonst. \u00f6ff. Fl\u00e4chen", "http://www.wikidata.org/prop/direct/P2547.value": "2.5", "http://www.wikidata.org/prop/direct/P2547.unit": "http://www.ontology-of-units-of-measure.org/resource/om-2/meter", "http://www.wikidata.org/prop/direct/P3018": "Moorburg", "https://gdi-de.github.io/apworkshop2026/ont#stammdurchmesser.value": "13.0", "https://gdi-de.github.io/apworkshop2026/ont#stammdurchmesser.unit": "http://www.ontology-of-units-of-measure.org/resource/om-2/centimeter"}, "geometry": {"type": "MultiPoint", "coordinates": [[9.931761743800621, 53.496474725872254]]}}, {"type": "Feature", "id": "https://gdi-de.github.io/apworkshop2026/MOBG933", "name": "Baum MOBG933 (gdide:MOBG933)", "dateprops": [], "properties": {"http://www.w3.org/2000/01/rdf-schema#label": "Baum MOBG933", "http://rdfs.org/ns/void#inDataset.value": "72757", "http://www.w3.org/2000/01/rdf-schema#comment": "sonst. \u00f6ff. Fl\u00e4chen", "http://www.wikidata.org/prop/direct/P2547.value": "4.5", "http://www.wikidata.org/prop/direct/P2547.unit": "http://www.ontology-of-units-of-measure.org/resource/om-2/meter", "http://www.wikidata.org/prop/direct/P3018": "Moorburg", "https://gdi-de.github.io/apworkshop2026/ont#stammdurchmesser.value": "14.0", "https://gdi-de.github.io/apworkshop2026/ont#stammdurchmesser.unit": "http://www.ontology-of-units-of-measure.org/resource/om-2/centimeter"}, "geometry": {"type": "MultiPoint", "coordinates": [[9.932591706274772, 53.496247858378766]]}}, {"type": "Feature", "id": "https://gdi-de.github.io/apworkshop2026/TEUB237", "name": "Baum TEUB237 (gdide:TEUB237)", "dateprops": [], "properties": {"http://www.w3.org/2000/01/rdf-schema#label": "Baum TEUB237", "http://rdfs.org/ns/void#inDataset.value": "72757", "http://www.w3.org/2000/01/rdf-schema#comment": "Wasserwirtschaft", "http://www.wikidata.org/prop/direct/P2547.value": "7.0", "http://www.wikidata.org/prop/direct/P2547.unit": "http://www.ontology-of-units-of-measure.org/resource/om-2/meter", "http://www.wikidata.org/prop/direct/P3018": "Teufelsbr\u00fcck-Blankenese", "https://gdi-de.github.io/apworkshop2026/ont#stammdurchmesser.value": "27.0", "https://gdi-de.github.io/apworkshop2026/ont#stammdurchmesser.unit": "http://www.ontology-of-units-of-measure.org/resource/om-2/centimeter"}, "geometry": {"type": "MultiPoint", "coordinates": [[9.840042962774566, 53.55055958119192]]}}, {"type": "Feature", "id": "https://gdi-de.github.io/apworkshop2026/GZAW294", "name": "Baum GZAW294 (gdide:GZAW294)", "dateprops": [], "properties": {"http://www.w3.org/2000/01/rdf-schema#label": "Baum GZAW294", "http://rdfs.org/ns/void#inDataset.value": "72757", "http://www.w3.org/2000/01/rdf-schema#comment": "sonst. \u00f6ff. Fl\u00e4chen", "http://www.wikidata.org/prop/direct/P2547.value": "8.0", "http://www.wikidata.org/prop/direct/P2547.unit": "http://www.ontology-of-units-of-measure.org/resource/om-2/meter", "http://www.wikidata.org/prop/direct/P3018": "Gr\u00fcnzug Altenwerder", "https://gdi-de.github.io/apworkshop2026/ont#stammdurchmesser.value": "25.0", "https://gdi-de.github.io/apworkshop2026/ont#stammdurchmesser.unit": "http://www.ontology-of-units-of-measure.org/resource/om-2/centimeter"}, "geometry": {"type": "MultiPoint", "coordinates": [[9.916812654578766, 53.505753968233826]]}}, {"type": "Feature", "id": "https://gdi-de.github.io/apworkshop2026/MOBG957", "name": "Baum MOBG957 (gdide:MOBG957)", "dateprops": [], "properties": {"http://www.w3.org/2000/01/rdf-schema#label": "Baum MOBG957", "http://rdfs.org/ns/void#inDataset.value": "72757", "http://www.w3.org/2000/01/rdf-schema#comment": "sonst. \u00f6ff. Fl\u00e4chen", "http://www.wikidata.org/prop/direct/P2547.value": "7.0", "http://www.wikidata.org/prop/direct/P2547.unit": "http://www.ontology-of-units-of-measure.org/resource/om-2/meter", "http://www.wikidata.org/prop/direct/P3018": "Moorburg", "https://gdi-de.github.io/apworkshop2026/ont#stammdurchmesser.value": "19.0", "https://gdi-de.github.io/apworkshop2026/ont#stammdurchmesser.unit": "http://www.ontology-of-units-of-measure.org/resource/om-2/centimeter"}, "geometry": {"type": "MultiPoint", "coordinates": [[9.935399821886623, 53.49480632848009]]}}, {"type": "Feature", "id": "https://gdi-de.github.io/apworkshop2026/MOBG851", "name": "Baum MOBG851 (gdide:MOBG851)", "dateprops": [], "properties": {"http://www.w3.org/2000/01/rdf-schema#label": "Baum MOBG851", "http://rdfs.org/ns/void#inDataset.value": "72757", "http://www.w3.org/2000/01/rdf-schema#comment": "sonst. \u00f6ff. Fl\u00e4chen", "http://www.wikidata.org/prop/direct/P2547.value": "6.0", "http://www.wikidata.org/prop/direct/P2547.unit": "http://www.ontology-of-units-of-measure.org/resource/om-2/meter", "http://www.wikidata.org/prop/direct/P3018": "Moorburg", "https://gdi-de.github.io/apworkshop2026/ont#stammdurchmesser.value": "24.0", "https://gdi-de.github.io/apworkshop2026/ont#stammdurchmesser.unit": "http://www.ontology-of-units-of-measure.org/resource/om-2/centimeter"}, "geometry": {"type": "MultiPoint", "coordinates": [[9.925200134555064, 53.49606793567942]]}}, {"type": "Feature", "id": "https://gdi-de.github.io/apworkshop2026/BFAS952", "name": "Baum BFAS952 (gdide:BFAS952)", "dateprops": [], "properties": {"http://www.w3.org/2000/01/rdf-schema#label": "Baum BFAS952", "http://rdfs.org/ns/void#inDataset.value": "72757", "http://www.w3.org/2000/01/rdf-schema#comment": "Bahn", "http://www.wikidata.org/prop/direct/P2547.value": "3.0", "http://www.wikidata.org/prop/direct/P2547.unit": "http://www.ontology-of-units-of-measure.org/resource/om-2/meter", "http://www.wikidata.org/prop/direct/P3018": "Bahnhof Alte S\u00fcderelbe S\u00fcd", "https://gdi-de.github.io/apworkshop2026/ont#stammdurchmesser.value": "13.0", "https://gdi-de.github.io/apworkshop2026/ont#stammdurchmesser.unit": "http://www.ontology-of-units-of-measure.org/resource/om-2/centimeter"}, "geometry": {"type": "MultiPoint", "coordinates": [[9.900840150686328, 53.47243713670389]]}}, {"type": "Feature", "id": "https://gdi-de.github.io/apworkshop2026/MOBG934", "name": "Baum MOBG934 (gdide:MOBG934)", "dateprops": [], "properties": {"http://www.w3.org/2000/01/rdf-schema#label": "Baum MOBG934", "http://rdfs.org/ns/void#inDataset.value": "72757", "http://www.w3.org/2000/01/rdf-schema#comment": "sonst. \u00f6ff. Fl\u00e4chen", "http://www.wikidata.org/prop/direct/P2547.value": "4.0", "http://www.wikidata.org/prop/direct/P2547.unit": "http://www.ontology-of-units-of-measure.org/resource/om-2/meter", "http://www.wikidata.org/prop/direct/P3018": "Moorburg", "https://gdi-de.github.io/apworkshop2026/ont#stammdurchmesser.value": "18.0", "https://gdi-de.github.io/apworkshop2026/ont#stammdurchmesser.unit": "http://www.ontology-of-units-of-measure.org/resource/om-2/centimeter"}, "geometry": {"type": "MultiPoint", "coordinates": [[9.93264643164188, 53.49631838654334]]}}, {"type": "Feature", "id": "https://gdi-de.github.io/apworkshop2026/MOBG936", "name": "Baum MOBG936 (gdide:MOBG936)", "dateprops": [], "properties": {"http://www.w3.org/2000/01/rdf-schema#label": "Baum MOBG936", "http://rdfs.org/ns/void#inDataset.value": "72757", "http://www.w3.org/2000/01/rdf-schema#comment": "sonst. \u00f6ff. Fl\u00e4chen", "http://www.wikidata.org/prop/direct/P2547.value": "0.5", "http://www.wikidata.org/prop/direct/P2547.unit": "http://www.ontology-of-units-of-measure.org/resource/om-2/meter", "http://www.wikidata.org/prop/direct/P3018": "Moorburg", "https://gdi-de.github.io/apworkshop2026/ont#stammdurchmesser.value": "6.0", "https://gdi-de.github.io/apworkshop2026/ont#stammdurchmesser.unit": "http://www.ontology-of-units-of-measure.org/resource/om-2/centimeter"}, "geometry": {"type": "MultiPoint", "coordinates": [[9.932522023958184, 53.496313806865366]]}}, {"type": "Feature", "id": "https://gdi-de.github.io/apworkshop2026/MOBG978", "name": "Baum MOBG978 (gdide:MOBG978)", "dateprops": [], "properties": {"http://www.w3.org/2000/01/rdf-schema#label": "Baum MOBG978", "http://rdfs.org/ns/void#inDataset.value": "72757", "http://www.w3.org/2000/01/rdf-schema#comment": "sonst. \u00f6ff. Fl\u00e4chen", "http://www.wikidata.org/prop/direct/P2547.value": "6.0", "http://www.wikidata.org/prop/direct/P2547.unit": "http://www.ontology-of-units-of-measure.org/resource/om-2/meter", "http://www.wikidata.org/prop/direct/P3018": "Moorburg", "https://gdi-de.github.io/apworkshop2026/ont#stammdurchmesser.value": "22.0", "https://gdi-de.github.io/apworkshop2026/ont#stammdurchmesser.unit": "http://www.ontology-of-units-of-measure.org/resource/om-2/centimeter"}, "geometry": {"type": "MultiPoint", "coordinates": [[9.934995876452813, 53.49511091086392]]}}, {"type": "Feature", "id": "https://gdi-de.github.io/apworkshop2026/MOBG556", "name": "Baum MOBG556 (gdide:MOBG556)", "dateprops": [], "properties": {"http://www.w3.org/2000/01/rdf-schema#label": "Baum MOBG556", "http://rdfs.org/ns/void#inDataset.value": "72757", "http://www.w3.org/2000/01/rdf-schema#comment": "sonst. \u00f6ff. Fl\u00e4chen", "http://www.wikidata.org/prop/direct/P2547.value": "1.0", "http://www.wikidata.org/prop/direct/P2547.unit": "http://www.ontology-of-units-of-measure.org/resource/om-2/meter", "http://www.wikidata.org/prop/direct/P3018": "Moorburg", "https://gdi-de.github.io/apworkshop2026/ont#stammdurchmesser.value": "6.0", "https://gdi-de.github.io/apworkshop2026/ont#stammdurchmesser.unit": "http://www.ontology-of-units-of-measure.org/resource/om-2/centimeter"}, "geometry": {"type": "MultiPoint", "coordinates": [[9.917817761583864, 53.495298757398]]}}, {"type": "Feature", "id": "https://gdi-de.github.io/apworkshop2026/REIS545", "name": "Baum REIS545 (gdide:REIS545)", "dateprops": [], "properties": {"http://www.w3.org/2000/01/rdf-schema#label": "Baum REIS545", "http://rdfs.org/ns/void#inDataset.value": "72757", "http://www.w3.org/2000/01/rdf-schema#comment": "sonst. \u00f6ff. Fl\u00e4chen", "http://www.wikidata.org/prop/direct/P2547.value": "4.0", "http://www.wikidata.org/prop/direct/P2547.unit": "http://www.ontology-of-units-of-measure.org/resource/om-2/meter", "http://www.wikidata.org/prop/direct/P3018": "Reiherstieg S\u00fcd", "https://gdi-de.github.io/apworkshop2026/ont#stammdurchmesser.value": "15.0", "https://gdi-de.github.io/apworkshop2026/ont#stammdurchmesser.unit": "http://www.ontology-of-units-of-measure.org/resource/om-2/centimeter"}, "geometry": {"type": "MultiPoint", "coordinates": [[9.982749993563104, 53.50294361518071]]}}, {"type": "Feature", "id": "https://gdi-de.github.io/apworkshop2026/HHBG85", "name": "Baum HHBG85 (gdide:HHBG85)", "dateprops": [], "properties": {"http://www.w3.org/2000/01/rdf-schema#label": "Baum HHBG85", "http://rdfs.org/ns/void#inDataset.value": "72757", "http://www.w3.org/2000/01/rdf-schema#comment": "Wasserwirtschaft", "http://www.wikidata.org/prop/direct/P2547.value": "2.0", "http://www.wikidata.org/prop/direct/P2547.unit": "http://www.ontology-of-units-of-measure.org/resource/om-2/meter", "http://www.wikidata.org/prop/direct/P3018": "Harburg", "https://gdi-de.github.io/apworkshop2026/ont#stammdurchmesser.value": "11.0", "https://gdi-de.github.io/apworkshop2026/ont#stammdurchmesser.unit": "http://www.ontology-of-units-of-measure.org/resource/om-2/centimeter"}, "geometry": {"type": "MultiPoint", "coordinates": [[9.985034247633871, 53.472838598232805]]}}, {"type": "Feature", "id": "https://gdi-de.github.io/apworkshop2026/MOBG931", "name": "Baum MOBG931 (gdide:MOBG931)", "dateprops": [], "properties": {"http://www.w3.org/2000/01/rdf-schema#label": "Baum MOBG931", "http://rdfs.org/ns/void#inDataset.value": "72757", "http://www.w3.org/2000/01/rdf-schema#comment": "sonst. \u00f6ff. Fl\u00e4chen", "http://www.wikidata.org/prop/direct/P2547.value": "3.0", "http://www.wikidata.org/prop/direct/P2547.unit": "http://www.ontology-of-units-of-measure.org/resource/om-2/meter", "http://www.wikidata.org/prop/direct/P3018": "Moorburg", "https://gdi-de.github.io/apworkshop2026/ont#stammdurchmesser.value": "15.0", "https://gdi-de.github.io/apworkshop2026/ont#stammdurchmesser.unit": "http://www.ontology-of-units-of-measure.org/resource/om-2/centimeter"}, "geometry": {"type": "MultiPoint", "coordinates": [[9.932553923133922, 53.49593727762276]]}}, {"type": "Feature", "id": "https://gdi-de.github.io/apworkshop2026/WAHF785", "name": "Baum WAHF785 (gdide:WAHF785)", "dateprops": [], "properties": {"http://www.w3.org/2000/01/rdf-schema#label": "Baum WAHF785", "http://rdfs.org/ns/void#inDataset.value": "72757", "http://www.w3.org/2000/01/rdf-schema#comment": "Privatgrund", "http://www.wikidata.org/prop/direct/P2547.value": "3.0", "http://www.wikidata.org/prop/direct/P2547.unit": "http://www.ontology-of-units-of-measure.org/resource/om-2/meter", "http://www.wikidata.org/prop/direct/P3018": "Waltershof", "https://gdi-de.github.io/apworkshop2026/ont#stammdurchmesser.value": "10.0", "https://gdi-de.github.io/apworkshop2026/ont#stammdurchmesser.unit": "http://www.ontology-of-units-of-measure.org/resource/om-2/centimeter"}, "geometry": {"type": "MultiPoint", "coordinates": [[9.91190793397585, 53.52366272415077]]}}, {"type": "Feature", "id": "https://gdi-de.github.io/apworkshop2026/MOBG664", "name": "Baum MOBG664 (gdide:MOBG664)", "dateprops": [], "properties": {"http://www.w3.org/2000/01/rdf-schema#label": "Baum MOBG664", "http://rdfs.org/ns/void#inDataset.value": "72757", "http://www.w3.org/2000/01/rdf-schema#comment": "sonst. \u00f6ff. Fl\u00e4chen", "http://www.wikidata.org/prop/direct/P2547.value": "1.5", "http://www.wikidata.org/prop/direct/P2547.unit": "http://www.ontology-of-units-of-measure.org/resource/om-2/meter", "http://www.wikidata.org/prop/direct/P3018": "Moorburg", "https://gdi-de.github.io/apworkshop2026/ont#stammdurchmesser.value": "6.0", "https://gdi-de.github.io/apworkshop2026/ont#stammdurchmesser.unit": "http://www.ontology-of-units-of-measure.org/resource/om-2/centimeter"}, "geometry": {"type": "MultiPoint", "coordinates": [[9.915779133861234, 53.495497563545754]]}}, {"type": "Feature", "id": "https://gdi-de.github.io/apworkshop2026/HOHS893", "name": "Baum HOHS893 (gdide:HOHS893)", "dateprops": [], "properties": {"http://www.w3.org/2000/01/rdf-schema#label": "Baum HOHS893", "http://rdfs.org/ns/void#inDataset.value": "72757", "http://www.w3.org/2000/01/rdf-schema#comment": "sonst. \u00f6ff. Fl\u00e4chen", "http://www.wikidata.org/prop/direct/P2547.value": "3.0", "http://www.wikidata.org/prop/direct/P2547.unit": "http://www.ontology-of-units-of-measure.org/resource/om-2/meter", "http://www.wikidata.org/prop/direct/P3018": "Hohe Schaar", "https://gdi-de.github.io/apworkshop2026/ont#stammdurchmesser.value": "12.0", "https://gdi-de.github.io/apworkshop2026/ont#stammdurchmesser.unit": "http://www.ontology-of-units-of-measure.org/resource/om-2/centimeter"}, "geometry": {"type": "MultiPoint", "coordinates": [[9.978419467106644, 53.481946852144084]]}}, {"type": "Feature", "id": "https://gdi-de.github.io/apworkshop2026/MOBG963", "name": "Baum MOBG963 (gdide:MOBG963)", "dateprops": [], "properties": {"http://www.w3.org/2000/01/rdf-schema#label": "Baum MOBG963", "http://rdfs.org/ns/void#inDataset.value": "72757", "http://www.w3.org/2000/01/rdf-schema#comment": "sonst. \u00f6ff. Fl\u00e4chen", "http://www.wikidata.org/prop/direct/P2547.value": "4.0", "http://www.wikidata.org/prop/direct/P2547.unit": "http://www.ontology-of-units-of-measure.org/resource/om-2/meter", "http://www.wikidata.org/prop/direct/P3018": "Moorburg", "https://gdi-de.github.io/apworkshop2026/ont#stammdurchmesser.value": "17.0", "https://gdi-de.github.io/apworkshop2026/ont#stammdurchmesser.unit": "http://www.ontology-of-units-of-measure.org/resource/om-2/centimeter"}, "geometry": {"type": "MultiPoint", "coordinates": [[9.935071254088305, 53.494616652095274]]}}, {"type": "Feature", "id": "https://gdi-de.github.io/apworkshop2026/HHBG231", "name": "Baum HHBG231 (gdide:HHBG231)", "dateprops": [], "properties": {"http://www.w3.org/2000/01/rdf-schema#label": "Baum HHBG231", "http://rdfs.org/ns/void#inDataset.value": "72757", "http://www.w3.org/2000/01/rdf-schema#comment": "Stra\u00dfe", "http://www.wikidata.org/prop/direct/P2547.value": "8.0", "http://www.wikidata.org/prop/direct/P2547.unit": "http://www.ontology-of-units-of-measure.org/resource/om-2/meter", "http://www.wikidata.org/prop/direct/P3018": "Harburg", "https://gdi-de.github.io/apworkshop2026/ont#stammdurchmesser.value": "24.0", "https://gdi-de.github.io/apworkshop2026/ont#stammdurchmesser.unit": "http://www.ontology-of-units-of-measure.org/resource/om-2/centimeter"}, "geometry": {"type": "MultiPoint", "coordinates": [[9.978760665217859, 53.465532146237344]]}}, {"type": "Feature", "id": "https://gdi-de.github.io/apworkshop2026/MOBG844", "name": "Baum MOBG844 (gdide:MOBG844)", "dateprops": [], "properties": {"http://www.w3.org/2000/01/rdf-schema#label": "Baum MOBG844", "http://rdfs.org/ns/void#inDataset.value": "72757", "http://www.w3.org/2000/01/rdf-schema#comment": "sonst. \u00f6ff. Fl\u00e4chen", "http://www.wikidata.org/prop/direct/P2547.value": "3.0", "http://www.wikidata.org/prop/direct/P2547.unit": "http://www.ontology-of-units-of-measure.org/resource/om-2/meter", "http://www.wikidata.org/prop/direct/P3018": "Moorburg", "https://gdi-de.github.io/apworkshop2026/ont#stammdurchmesser.value": "16.0", "https://gdi-de.github.io/apworkshop2026/ont#stammdurchmesser.unit": "http://www.ontology-of-units-of-measure.org/resource/om-2/centimeter"}, "geometry": {"type": "MultiPoint", "coordinates": [[9.925725882558245, 53.496071061848845]]}}, {"type": "Feature", "id": "https://gdi-de.github.io/apworkshop2026/MOBG943", "name": "Baum MOBG943 (gdide:MOBG943)", "dateprops": [], "properties": {"http://www.w3.org/2000/01/rdf-schema#label": "Baum MOBG943", "http://rdfs.org/ns/void#inDataset.value": "72757", "http://www.w3.org/2000/01/rdf-schema#comment": "sonst. \u00f6ff. Fl\u00e4chen", "http://www.wikidata.org/prop/direct/P2547.value": "3.0", "http://www.wikidata.org/prop/direct/P2547.unit": "http://www.ontology-of-units-of-measure.org/resource/om-2/meter", "http://www.wikidata.org/prop/direct/P3018": "Moorburg", "https://gdi-de.github.io/apworkshop2026/ont#stammdurchmesser.value": "13.0", "https://gdi-de.github.io/apworkshop2026/ont#stammdurchmesser.unit": "http://www.ontology-of-units-of-measure.org/resource/om-2/centimeter"}, "geometry": {"type": "MultiPoint", "coordinates": [[9.931566737518745, 53.49643382953456]]}}, {"type": "Feature", "id": "https://gdi-de.github.io/apworkshop2026/MOBG962", "name": "Baum MOBG962 (gdide:MOBG962)", "dateprops": [], "properties": {"http://www.w3.org/2000/01/rdf-schema#label": "Baum MOBG962", "http://rdfs.org/ns/void#inDataset.value": "72757", "http://www.w3.org/2000/01/rdf-schema#comment": "sonst. \u00f6ff. Fl\u00e4chen", "http://www.wikidata.org/prop/direct/P2547.value": "4.0", "http://www.wikidata.org/prop/direct/P2547.unit": "http://www.ontology-of-units-of-measure.org/resource/om-2/meter", "http://www.wikidata.org/prop/direct/P3018": "Moorburg", "https://gdi-de.github.io/apworkshop2026/ont#stammdurchmesser.value": "15.0", "https://gdi-de.github.io/apworkshop2026/ont#stammdurchmesser.unit": "http://www.ontology-of-units-of-measure.org/resource/om-2/centimeter"}, "geometry": {"type": "MultiPoint", "coordinates": [[9.935107132800752, 53.494676222317715]]}}, {"type": "Feature", "id": "https://gdi-de.github.io/apworkshop2026/MOBG939", "name": "Baum MOBG939 (gdide:MOBG939)", "dateprops": [], "properties": {"http://www.w3.org/2000/01/rdf-schema#label": "Baum MOBG939", "http://rdfs.org/ns/void#inDataset.value": "72757", "http://www.w3.org/2000/01/rdf-schema#comment": "sonst. \u00f6ff. Fl\u00e4chen", "http://www.wikidata.org/prop/direct/P2547.value": "2.0", "http://www.wikidata.org/prop/direct/P2547.unit": "http://www.ontology-of-units-of-measure.org/resource/om-2/meter", "http://www.wikidata.org/prop/direct/P3018": "Moorburg", "https://gdi-de.github.io/apworkshop2026/ont#stammdurchmesser.value": "12.0", "https://gdi-de.github.io/apworkshop2026/ont#stammdurchmesser.unit": "http://www.ontology-of-units-of-measure.org/resource/om-2/centimeter"}, "geometry": {"type": "MultiPoint", "coordinates": [[9.932224861262196, 53.496343475902286]]}}, {"type": "Feature", "id": "https://gdi-de.github.io/apworkshop2026/HHBG89", "name": "Baum HHBG89 (gdide:HHBG89)", "dateprops": [], "properties": {"http://www.w3.org/2000/01/rdf-schema#label": "Baum HHBG89", "http://rdfs.org/ns/void#inDataset.value": "72757", "http://www.w3.org/2000/01/rdf-schema#comment": "Wasserwirtschaft", "http://www.wikidata.org/prop/direct/P2547.value": "4.0", "http://www.wikidata.org/prop/direct/P2547.unit": "http://www.ontology-of-units-of-measure.org/resource/om-2/meter", "http://www.wikidata.org/prop/direct/P3018": "Harburg", "https://gdi-de.github.io/apworkshop2026/ont#stammdurchmesser.value": "19.0", "https://gdi-de.github.io/apworkshop2026/ont#stammdurchmesser.unit": "http://www.ontology-of-units-of-measure.org/resource/om-2/centimeter"}, "geometry": {"type": "MultiPoint", "coordinates": [[9.98529815469804, 53.47289275600274]]}}, {"type": "Feature", "id": "https://gdi-de.github.io/apworkshop2026/MOBG842", "name": "Baum MOBG842 (gdide:MOBG842)", "dateprops": [], "properties": {"http://www.w3.org/2000/01/rdf-schema#label": "Baum MOBG842", "http://rdfs.org/ns/void#inDataset.value": "72757", "http://www.w3.org/2000/01/rdf-schema#comment": "sonst. \u00f6ff. Fl\u00e4chen", "http://www.wikidata.org/prop/direct/P2547.value": "5.0", "http://www.wikidata.org/prop/direct/P2547.unit": "http://www.ontology-of-units-of-measure.org/resource/om-2/meter", "http://www.wikidata.org/prop/direct/P3018": "Moorburg", "https://gdi-de.github.io/apworkshop2026/ont#stammdurchmesser.value": "22.0", "https://gdi-de.github.io/apworkshop2026/ont#stammdurchmesser.unit": "http://www.ontology-of-units-of-measure.org/resource/om-2/centimeter"}, "geometry": {"type": "MultiPoint", "coordinates": [[9.92589561923118, 53.49605071769597]]}}, {"type": "Feature", "id": "https://gdi-de.github.io/apworkshop2026/NHKL421", "name": "Baum NHKL421 (gdide:NHKL421)", "dateprops": [], "properties": {"http://www.w3.org/2000/01/rdf-schema#label": "Baum NHKL421", "http://rdfs.org/ns/void#inDataset.value": "72757", "http://www.w3.org/2000/01/rdf-schema#comment": "sonst. \u00f6ff. Fl\u00e4chen", "http://www.wikidata.org/prop/direct/P2547.value": "3.0", "http://www.wikidata.org/prop/direct/P2547.unit": "http://www.ontology-of-units-of-measure.org/resource/om-2/meter", "http://www.wikidata.org/prop/direct/P3018": "Neuh\u00f6fer Kanal", "https://gdi-de.github.io/apworkshop2026/ont#stammdurchmesser.value": "22.0", "https://gdi-de.github.io/apworkshop2026/ont#stammdurchmesser.unit": "http://www.ontology-of-units-of-measure.org/resource/om-2/centimeter"}, "geometry": {"type": "MultiPoint", "coordinates": [[9.967513173955748, 53.51241084707624]]}}, {"type": "Feature", "id": "https://gdi-de.github.io/apworkshop2026/BFAS950", "name": "Baum BFAS950 (gdide:BFAS950)", "dateprops": [], "properties": {"http://www.w3.org/2000/01/rdf-schema#label": "Baum BFAS950", "http://rdfs.org/ns/void#inDataset.value": "72757", "http://www.w3.org/2000/01/rdf-schema#comment": "Bahn", "http://www.wikidata.org/prop/direct/P2547.value": "3.5", "http://www.wikidata.org/prop/direct/P2547.unit": "http://www.ontology-of-units-of-measure.org/resource/om-2/meter", "http://www.wikidata.org/prop/direct/P3018": "Bahnhof Alte S\u00fcderelbe S\u00fcd", "https://gdi-de.github.io/apworkshop2026/ont#stammdurchmesser.value": "11.0", "https://gdi-de.github.io/apworkshop2026/ont#stammdurchmesser.unit": "http://www.ontology-of-units-of-measure.org/resource/om-2/centimeter"}, "geometry": {"type": "MultiPoint", "coordinates": [[9.900958207280965, 53.47242468921844]]}}, {"type": "Feature", "id": "https://gdi-de.github.io/apworkshop2026/MOBG860", "name": "Baum MOBG860 (gdide:MOBG860)", "dateprops": [], "properties": {"http://www.w3.org/2000/01/rdf-schema#label": "Baum MOBG860", "http://rdfs.org/ns/void#inDataset.value": "72757", "http://www.w3.org/2000/01/rdf-schema#comment": "sonst. \u00f6ff. Fl\u00e4chen", "http://www.wikidata.org/prop/direct/P2547.value": "8.0", "http://www.wikidata.org/prop/direct/P2547.unit": "http://www.ontology-of-units-of-measure.org/resource/om-2/meter", "http://www.wikidata.org/prop/direct/P3018": "Moorburg", "https://gdi-de.github.io/apworkshop2026/ont#stammdurchmesser.value": "26.0", "https://gdi-de.github.io/apworkshop2026/ont#stammdurchmesser.unit": "http://www.ontology-of-units-of-measure.org/resource/om-2/centimeter"}, "geometry": {"type": "MultiPoint", "coordinates": [[9.924502224427677, 53.49611100198297]]}}, {"type": "Feature", "id": "https://gdi-de.github.io/apworkshop2026/WAHF639", "name": "Baum WAHF639 (gdide:WAHF639)", "dateprops": [], "properties": {"http://www.w3.org/2000/01/rdf-schema#label": "Baum WAHF639", "http://rdfs.org/ns/void#inDataset.value": "72757", "http://www.w3.org/2000/01/rdf-schema#comment": "Bahn", "http://www.wikidata.org/prop/direct/P2547.value": "6.0", "http://www.wikidata.org/prop/direct/P2547.unit": "http://www.ontology-of-units-of-measure.org/resource/om-2/meter", "http://www.wikidata.org/prop/direct/P3018": "Waltershof", "https://gdi-de.github.io/apworkshop2026/ont#stammdurchmesser.value": "40.0", "https://gdi-de.github.io/apworkshop2026/ont#stammdurchmesser.unit": "http://www.ontology-of-units-of-measure.org/resource/om-2/centimeter"}, "geometry": {"type": "MultiPoint", "coordinates": [[9.930781645893036, 53.52623747764232]]}}, {"type": "Feature", "id": "https://gdi-de.github.io/apworkshop2026/MOBG893", "name": "Baum MOBG893 (gdide:MOBG893)", "dateprops": [], "properties": {"http://www.w3.org/2000/01/rdf-schema#label": "Baum MOBG893", "http://rdfs.org/ns/void#inDataset.value": "72757", "http://www.w3.org/2000/01/rdf-schema#comment": "sonst. \u00f6ff. Fl\u00e4chen", "http://www.wikidata.org/prop/direct/P2547.value": "5.0", "http://www.wikidata.org/prop/direct/P2547.unit": "http://www.ontology-of-units-of-measure.org/resource/om-2/meter", "http://www.wikidata.org/prop/direct/P3018": "Moorburg", "https://gdi-de.github.io/apworkshop2026/ont#stammdurchmesser.value": "19.0", "https://gdi-de.github.io/apworkshop2026/ont#stammdurchmesser.unit": "http://www.ontology-of-units-of-measure.org/resource/om-2/centimeter"}, "geometry": {"type": "MultiPoint", "coordinates": [[9.930712008492211, 53.496154987388174]]}}, {"type": "Feature", "id": "https://gdi-de.github.io/apworkshop2026/BFAS951", "name": "Baum BFAS951 (gdide:BFAS951)", "dateprops": [], "properties": {"http://www.w3.org/2000/01/rdf-schema#label": "Baum BFAS951", "http://rdfs.org/ns/void#inDataset.value": "72757", "http://www.w3.org/2000/01/rdf-schema#comment": "Bahn", "http://www.wikidata.org/prop/direct/P2547.value": "3.0", "http://www.wikidata.org/prop/direct/P2547.unit": "http://www.ontology-of-units-of-measure.org/resource/om-2/meter", "http://www.wikidata.org/prop/direct/P3018": "Bahnhof Alte S\u00fcderelbe S\u00fcd", "https://gdi-de.github.io/apworkshop2026/ont#stammdurchmesser.value": "15.0", "https://gdi-de.github.io/apworkshop2026/ont#stammdurchmesser.unit": "http://www.ontology-of-units-of-measure.org/resource/om-2/centimeter"}, "geometry": {"type": "MultiPoint", "coordinates": [[9.900895980981236, 53.47243689609531]]}}, {"type": "Feature", "id": "https://gdi-de.github.io/apworkshop2026/MOBG557", "name": "Baum MOBG557 (gdide:MOBG557)", "dateprops": [], "properties": {"http://www.w3.org/2000/01/rdf-schema#label": "Baum MOBG557", "http://rdfs.org/ns/void#inDataset.value": "72757", "http://www.w3.org/2000/01/rdf-schema#comment": "sonst. \u00f6ff. Fl\u00e4chen", "http://www.wikidata.org/prop/direct/P2547.value": "2.0", "http://www.wikidata.org/prop/direct/P2547.unit": "http://www.ontology-of-units-of-measure.org/resource/om-2/meter", "http://www.wikidata.org/prop/direct/P3018": "Moorburg", "https://gdi-de.github.io/apworkshop2026/ont#stammdurchmesser.value": "13.0", "https://gdi-de.github.io/apworkshop2026/ont#stammdurchmesser.unit": "http://www.ontology-of-units-of-measure.org/resource/om-2/centimeter"}, "geometry": {"type": "MultiPoint", "coordinates": [[9.917664769507825, 53.49530183552835]]}}, {"type": "Feature", "id": "https://gdi-de.github.io/apworkshop2026/MOBG906", "name": "Baum MOBG906 (gdide:MOBG906)", "dateprops": [], "properties": {"http://www.w3.org/2000/01/rdf-schema#label": "Baum MOBG906", "http://rdfs.org/ns/void#inDataset.value": "72757", "http://www.w3.org/2000/01/rdf-schema#comment": "sonst. \u00f6ff. Fl\u00e4chen", "http://www.wikidata.org/prop/direct/P2547.value": "5.0", "http://www.wikidata.org/prop/direct/P2547.unit": "http://www.ontology-of-units-of-measure.org/resource/om-2/meter", "http://www.wikidata.org/prop/direct/P3018": "Moorburg", "https://gdi-de.github.io/apworkshop2026/ont#stammdurchmesser.value": "20.0", "https://gdi-de.github.io/apworkshop2026/ont#stammdurchmesser.unit": "http://www.ontology-of-units-of-measure.org/resource/om-2/centimeter"}, "geometry": {"type": "MultiPoint", "coordinates": [[9.931388987873477, 53.49613663119559]]}}, {"type": "Feature", "id": "https://gdi-de.github.io/apworkshop2026/MOBG889", "name": "Baum MOBG889 (gdide:MOBG889)", "dateprops": [], "properties": {"http://www.w3.org/2000/01/rdf-schema#label": "Baum MOBG889", "http://rdfs.org/ns/void#inDataset.value": "72757", "http://www.w3.org/2000/01/rdf-schema#comment": "sonst. \u00f6ff. Fl\u00e4chen", "http://www.wikidata.org/prop/direct/P2547.value": "4.0", "http://www.wikidata.org/prop/direct/P2547.unit": "http://www.ontology-of-units-of-measure.org/resource/om-2/meter", "http://www.wikidata.org/prop/direct/P3018": "Moorburg", "https://gdi-de.github.io/apworkshop2026/ont#stammdurchmesser.value": "15.0", "https://gdi-de.github.io/apworkshop2026/ont#stammdurchmesser.unit": "http://www.ontology-of-units-of-measure.org/resource/om-2/centimeter"}, "geometry": {"type": "MultiPoint", "coordinates": [[9.930593493756776, 53.496237566109144]]}}, {"type": "Feature", "id": "https://gdi-de.github.io/apworkshop2026/MOBG852", "name": "Baum MOBG852 (gdide:MOBG852)", "dateprops": [], "properties": {"http://www.w3.org/2000/01/rdf-schema#label": "Baum MOBG852", "http://rdfs.org/ns/void#inDataset.value": "72757", "http://www.w3.org/2000/01/rdf-schema#comment": "sonst. \u00f6ff. Fl\u00e4chen", "http://www.wikidata.org/prop/direct/P2547.value": "5.0", "http://www.wikidata.org/prop/direct/P2547.unit": "http://www.ontology-of-units-of-measure.org/resource/om-2/meter", "http://www.wikidata.org/prop/direct/P3018": "Moorburg", "https://gdi-de.github.io/apworkshop2026/ont#stammdurchmesser.value": "17.0", "https://gdi-de.github.io/apworkshop2026/ont#stammdurchmesser.unit": "http://www.ontology-of-units-of-measure.org/resource/om-2/centimeter"}, "geometry": {"type": "MultiPoint", "coordinates": [[9.925025636811123, 53.496091886940874]]}}, {"type": "Feature", "id": "https://gdi-de.github.io/apworkshop2026/MOBG924", "name": "Baum MOBG924 (gdide:MOBG924)", "dateprops": [], "properties": {"http://www.w3.org/2000/01/rdf-schema#label": "Baum MOBG924", "http://rdfs.org/ns/void#inDataset.value": "72757", "http://www.w3.org/2000/01/rdf-schema#comment": "sonst. \u00f6ff. Fl\u00e4chen", "http://www.wikidata.org/prop/direct/P2547.value": "5.0", "http://www.wikidata.org/prop/direct/P2547.unit": "http://www.ontology-of-units-of-measure.org/resource/om-2/meter", "http://www.wikidata.org/prop/direct/P3018": "Moorburg", "https://gdi-de.github.io/apworkshop2026/ont#stammdurchmesser.value": "19.0", "https://gdi-de.github.io/apworkshop2026/ont#stammdurchmesser.unit": "http://www.ontology-of-units-of-measure.org/resource/om-2/centimeter"}, "geometry": {"type": "MultiPoint", "coordinates": [[9.932288309270714, 53.49604122161706]]}}, {"type": "Feature", "id": "https://gdi-de.github.io/apworkshop2026/MOBG560", "name": "Baum MOBG560 (gdide:MOBG560)", "dateprops": [], "properties": {"http://www.w3.org/2000/01/rdf-schema#label": "Baum MOBG560", "http://rdfs.org/ns/void#inDataset.value": "72757", "http://www.w3.org/2000/01/rdf-schema#comment": "sonst. \u00f6ff. Fl\u00e4chen", "http://www.wikidata.org/prop/direct/P2547.value": "2.0", "http://www.wikidata.org/prop/direct/P2547.unit": "http://www.ontology-of-units-of-measure.org/resource/om-2/meter", "http://www.wikidata.org/prop/direct/P3018": "Moorburg", "https://gdi-de.github.io/apworkshop2026/ont#stammdurchmesser.value": "11.0", "https://gdi-de.github.io/apworkshop2026/ont#stammdurchmesser.unit": "http://www.ontology-of-units-of-measure.org/resource/om-2/centimeter"}, "geometry": {"type": "MultiPoint", "coordinates": [[9.917509531643576, 53.495316109286144]]}}, {"type": "Feature", "id": "https://gdi-de.github.io/apworkshop2026/MEFC426", "name": "Baum MEFC426 (gdide:MEFC426)", "dateprops": [], "properties": {"http://www.w3.org/2000/01/rdf-schema#label": "Baum MEFC426", "http://rdfs.org/ns/void#inDataset.value": "72757", "http://www.w3.org/2000/01/rdf-schema#comment": "Francop", "http://www.wikidata.org/prop/direct/P2547.value": "2.0", "http://www.wikidata.org/prop/direct/P2547.unit": "http://www.ontology-of-units-of-measure.org/resource/om-2/meter", "http://www.wikidata.org/prop/direct/P3018": "METHA-Francop", "https://gdi-de.github.io/apworkshop2026/ont#stammdurchmesser.value": "7.0", "https://gdi-de.github.io/apworkshop2026/ont#stammdurchmesser.unit": "http://www.ontology-of-units-of-measure.org/resource/om-2/centimeter"}, "geometry": {"type": "MultiPoint", "coordinates": [[9.888244422930047, 53.51741607690457]]}}, {"type": "Feature", "id": "https://gdi-de.github.io/apworkshop2026/MOBG985", "name": "Baum MOBG985 (gdide:MOBG985)", "dateprops": [], "properties": {"http://www.w3.org/2000/01/rdf-schema#label": "Baum MOBG985", "http://rdfs.org/ns/void#inDataset.value": "72757", "http://www.w3.org/2000/01/rdf-schema#comment": "sonst. \u00f6ff. Fl\u00e4chen", "http://www.wikidata.org/prop/direct/P2547.value": "4.0", "http://www.wikidata.org/prop/direct/P2547.unit": "http://www.ontology-of-units-of-measure.org/resource/om-2/meter", "http://www.wikidata.org/prop/direct/P3018": "Moorburg", "https://gdi-de.github.io/apworkshop2026/ont#stammdurchmesser.value": "17.0", "https://gdi-de.github.io/apworkshop2026/ont#stammdurchmesser.unit": "http://www.ontology-of-units-of-measure.org/resource/om-2/centimeter"}, "geometry": {"type": "MultiPoint", "coordinates": [[9.935829602868006, 53.495230514763165]]}}, {"type": "Feature", "id": "https://gdi-de.github.io/apworkshop2026/MOBG857", "name": "Baum MOBG857 (gdide:MOBG857)", "dateprops": [], "properties": {"http://www.w3.org/2000/01/rdf-schema#label": "Baum MOBG857", "http://rdfs.org/ns/void#inDataset.value": "72757", "http://www.w3.org/2000/01/rdf-schema#comment": "sonst. \u00f6ff. Fl\u00e4chen", "http://www.wikidata.org/prop/direct/P2547.value": "3.0", "http://www.wikidata.org/prop/direct/P2547.unit": "http://www.ontology-of-units-of-measure.org/resource/om-2/meter", "http://www.wikidata.org/prop/direct/P3018": "Moorburg", "https://gdi-de.github.io/apworkshop2026/ont#stammdurchmesser.value": "15.0", "https://gdi-de.github.io/apworkshop2026/ont#stammdurchmesser.unit": "http://www.ontology-of-units-of-measure.org/resource/om-2/centimeter"}, "geometry": {"type": "MultiPoint", "coordinates": [[9.924745048032127, 53.496150348909985]]}}, {"type": "Feature", "id": "https://gdi-de.github.io/apworkshop2026/MOBG935", "name": "Baum MOBG935 (gdide:MOBG935)", "dateprops": [], "properties": {"http://www.w3.org/2000/01/rdf-schema#label": "Baum MOBG935", "http://rdfs.org/ns/void#inDataset.value": "72757", "http://www.w3.org/2000/01/rdf-schema#comment": "sonst. \u00f6ff. Fl\u00e4chen", "http://www.wikidata.org/prop/direct/P2547.value": "3.0", "http://www.wikidata.org/prop/direct/P2547.unit": "http://www.ontology-of-units-of-measure.org/resource/om-2/meter", "http://www.wikidata.org/prop/direct/P3018": "Moorburg", "https://gdi-de.github.io/apworkshop2026/ont#stammdurchmesser.value": "8.0", "https://gdi-de.github.io/apworkshop2026/ont#stammdurchmesser.unit": "http://www.ontology-of-units-of-measure.org/resource/om-2/centimeter"}, "geometry": {"type": "MultiPoint", "coordinates": [[9.93245109298335, 53.496262431074]]}}, {"type": "Feature", "id": "https://gdi-de.github.io/apworkshop2026/FINW479", "name": "Baum FINW479 (gdide:FINW479)", "dateprops": [], "properties": {"http://www.w3.org/2000/01/rdf-schema#label": "Baum FINW479", "http://rdfs.org/ns/void#inDataset.value": "72757", "http://www.w3.org/2000/01/rdf-schema#comment": "sonst. \u00f6ff. Fl\u00e4chen", "http://www.wikidata.org/prop/direct/P2547.value": "7.0", "http://www.wikidata.org/prop/direct/P2547.unit": "http://www.ontology-of-units-of-measure.org/resource/om-2/meter", "http://www.wikidata.org/prop/direct/P3018": "Finkenwerder", "https://gdi-de.github.io/apworkshop2026/ont#stammdurchmesser.value": "19.0", "https://gdi-de.github.io/apworkshop2026/ont#stammdurchmesser.unit": "http://www.ontology-of-units-of-measure.org/resource/om-2/centimeter"}, "geometry": {"type": "MultiPoint", "coordinates": [[9.878739914847406, 53.5201151339637]]}}, {"type": "Feature", "id": "https://gdi-de.github.io/apworkshop2026/HOHS892", "name": "Baum HOHS892 (gdide:HOHS892)", "dateprops": [], "properties": {"http://www.w3.org/2000/01/rdf-schema#label": "Baum HOHS892", "http://rdfs.org/ns/void#inDataset.value": "72757", "http://www.w3.org/2000/01/rdf-schema#comment": "sonst. \u00f6ff. Fl\u00e4chen", "http://www.wikidata.org/prop/direct/P2547.value": "6.0", "http://www.wikidata.org/prop/direct/P2547.unit": "http://www.ontology-of-units-of-measure.org/resource/om-2/meter", "http://www.wikidata.org/prop/direct/P3018": "Hohe Schaar", "https://gdi-de.github.io/apworkshop2026/ont#stammdurchmesser.value": "17.0", "https://gdi-de.github.io/apworkshop2026/ont#stammdurchmesser.unit": "http://www.ontology-of-units-of-measure.org/resource/om-2/centimeter"}, "geometry": {"type": "MultiPoint", "coordinates": [[9.978435591865994, 53.48195307983641]]}}, {"type": "Feature", "id": "https://gdi-de.github.io/apworkshop2026/BFAS948", "name": "Baum BFAS948 (gdide:BFAS948)", "dateprops": [], "properties": {"http://www.w3.org/2000/01/rdf-schema#label": "Baum BFAS948", "http://rdfs.org/ns/void#inDataset.value": "72757", "http://www.w3.org/2000/01/rdf-schema#comment": "Bahn", "http://www.wikidata.org/prop/direct/P2547.value": "3.0", "http://www.wikidata.org/prop/direct/P2547.unit": "http://www.ontology-of-units-of-measure.org/resource/om-2/meter", "http://www.wikidata.org/prop/direct/P3018": "Bahnhof Alte S\u00fcderelbe S\u00fcd", "https://gdi-de.github.io/apworkshop2026/ont#stammdurchmesser.value": "13.0", "https://gdi-de.github.io/apworkshop2026/ont#stammdurchmesser.unit": "http://www.ontology-of-units-of-measure.org/resource/om-2/centimeter"}, "geometry": {"type": "MultiPoint", "coordinates": [[9.901039558713098, 53.47241881836709]]}}, {"type": "Feature", "id": "https://gdi-de.github.io/apworkshop2026/BFAS949", "name": "Baum BFAS949 (gdide:BFAS949)", "dateprops": [], "properties": {"http://www.w3.org/2000/01/rdf-schema#label": "Baum BFAS949", "http://rdfs.org/ns/void#inDataset.value": "72757", "http://www.w3.org/2000/01/rdf-schema#comment": "Bahn", "http://www.wikidata.org/prop/direct/P2547.value": "2.0", "http://www.wikidata.org/prop/direct/P2547.unit": "http://www.ontology-of-units-of-measure.org/resource/om-2/meter", "http://www.wikidata.org/prop/direct/P3018": "Bahnhof Alte S\u00fcderelbe S\u00fcd", "https://gdi-de.github.io/apworkshop2026/ont#stammdurchmesser.value": "11.0", "https://gdi-de.github.io/apworkshop2026/ont#stammdurchmesser.unit": "http://www.ontology-of-units-of-measure.org/resource/om-2/centimeter"}, "geometry": {"type": "MultiPoint", "coordinates": [[9.900995424483188, 53.472418551024106]]}}, {"type": "Feature", "id": "https://gdi-de.github.io/apworkshop2026/MOBG656", "name": "Baum MOBG656 (gdide:MOBG656)", "dateprops": [], "properties": {"http://www.w3.org/2000/01/rdf-schema#label": "Baum MOBG656", "http://rdfs.org/ns/void#inDataset.value": "72757", "http://www.w3.org/2000/01/rdf-schema#comment": "sonst. \u00f6ff. Fl\u00e4chen", "http://www.wikidata.org/prop/direct/P2547.value": "2.0", "http://www.wikidata.org/prop/direct/P2547.unit": "http://www.ontology-of-units-of-measure.org/resource/om-2/meter", "http://www.wikidata.org/prop/direct/P3018": "Moorburg", "https://gdi-de.github.io/apworkshop2026/ont#stammdurchmesser.value": "8.0", "https://gdi-de.github.io/apworkshop2026/ont#stammdurchmesser.unit": "http://www.ontology-of-units-of-measure.org/resource/om-2/centimeter"}, "geometry": {"type": "MultiPoint", "coordinates": [[9.917422592690379, 53.49563043534634]]}}, {"type": "Feature", "id": "https://gdi-de.github.io/apworkshop2026/MOBG922", "name": "Baum MOBG922 (gdide:MOBG922)", "dateprops": [], "properties": {"http://www.w3.org/2000/01/rdf-schema#label": "Baum MOBG922", "http://rdfs.org/ns/void#inDataset.value": "72757", "http://www.w3.org/2000/01/rdf-schema#comment": "sonst. \u00f6ff. Fl\u00e4chen", "http://www.wikidata.org/prop/direct/P2547.value": "5.0", "http://www.wikidata.org/prop/direct/P2547.unit": "http://www.ontology-of-units-of-measure.org/resource/om-2/meter", "http://www.wikidata.org/prop/direct/P3018": "Moorburg", "https://gdi-de.github.io/apworkshop2026/ont#stammdurchmesser.value": "21.0", "https://gdi-de.github.io/apworkshop2026/ont#stammdurchmesser.unit": "http://www.ontology-of-units-of-measure.org/resource/om-2/centimeter"}, "geometry": {"type": "MultiPoint", "coordinates": [[9.932220522399374, 53.49592085582707]]}}, {"type": "Feature", "id": "https://gdi-de.github.io/apworkshop2026/MOBG546", "name": "Baum MOBG546 (gdide:MOBG546)", "dateprops": [], "properties": {"http://www.w3.org/2000/01/rdf-schema#label": "Baum MOBG546", "http://rdfs.org/ns/void#inDataset.value": "72757", "http://www.w3.org/2000/01/rdf-schema#comment": "sonst. \u00f6ff. Fl\u00e4chen", "http://www.wikidata.org/prop/direct/P2547.value": "14.0", "http://www.wikidata.org/prop/direct/P2547.unit": "http://www.ontology-of-units-of-measure.org/resource/om-2/meter", "http://www.wikidata.org/prop/direct/P3018": "Moorburg", "https://gdi-de.github.io/apworkshop2026/ont#stammdurchmesser.value": "46.0", "https://gdi-de.github.io/apworkshop2026/ont#stammdurchmesser.unit": "http://www.ontology-of-units-of-measure.org/resource/om-2/centimeter"}, "geometry": {"type": "MultiPoint", "coordinates": [[9.921652211390976, 53.49513732090456]]}}, {"type": "Feature", "id": "https://gdi-de.github.io/apworkshop2026/MOBG849", "name": "Baum MOBG849 (gdide:MOBG849)", "dateprops": [], "properties": {"http://www.w3.org/2000/01/rdf-schema#label": "Baum MOBG849", "http://rdfs.org/ns/void#inDataset.value": "72757", "http://www.w3.org/2000/01/rdf-schema#comment": "sonst. \u00f6ff. Fl\u00e4chen", "http://www.wikidata.org/prop/direct/P2547.value": "7.0", "http://www.wikidata.org/prop/direct/P2547.unit": "http://www.ontology-of-units-of-measure.org/resource/om-2/meter", "http://www.wikidata.org/prop/direct/P3018": "Moorburg", "https://gdi-de.github.io/apworkshop2026/ont#stammdurchmesser.value": "22.0", "https://gdi-de.github.io/apworkshop2026/ont#stammdurchmesser.unit": "http://www.ontology-of-units-of-measure.org/resource/om-2/centimeter"}, "geometry": {"type": "MultiPoint", "coordinates": [[9.925409037774385, 53.49611508470261]]}}, {"type": "Feature", "id": "https://gdi-de.github.io/apworkshop2026/MOBG971", "name": "Baum MOBG971 (gdide:MOBG971)", "dateprops": [], "properties": {"http://www.w3.org/2000/01/rdf-schema#label": "Baum MOBG971", "http://rdfs.org/ns/void#inDataset.value": "72757", "http://www.w3.org/2000/01/rdf-schema#comment": "sonst. \u00f6ff. Fl\u00e4chen", "http://www.wikidata.org/prop/direct/P2547.value": "8.0", "http://www.wikidata.org/prop/direct/P2547.unit": "http://www.ontology-of-units-of-measure.org/resource/om-2/meter", "http://www.wikidata.org/prop/direct/P3018": "Moorburg", "https://gdi-de.github.io/apworkshop2026/ont#stammdurchmesser.value": "25.0", "https://gdi-de.github.io/apworkshop2026/ont#stammdurchmesser.unit": "http://www.ontology-of-units-of-measure.org/resource/om-2/centimeter"}, "geometry": {"type": "MultiPoint", "coordinates": [[9.934747492276754, 53.494803822125924]]}}, {"type": "Feature", "id": "https://gdi-de.github.io/apworkshop2026/ROSD772", "name": "Baum ROSD772 (gdide:ROSD772)", "dateprops": [], "properties": {"http://www.w3.org/2000/01/rdf-schema#label": "Baum ROSD772", "http://rdfs.org/ns/void#inDataset.value": "72757", "http://www.w3.org/2000/01/rdf-schema#comment": "Schleusen", "http://www.wikidata.org/prop/direct/P2547.value": "6.0", "http://www.wikidata.org/prop/direct/P2547.unit": "http://www.ontology-of-units-of-measure.org/resource/om-2/meter", "http://www.wikidata.org/prop/direct/P3018": "Ro\u00dfdamm", "https://gdi-de.github.io/apworkshop2026/ont#stammdurchmesser.value": "43.0", "https://gdi-de.github.io/apworkshop2026/ont#stammdurchmesser.unit": "http://www.ontology-of-units-of-measure.org/resource/om-2/centimeter"}, "geometry": {"type": "MultiPoint", "coordinates": [[9.973495226112604, 53.52608467641333]]}}, {"type": "Feature", "id": "https://gdi-de.github.io/apworkshop2026/MOBG878", "name": "Baum MOBG878 (gdide:MOBG878)", "dateprops": [], "properties": {"http://www.w3.org/2000/01/rdf-schema#label": "Baum MOBG878", "http://rdfs.org/ns/void#inDataset.value": "72757", "http://www.w3.org/2000/01/rdf-schema#comment": "sonst. \u00f6ff. Fl\u00e4chen", "http://www.wikidata.org/prop/direct/P2547.value": "6.0", "http://www.wikidata.org/prop/direct/P2547.unit": "http://www.ontology-of-units-of-measure.org/resource/om-2/meter", "http://www.wikidata.org/prop/direct/P3018": "Moorburg", "https://gdi-de.github.io/apworkshop2026/ont#stammdurchmesser.value": "25.0", "https://gdi-de.github.io/apworkshop2026/ont#stammdurchmesser.unit": "http://www.ontology-of-units-of-measure.org/resource/om-2/centimeter"}, "geometry": {"type": "MultiPoint", "coordinates": [[9.930857266073652, 53.49607436970993]]}}, {"type": "Feature", "id": "https://gdi-de.github.io/apworkshop2026/MOBG902", "name": "Baum MOBG902 (gdide:MOBG902)", "dateprops": [], "properties": {"http://www.w3.org/2000/01/rdf-schema#label": "Baum MOBG902", "http://rdfs.org/ns/void#inDataset.value": "72757", "http://www.w3.org/2000/01/rdf-schema#comment": "sonst. \u00f6ff. Fl\u00e4chen", "http://www.wikidata.org/prop/direct/P2547.value": "7.0", "http://www.wikidata.org/prop/direct/P2547.unit": "http://www.ontology-of-units-of-measure.org/resource/om-2/meter", "http://www.wikidata.org/prop/direct/P3018": "Moorburg", "https://gdi-de.github.io/apworkshop2026/ont#stammdurchmesser.value": "18.0", "https://gdi-de.github.io/apworkshop2026/ont#stammdurchmesser.unit": "http://www.ontology-of-units-of-measure.org/resource/om-2/centimeter"}, "geometry": {"type": "MultiPoint", "coordinates": [[9.931289921663945, 53.49622658982301]]}}, {"type": "Feature", "id": "https://gdi-de.github.io/apworkshop2026/ROST323", "name": "Baum ROST323 (gdide:ROST323)", "dateprops": [], "properties": {"http://www.w3.org/2000/01/rdf-schema#label": "Baum ROST323", "http://rdfs.org/ns/void#inDataset.value": "72757", "http://www.w3.org/2000/01/rdf-schema#comment": "Stra\u00dfe", "http://www.wikidata.org/prop/direct/P2547.value": "5.0", "http://www.wikidata.org/prop/direct/P2547.unit": "http://www.ontology-of-units-of-measure.org/resource/om-2/meter", "http://www.wikidata.org/prop/direct/P3018": "Ro\u00df-Terminal", "https://gdi-de.github.io/apworkshop2026/ont#stammdurchmesser.value": "318.0", "https://gdi-de.github.io/apworkshop2026/ont#stammdurchmesser.unit": "http://www.ontology-of-units-of-measure.org/resource/om-2/centimeter"}, "geometry": {"type": "MultiPoint", "coordinates": [[9.942165061240788, 53.525016552980524]]}}, {"type": "Feature", "id": "https://gdi-de.github.io/apworkshop2026/MOBG853", "name": "Baum MOBG853 (gdide:MOBG853)", "dateprops": [], "properties": {"http://www.w3.org/2000/01/rdf-schema#label": "Baum MOBG853", "http://rdfs.org/ns/void#inDataset.value": "72757", "http://www.w3.org/2000/01/rdf-schema#comment": "sonst. \u00f6ff. Fl\u00e4chen", "http://www.wikidata.org/prop/direct/P2547.value": "6.0", "http://www.wikidata.org/prop/direct/P2547.unit": "http://www.ontology-of-units-of-measure.org/resource/om-2/meter", "http://www.wikidata.org/prop/direct/P3018": "Moorburg", "https://gdi-de.github.io/apworkshop2026/ont#stammdurchmesser.value": "19.0", "https://gdi-de.github.io/apworkshop2026/ont#stammdurchmesser.unit": "http://www.ontology-of-units-of-measure.org/resource/om-2/centimeter"}, "geometry": {"type": "MultiPoint", "coordinates": [[9.925078888941165, 53.49615648367136]]}}, {"type": "Feature", "id": "https://gdi-de.github.io/apworkshop2026/MOBG923", "name": "Baum MOBG923 (gdide:MOBG923)", "dateprops": [], "properties": {"http://www.w3.org/2000/01/rdf-schema#label": "Baum MOBG923", "http://rdfs.org/ns/void#inDataset.value": "72757", "http://www.w3.org/2000/01/rdf-schema#comment": "sonst. \u00f6ff. Fl\u00e4chen", "http://www.wikidata.org/prop/direct/P2547.value": "3.0", "http://www.wikidata.org/prop/direct/P2547.unit": "http://www.ontology-of-units-of-measure.org/resource/om-2/meter", "http://www.wikidata.org/prop/direct/P3018": "Moorburg", "https://gdi-de.github.io/apworkshop2026/ont#stammdurchmesser.value": "15.0", "https://gdi-de.github.io/apworkshop2026/ont#stammdurchmesser.unit": "http://www.ontology-of-units-of-measure.org/resource/om-2/centimeter"}, "geometry": {"type": "MultiPoint", "coordinates": [[9.932259760810984, 53.495982385425165]]}}, {"type": "Feature", "id": "https://gdi-de.github.io/apworkshop2026/MOBG937", "name": "Baum MOBG937 (gdide:MOBG937)", "dateprops": [], "properties": {"http://www.w3.org/2000/01/rdf-schema#label": "Baum MOBG937", "http://rdfs.org/ns/void#inDataset.value": "72757", "http://www.w3.org/2000/01/rdf-schema#comment": "sonst. \u00f6ff. Fl\u00e4chen", "http://www.wikidata.org/prop/direct/P2547.value": "2.0", "http://www.wikidata.org/prop/direct/P2547.unit": "http://www.ontology-of-units-of-measure.org/resource/om-2/meter", "http://www.wikidata.org/prop/direct/P3018": "Moorburg", "https://gdi-de.github.io/apworkshop2026/ont#stammdurchmesser.value": "9.0", "https://gdi-de.github.io/apworkshop2026/ont#stammdurchmesser.unit": "http://www.ontology-of-units-of-measure.org/resource/om-2/centimeter"}, "geometry": {"type": "MultiPoint", "coordinates": [[9.932357928705233, 53.49631825829099]]}}, {"type": "Feature", "id": "https://gdi-de.github.io/apworkshop2026/MOBG958", "name": "Baum MOBG958 (gdide:MOBG958)", "dateprops": [], "properties": {"http://www.w3.org/2000/01/rdf-schema#label": "Baum MOBG958", "http://rdfs.org/ns/void#inDataset.value": "72757", "http://www.w3.org/2000/01/rdf-schema#comment": "sonst. \u00f6ff. Fl\u00e4chen", "http://www.wikidata.org/prop/direct/P2547.value": "8.0", "http://www.wikidata.org/prop/direct/P2547.unit": "http://www.ontology-of-units-of-measure.org/resource/om-2/meter", "http://www.wikidata.org/prop/direct/P3018": "Moorburg", "https://gdi-de.github.io/apworkshop2026/ont#stammdurchmesser.value": "26.0", "https://gdi-de.github.io/apworkshop2026/ont#stammdurchmesser.unit": "http://www.ontology-of-units-of-measure.org/resource/om-2/centimeter"}, "geometry": {"type": "MultiPoint", "coordinates": [[9.935427795424571, 53.49486913691876]]}}, {"type": "Feature", "id": "https://gdi-de.github.io/apworkshop2026/MOBG892", "name": "Baum MOBG892 (gdide:MOBG892)", "dateprops": [], "properties": {"http://www.w3.org/2000/01/rdf-schema#label": "Baum MOBG892", "http://rdfs.org/ns/void#inDataset.value": "72757", "http://www.w3.org/2000/01/rdf-schema#comment": "sonst. \u00f6ff. Fl\u00e4chen", "http://www.wikidata.org/prop/direct/P2547.value": "2.0", "http://www.wikidata.org/prop/direct/P2547.unit": "http://www.ontology-of-units-of-measure.org/resource/om-2/meter", "http://www.wikidata.org/prop/direct/P3018": "Moorburg", "https://gdi-de.github.io/apworkshop2026/ont#stammdurchmesser.value": "12.0", "https://gdi-de.github.io/apworkshop2026/ont#stammdurchmesser.unit": "http://www.ontology-of-units-of-measure.org/resource/om-2/centimeter"}, "geometry": {"type": "MultiPoint", "coordinates": [[9.930768548456193, 53.4962171739414]]}}, {"type": "Feature", "id": "https://gdi-de.github.io/apworkshop2026/MOBG720", "name": "Baum MOBG720 (gdide:MOBG720)", "dateprops": [], "properties": {"http://www.w3.org/2000/01/rdf-schema#label": "Baum MOBG720", "http://rdfs.org/ns/void#inDataset.value": "72757", "http://www.w3.org/2000/01/rdf-schema#comment": "sonst. \u00f6ff. Fl\u00e4chen", "http://www.wikidata.org/prop/direct/P2547.value": "2.0", "http://www.wikidata.org/prop/direct/P2547.unit": "http://www.ontology-of-units-of-measure.org/resource/om-2/meter", "http://www.wikidata.org/prop/direct/P3018": "Moorburg", "https://gdi-de.github.io/apworkshop2026/ont#stammdurchmesser.value": "11.0", "https://gdi-de.github.io/apworkshop2026/ont#stammdurchmesser.unit": "http://www.ontology-of-units-of-measure.org/resource/om-2/centimeter"}, "geometry": {"type": "MultiPoint", "coordinates": [[9.914392135062554, 53.4955250207594]]}}, {"type": "Feature", "id": "https://gdi-de.github.io/apworkshop2026/MOBG841", "name": "Baum MOBG841 (gdide:MOBG841)", "dateprops": [], "properties": {"http://www.w3.org/2000/01/rdf-schema#label": "Baum MOBG841", "http://rdfs.org/ns/void#inDataset.value": "72757", "http://www.w3.org/2000/01/rdf-schema#comment": "sonst. \u00f6ff. Fl\u00e4chen", "http://www.wikidata.org/prop/direct/P2547.value": "5.0", "http://www.wikidata.org/prop/direct/P2547.unit": "http://www.ontology-of-units-of-measure.org/resource/om-2/meter", "http://www.wikidata.org/prop/direct/P3018": "Moorburg", "https://gdi-de.github.io/apworkshop2026/ont#stammdurchmesser.value": "20.0", "https://gdi-de.github.io/apworkshop2026/ont#stammdurchmesser.unit": "http://www.ontology-of-units-of-measure.org/resource/om-2/centimeter"}, "geometry": {"type": "MultiPoint", "coordinates": [[9.925939492949658, 53.496111819595704]]}}, {"type": "Feature", "id": "https://gdi-de.github.io/apworkshop2026/MOBG888", "name": "Baum MOBG888 (gdide:MOBG888)", "dateprops": [], "properties": {"http://www.w3.org/2000/01/rdf-schema#label": "Baum MOBG888", "http://rdfs.org/ns/void#inDataset.value": "72757", "http://www.w3.org/2000/01/rdf-schema#comment": "sonst. \u00f6ff. Fl\u00e4chen", "http://www.wikidata.org/prop/direct/P2547.value": "6.0", "http://www.wikidata.org/prop/direct/P2547.unit": "http://www.ontology-of-units-of-measure.org/resource/om-2/meter", "http://www.wikidata.org/prop/direct/P3018": "Moorburg", "https://gdi-de.github.io/apworkshop2026/ont#stammdurchmesser.value": "24.0", "https://gdi-de.github.io/apworkshop2026/ont#stammdurchmesser.unit": "http://www.ontology-of-units-of-measure.org/resource/om-2/centimeter"}, "geometry": {"type": "MultiPoint", "coordinates": [[9.932131400540037, 53.495792121126414]]}}, {"type": "Feature", "id": "https://gdi-de.github.io/apworkshop2026/MOBG835", "name": "Baum MOBG835 (gdide:MOBG835)", "dateprops": [], "properties": {"http://www.w3.org/2000/01/rdf-schema#label": "Baum MOBG835", "http://rdfs.org/ns/void#inDataset.value": "72757", "http://www.w3.org/2000/01/rdf-schema#comment": "sonst. \u00f6ff. Fl\u00e4chen", "http://www.wikidata.org/prop/direct/P2547.value": "5.0", "http://www.wikidata.org/prop/direct/P2547.unit": "http://www.ontology-of-units-of-measure.org/resource/om-2/meter", "http://www.wikidata.org/prop/direct/P3018": "Moorburg", "https://gdi-de.github.io/apworkshop2026/ont#stammdurchmesser.value": "18.0", "https://gdi-de.github.io/apworkshop2026/ont#stammdurchmesser.unit": "http://www.ontology-of-units-of-measure.org/resource/om-2/centimeter"}, "geometry": {"type": "MultiPoint", "coordinates": [[9.926378652342605, 53.49603944210401]]}}, {"type": "Feature", "id": "https://gdi-de.github.io/apworkshop2026/MOBG900", "name": "Baum MOBG900 (gdide:MOBG900)", "dateprops": [], "properties": {"http://www.w3.org/2000/01/rdf-schema#label": "Baum MOBG900", "http://rdfs.org/ns/void#inDataset.value": "72757", "http://www.w3.org/2000/01/rdf-schema#comment": "sonst. \u00f6ff. Fl\u00e4chen", "http://www.wikidata.org/prop/direct/P2547.value": "5.0", "http://www.wikidata.org/prop/direct/P2547.unit": "http://www.ontology-of-units-of-measure.org/resource/om-2/meter", "http://www.wikidata.org/prop/direct/P3018": "Moorburg", "https://gdi-de.github.io/apworkshop2026/ont#stammdurchmesser.value": "14.0", "https://gdi-de.github.io/apworkshop2026/ont#stammdurchmesser.unit": "http://www.ontology-of-units-of-measure.org/resource/om-2/centimeter"}, "geometry": {"type": "MultiPoint", "coordinates": [[9.93116265733764, 53.496304086403676]]}}, {"type": "Feature", "id": "https://gdi-de.github.io/apworkshop2026/MOBG515", "name": "Baum MOBG515 (gdide:MOBG515)", "dateprops": [], "properties": {"http://www.w3.org/2000/01/rdf-schema#label": "Baum MOBG515", "http://rdfs.org/ns/void#inDataset.value": "72757", "http://www.w3.org/2000/01/rdf-schema#comment": "sonst. \u00f6ff. Fl\u00e4chen", "http://www.wikidata.org/prop/direct/P2547.value": "10.0", "http://www.wikidata.org/prop/direct/P2547.unit": "http://www.ontology-of-units-of-measure.org/resource/om-2/meter", "http://www.wikidata.org/prop/direct/P3018": "Moorburg", "https://gdi-de.github.io/apworkshop2026/ont#stammdurchmesser.value": "32.0", "https://gdi-de.github.io/apworkshop2026/ont#stammdurchmesser.unit": "http://www.ontology-of-units-of-measure.org/resource/om-2/centimeter"}, "geometry": {"type": "MultiPoint", "coordinates": [[9.927981606135589, 53.49492818841627]]}}, {"type": "Feature", "id": "https://gdi-de.github.io/apworkshop2026/MOBG927", "name": "Baum MOBG927 (gdide:MOBG927)", "dateprops": [], "properties": {"http://www.w3.org/2000/01/rdf-schema#label": "Baum MOBG927", "http://rdfs.org/ns/void#inDataset.value": "72757", "http://www.w3.org/2000/01/rdf-schema#comment": "sonst. \u00f6ff. Fl\u00e4chen", "http://www.wikidata.org/prop/direct/P2547.value": "2.5", "http://www.wikidata.org/prop/direct/P2547.unit": "http://www.ontology-of-units-of-measure.org/resource/om-2/meter", "http://www.wikidata.org/prop/direct/P3018": "Moorburg", "https://gdi-de.github.io/apworkshop2026/ont#stammdurchmesser.value": "13.0", "https://gdi-de.github.io/apworkshop2026/ont#stammdurchmesser.unit": "http://www.ontology-of-units-of-measure.org/resource/om-2/centimeter"}, "geometry": {"type": "MultiPoint", "coordinates": [[9.932381581346663, 53.49589938403908]]}}, {"type": "Feature", "id": "https://gdi-de.github.io/apworkshop2026/MOBG966", "name": "Baum MOBG966 (gdide:MOBG966)", "dateprops": [], "properties": {"http://www.w3.org/2000/01/rdf-schema#label": "Baum MOBG966", "http://rdfs.org/ns/void#inDataset.value": "72757", "http://www.w3.org/2000/01/rdf-schema#comment": "sonst. \u00f6ff. Fl\u00e4chen", "http://www.wikidata.org/prop/direct/P2547.value": "8.0", "http://www.wikidata.org/prop/direct/P2547.unit": "http://www.ontology-of-units-of-measure.org/resource/om-2/meter", "http://www.wikidata.org/prop/direct/P3018": "Moorburg", "https://gdi-de.github.io/apworkshop2026/ont#stammdurchmesser.value": "22.0", "https://gdi-de.github.io/apworkshop2026/ont#stammdurchmesser.unit": "http://www.ontology-of-units-of-measure.org/resource/om-2/centimeter"}, "geometry": {"type": "MultiPoint", "coordinates": [[9.934894645303446, 53.494686605815225]]}}, {"type": "Feature", "id": "https://gdi-de.github.io/apworkshop2026/KLGB775", "name": "Baum KLGB775 (gdide:KLGB775)", "dateprops": [], "properties": {"http://www.w3.org/2000/01/rdf-schema#label": "Baum KLGB775", "http://rdfs.org/ns/void#inDataset.value": "72757", "http://www.w3.org/2000/01/rdf-schema#comment": "HPA", "http://www.wikidata.org/prop/direct/P2547.value": "4.0", "http://www.wikidata.org/prop/direct/P2547.unit": "http://www.ontology-of-units-of-measure.org/resource/om-2/meter", "http://www.wikidata.org/prop/direct/P3018": "Kleiner Grasbrook", "https://gdi-de.github.io/apworkshop2026/ont#stammdurchmesser.value": "28.0", "https://gdi-de.github.io/apworkshop2026/ont#stammdurchmesser.unit": "http://www.ontology-of-units-of-measure.org/resource/om-2/centimeter"}, "geometry": {"type": "MultiPoint", "coordinates": [[9.980718938638324, 53.52984119787789]]}}, {"type": "Feature", "id": "https://gdi-de.github.io/apworkshop2026/MOBG821", "name": "Baum MOBG821 (gdide:MOBG821)", "dateprops": [], "properties": {"http://www.w3.org/2000/01/rdf-schema#label": "Baum MOBG821", "http://rdfs.org/ns/void#inDataset.value": "72757", "http://www.w3.org/2000/01/rdf-schema#comment": "sonst. \u00f6ff. Fl\u00e4chen", "http://www.wikidata.org/prop/direct/P2547.value": "4.0", "http://www.wikidata.org/prop/direct/P2547.unit": "http://www.ontology-of-units-of-measure.org/resource/om-2/meter", "http://www.wikidata.org/prop/direct/P3018": "Moorburg", "https://gdi-de.github.io/apworkshop2026/ont#stammdurchmesser.value": "18.0", "https://gdi-de.github.io/apworkshop2026/ont#stammdurchmesser.unit": "http://www.ontology-of-units-of-measure.org/resource/om-2/centimeter"}, "geometry": {"type": "MultiPoint", "coordinates": [[9.924647787436315, 53.49602316997668]]}}, {"type": "Feature", "id": "https://gdi-de.github.io/apworkshop2026/MOBG871", "name": "Baum MOBG871 (gdide:MOBG871)", "dateprops": [], "properties": {"http://www.w3.org/2000/01/rdf-schema#label": "Baum MOBG871", "http://rdfs.org/ns/void#inDataset.value": "72757", "http://www.w3.org/2000/01/rdf-schema#comment": "sonst. \u00f6ff. Fl\u00e4chen", "http://www.wikidata.org/prop/direct/P2547.value": "5.0", "http://www.wikidata.org/prop/direct/P2547.unit": "http://www.ontology-of-units-of-measure.org/resource/om-2/meter", "http://www.wikidata.org/prop/direct/P3018": "Moorburg", "https://gdi-de.github.io/apworkshop2026/ont#stammdurchmesser.value": "17.0", "https://gdi-de.github.io/apworkshop2026/ont#stammdurchmesser.unit": "http://www.ontology-of-units-of-measure.org/resource/om-2/centimeter"}, "geometry": {"type": "MultiPoint", "coordinates": [[9.932280835287552, 53.49626636949498]]}}, {"type": "Feature", "id": "https://gdi-de.github.io/apworkshop2026/GZAW110", "name": "Baum GZAW110 (gdide:GZAW110)", "dateprops": [], "properties": {"http://www.w3.org/2000/01/rdf-schema#label": "Baum GZAW110", "http://rdfs.org/ns/void#inDataset.value": "72757", "http://www.w3.org/2000/01/rdf-schema#comment": "sonst. \u00f6ff. Fl\u00e4chen", "http://www.wikidata.org/prop/direct/P2547.value": "15.0", "http://www.wikidata.org/prop/direct/P2547.unit": "http://www.ontology-of-units-of-measure.org/resource/om-2/meter", "http://www.wikidata.org/prop/direct/P3018": "Gr\u00fcnzug Altenwerder", "https://gdi-de.github.io/apworkshop2026/ont#stammdurchmesser.value": "25.0", "https://gdi-de.github.io/apworkshop2026/ont#stammdurchmesser.unit": "http://www.ontology-of-units-of-measure.org/resource/om-2/centimeter"}, "geometry": {"type": "MultiPoint", "coordinates": [[9.916596475005644, 53.50205241261562]]}}, {"type": "Feature", "id": "https://gdi-de.github.io/apworkshop2026/MOBG846", "name": "Baum MOBG846 (gdide:MOBG846)", "dateprops": [], "properties": {"http://www.w3.org/2000/01/rdf-schema#label": "Baum MOBG846", "http://rdfs.org/ns/void#inDataset.value": "72757", "http://www.w3.org/2000/01/rdf-schema#comment": "sonst. \u00f6ff. Fl\u00e4chen", "http://www.wikidata.org/prop/direct/P2547.value": "7.0", "http://www.wikidata.org/prop/direct/P2547.unit": "http://www.ontology-of-units-of-measure.org/resource/om-2/meter", "http://www.wikidata.org/prop/direct/P3018": "Moorburg", "https://gdi-de.github.io/apworkshop2026/ont#stammdurchmesser.value": "25.0", "https://gdi-de.github.io/apworkshop2026/ont#stammdurchmesser.unit": "http://www.ontology-of-units-of-measure.org/resource/om-2/centimeter"}, "geometry": {"type": "MultiPoint", "coordinates": [[9.925634550843311, 53.49615297809354]]}}, {"type": "Feature", "id": "https://gdi-de.github.io/apworkshop2026/MOBG863", "name": "Baum MOBG863 (gdide:MOBG863)", "dateprops": [], "properties": {"http://www.w3.org/2000/01/rdf-schema#label": "Baum MOBG863", "http://rdfs.org/ns/void#inDataset.value": "72757", "http://www.w3.org/2000/01/rdf-schema#comment": "sonst. \u00f6ff. Fl\u00e4chen", "http://www.wikidata.org/prop/direct/P2547.value": "7.0", "http://www.wikidata.org/prop/direct/P2547.unit": "http://www.ontology-of-units-of-measure.org/resource/om-2/meter", "http://www.wikidata.org/prop/direct/P3018": "Moorburg", "https://gdi-de.github.io/apworkshop2026/ont#stammdurchmesser.value": "25.0", "https://gdi-de.github.io/apworkshop2026/ont#stammdurchmesser.unit": "http://www.ontology-of-units-of-measure.org/resource/om-2/centimeter"}, "geometry": {"type": "MultiPoint", "coordinates": [[9.924352340522521, 53.49606618288689]]}}, {"type": "Feature", "id": "https://gdi-de.github.io/apworkshop2026/MOBG529", "name": "Baum MOBG529 (gdide:MOBG529)", "dateprops": [], "properties": {"http://www.w3.org/2000/01/rdf-schema#label": "Baum MOBG529", "http://rdfs.org/ns/void#inDataset.value": "72757", "http://www.w3.org/2000/01/rdf-schema#comment": "sonst. \u00f6ff. Fl\u00e4chen", "http://www.wikidata.org/prop/direct/P2547.value": "10.0", "http://www.wikidata.org/prop/direct/P2547.unit": "http://www.ontology-of-units-of-measure.org/resource/om-2/meter", "http://www.wikidata.org/prop/direct/P3018": "Moorburg", "https://gdi-de.github.io/apworkshop2026/ont#stammdurchmesser.value": "35.0", "https://gdi-de.github.io/apworkshop2026/ont#stammdurchmesser.unit": "http://www.ontology-of-units-of-measure.org/resource/om-2/centimeter"}, "geometry": {"type": "MultiPoint", "coordinates": [[9.925588467269234, 53.49503110883422]]}}, {"type": "Feature", "id": "https://gdi-de.github.io/apworkshop2026/FINW478", "name": "Baum FINW478 (gdide:FINW478)", "dateprops": [], "properties": {"http://www.w3.org/2000/01/rdf-schema#label": "Baum FINW478", "http://rdfs.org/ns/void#inDataset.value": "72757", "http://www.w3.org/2000/01/rdf-schema#comment": "sonst. \u00f6ff. Fl\u00e4chen", "http://www.wikidata.org/prop/direct/P2547.value": "13.0", "http://www.wikidata.org/prop/direct/P2547.unit": "http://www.ontology-of-units-of-measure.org/resource/om-2/meter", "http://www.wikidata.org/prop/direct/P3018": "Finkenwerder", "https://gdi-de.github.io/apworkshop2026/ont#stammdurchmesser.value": "16.0", "https://gdi-de.github.io/apworkshop2026/ont#stammdurchmesser.unit": "http://www.ontology-of-units-of-measure.org/resource/om-2/centimeter"}, "geometry": {"type": "MultiPoint", "coordinates": [[9.878800344516568, 53.51994979165308]]}}, {"type": "Feature", "id": "https://gdi-de.github.io/apworkshop2026/MOBG703", "name": "Baum MOBG703 (gdide:MOBG703)", "dateprops": [], "properties": {"http://www.w3.org/2000/01/rdf-schema#label": "Baum MOBG703", "http://rdfs.org/ns/void#inDataset.value": "72757", "http://www.w3.org/2000/01/rdf-schema#comment": "sonst. \u00f6ff. Fl\u00e4chen", "http://www.wikidata.org/prop/direct/P2547.value": "2.0", "http://www.wikidata.org/prop/direct/P2547.unit": "http://www.ontology-of-units-of-measure.org/resource/om-2/meter", "http://www.wikidata.org/prop/direct/P3018": "Moorburg", "https://gdi-de.github.io/apworkshop2026/ont#stammdurchmesser.value": "11.0", "https://gdi-de.github.io/apworkshop2026/ont#stammdurchmesser.unit": "http://www.ontology-of-units-of-measure.org/resource/om-2/centimeter"}, "geometry": {"type": "MultiPoint", "coordinates": [[9.91449174924441, 53.495530973917035]]}}, {"type": "Feature", "id": "https://gdi-de.github.io/apworkshop2026/MOBG980", "name": "Baum MOBG980 (gdide:MOBG980)", "dateprops": [], "properties": {"http://www.w3.org/2000/01/rdf-schema#label": "Baum MOBG980", "http://rdfs.org/ns/void#inDataset.value": "72757", "http://www.w3.org/2000/01/rdf-schema#comment": "sonst. \u00f6ff. Fl\u00e4chen", "http://www.wikidata.org/prop/direct/P2547.value": "5.0", "http://www.wikidata.org/prop/direct/P2547.unit": "http://www.ontology-of-units-of-measure.org/resource/om-2/meter", "http://www.wikidata.org/prop/direct/P3018": "Moorburg", "https://gdi-de.github.io/apworkshop2026/ont#stammdurchmesser.value": "21.0", "https://gdi-de.github.io/apworkshop2026/ont#stammdurchmesser.unit": "http://www.ontology-of-units-of-measure.org/resource/om-2/centimeter"}, "geometry": {"type": "MultiPoint", "coordinates": [[9.935356828517126, 53.49504275877492]]}}], "numberMatched": 146, "numberReturned": 146, "bbox": [9.840042962774566, 53.465532146237344, 10.094267769215291, 53.55055958119192], "crs": "http://www.opengis.net/def/crs/EPSG/0/4326"}