{"type": "FeatureCollection", "id": "https://gdi-de.github.io/apworkshop2026/Kaiser_collection", "name": "Kaiser Instances Collection", "features": [{"type": "Feature", "id": "https://gdi-de.github.io/apworkshop2026/109", "name": "Brunnen 109 (gdide:109)", "dateprops": ["timepoint", "begin", "end"], "properties": {"http://www.w3.org/2000/01/rdf-schema#label": "Brunnen 109", "http://rdfs.org/ns/void#inDataset.value": "6503", "http://www.w3.org/2000/01/rdf-schema#comment": "Betriebszeit: Mai bis Oktober, Link: https://www.bwb.de/de/trinkbrunnen.php  ", "http://www.w3.org/2004/02/skos/core#scopeNote": "nan", "timepoint": "http://www.w3.org/ns/time/gregorian/October", "begin": "http://www.w3.org/ns/time/gregorian/May", "end": "http://www.w3.org/ns/time/gregorian/October", "http://www.w3.org/ns/locn#postCode": "10961", "http://www.wikidata.org/prop/direct/P571": "2019", "http://xmlns.com/foaf/0.1/homepage": "https://www.bwb.de/de/trinkbrunnen.php"}, "geometry": {"type": "Point", "coordinates": [13.407814, 52.48947903686968]}}, {"type": "Feature", "id": "https://gdi-de.github.io/apworkshop2026/8", "name": "Brunnen 8 (gdide:8)", "dateprops": ["timepoint", "begin", "end"], "properties": {"http://www.w3.org/2000/01/rdf-schema#label": "Brunnen 8", "http://rdfs.org/ns/void#inDataset.value": "6503", "http://www.w3.org/2000/01/rdf-schema#comment": "Betriebszeit: Mai bis Oktober, Link: https://www.bwb.de/de/trinkbrunnen.php  ", "http://www.w3.org/2004/02/skos/core#scopeNote": "nan", "timepoint": "http://www.w3.org/ns/time/gregorian/October", "begin": "http://www.w3.org/ns/time/gregorian/May", "end": "http://www.w3.org/ns/time/gregorian/October", "http://www.w3.org/ns/locn#postCode": "12687", "http://www.wikidata.org/prop/direct/P571": "1985", "http://xmlns.com/foaf/0.1/homepage": "https://www.bwb.de/de/trinkbrunnen.php"}, "geometry": {"type": "Point", "coordinates": [13.562450000000151, 52.55503803680156]}}, {"type": "Feature", "id": "https://gdi-de.github.io/apworkshop2026/169", "name": "Brunnen 169 (gdide:169)", "dateprops": ["timepoint", "begin", "end"], "properties": {"http://www.w3.org/2000/01/rdf-schema#label": "Brunnen 169", "http://rdfs.org/ns/void#inDataset.value": "6503", "http://www.w3.org/2000/01/rdf-schema#comment": "Betriebszeit: Mai bis Oktober, Link: https://www.bwb.de/de/trinkbrunnen.php  ", "http://www.w3.org/2004/02/skos/core#scopeNote": "nan", "timepoint": "http://www.w3.org/ns/time/gregorian/October", "begin": "http://www.w3.org/ns/time/gregorian/May", "end": "http://www.w3.org/ns/time/gregorian/October", "http://www.w3.org/ns/locn#postCode": "13055", "http://www.wikidata.org/prop/direct/P571": "2021", "http://xmlns.com/foaf/0.1/homepage": "https://www.bwb.de/de/trinkbrunnen.php"}, "geometry": {"type": "Point", "coordinates": [13.498549, 52.53547503682191]}}, {"type": "Feature", "id": "https://gdi-de.github.io/apworkshop2026/130", "name": "Brunnen 130 (gdide:130)", "dateprops": ["timepoint", "begin", "end"], "properties": {"http://www.w3.org/2000/01/rdf-schema#label": "Brunnen 130", "http://rdfs.org/ns/void#inDataset.value": "6503", "http://www.w3.org/2000/01/rdf-schema#comment": "Betriebszeit: Mai bis Oktober, Link: https://www.bwb.de/de/trinkbrunnen.php  ", "http://www.w3.org/2004/02/skos/core#scopeNote": "nan", "timepoint": "http://www.w3.org/ns/time/gregorian/October", "begin": "http://www.w3.org/ns/time/gregorian/May", "end": "http://www.w3.org/ns/time/gregorian/October", "http://www.w3.org/ns/locn#postCode": "13189", "http://www.wikidata.org/prop/direct/P571": "2020", "http://xmlns.com/foaf/0.1/homepage": "https://www.bwb.de/de/trinkbrunnen.php"}, "geometry": {"type": "Point", "coordinates": [13.411902, 52.56234503679318]}}, {"type": "Feature", "id": "https://gdi-de.github.io/apworkshop2026/95", "name": "Brunnen 95 (gdide:95)", "dateprops": ["timepoint", "begin", "end"], "properties": {"http://www.w3.org/2000/01/rdf-schema#label": "Brunnen 95", "http://rdfs.org/ns/void#inDataset.value": "6503", "http://www.w3.org/2000/01/rdf-schema#comment": "Betriebszeit: Mai bis Oktober, Link: https://www.bwb.de/de/trinkbrunnen.php  ", "http://www.w3.org/2004/02/skos/core#scopeNote": "nan", "timepoint": "http://www.w3.org/ns/time/gregorian/October", "begin": "http://www.w3.org/ns/time/gregorian/May", "end": "http://www.w3.org/ns/time/gregorian/October", "http://www.w3.org/ns/locn#postCode": "10717", "http://www.wikidata.org/prop/direct/P571": "2019", "http://xmlns.com/foaf/0.1/homepage": "https://www.bwb.de/de/trinkbrunnen.php"}, "geometry": {"type": "Point", "coordinates": [13.319598999999766, 52.48934903686922]}}, {"type": "Feature", "id": "https://gdi-de.github.io/apworkshop2026/150", "name": "Brunnen 150 (gdide:150)", "dateprops": ["timepoint", "begin", "end"], "properties": {"http://www.w3.org/2000/01/rdf-schema#label": "Brunnen 150", "http://rdfs.org/ns/void#inDataset.value": "6503", "http://www.w3.org/2000/01/rdf-schema#comment": "Betriebszeit: Mai bis Oktober, Link: https://www.bwb.de/de/trinkbrunnen.php  ", "http://www.w3.org/2004/02/skos/core#scopeNote": "nan", "timepoint": "http://www.w3.org/ns/time/gregorian/October", "begin": "http://www.w3.org/ns/time/gregorian/May", "end": "http://www.w3.org/ns/time/gregorian/October", "http://www.w3.org/ns/locn#postCode": "12685", "http://www.wikidata.org/prop/direct/P571": "2020", "http://xmlns.com/foaf/0.1/homepage": "https://www.bwb.de/de/trinkbrunnen.php"}, "geometry": {"type": "Point", "coordinates": [13.570387000000185, 52.54885403680809]}}, {"type": "Feature", "id": "https://gdi-de.github.io/apworkshop2026/177", "name": "Brunnen 177 (gdide:177)", "dateprops": ["timepoint", "begin", "end"], "properties": {"http://www.w3.org/2000/01/rdf-schema#label": "Brunnen 177", "http://rdfs.org/ns/void#inDataset.value": "6503", "http://www.w3.org/2000/01/rdf-schema#comment": "Betriebszeit: Mai bis Oktober, Link: https://www.bwb.de/de/trinkbrunnen.php  ", "http://www.w3.org/2004/02/skos/core#scopeNote": "nan", "timepoint": "http://www.w3.org/ns/time/gregorian/October", "begin": "http://www.w3.org/ns/time/gregorian/May", "end": "http://www.w3.org/ns/time/gregorian/October", "http://www.w3.org/ns/locn#postCode": "13585", "http://www.wikidata.org/prop/direct/P571": "2021", "http://xmlns.com/foaf/0.1/homepage": "https://www.bwb.de/de/trinkbrunnen.php"}, "geometry": {"type": "Point", "coordinates": [13.198131999999557, 52.55517803679902]}}, {"type": "Feature", "id": "https://gdi-de.github.io/apworkshop2026/74", "name": "Brunnen 74 (gdide:74)", "dateprops": ["timepoint", "begin", "end"], "properties": {"http://www.w3.org/2000/01/rdf-schema#label": "Brunnen 74", "http://rdfs.org/ns/void#inDataset.value": "6503", "http://www.w3.org/2000/01/rdf-schema#comment": "Betriebszeit: Mai bis Oktober, Link: https://www.bwb.de/de/trinkbrunnen.php  ", "http://www.w3.org/2004/02/skos/core#scopeNote": "nan", "timepoint": "http://www.w3.org/ns/time/gregorian/October", "begin": "http://www.w3.org/ns/time/gregorian/May", "end": "http://www.w3.org/ns/time/gregorian/October", "http://www.w3.org/ns/locn#postCode": "14195", "http://www.wikidata.org/prop/direct/P571": "2019", "http://xmlns.com/foaf/0.1/homepage": "https://www.bwb.de/de/trinkbrunnen.php"}, "geometry": {"type": "Point", "coordinates": [13.304121999999746, 52.45863403690122]}}, {"type": "Feature", "id": "https://gdi-de.github.io/apworkshop2026/145", "name": "Brunnen 145 (gdide:145)", "dateprops": ["timepoint", "begin", "end"], "properties": {"http://www.w3.org/2000/01/rdf-schema#label": "Brunnen 145", "http://rdfs.org/ns/void#inDataset.value": "6503", "http://www.w3.org/2000/01/rdf-schema#comment": "Betriebszeit: Mai bis Oktober, Link: https://www.bwb.de/de/trinkbrunnen.php  ", "http://www.w3.org/2004/02/skos/core#scopeNote": "nan", "timepoint": "http://www.w3.org/ns/time/gregorian/October", "begin": "http://www.w3.org/ns/time/gregorian/May", "end": "http://www.w3.org/ns/time/gregorian/October", "http://www.w3.org/ns/locn#postCode": "12247", "http://www.wikidata.org/prop/direct/P571": "2020", "http://xmlns.com/foaf/0.1/homepage": "https://www.bwb.de/de/trinkbrunnen.php"}, "geometry": {"type": "Point", "coordinates": [13.343145999999864, 52.43898903692197]}}, {"type": "Feature", "id": "https://gdi-de.github.io/apworkshop2026/47", "name": "Brunnen 47 (gdide:47)", "dateprops": ["timepoint", "begin", "end"], "properties": {"http://www.w3.org/2000/01/rdf-schema#label": "Brunnen 47", "http://rdfs.org/ns/void#inDataset.value": "6503", "http://www.w3.org/2000/01/rdf-schema#comment": "Betriebszeit: Mai bis Oktober, Link: https://www.bwb.de/de/trinkbrunnen.php  ", "http://www.w3.org/2004/02/skos/core#scopeNote": "nan", "timepoint": "http://www.w3.org/ns/time/gregorian/October", "begin": "http://www.w3.org/ns/time/gregorian/May", "end": "http://www.w3.org/ns/time/gregorian/October", "http://www.w3.org/ns/locn#postCode": "10317", "http://www.wikidata.org/prop/direct/P571": "2018", "http://xmlns.com/foaf/0.1/homepage": "https://www.bwb.de/de/trinkbrunnen.php"}, "geometry": {"type": "Point", "coordinates": [13.48709700000011, 52.50130903685772]}}, {"type": "Feature", "id": "https://gdi-de.github.io/apworkshop2026/1", "name": "Brunnen 1 (gdide:1)", "dateprops": ["timepoint", "begin", "end"], "properties": {"http://www.w3.org/2000/01/rdf-schema#label": "Brunnen 1", "http://rdfs.org/ns/void#inDataset.value": "6503", "http://www.w3.org/2000/01/rdf-schema#comment": "Betriebszeit: Mai bis Oktober, Link: https://www.bwb.de/de/trinkbrunnen.php  ", "http://www.w3.org/2004/02/skos/core#scopeNote": "zur Zeit wegen Reparatur au\u00dfer Betrieb", "timepoint": "http://www.w3.org/ns/time/gregorian/October", "begin": "http://www.w3.org/ns/time/gregorian/May", "end": "http://www.w3.org/ns/time/gregorian/October", "http://www.w3.org/ns/locn#postCode": "12349", "http://www.wikidata.org/prop/direct/P571": "1985", "http://xmlns.com/foaf/0.1/homepage": "https://www.bwb.de/de/trinkbrunnen.php"}, "geometry": {"type": "Point", "coordinates": [13.415048, 52.431351036930394]}}, {"type": "Feature", "id": "https://gdi-de.github.io/apworkshop2026/167", "name": "Brunnen 167 (gdide:167)", "dateprops": ["timepoint", "begin", "end"], "properties": {"http://www.w3.org/2000/01/rdf-schema#label": "Brunnen 167", "http://rdfs.org/ns/void#inDataset.value": "6503", "http://www.w3.org/2000/01/rdf-schema#comment": "Betriebszeit: Mai bis Oktober, Link: https://www.bwb.de/de/trinkbrunnen.php  ", "http://www.w3.org/2004/02/skos/core#scopeNote": "nan", "timepoint": "http://www.w3.org/ns/time/gregorian/October", "begin": "http://www.w3.org/ns/time/gregorian/May", "end": "http://www.w3.org/ns/time/gregorian/October", "http://www.w3.org/ns/locn#postCode": "13055", "http://www.wikidata.org/prop/direct/P571": "2021", "http://xmlns.com/foaf/0.1/homepage": "https://www.bwb.de/de/trinkbrunnen.php"}, "geometry": {"type": "Point", "coordinates": [13.495309, 52.542011036815026]}}, {"type": "Feature", "id": "https://gdi-de.github.io/apworkshop2026/113", "name": "Brunnen 113 (gdide:113)", "dateprops": ["timepoint", "begin", "end"], "properties": {"http://www.w3.org/2000/01/rdf-schema#label": "Brunnen 113", "http://rdfs.org/ns/void#inDataset.value": "6503", "http://www.w3.org/2000/01/rdf-schema#comment": "Betriebszeit: Mai bis Oktober, Link: https://www.bwb.de/de/trinkbrunnen.php  ", "http://www.w3.org/2004/02/skos/core#scopeNote": "nan", "timepoint": "http://www.w3.org/ns/time/gregorian/October", "begin": "http://www.w3.org/ns/time/gregorian/May", "end": "http://www.w3.org/ns/time/gregorian/October", "http://www.w3.org/ns/locn#postCode": "13347", "http://www.wikidata.org/prop/direct/P571": "2019", "http://xmlns.com/foaf/0.1/homepage": "https://www.bwb.de/de/trinkbrunnen.php"}, "geometry": {"type": "Point", "coordinates": [13.367564999999857, 52.55195303680385]}}, {"type": "Feature", "id": "https://gdi-de.github.io/apworkshop2026/195", "name": "Brunnen 195 (gdide:195)", "dateprops": ["timepoint", "begin", "end"], "properties": {"http://www.w3.org/2000/01/rdf-schema#label": "Brunnen 195", "http://rdfs.org/ns/void#inDataset.value": "6503", "http://www.w3.org/2000/01/rdf-schema#comment": "Betriebszeit: Mai bis Oktober, Link: https://www.bwb.de/de/trinkbrunnen.php  ", "http://www.w3.org/2004/02/skos/core#scopeNote": "nan", "timepoint": "http://www.w3.org/ns/time/gregorian/October", "begin": "http://www.w3.org/ns/time/gregorian/May", "end": "http://www.w3.org/ns/time/gregorian/October", "http://www.w3.org/ns/locn#postCode": "10829", "http://www.wikidata.org/prop/direct/P571": "2022", "http://xmlns.com/foaf/0.1/homepage": "https://www.bwb.de/de/trinkbrunnen.php"}, "geometry": {"type": "Point", "coordinates": [13.36510199999989, 52.48778803687121]}}, {"type": "Feature", "id": "https://gdi-de.github.io/apworkshop2026/107", "name": "Brunnen 107 (gdide:107)", "dateprops": ["timepoint", "begin", "end"], "properties": {"http://www.w3.org/2000/01/rdf-schema#label": "Brunnen 107", "http://rdfs.org/ns/void#inDataset.value": "6503", "http://www.w3.org/2000/01/rdf-schema#comment": "Betriebszeit: Mai bis Oktober, Link: https://www.bwb.de/de/trinkbrunnen.php  ", "http://www.w3.org/2004/02/skos/core#scopeNote": "nan", "timepoint": "http://www.w3.org/ns/time/gregorian/October", "begin": "http://www.w3.org/ns/time/gregorian/May", "end": "http://www.w3.org/ns/time/gregorian/October", "http://www.w3.org/ns/locn#postCode": "10247", "http://www.wikidata.org/prop/direct/P571": "2019", "http://xmlns.com/foaf/0.1/homepage": "https://www.bwb.de/de/trinkbrunnen.php"}, "geometry": {"type": "Point", "coordinates": [13.46673, 52.517144036841074]}}, {"type": "Feature", "id": "https://gdi-de.github.io/apworkshop2026/178", "name": "Brunnen 178 (gdide:178)", "dateprops": ["timepoint", "begin", "end"], "properties": {"http://www.w3.org/2000/01/rdf-schema#label": "Brunnen 178", "http://rdfs.org/ns/void#inDataset.value": "6503", "http://www.w3.org/2000/01/rdf-schema#comment": "Betriebszeit: Mai bis Oktober, Link: https://www.bwb.de/de/trinkbrunnen.php  ", "http://www.w3.org/2004/02/skos/core#scopeNote": "nan", "timepoint": "http://www.w3.org/ns/time/gregorian/October", "begin": "http://www.w3.org/ns/time/gregorian/May", "end": "http://www.w3.org/ns/time/gregorian/October", "http://www.w3.org/ns/locn#postCode": "12305", "http://www.wikidata.org/prop/direct/P571": "2021", "http://xmlns.com/foaf/0.1/homepage": "https://www.bwb.de/de/trinkbrunnen.php"}, "geometry": {"type": "Point", "coordinates": [13.400291, 52.386558036976716]}}, {"type": "Feature", "id": "https://gdi-de.github.io/apworkshop2026/157", "name": "Brunnen 157 (gdide:157)", "dateprops": ["timepoint", "begin", "end"], "properties": {"http://www.w3.org/2000/01/rdf-schema#label": "Brunnen 157", "http://rdfs.org/ns/void#inDataset.value": "6503", "http://www.w3.org/2000/01/rdf-schema#comment": "Betriebszeit: Mai bis Oktober, Link: https://www.bwb.de/de/trinkbrunnen.php  ", "http://www.w3.org/2004/02/skos/core#scopeNote": "nan", "timepoint": "http://www.w3.org/ns/time/gregorian/October", "begin": "http://www.w3.org/ns/time/gregorian/May", "end": "http://www.w3.org/ns/time/gregorian/October", "http://www.w3.org/ns/locn#postCode": "10314", "http://www.wikidata.org/prop/direct/P571": "2020", "http://xmlns.com/foaf/0.1/homepage": "https://www.bwb.de/de/trinkbrunnen.php"}, "geometry": {"type": "Point", "coordinates": [13.510869000000131, 52.491993036867584]}}, {"type": "Feature", "id": "https://gdi-de.github.io/apworkshop2026/191", "name": "Brunnen 191 (gdide:191)", "dateprops": ["timepoint", "begin", "end"], "properties": {"http://www.w3.org/2000/01/rdf-schema#label": "Brunnen 191", "http://rdfs.org/ns/void#inDataset.value": "6503", "http://www.w3.org/2000/01/rdf-schema#comment": "Betriebszeit: Mai bis Oktober, Link: https://www.bwb.de/de/trinkbrunnen.php  ", "http://www.w3.org/2004/02/skos/core#scopeNote": "nan", "timepoint": "http://www.w3.org/ns/time/gregorian/October", "begin": "http://www.w3.org/ns/time/gregorian/May", "end": "http://www.w3.org/ns/time/gregorian/October", "http://www.w3.org/ns/locn#postCode": "13053", "http://www.wikidata.org/prop/direct/P571": "2021", "http://xmlns.com/foaf/0.1/homepage": "https://www.bwb.de/de/trinkbrunnen.php"}, "geometry": {"type": "Point", "coordinates": [13.49255, 52.54820703680849]}}, {"type": "Feature", "id": "https://gdi-de.github.io/apworkshop2026/53", "name": "Brunnen 53 (gdide:53)", "dateprops": ["timepoint", "begin", "end"], "properties": {"http://www.w3.org/2000/01/rdf-schema#label": "Brunnen 53", "http://rdfs.org/ns/void#inDataset.value": "6503", "http://www.w3.org/2000/01/rdf-schema#comment": "Betriebszeit: Mai bis Oktober, Link: https://www.bwb.de/de/trinkbrunnen.php  ", "http://www.w3.org/2004/02/skos/core#scopeNote": "nan", "timepoint": "http://www.w3.org/ns/time/gregorian/October", "begin": "http://www.w3.org/ns/time/gregorian/May", "end": "http://www.w3.org/ns/time/gregorian/October", "http://www.w3.org/ns/locn#postCode": "12679", "http://www.wikidata.org/prop/direct/P571": "2018", "http://xmlns.com/foaf/0.1/homepage": "https://www.bwb.de/de/trinkbrunnen.php"}, "geometry": {"type": "Point", "coordinates": [13.543539000000164, 52.543156036814]}}, {"type": "Feature", "id": "https://gdi-de.github.io/apworkshop2026/125", "name": "Brunnen 125 (gdide:125)", "dateprops": ["timepoint", "begin", "end"], "properties": {"http://www.w3.org/2000/01/rdf-schema#label": "Brunnen 125", "http://rdfs.org/ns/void#inDataset.value": "6503", "http://www.w3.org/2000/01/rdf-schema#comment": "Betriebszeit: Mai bis Oktober, Link: https://www.bwb.de/de/trinkbrunnen.php  ", "http://www.w3.org/2004/02/skos/core#scopeNote": "nan", "timepoint": "http://www.w3.org/ns/time/gregorian/October", "begin": "http://www.w3.org/ns/time/gregorian/May", "end": "http://www.w3.org/ns/time/gregorian/October", "http://www.w3.org/ns/locn#postCode": "13597", "http://www.wikidata.org/prop/direct/P571": "2020", "http://xmlns.com/foaf/0.1/homepage": "https://www.bwb.de/de/trinkbrunnen.php"}, "geometry": {"type": "Point", "coordinates": [13.206146999999575, 52.53869503681648]}}, {"type": "Feature", "id": "https://gdi-de.github.io/apworkshop2026/78", "name": "Brunnen 78 (gdide:78)", "dateprops": ["timepoint", "begin", "end"], "properties": {"http://www.w3.org/2000/01/rdf-schema#label": "Brunnen 78", "http://rdfs.org/ns/void#inDataset.value": "6503", "http://www.w3.org/2000/01/rdf-schema#comment": "Betriebszeit: Mai bis Oktober, Link: https://www.bwb.de/de/trinkbrunnen.php  ", "http://www.w3.org/2004/02/skos/core#scopeNote": "nan", "timepoint": "http://www.w3.org/ns/time/gregorian/October", "begin": "http://www.w3.org/ns/time/gregorian/May", "end": "http://www.w3.org/ns/time/gregorian/October", "http://www.w3.org/ns/locn#postCode": "10713", "http://www.wikidata.org/prop/direct/P571": "2019", "http://xmlns.com/foaf/0.1/homepage": "https://www.bwb.de/de/trinkbrunnen.php"}, "geometry": {"type": "Point", "coordinates": [13.318920999999838, 52.48334303687551]}}, {"type": "Feature", "id": "https://gdi-de.github.io/apworkshop2026/65", "name": "Brunnen 65 (gdide:65)", "dateprops": ["timepoint", "begin", "end"], "properties": {"http://www.w3.org/2000/01/rdf-schema#label": "Brunnen 65", "http://rdfs.org/ns/void#inDataset.value": "6503", "http://www.w3.org/2000/01/rdf-schema#comment": "Betriebszeit: Mai bis Oktober, Link: https://www.bwb.de/de/trinkbrunnen.php  ", "http://www.w3.org/2004/02/skos/core#scopeNote": "nan", "timepoint": "http://www.w3.org/ns/time/gregorian/October", "begin": "http://www.w3.org/ns/time/gregorian/May", "end": "http://www.w3.org/ns/time/gregorian/October", "http://www.w3.org/ns/locn#postCode": "10243", "http://www.wikidata.org/prop/direct/P571": "2018", "http://xmlns.com/foaf/0.1/homepage": "https://www.bwb.de/de/trinkbrunnen.php"}, "geometry": {"type": "Point", "coordinates": [13.433995, 52.5115750368467]}}, {"type": "Feature", "id": "https://gdi-de.github.io/apworkshop2026/136", "name": "Brunnen 136 (gdide:136)", "dateprops": ["timepoint", "begin", "end"], "properties": {"http://www.w3.org/2000/01/rdf-schema#label": "Brunnen 136", "http://rdfs.org/ns/void#inDataset.value": "6503", "http://www.w3.org/2000/01/rdf-schema#comment": "Betriebszeit: Mai bis Oktober, Link: https://www.bwb.de/de/trinkbrunnen.php  ", "http://www.w3.org/2004/02/skos/core#scopeNote": "nan", "timepoint": "http://www.w3.org/ns/time/gregorian/October", "begin": "http://www.w3.org/ns/time/gregorian/May", "end": "http://www.w3.org/ns/time/gregorian/October", "http://www.w3.org/ns/locn#postCode": "12489", "http://www.wikidata.org/prop/direct/P571": "2020", "http://xmlns.com/foaf/0.1/homepage": "https://www.bwb.de/de/trinkbrunnen.php"}, "geometry": {"type": "Point", "coordinates": [13.55360200000014, 52.43524303692693]}}, {"type": "Feature", "id": "https://gdi-de.github.io/apworkshop2026/184", "name": "Brunnen 184 (gdide:184)", "dateprops": ["timepoint", "begin", "end"], "properties": {"http://www.w3.org/2000/01/rdf-schema#label": "Brunnen 184", "http://rdfs.org/ns/void#inDataset.value": "6503", "http://www.w3.org/2000/01/rdf-schema#comment": "Betriebszeit: Mai bis Oktober, Link: https://www.bwb.de/de/trinkbrunnen.php  ", "http://www.w3.org/2004/02/skos/core#scopeNote": "nan", "timepoint": "http://www.w3.org/ns/time/gregorian/October", "begin": "http://www.w3.org/ns/time/gregorian/May", "end": "http://www.w3.org/ns/time/gregorian/October", "http://www.w3.org/ns/locn#postCode": "13437", "http://www.wikidata.org/prop/direct/P571": "2021", "http://xmlns.com/foaf/0.1/homepage": "https://www.bwb.de/de/trinkbrunnen.php"}, "geometry": {"type": "Point", "coordinates": [13.306169999999792, 52.60183103675072]}}, {"type": "Feature", "id": "https://gdi-de.github.io/apworkshop2026/181", "name": "Brunnen 181 (gdide:181)", "dateprops": ["timepoint", "begin", "end"], "properties": {"http://www.w3.org/2000/01/rdf-schema#label": "Brunnen 181", "http://rdfs.org/ns/void#inDataset.value": "6503", "http://www.w3.org/2000/01/rdf-schema#comment": "Betriebszeit: Mai bis Oktober, Link: https://www.bwb.de/de/trinkbrunnen.php  ", "http://www.w3.org/2004/02/skos/core#scopeNote": "nan", "timepoint": "http://www.w3.org/ns/time/gregorian/October", "begin": "http://www.w3.org/ns/time/gregorian/May", "end": "http://www.w3.org/ns/time/gregorian/October", "http://www.w3.org/ns/locn#postCode": "10369", "http://www.wikidata.org/prop/direct/P571": "2021", "http://xmlns.com/foaf/0.1/homepage": "https://www.bwb.de/de/trinkbrunnen.php"}, "geometry": {"type": "Point", "coordinates": [13.474309, 52.52742303683028]}}, {"type": "Feature", "id": "https://gdi-de.github.io/apworkshop2026/98", "name": "Brunnen 98 (gdide:98)", "dateprops": ["timepoint", "begin", "end"], "properties": {"http://www.w3.org/2000/01/rdf-schema#label": "Brunnen 98", "http://rdfs.org/ns/void#inDataset.value": "6503", "http://www.w3.org/2000/01/rdf-schema#comment": "Betriebszeit: Mai bis Oktober, Link: https://www.bwb.de/de/trinkbrunnen.php  ", "http://www.w3.org/2004/02/skos/core#scopeNote": "nan", "timepoint": "http://www.w3.org/ns/time/gregorian/October", "begin": "http://www.w3.org/ns/time/gregorian/May", "end": "http://www.w3.org/ns/time/gregorian/October", "http://www.w3.org/ns/locn#postCode": "12051", "http://www.wikidata.org/prop/direct/P571": "2019", "http://xmlns.com/foaf/0.1/homepage": "https://www.bwb.de/de/trinkbrunnen.php"}, "geometry": {"type": "Point", "coordinates": [13.43755, 52.470041036890194]}}, {"type": "Feature", "id": "https://gdi-de.github.io/apworkshop2026/69", "name": "Brunnen 69 (gdide:69)", "dateprops": ["timepoint", "begin", "end"], "properties": {"http://www.w3.org/2000/01/rdf-schema#label": "Brunnen 69", "http://rdfs.org/ns/void#inDataset.value": "6503", "http://www.w3.org/2000/01/rdf-schema#comment": "Betriebszeit: Mai bis Oktober, Link: https://www.bwb.de/de/trinkbrunnen.php  ", "http://www.w3.org/2004/02/skos/core#scopeNote": "nan", "timepoint": "http://www.w3.org/ns/time/gregorian/October", "begin": "http://www.w3.org/ns/time/gregorian/May", "end": "http://www.w3.org/ns/time/gregorian/October", "http://www.w3.org/ns/locn#postCode": "10627", "http://www.wikidata.org/prop/direct/P571": "2019", "http://xmlns.com/foaf/0.1/homepage": "https://www.bwb.de/de/trinkbrunnen.php"}, "geometry": {"type": "Point", "coordinates": [13.306937999999798, 52.50578003685196]}}, {"type": "Feature", "id": "https://gdi-de.github.io/apworkshop2026/5", "name": "Brunnen 5 (gdide:5)", "dateprops": ["timepoint", "begin", "end"], "properties": {"http://www.w3.org/2000/01/rdf-schema#label": "Brunnen 5", "http://rdfs.org/ns/void#inDataset.value": "6503", "http://www.w3.org/2000/01/rdf-schema#comment": "Betriebszeit: Mai bis Oktober, Link: https://www.bwb.de/de/trinkbrunnen.php  ", "http://www.w3.org/2004/02/skos/core#scopeNote": "nan", "timepoint": "http://www.w3.org/ns/time/gregorian/October", "begin": "http://www.w3.org/ns/time/gregorian/May", "end": "http://www.w3.org/ns/time/gregorian/October", "http://www.w3.org/ns/locn#postCode": "13051", "http://www.wikidata.org/prop/direct/P571": "2021", "http://xmlns.com/foaf/0.1/homepage": "https://www.bwb.de/de/trinkbrunnen.php"}, "geometry": {"type": "Point", "coordinates": [13.502551000000118, 52.56613503678966]}}, {"type": "Feature", "id": "https://gdi-de.github.io/apworkshop2026/50", "name": "Brunnen 50 (gdide:50)", "dateprops": ["timepoint", "begin", "end"], "properties": {"http://www.w3.org/2000/01/rdf-schema#label": "Brunnen 50", "http://rdfs.org/ns/void#inDataset.value": "6503", "http://www.w3.org/2000/01/rdf-schema#comment": "Betriebszeit: Mai bis Oktober, Link: https://www.bwb.de/de/trinkbrunnen.php  ", "http://www.w3.org/2004/02/skos/core#scopeNote": "nan", "timepoint": "http://www.w3.org/ns/time/gregorian/October", "begin": "http://www.w3.org/ns/time/gregorian/May", "end": "http://www.w3.org/ns/time/gregorian/October", "http://www.w3.org/ns/locn#postCode": "10319", "http://www.wikidata.org/prop/direct/P571": "2018", "http://xmlns.com/foaf/0.1/homepage": "https://www.bwb.de/de/trinkbrunnen.php"}, "geometry": {"type": "Point", "coordinates": [13.520824, 52.50386103685516]}}, {"type": "Feature", "id": "https://gdi-de.github.io/apworkshop2026/189", "name": "Brunnen 189 (gdide:189)", "dateprops": ["timepoint", "begin", "end"], "properties": {"http://www.w3.org/2000/01/rdf-schema#label": "Brunnen 189", "http://rdfs.org/ns/void#inDataset.value": "6503", "http://www.w3.org/2000/01/rdf-schema#comment": "Betriebszeit: Mai bis Oktober, Link: https://www.bwb.de/de/trinkbrunnen.php  ", "http://www.w3.org/2004/02/skos/core#scopeNote": "nan", "timepoint": "http://www.w3.org/ns/time/gregorian/October", "begin": "http://www.w3.org/ns/time/gregorian/May", "end": "http://www.w3.org/ns/time/gregorian/October", "http://www.w3.org/ns/locn#postCode": "10969", "http://www.wikidata.org/prop/direct/P571": "2022", "http://xmlns.com/foaf/0.1/homepage": "https://www.bwb.de/de/trinkbrunnen.php"}, "geometry": {"type": "Point", "coordinates": [13.405741, 52.49683603686203]}}, {"type": "Feature", "id": "https://gdi-de.github.io/apworkshop2026/108", "name": "Brunnen 108 (gdide:108)", "dateprops": ["timepoint", "begin", "end"], "properties": {"http://www.w3.org/2000/01/rdf-schema#label": "Brunnen 108", "http://rdfs.org/ns/void#inDataset.value": "6503", "http://www.w3.org/2000/01/rdf-schema#comment": "Betriebszeit: Mai bis Oktober, Link: https://www.bwb.de/de/trinkbrunnen.php  ", "http://www.w3.org/2004/02/skos/core#scopeNote": "nan", "timepoint": "http://www.w3.org/ns/time/gregorian/October", "begin": "http://www.w3.org/ns/time/gregorian/May", "end": "http://www.w3.org/ns/time/gregorian/October", "http://www.w3.org/ns/locn#postCode": "10243", "http://www.wikidata.org/prop/direct/P571": "2019", "http://xmlns.com/foaf/0.1/homepage": "https://www.bwb.de/de/trinkbrunnen.php"}, "geometry": {"type": "Point", "coordinates": [13.442812, 52.51604703684203]}}, {"type": "Feature", "id": "https://gdi-de.github.io/apworkshop2026/158", "name": "Brunnen 158 (gdide:158)", "dateprops": ["timepoint", "begin", "end"], "properties": {"http://www.w3.org/2000/01/rdf-schema#label": "Brunnen 158", "http://rdfs.org/ns/void#inDataset.value": "6503", "http://www.w3.org/2000/01/rdf-schema#comment": "Betriebszeit: Mai bis Oktober, Link: https://www.bwb.de/de/trinkbrunnen.php  ", "http://www.w3.org/2004/02/skos/core#scopeNote": "nan", "timepoint": "http://www.w3.org/ns/time/gregorian/October", "begin": "http://www.w3.org/ns/time/gregorian/May", "end": "http://www.w3.org/ns/time/gregorian/October", "http://www.w3.org/ns/locn#postCode": "12059", "http://www.wikidata.org/prop/direct/P571": "2020", "http://xmlns.com/foaf/0.1/homepage": "https://www.bwb.de/de/trinkbrunnen.php"}, "geometry": {"type": "Point", "coordinates": [13.448475, 52.48187803687785]}}, {"type": "Feature", "id": "https://gdi-de.github.io/apworkshop2026/215", "name": "Brunnen 215 (gdide:215)", "dateprops": ["timepoint", "begin", "end"], "properties": {"http://www.w3.org/2000/01/rdf-schema#label": "Brunnen 215", "http://rdfs.org/ns/void#inDataset.value": "6503", "http://www.w3.org/2000/01/rdf-schema#comment": "Betriebszeit: Mai bis Oktober, Link: https://www.bwb.de/de/trinkbrunnen.php  ", "http://www.w3.org/2004/02/skos/core#scopeNote": "nan", "timepoint": "http://www.w3.org/ns/time/gregorian/October", "begin": "http://www.w3.org/ns/time/gregorian/May", "end": "http://www.w3.org/ns/time/gregorian/October", "http://www.w3.org/ns/locn#postCode": "14057", "http://www.wikidata.org/prop/direct/P571": "2023", "http://xmlns.com/foaf/0.1/homepage": "https://www.bwb.de/de/trinkbrunnen.php"}, "geometry": {"type": "Point", "coordinates": [13.285659999999703, 52.5066180368509]}}, {"type": "Feature", "id": "https://gdi-de.github.io/apworkshop2026/112", "name": "Brunnen 112 (gdide:112)", "dateprops": ["timepoint", "begin", "end"], "properties": {"http://www.w3.org/2000/01/rdf-schema#label": "Brunnen 112", "http://rdfs.org/ns/void#inDataset.value": "6503", "http://www.w3.org/2000/01/rdf-schema#comment": "Betriebszeit: Mai bis Oktober, Link: https://www.bwb.de/de/trinkbrunnen.php  ", "http://www.w3.org/2004/02/skos/core#scopeNote": "nan", "timepoint": "http://www.w3.org/ns/time/gregorian/October", "begin": "http://www.w3.org/ns/time/gregorian/May", "end": "http://www.w3.org/ns/time/gregorian/October", "http://www.w3.org/ns/locn#postCode": "13359", "http://www.wikidata.org/prop/direct/P571": "2019", "http://xmlns.com/foaf/0.1/homepage": "https://www.bwb.de/de/trinkbrunnen.php"}, "geometry": {"type": "Point", "coordinates": [13.39212, 52.55543603680036]}}, {"type": "Feature", "id": "https://gdi-de.github.io/apworkshop2026/52", "name": "Brunnen 52 (gdide:52)", "dateprops": ["timepoint", "begin", "end"], "properties": {"http://www.w3.org/2000/01/rdf-schema#label": "Brunnen 52", "http://rdfs.org/ns/void#inDataset.value": "6503", "http://www.w3.org/2000/01/rdf-schema#comment": "Betriebszeit: Mai bis Oktober, Link: https://www.bwb.de/de/trinkbrunnen.php  ", "http://www.w3.org/2004/02/skos/core#scopeNote": "nan", "timepoint": "http://www.w3.org/ns/time/gregorian/October", "begin": "http://www.w3.org/ns/time/gregorian/May", "end": "http://www.w3.org/ns/time/gregorian/October", "http://www.w3.org/ns/locn#postCode": "12681", "http://www.wikidata.org/prop/direct/P571": "2018", "http://xmlns.com/foaf/0.1/homepage": "https://www.bwb.de/de/trinkbrunnen.php"}, "geometry": {"type": "Point", "coordinates": [13.538564000000134, 52.52794003682996]}}, {"type": "Feature", "id": "https://gdi-de.github.io/apworkshop2026/101", "name": "Brunnen 101 (gdide:101)", "dateprops": ["timepoint", "begin", "end"], "properties": {"http://www.w3.org/2000/01/rdf-schema#label": "Brunnen 101", "http://rdfs.org/ns/void#inDataset.value": "6503", "http://www.w3.org/2000/01/rdf-schema#comment": "Betriebszeit: Mai bis Oktober, Link: https://www.bwb.de/de/trinkbrunnen.php  ", "http://www.w3.org/2004/02/skos/core#scopeNote": "nan", "timepoint": "http://www.w3.org/ns/time/gregorian/October", "begin": "http://www.w3.org/ns/time/gregorian/May", "end": "http://www.w3.org/ns/time/gregorian/October", "http://www.w3.org/ns/locn#postCode": "12163", "http://www.wikidata.org/prop/direct/P571": "2019", "http://xmlns.com/foaf/0.1/homepage": "https://www.bwb.de/de/trinkbrunnen.php"}, "geometry": {"type": "Point", "coordinates": [13.324598999999798, 52.461316036898566]}}, {"type": "Feature", "id": "https://gdi-de.github.io/apworkshop2026/148", "name": "Brunnen 148 (gdide:148)", "dateprops": ["timepoint", "begin", "end"], "properties": {"http://www.w3.org/2000/01/rdf-schema#label": "Brunnen 148", "http://rdfs.org/ns/void#inDataset.value": "6503", "http://www.w3.org/2000/01/rdf-schema#comment": "Betriebszeit: Mai bis Oktober, Link: https://www.bwb.de/de/trinkbrunnen.php  ", "http://www.w3.org/2004/02/skos/core#scopeNote": "nan", "timepoint": "http://www.w3.org/ns/time/gregorian/October", "begin": "http://www.w3.org/ns/time/gregorian/May", "end": "http://www.w3.org/ns/time/gregorian/October", "http://www.w3.org/ns/locn#postCode": "10405", "http://www.wikidata.org/prop/direct/P571": "2020", "http://xmlns.com/foaf/0.1/homepage": "https://www.bwb.de/de/trinkbrunnen.php"}, "geometry": {"type": "Point", "coordinates": [13.42188, 52.537846036819026]}}, {"type": "Feature", "id": "https://gdi-de.github.io/apworkshop2026/15", "name": "Brunnen 15 (gdide:15)", "dateprops": ["timepoint", "begin", "end"], "properties": {"http://www.w3.org/2000/01/rdf-schema#label": "Brunnen 15", "http://rdfs.org/ns/void#inDataset.value": "6503", "http://www.w3.org/2000/01/rdf-schema#comment": "Betriebszeit: Mai bis Oktober, Link: https://www.bwb.de/de/trinkbrunnen.php  ", "http://www.w3.org/2004/02/skos/core#scopeNote": "nan", "timepoint": "http://www.w3.org/ns/time/gregorian/October", "begin": "http://www.w3.org/ns/time/gregorian/May", "end": "http://www.w3.org/ns/time/gregorian/October", "http://www.w3.org/ns/locn#postCode": "14050", "http://www.wikidata.org/prop/direct/P571": "1985", "http://xmlns.com/foaf/0.1/homepage": "https://www.bwb.de/de/trinkbrunnen.php"}, "geometry": {"type": "Point", "coordinates": [13.273449999999668, 52.5201430368366]}}, {"type": "Feature", "id": "https://gdi-de.github.io/apworkshop2026/11", "name": "Brunnen 11 (gdide:11)", "dateprops": ["timepoint", "begin", "end"], "properties": {"http://www.w3.org/2000/01/rdf-schema#label": "Brunnen 11", "http://rdfs.org/ns/void#inDataset.value": "6503", "http://www.w3.org/2000/01/rdf-schema#comment": "Betriebszeit: Mai bis Oktober, Link: https://www.bwb.de/de/trinkbrunnen.php  ", "http://www.w3.org/2004/02/skos/core#scopeNote": "nan", "timepoint": "http://www.w3.org/ns/time/gregorian/October", "begin": "http://www.w3.org/ns/time/gregorian/May", "end": "http://www.w3.org/ns/time/gregorian/October", "http://www.w3.org/ns/locn#postCode": "12055", "http://www.wikidata.org/prop/direct/P571": "1985", "http://xmlns.com/foaf/0.1/homepage": "https://www.bwb.de/de/trinkbrunnen.php"}, "geometry": {"type": "Point", "coordinates": [13.446165, 52.47220903688798]}}, {"type": "Feature", "id": "https://gdi-de.github.io/apworkshop2026/163", "name": "Brunnen 163 (gdide:163)", "dateprops": ["timepoint", "begin", "end"], "properties": {"http://www.w3.org/2000/01/rdf-schema#label": "Brunnen 163", "http://rdfs.org/ns/void#inDataset.value": "6503", "http://www.w3.org/2000/01/rdf-schema#comment": "Betriebszeit: Mai bis Oktober, Link: https://www.bwb.de/de/trinkbrunnen.php  ", "http://www.w3.org/2004/02/skos/core#scopeNote": "nan", "timepoint": "http://www.w3.org/ns/time/gregorian/October", "begin": "http://www.w3.org/ns/time/gregorian/May", "end": "http://www.w3.org/ns/time/gregorian/October", "http://www.w3.org/ns/locn#postCode": "10627", "http://www.wikidata.org/prop/direct/P571": "2020", "http://xmlns.com/foaf/0.1/homepage": "https://www.bwb.de/de/trinkbrunnen.php"}, "geometry": {"type": "Point", "coordinates": [13.301301999999808, 52.50511203685258]}}, {"type": "Feature", "id": "https://gdi-de.github.io/apworkshop2026/200", "name": "Brunnen 200 (gdide:200)", "dateprops": ["timepoint", "begin", "end"], "properties": {"http://www.w3.org/2000/01/rdf-schema#label": "Brunnen 200", "http://rdfs.org/ns/void#inDataset.value": "6503", "http://www.w3.org/2000/01/rdf-schema#comment": "Betriebszeit: Mai bis Oktober, Link: https://www.bwb.de/de/trinkbrunnen.php  ", "http://www.w3.org/2004/02/skos/core#scopeNote": "nan", "timepoint": "http://www.w3.org/ns/time/gregorian/October", "begin": "http://www.w3.org/ns/time/gregorian/May", "end": "http://www.w3.org/ns/time/gregorian/October", "http://www.w3.org/ns/locn#postCode": "12355", "http://www.wikidata.org/prop/direct/P571": "2022", "http://xmlns.com/foaf/0.1/homepage": "https://www.bwb.de/de/trinkbrunnen.php"}, "geometry": {"type": "Point", "coordinates": [13.484616, 52.412293036950516]}}, {"type": "Feature", "id": "https://gdi-de.github.io/apworkshop2026/218", "name": "Brunnen 218 (gdide:218)", "dateprops": ["timepoint", "begin", "end"], "properties": {"http://www.w3.org/2000/01/rdf-schema#label": "Brunnen 218", "http://rdfs.org/ns/void#inDataset.value": "6503", "http://www.w3.org/2000/01/rdf-schema#comment": "Betriebszeit: Mai bis Oktober, Link: https://www.bwb.de/de/trinkbrunnen.php  ", "http://www.w3.org/2004/02/skos/core#scopeNote": "nan", "timepoint": "http://www.w3.org/ns/time/gregorian/October", "begin": "http://www.w3.org/ns/time/gregorian/May", "end": "http://www.w3.org/ns/time/gregorian/October", "http://www.w3.org/ns/locn#postCode": "13595", "http://www.wikidata.org/prop/direct/P571": "2023", "http://xmlns.com/foaf/0.1/homepage": "https://www.bwb.de/de/trinkbrunnen.php"}, "geometry": {"type": "Point", "coordinates": [13.187080999999525, 52.51890303683705]}}, {"type": "Feature", "id": "https://gdi-de.github.io/apworkshop2026/4", "name": "Brunnen 4 (gdide:4)", "dateprops": ["timepoint", "begin", "end"], "properties": {"http://www.w3.org/2000/01/rdf-schema#label": "Brunnen 4", "http://rdfs.org/ns/void#inDataset.value": "6503", "http://www.w3.org/2000/01/rdf-schema#comment": "Betriebszeit: Mai bis Oktober, Link: https://www.bwb.de/de/trinkbrunnen.php  ", "http://www.w3.org/2004/02/skos/core#scopeNote": "nan", "timepoint": "http://www.w3.org/ns/time/gregorian/October", "begin": "http://www.w3.org/ns/time/gregorian/May", "end": "http://www.w3.org/ns/time/gregorian/October", "http://www.w3.org/ns/locn#postCode": "10243", "http://www.wikidata.org/prop/direct/P571": "1985", "http://xmlns.com/foaf/0.1/homepage": "https://www.bwb.de/de/trinkbrunnen.php"}, "geometry": {"type": "Point", "coordinates": [13.435318, 52.52929003682814]}}, {"type": "Feature", "id": "https://gdi-de.github.io/apworkshop2026/7", "name": "Brunnen 7 (gdide:7)", "dateprops": ["timepoint", "begin", "end"], "properties": {"http://www.w3.org/2000/01/rdf-schema#label": "Brunnen 7", "http://rdfs.org/ns/void#inDataset.value": "6503", "http://www.w3.org/2000/01/rdf-schema#comment": "Betriebszeit: Mai bis Oktober, Link: https://www.bwb.de/de/trinkbrunnen.php  ", "http://www.w3.org/2004/02/skos/core#scopeNote": "nan", "timepoint": "http://www.w3.org/ns/time/gregorian/October", "begin": "http://www.w3.org/ns/time/gregorian/May", "end": "http://www.w3.org/ns/time/gregorian/October", "http://www.w3.org/ns/locn#postCode": "12207", "http://www.wikidata.org/prop/direct/P571": "1985", "http://xmlns.com/foaf/0.1/homepage": "https://www.bwb.de/de/trinkbrunnen.php"}, "geometry": {"type": "Point", "coordinates": [13.318057999999787, 52.42522003693611]}}, {"type": "Feature", "id": "https://gdi-de.github.io/apworkshop2026/70", "name": "Brunnen 70 (gdide:70)", "dateprops": ["timepoint", "begin", "end"], "properties": {"http://www.w3.org/2000/01/rdf-schema#label": "Brunnen 70", "http://rdfs.org/ns/void#inDataset.value": "6503", "http://www.w3.org/2000/01/rdf-schema#comment": "Betriebszeit: Mai bis Oktober, Link: https://www.bwb.de/de/trinkbrunnen.php  ", "http://www.w3.org/2004/02/skos/core#scopeNote": "nan", "timepoint": "http://www.w3.org/ns/time/gregorian/October", "begin": "http://www.w3.org/ns/time/gregorian/May", "end": "http://www.w3.org/ns/time/gregorian/October", "http://www.w3.org/ns/locn#postCode": "10997", "http://www.wikidata.org/prop/direct/P571": "2019", "http://xmlns.com/foaf/0.1/homepage": "https://www.bwb.de/de/trinkbrunnen.php"}, "geometry": {"type": "Point", "coordinates": [13.424648, 52.503674036854925]}}, {"type": "Feature", "id": "https://gdi-de.github.io/apworkshop2026/89", "name": "Brunnen 89 (gdide:89)", "dateprops": ["timepoint", "begin", "end"], "properties": {"http://www.w3.org/2000/01/rdf-schema#label": "Brunnen 89", "http://rdfs.org/ns/void#inDataset.value": "6503", "http://www.w3.org/2000/01/rdf-schema#comment": "Betriebszeit: Mai bis Oktober, Link: https://www.bwb.de/de/trinkbrunnen.php  ", "http://www.w3.org/2004/02/skos/core#scopeNote": "nan", "timepoint": "http://www.w3.org/ns/time/gregorian/October", "begin": "http://www.w3.org/ns/time/gregorian/May", "end": "http://www.w3.org/ns/time/gregorian/October", "http://www.w3.org/ns/locn#postCode": "10627", "http://www.wikidata.org/prop/direct/P571": "2019", "http://xmlns.com/foaf/0.1/homepage": "https://www.bwb.de/de/trinkbrunnen.php"}, "geometry": {"type": "Point", "coordinates": [13.306366999999737, 52.50782003684983]}}, {"type": "Feature", "id": "https://gdi-de.github.io/apworkshop2026/168", "name": "Brunnen 168 (gdide:168)", "dateprops": ["timepoint", "begin", "end"], "properties": {"http://www.w3.org/2000/01/rdf-schema#label": "Brunnen 168", "http://rdfs.org/ns/void#inDataset.value": "6503", "http://www.w3.org/2000/01/rdf-schema#comment": "Betriebszeit: Mai bis Oktober, Link: https://www.bwb.de/de/trinkbrunnen.php  ", "http://www.w3.org/2004/02/skos/core#scopeNote": "nan", "timepoint": "http://www.w3.org/ns/time/gregorian/October", "begin": "http://www.w3.org/ns/time/gregorian/May", "end": "http://www.w3.org/ns/time/gregorian/October", "http://www.w3.org/ns/locn#postCode": "13055", "http://www.wikidata.org/prop/direct/P571": "2022", "http://xmlns.com/foaf/0.1/homepage": "https://www.bwb.de/de/trinkbrunnen.php"}, "geometry": {"type": "Point", "coordinates": [13.484279, 52.53551203682178]}}, {"type": "Feature", "id": "https://gdi-de.github.io/apworkshop2026/233", "name": "Brunnen 233 (gdide:233)", "dateprops": ["timepoint", "begin", "end"], "properties": {"http://www.w3.org/2000/01/rdf-schema#label": "Brunnen 233", "http://rdfs.org/ns/void#inDataset.value": "6503", "http://www.w3.org/2000/01/rdf-schema#comment": "Betriebszeit: Mai bis Oktober, Link: https://www.bwb.de/de/trinkbrunnen.php  ", "http://www.w3.org/2004/02/skos/core#scopeNote": "nan", "timepoint": "http://www.w3.org/ns/time/gregorian/October", "begin": "http://www.w3.org/ns/time/gregorian/May", "end": "http://www.w3.org/ns/time/gregorian/October", "http://www.w3.org/ns/locn#postCode": "13059", "http://www.wikidata.org/prop/direct/P571": "2024", "http://xmlns.com/foaf/0.1/homepage": "https://www.bwb.de/de/trinkbrunnen.php"}, "geometry": {"type": "Point", "coordinates": [13.503449, 52.57665203677854]}}, {"type": "Feature", "id": "https://gdi-de.github.io/apworkshop2026/119", "name": "Brunnen 119 (gdide:119)", "dateprops": ["timepoint", "begin", "end"], "properties": {"http://www.w3.org/2000/01/rdf-schema#label": "Brunnen 119", "http://rdfs.org/ns/void#inDataset.value": "6503", "http://www.w3.org/2000/01/rdf-schema#comment": "Betriebszeit: Mai bis Oktober, Link: https://www.bwb.de/de/trinkbrunnen.php  ", "http://www.w3.org/2004/02/skos/core#scopeNote": "nan", "timepoint": "http://www.w3.org/ns/time/gregorian/October", "begin": "http://www.w3.org/ns/time/gregorian/May", "end": "http://www.w3.org/ns/time/gregorian/October", "http://www.w3.org/ns/locn#postCode": "12589", "http://www.wikidata.org/prop/direct/P571": "2019", "http://xmlns.com/foaf/0.1/homepage": "https://www.bwb.de/de/trinkbrunnen.php"}, "geometry": {"type": "Point", "coordinates": [13.720900000000293, 52.439043036923415]}}, {"type": "Feature", "id": "https://gdi-de.github.io/apworkshop2026/165", "name": "Brunnen 165 (gdide:165)", "dateprops": ["timepoint", "begin", "end"], "properties": {"http://www.w3.org/2000/01/rdf-schema#label": "Brunnen 165", "http://rdfs.org/ns/void#inDataset.value": "6503", "http://www.w3.org/2000/01/rdf-schema#comment": "Betriebszeit: Mai bis Oktober, Link: https://www.bwb.de/de/trinkbrunnen.php  ", "http://www.w3.org/2004/02/skos/core#scopeNote": "nan", "timepoint": "http://www.w3.org/ns/time/gregorian/October", "begin": "http://www.w3.org/ns/time/gregorian/May", "end": "http://www.w3.org/ns/time/gregorian/October", "http://www.w3.org/ns/locn#postCode": "13353", "http://www.wikidata.org/prop/direct/P571": "2021", "http://xmlns.com/foaf/0.1/homepage": "https://www.bwb.de/de/trinkbrunnen.php"}, "geometry": {"type": "Point", "coordinates": [13.360841999999884, 52.54165303681469]}}, {"type": "Feature", "id": "https://gdi-de.github.io/apworkshop2026/66", "name": "Brunnen 66 (gdide:66)", "dateprops": ["timepoint", "begin", "end"], "properties": {"http://www.w3.org/2000/01/rdf-schema#label": "Brunnen 66", "http://rdfs.org/ns/void#inDataset.value": "6503", "http://www.w3.org/2000/01/rdf-schema#comment": "Betriebszeit: Mai bis Oktober, Link: https://www.bwb.de/de/trinkbrunnen.php  ", "http://www.w3.org/2004/02/skos/core#scopeNote": "nan", "timepoint": "http://www.w3.org/ns/time/gregorian/October", "begin": "http://www.w3.org/ns/time/gregorian/May", "end": "http://www.w3.org/ns/time/gregorian/October", "http://www.w3.org/ns/locn#postCode": "10967", "http://www.wikidata.org/prop/direct/P571": "2019", "http://xmlns.com/foaf/0.1/homepage": "https://www.bwb.de/de/trinkbrunnen.php"}, "geometry": {"type": "Point", "coordinates": [13.423177, 52.49089603686831]}}, {"type": "Feature", "id": "https://gdi-de.github.io/apworkshop2026/88", "name": "Brunnen 88 (gdide:88)", "dateprops": ["timepoint", "begin", "end"], "properties": {"http://www.w3.org/2000/01/rdf-schema#label": "Brunnen 88", "http://rdfs.org/ns/void#inDataset.value": "6503", "http://www.w3.org/2000/01/rdf-schema#comment": "Betriebszeit: Mai bis Oktober, Link: https://www.bwb.de/de/trinkbrunnen.php  ", "http://www.w3.org/2004/02/skos/core#scopeNote": "nan", "timepoint": "http://www.w3.org/ns/time/gregorian/October", "begin": "http://www.w3.org/ns/time/gregorian/May", "end": "http://www.w3.org/ns/time/gregorian/October", "http://www.w3.org/ns/locn#postCode": "10707", "http://www.wikidata.org/prop/direct/P571": "2019", "http://xmlns.com/foaf/0.1/homepage": "https://www.bwb.de/de/trinkbrunnen.php"}, "geometry": {"type": "Point", "coordinates": [13.30734399999978, 52.50076803685722]}}, {"type": "Feature", "id": "https://gdi-de.github.io/apworkshop2026/225", "name": "Brunnen 225 (gdide:225)", "dateprops": ["timepoint", "begin", "end"], "properties": {"http://www.w3.org/2000/01/rdf-schema#label": "Brunnen 225", "http://rdfs.org/ns/void#inDataset.value": "6503", "http://www.w3.org/2000/01/rdf-schema#comment": "Betriebszeit: Mai bis Oktober, Link: https://www.bwb.de/de/trinkbrunnen.php  ", "http://www.w3.org/2004/02/skos/core#scopeNote": "nan", "timepoint": "http://www.w3.org/ns/time/gregorian/October", "begin": "http://www.w3.org/ns/time/gregorian/May", "end": "http://www.w3.org/ns/time/gregorian/October", "http://www.w3.org/ns/locn#postCode": "12629", "http://www.wikidata.org/prop/direct/P571": "2024", "http://xmlns.com/foaf/0.1/homepage": "https://www.bwb.de/de/trinkbrunnen.php"}, "geometry": {"type": "Point", "coordinates": [13.591908000000165, 52.53981203681769]}}, {"type": "Feature", "id": "https://gdi-de.github.io/apworkshop2026/243", "name": "Brunnen 243 (gdide:243)", "dateprops": ["timepoint", "begin", "end"], "properties": {"http://www.w3.org/2000/01/rdf-schema#label": "Brunnen 243", "http://rdfs.org/ns/void#inDataset.value": "6503", "http://www.w3.org/2000/01/rdf-schema#comment": "Betriebszeit: Mai bis Oktober, Link: https://www.bwb.de/de/trinkbrunnen.php  ", "http://www.w3.org/2004/02/skos/core#scopeNote": "nan", "timepoint": "http://www.w3.org/ns/time/gregorian/October", "begin": "http://www.w3.org/ns/time/gregorian/May", "end": "http://www.w3.org/ns/time/gregorian/October", "http://www.w3.org/ns/locn#postCode": "13359", "http://www.wikidata.org/prop/direct/P571": "2024", "http://xmlns.com/foaf/0.1/homepage": "https://www.bwb.de/de/trinkbrunnen.php"}, "geometry": {"type": "Point", "coordinates": [13.3831, 52.55951503679599]}}, {"type": "Feature", "id": "https://gdi-de.github.io/apworkshop2026/192", "name": "Brunnen 192 (gdide:192)", "dateprops": ["timepoint", "begin", "end"], "properties": {"http://www.w3.org/2000/01/rdf-schema#label": "Brunnen 192", "http://rdfs.org/ns/void#inDataset.value": "6503", "http://www.w3.org/2000/01/rdf-schema#comment": "Betriebszeit: Mai bis Oktober, Link: https://www.bwb.de/de/trinkbrunnen.php  ", "http://www.w3.org/2004/02/skos/core#scopeNote": "nan", "timepoint": "http://www.w3.org/ns/time/gregorian/October", "begin": "http://www.w3.org/ns/time/gregorian/May", "end": "http://www.w3.org/ns/time/gregorian/October", "http://www.w3.org/ns/locn#postCode": "13053", "http://www.wikidata.org/prop/direct/P571": "2022", "http://xmlns.com/foaf/0.1/homepage": "https://www.bwb.de/de/trinkbrunnen.php"}, "geometry": {"type": "Point", "coordinates": [13.491901000000103, 52.54636603681041]}}, {"type": "Feature", "id": "https://gdi-de.github.io/apworkshop2026/161", "name": "Brunnen 161 (gdide:161)", "dateprops": ["timepoint", "begin", "end"], "properties": {"http://www.w3.org/2000/01/rdf-schema#label": "Brunnen 161", "http://rdfs.org/ns/void#inDataset.value": "6503", "http://www.w3.org/2000/01/rdf-schema#comment": "Betriebszeit: Mai bis Oktober, Link: https://www.bwb.de/de/trinkbrunnen.php  ", "http://www.w3.org/2004/02/skos/core#scopeNote": "nan", "timepoint": "http://www.w3.org/ns/time/gregorian/October", "begin": "http://www.w3.org/ns/time/gregorian/May", "end": "http://www.w3.org/ns/time/gregorian/October", "http://www.w3.org/ns/locn#postCode": "13589", "http://www.wikidata.org/prop/direct/P571": "2020", "http://xmlns.com/foaf/0.1/homepage": "https://www.bwb.de/de/trinkbrunnen.php"}, "geometry": {"type": "Point", "coordinates": [13.17826299999948, 52.55023103680403]}}, {"type": "Feature", "id": "https://gdi-de.github.io/apworkshop2026/103", "name": "Brunnen 103 (gdide:103)", "dateprops": ["timepoint", "begin", "end"], "properties": {"http://www.w3.org/2000/01/rdf-schema#label": "Brunnen 103", "http://rdfs.org/ns/void#inDataset.value": "6503", "http://www.w3.org/2000/01/rdf-schema#comment": "Betriebszeit: Mai bis Oktober, Link: https://www.bwb.de/de/trinkbrunnen.php  ", "http://www.w3.org/2004/02/skos/core#scopeNote": "nan", "timepoint": "http://www.w3.org/ns/time/gregorian/October", "begin": "http://www.w3.org/ns/time/gregorian/May", "end": "http://www.w3.org/ns/time/gregorian/October", "http://www.w3.org/ns/locn#postCode": "10243", "http://www.wikidata.org/prop/direct/P571": "2019", "http://xmlns.com/foaf/0.1/homepage": "https://www.bwb.de/de/trinkbrunnen.php"}, "geometry": {"type": "Point", "coordinates": [13.429307, 52.518702036839215]}}, {"type": "Feature", "id": "https://gdi-de.github.io/apworkshop2026/110", "name": "Brunnen 110 (gdide:110)", "dateprops": ["timepoint", "begin", "end"], "properties": {"http://www.w3.org/2000/01/rdf-schema#label": "Brunnen 110", "http://rdfs.org/ns/void#inDataset.value": "6503", "http://www.w3.org/2000/01/rdf-schema#comment": "Betriebszeit: Mai bis Oktober, Link: https://www.bwb.de/de/trinkbrunnen.php  ", "http://www.w3.org/2004/02/skos/core#scopeNote": "nan", "timepoint": "http://www.w3.org/ns/time/gregorian/October", "begin": "http://www.w3.org/ns/time/gregorian/May", "end": "http://www.w3.org/ns/time/gregorian/October", "http://www.w3.org/ns/locn#postCode": "12045", "http://www.wikidata.org/prop/direct/P571": "2020", "http://xmlns.com/foaf/0.1/homepage": "https://www.bwb.de/de/trinkbrunnen.php"}, "geometry": {"type": "Point", "coordinates": [13.439191, 52.48945703686993]}}, {"type": "Feature", "id": "https://gdi-de.github.io/apworkshop2026/114", "name": "Brunnen 114 (gdide:114)", "dateprops": ["timepoint", "begin", "end"], "properties": {"http://www.w3.org/2000/01/rdf-schema#label": "Brunnen 114", "http://rdfs.org/ns/void#inDataset.value": "6503", "http://www.w3.org/2000/01/rdf-schema#comment": "Betriebszeit: Mai bis Oktober, Link: https://www.bwb.de/de/trinkbrunnen.php  ", "http://www.w3.org/2004/02/skos/core#scopeNote": "nan", "timepoint": "http://www.w3.org/ns/time/gregorian/October", "begin": "http://www.w3.org/ns/time/gregorian/May", "end": "http://www.w3.org/ns/time/gregorian/October", "http://www.w3.org/ns/locn#postCode": "13347", "http://www.wikidata.org/prop/direct/P571": "2020", "http://xmlns.com/foaf/0.1/homepage": "https://www.bwb.de/de/trinkbrunnen.php"}, "geometry": {"type": "Point", "coordinates": [13.369038999999862, 52.544441036811804]}}, {"type": "Feature", "id": "https://gdi-de.github.io/apworkshop2026/71", "name": "Brunnen 71 (gdide:71)", "dateprops": ["timepoint", "begin", "end"], "properties": {"http://www.w3.org/2000/01/rdf-schema#label": "Brunnen 71", "http://rdfs.org/ns/void#inDataset.value": "6503", "http://www.w3.org/2000/01/rdf-schema#comment": "Betriebszeit: Mai bis Oktober, Link: https://www.bwb.de/de/trinkbrunnen.php  ", "http://www.w3.org/2004/02/skos/core#scopeNote": "nan", "timepoint": "http://www.w3.org/ns/time/gregorian/October", "begin": "http://www.w3.org/ns/time/gregorian/May", "end": "http://www.w3.org/ns/time/gregorian/October", "http://www.w3.org/ns/locn#postCode": "13437", "http://www.wikidata.org/prop/direct/P571": "2019", "http://xmlns.com/foaf/0.1/homepage": "https://www.bwb.de/de/trinkbrunnen.php"}, "geometry": {"type": "Point", "coordinates": [13.32459499999983, 52.58879903676465]}}, {"type": "Feature", "id": "https://gdi-de.github.io/apworkshop2026/9", "name": "Brunnen 9 (gdide:9)", "dateprops": ["timepoint", "begin", "end"], "properties": {"http://www.w3.org/2000/01/rdf-schema#label": "Brunnen 9", "http://rdfs.org/ns/void#inDataset.value": "6503", "http://www.w3.org/2000/01/rdf-schema#comment": "Betriebszeit: Mai bis Oktober, Link: https://www.bwb.de/de/trinkbrunnen.php  ", "http://www.w3.org/2004/02/skos/core#scopeNote": "nan", "timepoint": "http://www.w3.org/ns/time/gregorian/October", "begin": "http://www.w3.org/ns/time/gregorian/May", "end": "http://www.w3.org/ns/time/gregorian/October", "http://www.w3.org/ns/locn#postCode": "10179", "http://www.wikidata.org/prop/direct/P571": "1985", "http://xmlns.com/foaf/0.1/homepage": "https://www.bwb.de/de/trinkbrunnen.php"}, "geometry": {"type": "Point", "coordinates": [13.410771, 52.51549603684242]}}, {"type": "Feature", "id": "https://gdi-de.github.io/apworkshop2026/75", "name": "Brunnen 75 (gdide:75)", "dateprops": ["timepoint", "begin", "end"], "properties": {"http://www.w3.org/2000/01/rdf-schema#label": "Brunnen 75", "http://rdfs.org/ns/void#inDataset.value": "6503", "http://www.w3.org/2000/01/rdf-schema#comment": "Betriebszeit: Mai bis Oktober, Link: https://www.bwb.de/de/trinkbrunnen.php  ", "http://www.w3.org/2004/02/skos/core#scopeNote": "nan", "timepoint": "http://www.w3.org/ns/time/gregorian/October", "begin": "http://www.w3.org/ns/time/gregorian/May", "end": "http://www.w3.org/ns/time/gregorian/October", "http://www.w3.org/ns/locn#postCode": "14195", "http://www.wikidata.org/prop/direct/P571": "2019", "http://xmlns.com/foaf/0.1/homepage": "https://www.bwb.de/de/trinkbrunnen.php"}, "geometry": {"type": "Point", "coordinates": [13.290010999999689, 52.45792003690184]}}, {"type": "Feature", "id": "https://gdi-de.github.io/apworkshop2026/102", "name": "Brunnen 102 (gdide:102)", "dateprops": ["timepoint", "begin", "end"], "properties": {"http://www.w3.org/2000/01/rdf-schema#label": "Brunnen 102", "http://rdfs.org/ns/void#inDataset.value": "6503", "http://www.w3.org/2000/01/rdf-schema#comment": "Betriebszeit: Mai bis Oktober, Link: https://www.bwb.de/de/trinkbrunnen.php  ", "http://www.w3.org/2004/02/skos/core#scopeNote": "nan", "timepoint": "http://www.w3.org/ns/time/gregorian/October", "begin": "http://www.w3.org/ns/time/gregorian/May", "end": "http://www.w3.org/ns/time/gregorian/October", "http://www.w3.org/ns/locn#postCode": "10367", "http://www.wikidata.org/prop/direct/P571": "2019", "http://xmlns.com/foaf/0.1/homepage": "https://www.bwb.de/de/trinkbrunnen.php"}, "geometry": {"type": "Point", "coordinates": [13.478319, 52.51906203683903]}}, {"type": "Feature", "id": "https://gdi-de.github.io/apworkshop2026/137", "name": "Brunnen 137 (gdide:137)", "dateprops": ["timepoint", "begin", "end"], "properties": {"http://www.w3.org/2000/01/rdf-schema#label": "Brunnen 137", "http://rdfs.org/ns/void#inDataset.value": "6503", "http://www.w3.org/2000/01/rdf-schema#comment": "Betriebszeit: Mai bis Oktober, Link: https://www.bwb.de/de/trinkbrunnen.php  ", "http://www.w3.org/2004/02/skos/core#scopeNote": "nan", "timepoint": "http://www.w3.org/ns/time/gregorian/October", "begin": "http://www.w3.org/ns/time/gregorian/May", "end": "http://www.w3.org/ns/time/gregorian/October", "http://www.w3.org/ns/locn#postCode": "12559", "http://www.wikidata.org/prop/direct/P571": "2020", "http://xmlns.com/foaf/0.1/homepage": "https://www.bwb.de/de/trinkbrunnen.php"}, "geometry": {"type": "Point", "coordinates": [13.589086000000155, 52.44084703692127]}}, {"type": "Feature", "id": "https://gdi-de.github.io/apworkshop2026/17", "name": "Brunnen 17 (gdide:17)", "dateprops": ["timepoint", "begin", "end"], "properties": {"http://www.w3.org/2000/01/rdf-schema#label": "Brunnen 17", "http://rdfs.org/ns/void#inDataset.value": "6503", "http://www.w3.org/2000/01/rdf-schema#comment": "Betriebszeit: Mai bis Oktober, Link: https://www.bwb.de/de/trinkbrunnen.php  ", "http://www.w3.org/2004/02/skos/core#scopeNote": "nan", "timepoint": "http://www.w3.org/ns/time/gregorian/October", "begin": "http://www.w3.org/ns/time/gregorian/May", "end": "http://www.w3.org/ns/time/gregorian/October", "http://www.w3.org/ns/locn#postCode": "14195", "http://www.wikidata.org/prop/direct/P571": "1985", "http://xmlns.com/foaf/0.1/homepage": "https://www.bwb.de/de/trinkbrunnen.php"}, "geometry": {"type": "Point", "coordinates": [13.30535799999974, 52.45883403690102]}}, {"type": "Feature", "id": "https://gdi-de.github.io/apworkshop2026/162", "name": "Brunnen 162 (gdide:162)", "dateprops": ["timepoint", "begin", "end"], "properties": {"http://www.w3.org/2000/01/rdf-schema#label": "Brunnen 162", "http://rdfs.org/ns/void#inDataset.value": "6503", "http://www.w3.org/2000/01/rdf-schema#comment": "Betriebszeit: Mai bis Oktober, Link: https://www.bwb.de/de/trinkbrunnen.php  ", "http://www.w3.org/2004/02/skos/core#scopeNote": "nan", "timepoint": "http://www.w3.org/ns/time/gregorian/October", "begin": "http://www.w3.org/ns/time/gregorian/May", "end": "http://www.w3.org/ns/time/gregorian/October", "http://www.w3.org/ns/locn#postCode": "10409", "http://www.wikidata.org/prop/direct/P571": "2020", "http://xmlns.com/foaf/0.1/homepage": "https://www.bwb.de/de/trinkbrunnen.php"}, "geometry": {"type": "Point", "coordinates": [13.432122, 52.550201036806094]}}, {"type": "Feature", "id": "https://gdi-de.github.io/apworkshop2026/230", "name": "Brunnen 230 (gdide:230)", "dateprops": ["timepoint", "begin", "end"], "properties": {"http://www.w3.org/2000/01/rdf-schema#label": "Brunnen 230", "http://rdfs.org/ns/void#inDataset.value": "6503", "http://www.w3.org/2000/01/rdf-schema#comment": "Betriebszeit: Mai bis Oktober, Link: https://www.bwb.de/de/trinkbrunnen.php  ", "http://www.w3.org/2004/02/skos/core#scopeNote": "nan", "timepoint": "http://www.w3.org/ns/time/gregorian/October", "begin": "http://www.w3.org/ns/time/gregorian/May", "end": "http://www.w3.org/ns/time/gregorian/October", "http://www.w3.org/ns/locn#postCode": "13125", "http://www.wikidata.org/prop/direct/P571": "2023", "http://xmlns.com/foaf/0.1/homepage": "https://www.bwb.de/de/trinkbrunnen.php"}, "geometry": {"type": "Point", "coordinates": [13.487548000000132, 52.61807003673458]}}, {"type": "Feature", "id": "https://gdi-de.github.io/apworkshop2026/128", "name": "Brunnen 128 (gdide:128)", "dateprops": ["timepoint", "begin", "end"], "properties": {"http://www.w3.org/2000/01/rdf-schema#label": "Brunnen 128", "http://rdfs.org/ns/void#inDataset.value": "6503", "http://www.w3.org/2000/01/rdf-schema#comment": "Betriebszeit: Mai bis Oktober, Link: https://www.bwb.de/de/trinkbrunnen.php  ", "http://www.w3.org/2004/02/skos/core#scopeNote": "nan", "timepoint": "http://www.w3.org/ns/time/gregorian/October", "begin": "http://www.w3.org/ns/time/gregorian/May", "end": "http://www.w3.org/ns/time/gregorian/October", "http://www.w3.org/ns/locn#postCode": "13057", "http://www.wikidata.org/prop/direct/P571": "2020", "http://xmlns.com/foaf/0.1/homepage": "https://www.bwb.de/de/trinkbrunnen.php"}, "geometry": {"type": "Point", "coordinates": [13.519056, 52.56712103678863]}}, {"type": "Feature", "id": "https://gdi-de.github.io/apworkshop2026/154", "name": "Brunnen 154 (gdide:154)", "dateprops": ["timepoint", "begin", "end"], "properties": {"http://www.w3.org/2000/01/rdf-schema#label": "Brunnen 154", "http://rdfs.org/ns/void#inDataset.value": "6503", "http://www.w3.org/2000/01/rdf-schema#comment": "Betriebszeit: Mai bis Oktober, Link: https://www.bwb.de/de/trinkbrunnen.php  ", "http://www.w3.org/2004/02/skos/core#scopeNote": "nan", "timepoint": "http://www.w3.org/ns/time/gregorian/October", "begin": "http://www.w3.org/ns/time/gregorian/May", "end": "http://www.w3.org/ns/time/gregorian/October", "http://www.w3.org/ns/locn#postCode": "10317", "http://www.wikidata.org/prop/direct/P571": "2020", "http://xmlns.com/foaf/0.1/homepage": "https://www.bwb.de/de/trinkbrunnen.php"}, "geometry": {"type": "Point", "coordinates": [13.482354, 52.503485036855466]}}, {"type": "Feature", "id": "https://gdi-de.github.io/apworkshop2026/234", "name": "Brunnen 234 (gdide:234)", "dateprops": ["timepoint", "begin", "end"], "properties": {"http://www.w3.org/2000/01/rdf-schema#label": "Brunnen 234", "http://rdfs.org/ns/void#inDataset.value": "6503", "http://www.w3.org/2000/01/rdf-schema#comment": "Betriebszeit: Mai bis Oktober, Link: https://www.bwb.de/de/trinkbrunnen.php  ", "http://www.w3.org/2004/02/skos/core#scopeNote": "nan", "timepoint": "http://www.w3.org/ns/time/gregorian/October", "begin": "http://www.w3.org/ns/time/gregorian/May", "end": "http://www.w3.org/ns/time/gregorian/October", "http://www.w3.org/ns/locn#postCode": "13051", "http://www.wikidata.org/prop/direct/P571": "2024", "http://xmlns.com/foaf/0.1/homepage": "https://www.bwb.de/de/trinkbrunnen.php"}, "geometry": {"type": "Point", "coordinates": [13.503875000000114, 52.57179303678366]}}, {"type": "Feature", "id": "https://gdi-de.github.io/apworkshop2026/143", "name": "Brunnen 143 (gdide:143)", "dateprops": ["timepoint", "begin", "end"], "properties": {"http://www.w3.org/2000/01/rdf-schema#label": "Brunnen 143", "http://rdfs.org/ns/void#inDataset.value": "6503", "http://www.w3.org/2000/01/rdf-schema#comment": "Betriebszeit: Mai bis Oktober, Link: https://www.bwb.de/de/trinkbrunnen.php  ", "http://www.w3.org/2004/02/skos/core#scopeNote": "nan", "timepoint": "http://www.w3.org/ns/time/gregorian/October", "begin": "http://www.w3.org/ns/time/gregorian/May", "end": "http://www.w3.org/ns/time/gregorian/October", "http://www.w3.org/ns/locn#postCode": "10405", "http://www.wikidata.org/prop/direct/P571": "2020", "http://xmlns.com/foaf/0.1/homepage": "https://www.bwb.de/de/trinkbrunnen.php"}, "geometry": {"type": "Point", "coordinates": [13.424365, 52.534863036822216]}}, {"type": "Feature", "id": "https://gdi-de.github.io/apworkshop2026/173", "name": "Brunnen 173 (gdide:173)", "dateprops": ["timepoint", "begin", "end"], "properties": {"http://www.w3.org/2000/01/rdf-schema#label": "Brunnen 173", "http://rdfs.org/ns/void#inDataset.value": "6503", "http://www.w3.org/2000/01/rdf-schema#comment": "Betriebszeit: Mai bis Oktober, Link: https://www.bwb.de/de/trinkbrunnen.php  ", "http://www.w3.org/2004/02/skos/core#scopeNote": "nan", "timepoint": "http://www.w3.org/ns/time/gregorian/October", "begin": "http://www.w3.org/ns/time/gregorian/May", "end": "http://www.w3.org/ns/time/gregorian/October", "http://www.w3.org/ns/locn#postCode": "12681", "http://www.wikidata.org/prop/direct/P571": "2021", "http://xmlns.com/foaf/0.1/homepage": "https://www.bwb.de/de/trinkbrunnen.php"}, "geometry": {"type": "Point", "coordinates": [13.539102000000163, 52.535959036821524]}}, {"type": "Feature", "id": "https://gdi-de.github.io/apworkshop2026/205", "name": "Brunnen 205 (gdide:205)", "dateprops": ["timepoint", "begin", "end"], "properties": {"http://www.w3.org/2000/01/rdf-schema#label": "Brunnen 205", "http://rdfs.org/ns/void#inDataset.value": "6503", "http://www.w3.org/2000/01/rdf-schema#comment": "Betriebszeit: Mai bis Oktober, Link: https://www.bwb.de/de/trinkbrunnen.php  ", "http://www.w3.org/2004/02/skos/core#scopeNote": "nan", "timepoint": "http://www.w3.org/ns/time/gregorian/October", "begin": "http://www.w3.org/ns/time/gregorian/May", "end": "http://www.w3.org/ns/time/gregorian/October", "http://www.w3.org/ns/locn#postCode": "10365", "http://www.wikidata.org/prop/direct/P571": "2022", "http://xmlns.com/foaf/0.1/homepage": "https://www.bwb.de/de/trinkbrunnen.php"}, "geometry": {"type": "Point", "coordinates": [13.489023, 52.515305036843074]}}, {"type": "Feature", "id": "https://gdi-de.github.io/apworkshop2026/87", "name": "Brunnen 87 (gdide:87)", "dateprops": ["timepoint", "begin", "end"], "properties": {"http://www.w3.org/2000/01/rdf-schema#label": "Brunnen 87", "http://rdfs.org/ns/void#inDataset.value": "6503", "http://www.w3.org/2000/01/rdf-schema#comment": "Betriebszeit: Mai bis Oktober, Link: https://www.bwb.de/de/trinkbrunnen.php  ", "http://www.w3.org/2004/02/skos/core#scopeNote": "nan", "timepoint": "http://www.w3.org/ns/time/gregorian/October", "begin": "http://www.w3.org/ns/time/gregorian/May", "end": "http://www.w3.org/ns/time/gregorian/October", "http://www.w3.org/ns/locn#postCode": "10247", "http://www.wikidata.org/prop/direct/P571": "2019", "http://xmlns.com/foaf/0.1/homepage": "https://www.bwb.de/de/trinkbrunnen.php"}, "geometry": {"type": "Point", "coordinates": [13.460949, 52.519905036838075]}}, {"type": "Feature", "id": "https://gdi-de.github.io/apworkshop2026/179", "name": "Brunnen 179 (gdide:179)", "dateprops": ["timepoint", "begin", "end"], "properties": {"http://www.w3.org/2000/01/rdf-schema#label": "Brunnen 179", "http://rdfs.org/ns/void#inDataset.value": "6503", "http://www.w3.org/2000/01/rdf-schema#comment": "Betriebszeit: Mai bis Oktober, Link: https://www.bwb.de/de/trinkbrunnen.php  ", "http://www.w3.org/2004/02/skos/core#scopeNote": "nan", "timepoint": "http://www.w3.org/ns/time/gregorian/October", "begin": "http://www.w3.org/ns/time/gregorian/May", "end": "http://www.w3.org/ns/time/gregorian/October", "http://www.w3.org/ns/locn#postCode": "10245", "http://www.wikidata.org/prop/direct/P571": "2021", "http://xmlns.com/foaf/0.1/homepage": "https://www.bwb.de/de/trinkbrunnen.php"}, "geometry": {"type": "Point", "coordinates": [13.482062, 52.48925003687029]}}, {"type": "Feature", "id": "https://gdi-de.github.io/apworkshop2026/39", "name": "Brunnen 39 (gdide:39)", "dateprops": ["timepoint", "begin", "end"], "properties": {"http://www.w3.org/2000/01/rdf-schema#label": "Brunnen 39", "http://rdfs.org/ns/void#inDataset.value": "6503", "http://www.w3.org/2000/01/rdf-schema#comment": "Betriebszeit: Mai bis Oktober, Link: https://www.bwb.de/de/trinkbrunnen.php  ", "http://www.w3.org/2004/02/skos/core#scopeNote": "nan", "timepoint": "http://www.w3.org/ns/time/gregorian/October", "begin": "http://www.w3.org/ns/time/gregorian/May", "end": "http://www.w3.org/ns/time/gregorian/October", "http://www.w3.org/ns/locn#postCode": "12683", "http://www.wikidata.org/prop/direct/P571": "2017", "http://xmlns.com/foaf/0.1/homepage": "https://www.bwb.de/de/trinkbrunnen.php"}, "geometry": {"type": "Point", "coordinates": [13.574819000000133, 52.53451503682317]}}, {"type": "Feature", "id": "https://gdi-de.github.io/apworkshop2026/60", "name": "Brunnen 60 (gdide:60)", "dateprops": ["timepoint", "begin", "end"], "properties": {"http://www.w3.org/2000/01/rdf-schema#label": "Brunnen 60", "http://rdfs.org/ns/void#inDataset.value": "6503", "http://www.w3.org/2000/01/rdf-schema#comment": "Betriebszeit: Mai bis Oktober, Link: https://www.bwb.de/de/trinkbrunnen.php  ", "http://www.w3.org/2004/02/skos/core#scopeNote": "nan", "timepoint": "http://www.w3.org/ns/time/gregorian/October", "begin": "http://www.w3.org/ns/time/gregorian/May", "end": "http://www.w3.org/ns/time/gregorian/October", "http://www.w3.org/ns/locn#postCode": "10243", "http://www.wikidata.org/prop/direct/P571": "2018", "http://xmlns.com/foaf/0.1/homepage": "https://www.bwb.de/de/trinkbrunnen.php"}, "geometry": {"type": "Point", "coordinates": [13.447429, 52.51020803684818]}}, {"type": "Feature", "id": "https://gdi-de.github.io/apworkshop2026/106", "name": "Brunnen 106 (gdide:106)", "dateprops": ["timepoint", "begin", "end"], "properties": {"http://www.w3.org/2000/01/rdf-schema#label": "Brunnen 106", "http://rdfs.org/ns/void#inDataset.value": "6503", "http://www.w3.org/2000/01/rdf-schema#comment": "Betriebszeit: Mai bis Oktober, Link: https://www.bwb.de/de/trinkbrunnen.php  ", "http://www.w3.org/2004/02/skos/core#scopeNote": "nan", "timepoint": "http://www.w3.org/ns/time/gregorian/October", "begin": "http://www.w3.org/ns/time/gregorian/May", "end": "http://www.w3.org/ns/time/gregorian/October", "http://www.w3.org/ns/locn#postCode": "10247", "http://www.wikidata.org/prop/direct/P571": "2019", "http://xmlns.com/foaf/0.1/homepage": "https://www.bwb.de/de/trinkbrunnen.php"}, "geometry": {"type": "Point", "coordinates": [13.466938, 52.520094036837946]}}, {"type": "Feature", "id": "https://gdi-de.github.io/apworkshop2026/219", "name": "Brunnen 219 (gdide:219)", "dateprops": ["timepoint", "begin", "end"], "properties": {"http://www.w3.org/2000/01/rdf-schema#label": "Brunnen 219", "http://rdfs.org/ns/void#inDataset.value": "6503", "http://www.w3.org/2000/01/rdf-schema#comment": "Betriebszeit: Mai bis Oktober, Link: https://www.bwb.de/de/trinkbrunnen.php  ", "http://www.w3.org/2004/02/skos/core#scopeNote": "nan", "timepoint": "http://www.w3.org/ns/time/gregorian/October", "begin": "http://www.w3.org/ns/time/gregorian/May", "end": "http://www.w3.org/ns/time/gregorian/October", "http://www.w3.org/ns/locn#postCode": "10785", "http://www.wikidata.org/prop/direct/P571": "2023", "http://xmlns.com/foaf/0.1/homepage": "https://www.bwb.de/de/trinkbrunnen.php"}, "geometry": {"type": "Point", "coordinates": [13.3743, 52.50838403684971]}}, {"type": "Feature", "id": "https://gdi-de.github.io/apworkshop2026/149", "name": "Brunnen 149 (gdide:149)", "dateprops": ["timepoint", "begin", "end"], "properties": {"http://www.w3.org/2000/01/rdf-schema#label": "Brunnen 149", "http://rdfs.org/ns/void#inDataset.value": "6503", "http://www.w3.org/2000/01/rdf-schema#comment": "Betriebszeit: Mai bis Oktober, Link: https://www.bwb.de/de/trinkbrunnen.php  ", "http://www.w3.org/2004/02/skos/core#scopeNote": "nan", "timepoint": "http://www.w3.org/ns/time/gregorian/October", "begin": "http://www.w3.org/ns/time/gregorian/May", "end": "http://www.w3.org/ns/time/gregorian/October", "http://www.w3.org/ns/locn#postCode": "10551", "http://www.wikidata.org/prop/direct/P571": "2020", "http://xmlns.com/foaf/0.1/homepage": "https://www.bwb.de/de/trinkbrunnen.php"}, "geometry": {"type": "Point", "coordinates": [13.339380999999834, 52.532935036823666]}}, {"type": "Feature", "id": "https://gdi-de.github.io/apworkshop2026/92", "name": "Brunnen 92 (gdide:92)", "dateprops": ["timepoint", "begin", "end"], "properties": {"http://www.w3.org/2000/01/rdf-schema#label": "Brunnen 92", "http://rdfs.org/ns/void#inDataset.value": "6503", "http://www.w3.org/2000/01/rdf-schema#comment": "Betriebszeit: Mai bis Oktober, Link: https://www.bwb.de/de/trinkbrunnen.php  ", "http://www.w3.org/2004/02/skos/core#scopeNote": "nan", "timepoint": "http://www.w3.org/ns/time/gregorian/October", "begin": "http://www.w3.org/ns/time/gregorian/May", "end": "http://www.w3.org/ns/time/gregorian/October", "http://www.w3.org/ns/locn#postCode": "10961", "http://www.wikidata.org/prop/direct/P571": "2019", "http://xmlns.com/foaf/0.1/homepage": "https://www.bwb.de/de/trinkbrunnen.php"}, "geometry": {"type": "Point", "coordinates": [13.395851, 52.489007036870106]}}, {"type": "Feature", "id": "https://gdi-de.github.io/apworkshop2026/18", "name": "Brunnen 18 (gdide:18)", "dateprops": ["timepoint", "begin", "end"], "properties": {"http://www.w3.org/2000/01/rdf-schema#label": "Brunnen 18", "http://rdfs.org/ns/void#inDataset.value": "6503", "http://www.w3.org/2000/01/rdf-schema#comment": "Betriebszeit: Mai bis Oktober, Link: https://www.bwb.de/de/trinkbrunnen.php  ", "http://www.w3.org/2004/02/skos/core#scopeNote": "nan", "timepoint": "http://www.w3.org/ns/time/gregorian/October", "begin": "http://www.w3.org/ns/time/gregorian/May", "end": "http://www.w3.org/ns/time/gregorian/October", "http://www.w3.org/ns/locn#postCode": "13507", "http://www.wikidata.org/prop/direct/P571": "1985", "http://xmlns.com/foaf/0.1/homepage": "https://www.bwb.de/de/trinkbrunnen.php"}, "geometry": {"type": "Point", "coordinates": [13.265878999999718, 52.57534703677839]}}, {"type": "Feature", "id": "https://gdi-de.github.io/apworkshop2026/196", "name": "Brunnen 196 (gdide:196)", "dateprops": ["timepoint", "begin", "end"], "properties": {"http://www.w3.org/2000/01/rdf-schema#label": "Brunnen 196", "http://rdfs.org/ns/void#inDataset.value": "6503", "http://www.w3.org/2000/01/rdf-schema#comment": "Betriebszeit: Mai bis Oktober, Link: https://www.bwb.de/de/trinkbrunnen.php  ", "http://www.w3.org/2004/02/skos/core#scopeNote": "nan", "timepoint": "http://www.w3.org/ns/time/gregorian/October", "begin": "http://www.w3.org/ns/time/gregorian/May", "end": "http://www.w3.org/ns/time/gregorian/October", "http://www.w3.org/ns/locn#postCode": "10829", "http://www.wikidata.org/prop/direct/P571": "2022", "http://xmlns.com/foaf/0.1/homepage": "https://www.bwb.de/de/trinkbrunnen.php"}, "geometry": {"type": "Point", "coordinates": [13.360309, 52.485127036873976]}}, {"type": "Feature", "id": "https://gdi-de.github.io/apworkshop2026/242", "name": "Brunnen 242 (gdide:242)", "dateprops": ["timepoint", "begin", "end"], "properties": {"http://www.w3.org/2000/01/rdf-schema#label": "Brunnen 242", "http://rdfs.org/ns/void#inDataset.value": "6503", "http://www.w3.org/2000/01/rdf-schema#comment": "Betriebszeit: Mai bis Oktober, Link: https://www.bwb.de/de/trinkbrunnen.php  ", "http://www.w3.org/2004/02/skos/core#scopeNote": "nan", "timepoint": "http://www.w3.org/ns/time/gregorian/October", "begin": "http://www.w3.org/ns/time/gregorian/May", "end": "http://www.w3.org/ns/time/gregorian/October", "http://www.w3.org/ns/locn#postCode": "13357", "http://www.wikidata.org/prop/direct/P571": "2024", "http://xmlns.com/foaf/0.1/homepage": "https://www.bwb.de/de/trinkbrunnen.php"}, "geometry": {"type": "Point", "coordinates": [13.378683, 52.55832003679725]}}, {"type": "Feature", "id": "https://gdi-de.github.io/apworkshop2026/138", "name": "Brunnen 138 (gdide:138)", "dateprops": ["timepoint", "begin", "end"], "properties": {"http://www.w3.org/2000/01/rdf-schema#label": "Brunnen 138", "http://rdfs.org/ns/void#inDataset.value": "6503", "http://www.w3.org/2000/01/rdf-schema#comment": "Betriebszeit: Mai bis Oktober, Link: https://www.bwb.de/de/trinkbrunnen.php  ", "http://www.w3.org/2004/02/skos/core#scopeNote": "nan", "timepoint": "http://www.w3.org/ns/time/gregorian/October", "begin": "http://www.w3.org/ns/time/gregorian/May", "end": "http://www.w3.org/ns/time/gregorian/October", "http://www.w3.org/ns/locn#postCode": "10409", "http://www.wikidata.org/prop/direct/P571": "2020", "http://xmlns.com/foaf/0.1/homepage": "https://www.bwb.de/de/trinkbrunnen.php"}, "geometry": {"type": "Point", "coordinates": [13.446343, 52.542012036814775]}}, {"type": "Feature", "id": "https://gdi-de.github.io/apworkshop2026/82", "name": "Brunnen 82 (gdide:82)", "dateprops": ["timepoint", "begin", "end"], "properties": {"http://www.w3.org/2000/01/rdf-schema#label": "Brunnen 82", "http://rdfs.org/ns/void#inDataset.value": "6503", "http://www.w3.org/2000/01/rdf-schema#comment": "Betriebszeit: Mai bis Oktober, Link: https://www.bwb.de/de/trinkbrunnen.php  ", "http://www.w3.org/2004/02/skos/core#scopeNote": "nan", "timepoint": "http://www.w3.org/ns/time/gregorian/October", "begin": "http://www.w3.org/ns/time/gregorian/May", "end": "http://www.w3.org/ns/time/gregorian/October", "http://www.w3.org/ns/locn#postCode": "13585", "http://www.wikidata.org/prop/direct/P571": "2019", "http://xmlns.com/foaf/0.1/homepage": "https://www.bwb.de/de/trinkbrunnen.php"}, "geometry": {"type": "Point", "coordinates": [13.211133999999518, 52.54609503680876]}}, {"type": "Feature", "id": "https://gdi-de.github.io/apworkshop2026/202", "name": "Brunnen 202 (gdide:202)", "dateprops": ["timepoint", "begin", "end"], "properties": {"http://www.w3.org/2000/01/rdf-schema#label": "Brunnen 202", "http://rdfs.org/ns/void#inDataset.value": "6503", "http://www.w3.org/2000/01/rdf-schema#comment": "Betriebszeit: Mai bis Oktober, Link: https://www.bwb.de/de/trinkbrunnen.php  ", "http://www.w3.org/2004/02/skos/core#scopeNote": "nan", "timepoint": "http://www.w3.org/ns/time/gregorian/October", "begin": "http://www.w3.org/ns/time/gregorian/May", "end": "http://www.w3.org/ns/time/gregorian/October", "http://www.w3.org/ns/locn#postCode": "10965", "http://www.wikidata.org/prop/direct/P571": "2022", "http://xmlns.com/foaf/0.1/homepage": "https://www.bwb.de/de/trinkbrunnen.php"}, "geometry": {"type": "Point", "coordinates": [13.369113999999865, 52.49259003686619]}}, {"type": "Feature", "id": "https://gdi-de.github.io/apworkshop2026/207", "name": "Brunnen 207 (gdide:207)", "dateprops": ["timepoint", "begin", "end"], "properties": {"http://www.w3.org/2000/01/rdf-schema#label": "Brunnen 207", "http://rdfs.org/ns/void#inDataset.value": "6503", "http://www.w3.org/2000/01/rdf-schema#comment": "Betriebszeit: Mai bis Oktober, Link: https://www.bwb.de/de/trinkbrunnen.php  ", "http://www.w3.org/2004/02/skos/core#scopeNote": "nan", "timepoint": "http://www.w3.org/ns/time/gregorian/October", "begin": "http://www.w3.org/ns/time/gregorian/May", "end": "http://www.w3.org/ns/time/gregorian/October", "http://www.w3.org/ns/locn#postCode": "10319", "http://www.wikidata.org/prop/direct/P571": "2022", "http://xmlns.com/foaf/0.1/homepage": "https://www.bwb.de/de/trinkbrunnen.php"}, "geometry": {"type": "Point", "coordinates": [13.506301, 52.49399603686547]}}, {"type": "Feature", "id": "https://gdi-de.github.io/apworkshop2026/28", "name": "Brunnen 28 (gdide:28)", "dateprops": ["timepoint", "begin", "end"], "properties": {"http://www.w3.org/2000/01/rdf-schema#label": "Brunnen 28", "http://rdfs.org/ns/void#inDataset.value": "6503", "http://www.w3.org/2000/01/rdf-schema#comment": "Betriebszeit: Mai bis Oktober, Link: https://www.bwb.de/de/trinkbrunnen.php  ", "http://www.w3.org/2004/02/skos/core#scopeNote": "nan", "timepoint": "http://www.w3.org/ns/time/gregorian/October", "begin": "http://www.w3.org/ns/time/gregorian/May", "end": "http://www.w3.org/ns/time/gregorian/October", "http://www.w3.org/ns/locn#postCode": "14059", "http://www.wikidata.org/prop/direct/P571": "2015", "http://xmlns.com/foaf/0.1/homepage": "https://www.bwb.de/de/trinkbrunnen.php"}, "geometry": {"type": "Point", "coordinates": [13.296480999999758, 52.51845103683857]}}, {"type": "Feature", "id": "https://gdi-de.github.io/apworkshop2026/135", "name": "Brunnen 135 (gdide:135)", "dateprops": ["timepoint", "begin", "end"], "properties": {"http://www.w3.org/2000/01/rdf-schema#label": "Brunnen 135", "http://rdfs.org/ns/void#inDataset.value": "6503", "http://www.w3.org/2000/01/rdf-schema#comment": "Betriebszeit: Mai bis Oktober, Link: https://www.bwb.de/de/trinkbrunnen.php  ", "http://www.w3.org/2004/02/skos/core#scopeNote": "nan", "timepoint": "http://www.w3.org/ns/time/gregorian/October", "begin": "http://www.w3.org/ns/time/gregorian/May", "end": "http://www.w3.org/ns/time/gregorian/October", "http://www.w3.org/ns/locn#postCode": "13187", "http://www.wikidata.org/prop/direct/P571": "2020", "http://xmlns.com/foaf/0.1/homepage": "https://www.bwb.de/de/trinkbrunnen.php"}, "geometry": {"type": "Point", "coordinates": [13.42995, 52.54237403681435]}}, {"type": "Feature", "id": "https://gdi-de.github.io/apworkshop2026/139", "name": "Brunnen 139 (gdide:139)", "dateprops": ["timepoint", "begin", "end"], "properties": {"http://www.w3.org/2000/01/rdf-schema#label": "Brunnen 139", "http://rdfs.org/ns/void#inDataset.value": "6503", "http://www.w3.org/2000/01/rdf-schema#comment": "Betriebszeit: Mai bis Oktober, Link: https://www.bwb.de/de/trinkbrunnen.php  ", "http://www.w3.org/2004/02/skos/core#scopeNote": "nan", "timepoint": "http://www.w3.org/ns/time/gregorian/October", "begin": "http://www.w3.org/ns/time/gregorian/May", "end": "http://www.w3.org/ns/time/gregorian/October", "http://www.w3.org/ns/locn#postCode": "10249", "http://www.wikidata.org/prop/direct/P571": "2020", "http://xmlns.com/foaf/0.1/homepage": "https://www.bwb.de/de/trinkbrunnen.php"}, "geometry": {"type": "Point", "coordinates": [13.440618, 52.526564036831005]}}, {"type": "Feature", "id": "https://gdi-de.github.io/apworkshop2026/105", "name": "Brunnen 105 (gdide:105)", "dateprops": ["timepoint", "begin", "end"], "properties": {"http://www.w3.org/2000/01/rdf-schema#label": "Brunnen 105", "http://rdfs.org/ns/void#inDataset.value": "6503", "http://www.w3.org/2000/01/rdf-schema#comment": "Betriebszeit: Mai bis Oktober, Link: https://www.bwb.de/de/trinkbrunnen.php  ", "http://www.w3.org/2004/02/skos/core#scopeNote": "nan", "timepoint": "http://www.w3.org/ns/time/gregorian/October", "begin": "http://www.w3.org/ns/time/gregorian/May", "end": "http://www.w3.org/ns/time/gregorian/October", "http://www.w3.org/ns/locn#postCode": "10243", "http://www.wikidata.org/prop/direct/P571": "2019", "http://xmlns.com/foaf/0.1/homepage": "https://www.bwb.de/de/trinkbrunnen.php"}, "geometry": {"type": "Point", "coordinates": [13.444908, 52.517209036840846]}}, {"type": "Feature", "id": "https://gdi-de.github.io/apworkshop2026/58", "name": "Brunnen 58 (gdide:58)", "dateprops": ["timepoint", "begin", "end"], "properties": {"http://www.w3.org/2000/01/rdf-schema#label": "Brunnen 58", "http://rdfs.org/ns/void#inDataset.value": "6503", "http://www.w3.org/2000/01/rdf-schema#comment": "Betriebszeit: Mai bis Oktober, Link: https://www.bwb.de/de/trinkbrunnen.php  ", "http://www.w3.org/2004/02/skos/core#scopeNote": "nan", "timepoint": "http://www.w3.org/ns/time/gregorian/October", "begin": "http://www.w3.org/ns/time/gregorian/May", "end": "http://www.w3.org/ns/time/gregorian/October", "http://www.w3.org/ns/locn#postCode": "10117", "http://www.wikidata.org/prop/direct/P571": "2018", "http://xmlns.com/foaf/0.1/homepage": "https://www.bwb.de/de/trinkbrunnen.php"}, "geometry": {"type": "Point", "coordinates": [13.386043, 52.516737036841015]}}, {"type": "Feature", "id": "https://gdi-de.github.io/apworkshop2026/209", "name": "Brunnen 209 (gdide:209)", "dateprops": ["timepoint", "begin", "end"], "properties": {"http://www.w3.org/2000/01/rdf-schema#label": "Brunnen 209", "http://rdfs.org/ns/void#inDataset.value": "6503", "http://www.w3.org/2000/01/rdf-schema#comment": "Betriebszeit: Mai bis Oktober, Link: https://www.bwb.de/de/trinkbrunnen.php  ", "http://www.w3.org/2004/02/skos/core#scopeNote": "nan", "timepoint": "http://www.w3.org/ns/time/gregorian/October", "begin": "http://www.w3.org/ns/time/gregorian/May", "end": "http://www.w3.org/ns/time/gregorian/October", "http://www.w3.org/ns/locn#postCode": "10319", "http://www.wikidata.org/prop/direct/P571": "2023", "http://xmlns.com/foaf/0.1/homepage": "https://www.bwb.de/de/trinkbrunnen.php"}, "geometry": {"type": "Point", "coordinates": [13.521274, 52.49764603686171]}}, {"type": "Feature", "id": "https://gdi-de.github.io/apworkshop2026/3", "name": "Brunnen 3 (gdide:3)", "dateprops": ["timepoint", "begin", "end"], "properties": {"http://www.w3.org/2000/01/rdf-schema#label": "Brunnen 3", "http://rdfs.org/ns/void#inDataset.value": "6503", "http://www.w3.org/2000/01/rdf-schema#comment": "Betriebszeit: Mai bis Oktober, Link: https://www.bwb.de/de/trinkbrunnen.php ", "http://www.w3.org/2004/02/skos/core#scopeNote": "nan", "timepoint": "http://www.w3.org/ns/time/gregorian/October", "begin": "http://www.w3.org/ns/time/gregorian/May", "end": "http://www.w3.org/ns/time/gregorian/October", "http://www.w3.org/ns/locn#postCode": "10719", "http://www.wikidata.org/prop/direct/P571": "1985", "http://xmlns.com/foaf/0.1/homepage": "https://www.bwb.de/de/trinkbrunnen.php"}, "geometry": {"type": "Point", "coordinates": [13.327724999999802, 52.50326203685477]}}, {"type": "Feature", "id": "https://gdi-de.github.io/apworkshop2026/155", "name": "Brunnen 155 (gdide:155)", "dateprops": ["timepoint", "begin", "end"], "properties": {"http://www.w3.org/2000/01/rdf-schema#label": "Brunnen 155", "http://rdfs.org/ns/void#inDataset.value": "6503", "http://www.w3.org/2000/01/rdf-schema#comment": "Betriebszeit: Mai bis Oktober, Link: https://www.bwb.de/de/trinkbrunnen.php  ", "http://www.w3.org/2004/02/skos/core#scopeNote": "nan", "timepoint": "http://www.w3.org/ns/time/gregorian/October", "begin": "http://www.w3.org/ns/time/gregorian/May", "end": "http://www.w3.org/ns/time/gregorian/October", "http://www.w3.org/ns/locn#postCode": "10365", "http://www.wikidata.org/prop/direct/P571": "2020", "http://xmlns.com/foaf/0.1/homepage": "https://www.bwb.de/de/trinkbrunnen.php"}, "geometry": {"type": "Point", "coordinates": [13.486094, 52.511338036847256]}}, {"type": "Feature", "id": "https://gdi-de.github.io/apworkshop2026/90", "name": "Brunnen 90 (gdide:90)", "dateprops": ["timepoint", "begin", "end"], "properties": {"http://www.w3.org/2000/01/rdf-schema#label": "Brunnen 90", "http://rdfs.org/ns/void#inDataset.value": "6503", "http://www.w3.org/2000/01/rdf-schema#comment": "Betriebszeit: Mai bis Oktober, Link: https://www.bwb.de/de/trinkbrunnen.php  ", "http://www.w3.org/2004/02/skos/core#scopeNote": "nan", "timepoint": "http://www.w3.org/ns/time/gregorian/October", "begin": "http://www.w3.org/ns/time/gregorian/May", "end": "http://www.w3.org/ns/time/gregorian/October", "http://www.w3.org/ns/locn#postCode": "13088", "http://www.wikidata.org/prop/direct/P571": "2019", "http://xmlns.com/foaf/0.1/homepage": "https://www.bwb.de/de/trinkbrunnen.php"}, "geometry": {"type": "Point", "coordinates": [13.451041, 52.54870303680779]}}, {"type": "Feature", "id": "https://gdi-de.github.io/apworkshop2026/85", "name": "Brunnen 85 (gdide:85)", "dateprops": ["timepoint", "begin", "end"], "properties": {"http://www.w3.org/2000/01/rdf-schema#label": "Brunnen 85", "http://rdfs.org/ns/void#inDataset.value": "6503", "http://www.w3.org/2000/01/rdf-schema#comment": "Betriebszeit: Mai bis Oktober, Link: https://www.bwb.de/de/trinkbrunnen.php  ", "http://www.w3.org/2004/02/skos/core#scopeNote": "nan", "timepoint": "http://www.w3.org/ns/time/gregorian/October", "begin": "http://www.w3.org/ns/time/gregorian/May", "end": "http://www.w3.org/ns/time/gregorian/October", "http://www.w3.org/ns/locn#postCode": "10551", "http://www.wikidata.org/prop/direct/P571": "2019", "http://xmlns.com/foaf/0.1/homepage": "https://www.bwb.de/de/trinkbrunnen.php"}, "geometry": {"type": "Point", "coordinates": [13.335428999999879, 52.53047603682624]}}, {"type": "Feature", "id": "https://gdi-de.github.io/apworkshop2026/2", "name": "Brunnen 2 (gdide:2)", "dateprops": ["timepoint", "begin", "end"], "properties": {"http://www.w3.org/2000/01/rdf-schema#label": "Brunnen 2", "http://rdfs.org/ns/void#inDataset.value": "6503", "http://www.w3.org/2000/01/rdf-schema#comment": "Betriebszeit: Mai bis Oktober, Link: https://www.bwb.de/de/trinkbrunnen.php  ", "http://www.w3.org/2004/02/skos/core#scopeNote": "nan", "timepoint": "http://www.w3.org/ns/time/gregorian/October", "begin": "http://www.w3.org/ns/time/gregorian/May", "end": "http://www.w3.org/ns/time/gregorian/October", "http://www.w3.org/ns/locn#postCode": "12349", "http://www.wikidata.org/prop/direct/P571": "1985", "http://xmlns.com/foaf/0.1/homepage": "https://www.bwb.de/de/trinkbrunnen.php"}, "geometry": {"type": "Point", "coordinates": [13.415048, 52.431351036930394]}}, {"type": "Feature", "id": "https://gdi-de.github.io/apworkshop2026/151", "name": "Brunnen 151 (gdide:151)", "dateprops": ["timepoint", "begin", "end"], "properties": {"http://www.w3.org/2000/01/rdf-schema#label": "Brunnen 151", "http://rdfs.org/ns/void#inDataset.value": "6503", "http://www.w3.org/2000/01/rdf-schema#comment": "Betriebszeit: Mai bis Oktober, Link: https://www.bwb.de/de/trinkbrunnen.php  ", "http://www.w3.org/2004/02/skos/core#scopeNote": "nan", "timepoint": "http://www.w3.org/ns/time/gregorian/October", "begin": "http://www.w3.org/ns/time/gregorian/May", "end": "http://www.w3.org/ns/time/gregorian/October", "http://www.w3.org/ns/locn#postCode": "12679", "http://www.wikidata.org/prop/direct/P571": "2020", "http://xmlns.com/foaf/0.1/homepage": "https://www.bwb.de/de/trinkbrunnen.php"}, "geometry": {"type": "Point", "coordinates": [13.556812000000173, 52.54661903681041]}}, {"type": "Feature", "id": "https://gdi-de.github.io/apworkshop2026/43", "name": "Brunnen 43 (gdide:43)", "dateprops": ["timepoint", "begin", "end"], "properties": {"http://www.w3.org/2000/01/rdf-schema#label": "Brunnen 43", "http://rdfs.org/ns/void#inDataset.value": "6503", "http://www.w3.org/2000/01/rdf-schema#comment": "Betriebszeit: Mai bis Oktober, Link: https://www.bwb.de/de/trinkbrunnen.php  ", "http://www.w3.org/2004/02/skos/core#scopeNote": "nan", "timepoint": "http://www.w3.org/ns/time/gregorian/October", "begin": "http://www.w3.org/ns/time/gregorian/May", "end": "http://www.w3.org/ns/time/gregorian/October", "http://www.w3.org/ns/locn#postCode": "13507", "http://www.wikidata.org/prop/direct/P571": "2017", "http://xmlns.com/foaf/0.1/homepage": "https://www.bwb.de/de/trinkbrunnen.php"}, "geometry": {"type": "Point", "coordinates": [13.274755999999703, 52.58676103676643]}}, {"type": "Feature", "id": "https://gdi-de.github.io/apworkshop2026/96", "name": "Brunnen 96 (gdide:96)", "dateprops": ["timepoint", "begin", "end"], "properties": {"http://www.w3.org/2000/01/rdf-schema#label": "Brunnen 96", "http://rdfs.org/ns/void#inDataset.value": "6503", "http://www.w3.org/2000/01/rdf-schema#comment": "Betriebszeit: Mai bis Oktober, Link: https://www.bwb.de/de/trinkbrunnen.php  ", "http://www.w3.org/2004/02/skos/core#scopeNote": "nan", "timepoint": "http://www.w3.org/ns/time/gregorian/October", "begin": "http://www.w3.org/ns/time/gregorian/May", "end": "http://www.w3.org/ns/time/gregorian/October", "http://www.w3.org/ns/locn#postCode": "13593", "http://www.wikidata.org/prop/direct/P571": "2019", "http://xmlns.com/foaf/0.1/homepage": "https://www.bwb.de/de/trinkbrunnen.php"}, "geometry": {"type": "Point", "coordinates": [13.172287999999478, 52.5213740368343]}}, {"type": "Feature", "id": "https://gdi-de.github.io/apworkshop2026/19", "name": "Brunnen 19 (gdide:19)", "dateprops": ["timepoint", "begin", "end"], "properties": {"http://www.w3.org/2000/01/rdf-schema#label": "Brunnen 19", "http://rdfs.org/ns/void#inDataset.value": "6503", "http://www.w3.org/2000/01/rdf-schema#comment": "Betriebszeit: Mai bis Oktober, Link: https://www.bwb.de/de/trinkbrunnen.php  ", "http://www.w3.org/2004/02/skos/core#scopeNote": "nan", "timepoint": "http://www.w3.org/ns/time/gregorian/October", "begin": "http://www.w3.org/ns/time/gregorian/May", "end": "http://www.w3.org/ns/time/gregorian/October", "http://www.w3.org/ns/locn#postCode": "13357", "http://www.wikidata.org/prop/direct/P571": "1985", "http://xmlns.com/foaf/0.1/homepage": "https://www.bwb.de/de/trinkbrunnen.php"}, "geometry": {"type": "Point", "coordinates": [13.381296, 52.55251303680333]}}, {"type": "Feature", "id": "https://gdi-de.github.io/apworkshop2026/6", "name": "Brunnen 6 (gdide:6)", "dateprops": ["timepoint", "begin", "end"], "properties": {"http://www.w3.org/2000/01/rdf-schema#label": "Brunnen 6", "http://rdfs.org/ns/void#inDataset.value": "6503", "http://www.w3.org/2000/01/rdf-schema#comment": "Betriebszeit: Mai bis Oktober, Link: https://www.bwb.de/de/trinkbrunnen.php  ", "http://www.w3.org/2004/02/skos/core#scopeNote": "zur Zeit wegen Reparatur au\u00dfer Betrieb", "timepoint": "http://www.w3.org/ns/time/gregorian/October", "begin": "http://www.w3.org/ns/time/gregorian/May", "end": "http://www.w3.org/ns/time/gregorian/October", "http://www.w3.org/ns/locn#postCode": "10999", "http://www.wikidata.org/prop/direct/P571": "1985", "http://xmlns.com/foaf/0.1/homepage": "https://www.bwb.de/de/trinkbrunnen.php"}, "geometry": {"type": "Point", "coordinates": [13.418931, 52.498567036860244]}}, {"type": "Feature", "id": "https://gdi-de.github.io/apworkshop2026/126", "name": "Brunnen 126 (gdide:126)", "dateprops": ["timepoint", "begin", "end"], "properties": {"http://www.w3.org/2000/01/rdf-schema#label": "Brunnen 126", "http://rdfs.org/ns/void#inDataset.value": "6503", "http://www.w3.org/2000/01/rdf-schema#comment": "Betriebszeit: Mai bis Oktober, Link: https://www.bwb.de/de/trinkbrunnen.php  ", "http://www.w3.org/2004/02/skos/core#scopeNote": "nan", "timepoint": "http://www.w3.org/ns/time/gregorian/October", "begin": "http://www.w3.org/ns/time/gregorian/May", "end": "http://www.w3.org/ns/time/gregorian/October", "http://www.w3.org/ns/locn#postCode": "12355", "http://www.wikidata.org/prop/direct/P571": "2020", "http://xmlns.com/foaf/0.1/homepage": "https://www.bwb.de/de/trinkbrunnen.php"}, "geometry": {"type": "Point", "coordinates": [13.508135000000122, 52.40675203695632]}}, {"type": "Feature", "id": "https://gdi-de.github.io/apworkshop2026/57", "name": "Brunnen 57 (gdide:57)", "dateprops": ["timepoint", "begin", "end"], "properties": {"http://www.w3.org/2000/01/rdf-schema#label": "Brunnen 57", "http://rdfs.org/ns/void#inDataset.value": "6503", "http://www.w3.org/2000/01/rdf-schema#comment": "Betriebszeit: Mai bis Oktober, Link: https://www.bwb.de/de/trinkbrunnen.php  ", "http://www.w3.org/2004/02/skos/core#scopeNote": "nan", "timepoint": "http://www.w3.org/ns/time/gregorian/October", "begin": "http://www.w3.org/ns/time/gregorian/May", "end": "http://www.w3.org/ns/time/gregorian/October", "http://www.w3.org/ns/locn#postCode": "10117", "http://www.wikidata.org/prop/direct/P571": "2018", "http://xmlns.com/foaf/0.1/homepage": "https://www.bwb.de/de/trinkbrunnen.php"}, "geometry": {"type": "Point", "coordinates": [13.390237999999892, 52.50796303685023]}}, {"type": "Feature", "id": "https://gdi-de.github.io/apworkshop2026/216", "name": "Brunnen 216 (gdide:216)", "dateprops": ["timepoint", "begin", "end"], "properties": {"http://www.w3.org/2000/01/rdf-schema#label": "Brunnen 216", "http://rdfs.org/ns/void#inDataset.value": "6503", "http://www.w3.org/2000/01/rdf-schema#comment": "Betriebszeit: Mai bis Oktober, Link: https://www.bwb.de/de/trinkbrunnen.php  ", "http://www.w3.org/2004/02/skos/core#scopeNote": "nan", "timepoint": "http://www.w3.org/ns/time/gregorian/October", "begin": "http://www.w3.org/ns/time/gregorian/May", "end": "http://www.w3.org/ns/time/gregorian/October", "http://www.w3.org/ns/locn#postCode": "14057", "http://www.wikidata.org/prop/direct/P571": "2023", "http://xmlns.com/foaf/0.1/homepage": "https://www.bwb.de/de/trinkbrunnen.php"}, "geometry": {"type": "Point", "coordinates": [13.291078999999714, 52.5101850368472]}}, {"type": "Feature", "id": "https://gdi-de.github.io/apworkshop2026/76", "name": "Brunnen 76 (gdide:76)", "dateprops": ["timepoint", "begin", "end"], "properties": {"http://www.w3.org/2000/01/rdf-schema#label": "Brunnen 76", "http://rdfs.org/ns/void#inDataset.value": "6503", "http://www.w3.org/2000/01/rdf-schema#comment": "Betriebszeit: Mai bis Oktober, Link: https://www.bwb.de/de/trinkbrunnen.php  ", "http://www.w3.org/2004/02/skos/core#scopeNote": "nan", "timepoint": "http://www.w3.org/ns/time/gregorian/October", "begin": "http://www.w3.org/ns/time/gregorian/May", "end": "http://www.w3.org/ns/time/gregorian/October", "http://www.w3.org/ns/locn#postCode": "14169", "http://www.wikidata.org/prop/direct/P571": "2019", "http://xmlns.com/foaf/0.1/homepage": "https://www.bwb.de/de/trinkbrunnen.php"}, "geometry": {"type": "Point", "coordinates": [13.25896399999968, 52.43335603692719]}}, {"type": "Feature", "id": "https://gdi-de.github.io/apworkshop2026/220", "name": "Brunnen 220 (gdide:220)", "dateprops": ["timepoint", "begin", "end"], "properties": {"http://www.w3.org/2000/01/rdf-schema#label": "Brunnen 220", "http://rdfs.org/ns/void#inDataset.value": "6503", "http://www.w3.org/2000/01/rdf-schema#comment": "Betriebszeit: Mai bis Oktober, Link: https://www.bwb.de/de/trinkbrunnen.php  ", "http://www.w3.org/2004/02/skos/core#scopeNote": "nan", "timepoint": "http://www.w3.org/ns/time/gregorian/October", "begin": "http://www.w3.org/ns/time/gregorian/May", "end": "http://www.w3.org/ns/time/gregorian/October", "http://www.w3.org/ns/locn#postCode": "10555", "http://www.wikidata.org/prop/direct/P571": "2023", "http://xmlns.com/foaf/0.1/homepage": "https://www.bwb.de/de/trinkbrunnen.php"}, "geometry": {"type": "Point", "coordinates": [13.334464999999831, 52.517562036839806]}}, {"type": "Feature", "id": "https://gdi-de.github.io/apworkshop2026/193", "name": "Brunnen 193 (gdide:193)", "dateprops": ["timepoint", "begin", "end"], "properties": {"http://www.w3.org/2000/01/rdf-schema#label": "Brunnen 193", "http://rdfs.org/ns/void#inDataset.value": "6503", "http://www.w3.org/2000/01/rdf-schema#comment": "Betriebszeit: Mai bis Oktober, Link: https://www.bwb.de/de/trinkbrunnen.php  ", "http://www.w3.org/2004/02/skos/core#scopeNote": "nan", "timepoint": "http://www.w3.org/ns/time/gregorian/October", "begin": "http://www.w3.org/ns/time/gregorian/May", "end": "http://www.w3.org/ns/time/gregorian/October", "http://www.w3.org/ns/locn#postCode": "13088", "http://www.wikidata.org/prop/direct/P571": "2022", "http://xmlns.com/foaf/0.1/homepage": "https://www.bwb.de/de/trinkbrunnen.php"}, "geometry": {"type": "Point", "coordinates": [13.453942, 52.54640703681024]}}, {"type": "Feature", "id": "https://gdi-de.github.io/apworkshop2026/44", "name": "Brunnen 44 (gdide:44)", "dateprops": ["timepoint", "begin", "end"], "properties": {"http://www.w3.org/2000/01/rdf-schema#label": "Brunnen 44", "http://rdfs.org/ns/void#inDataset.value": "6503", "http://www.w3.org/2000/01/rdf-schema#comment": "Betriebszeit: Mai bis Oktober, Link: https://www.bwb.de/de/trinkbrunnen.php  ", "http://www.w3.org/2004/02/skos/core#scopeNote": "nan", "timepoint": "http://www.w3.org/ns/time/gregorian/October", "begin": "http://www.w3.org/ns/time/gregorian/May", "end": "http://www.w3.org/ns/time/gregorian/October", "http://www.w3.org/ns/locn#postCode": "10243", "http://www.wikidata.org/prop/direct/P571": "2018", "http://xmlns.com/foaf/0.1/homepage": "https://www.bwb.de/de/trinkbrunnen.php"}, "geometry": {"type": "Point", "coordinates": [13.448724, 52.511354036847024]}}, {"type": "Feature", "id": "https://gdi-de.github.io/apworkshop2026/140", "name": "Brunnen 140 (gdide:140)", "dateprops": ["timepoint", "begin", "end"], "properties": {"http://www.w3.org/2000/01/rdf-schema#label": "Brunnen 140", "http://rdfs.org/ns/void#inDataset.value": "6503", "http://www.w3.org/2000/01/rdf-schema#comment": "Betriebszeit: Mai bis Oktober, Link: https://www.bwb.de/de/trinkbrunnen.php  ", "http://www.w3.org/2004/02/skos/core#scopeNote": "nan", "timepoint": "http://www.w3.org/ns/time/gregorian/October", "begin": "http://www.w3.org/ns/time/gregorian/May", "end": "http://www.w3.org/ns/time/gregorian/October", "http://www.w3.org/ns/locn#postCode": "13059", "http://www.wikidata.org/prop/direct/P571": "2020", "http://xmlns.com/foaf/0.1/homepage": "https://www.bwb.de/de/trinkbrunnen.php"}, "geometry": {"type": "Point", "coordinates": [13.509175, 52.57171803678375]}}, {"type": "Feature", "id": "https://gdi-de.github.io/apworkshop2026/51", "name": "Brunnen 51 (gdide:51)", "dateprops": ["timepoint", "begin", "end"], "properties": {"http://www.w3.org/2000/01/rdf-schema#label": "Brunnen 51", "http://rdfs.org/ns/void#inDataset.value": "6503", "http://www.w3.org/2000/01/rdf-schema#comment": "Betriebszeit: Mai bis Oktober, Link: https://www.bwb.de/de/trinkbrunnen.php  ", "http://www.w3.org/2004/02/skos/core#scopeNote": "nan", "timepoint": "http://www.w3.org/ns/time/gregorian/October", "begin": "http://www.w3.org/ns/time/gregorian/May", "end": "http://www.w3.org/ns/time/gregorian/October", "http://www.w3.org/ns/locn#postCode": "12638", "http://www.wikidata.org/prop/direct/P571": "2018", "http://xmlns.com/foaf/0.1/homepage": "https://www.bwb.de/de/trinkbrunnen.php"}, "geometry": {"type": "Point", "coordinates": [13.560743000000189, 52.50603303685305]}}, {"type": "Feature", "id": "https://gdi-de.github.io/apworkshop2026/99", "name": "Brunnen 99 (gdide:99)", "dateprops": ["timepoint", "begin", "end"], "properties": {"http://www.w3.org/2000/01/rdf-schema#label": "Brunnen 99", "http://rdfs.org/ns/void#inDataset.value": "6503", "http://www.w3.org/2000/01/rdf-schema#comment": "Betriebszeit: Mai bis Oktober, Link: https://www.bwb.de/de/trinkbrunnen.php  ", "http://www.w3.org/2004/02/skos/core#scopeNote": "nan", "timepoint": "http://www.w3.org/ns/time/gregorian/October", "begin": "http://www.w3.org/ns/time/gregorian/May", "end": "http://www.w3.org/ns/time/gregorian/October", "http://www.w3.org/ns/locn#postCode": "12051", "http://www.wikidata.org/prop/direct/P571": "2019", "http://xmlns.com/foaf/0.1/homepage": "https://www.bwb.de/de/trinkbrunnen.php"}, "geometry": {"type": "Point", "coordinates": [13.435509, 52.46981503689042]}}, {"type": "Feature", "id": "https://gdi-de.github.io/apworkshop2026/222", "name": "Brunnen 222 (gdide:222)", "dateprops": ["timepoint", "begin", "end"], "properties": {"http://www.w3.org/2000/01/rdf-schema#label": "Brunnen 222", "http://rdfs.org/ns/void#inDataset.value": "6503", "http://www.w3.org/2000/01/rdf-schema#comment": "Betriebszeit: Mai bis Oktober, Link: https://www.bwb.de/de/trinkbrunnen.php  ", "http://www.w3.org/2004/02/skos/core#scopeNote": "nan", "timepoint": "http://www.w3.org/ns/time/gregorian/October", "begin": "http://www.w3.org/ns/time/gregorian/May", "end": "http://www.w3.org/ns/time/gregorian/October", "http://www.w3.org/ns/locn#postCode": "10585", "http://www.wikidata.org/prop/direct/P571": "2023", "http://xmlns.com/foaf/0.1/homepage": "https://www.bwb.de/de/trinkbrunnen.php"}, "geometry": {"type": "Point", "coordinates": [13.299112999999776, 52.51527303684191]}}, {"type": "Feature", "id": "https://gdi-de.github.io/apworkshop2026/129", "name": "Brunnen 129 (gdide:129)", "dateprops": ["timepoint", "begin", "end"], "properties": {"http://www.w3.org/2000/01/rdf-schema#label": "Brunnen 129", "http://rdfs.org/ns/void#inDataset.value": "6503", "http://www.w3.org/2000/01/rdf-schema#comment": "Betriebszeit: Mai bis Oktober, Link: https://www.bwb.de/de/trinkbrunnen.php  ", "http://www.w3.org/2004/02/skos/core#scopeNote": "nan", "timepoint": "http://www.w3.org/ns/time/gregorian/October", "begin": "http://www.w3.org/ns/time/gregorian/May", "end": "http://www.w3.org/ns/time/gregorian/October", "http://www.w3.org/ns/locn#postCode": "10315", "http://www.wikidata.org/prop/direct/P571": "2020", "http://xmlns.com/foaf/0.1/homepage": "https://www.bwb.de/de/trinkbrunnen.php"}, "geometry": {"type": "Point", "coordinates": [13.478267, 52.51913403683899]}}, {"type": "Feature", "id": "https://gdi-de.github.io/apworkshop2026/97", "name": "Brunnen 97 (gdide:97)", "dateprops": ["timepoint", "begin", "end"], "properties": {"http://www.w3.org/2000/01/rdf-schema#label": "Brunnen 97", "http://rdfs.org/ns/void#inDataset.value": "6503", "http://www.w3.org/2000/01/rdf-schema#comment": "Betriebszeit: Mai bis Oktober, Link: https://www.bwb.de/de/trinkbrunnen.php  ", "http://www.w3.org/2004/02/skos/core#scopeNote": "nan", "timepoint": "http://www.w3.org/ns/time/gregorian/October", "begin": "http://www.w3.org/ns/time/gregorian/May", "end": "http://www.w3.org/ns/time/gregorian/October", "http://www.w3.org/ns/locn#postCode": "12053", "http://www.wikidata.org/prop/direct/P571": "2019", "http://xmlns.com/foaf/0.1/homepage": "https://www.bwb.de/de/trinkbrunnen.php"}, "geometry": {"type": "Point", "coordinates": [13.43812, 52.47209103688806]}}, {"type": "Feature", "id": "https://gdi-de.github.io/apworkshop2026/111", "name": "Brunnen 111 (gdide:111)", "dateprops": ["timepoint", "begin", "end"], "properties": {"http://www.w3.org/2000/01/rdf-schema#label": "Brunnen 111", "http://rdfs.org/ns/void#inDataset.value": "6503", "http://www.w3.org/2000/01/rdf-schema#comment": "Betriebszeit: Mai bis Oktober, Link: https://www.bwb.de/de/trinkbrunnen.php  ", "http://www.w3.org/2004/02/skos/core#scopeNote": "nan", "timepoint": "http://www.w3.org/ns/time/gregorian/October", "begin": "http://www.w3.org/ns/time/gregorian/May", "end": "http://www.w3.org/ns/time/gregorian/October", "http://www.w3.org/ns/locn#postCode": "12053", "http://www.wikidata.org/prop/direct/P571": "2020", "http://xmlns.com/foaf/0.1/homepage": "https://www.bwb.de/de/trinkbrunnen.php"}, "geometry": {"type": "Point", "coordinates": [13.422234, 52.476613036883236]}}, {"type": "Feature", "id": "https://gdi-de.github.io/apworkshop2026/14", "name": "Brunnen 14 (gdide:14)", "dateprops": ["timepoint", "begin", "end"], "properties": {"http://www.w3.org/2000/01/rdf-schema#label": "Brunnen 14", "http://rdfs.org/ns/void#inDataset.value": "6503", "http://www.w3.org/2000/01/rdf-schema#comment": "Betriebszeit: Mai bis Oktober, Link: https://www.bwb.de/de/trinkbrunnen.php  ", "http://www.w3.org/2004/02/skos/core#scopeNote": "nan", "timepoint": "http://www.w3.org/ns/time/gregorian/October", "begin": "http://www.w3.org/ns/time/gregorian/May", "end": "http://www.w3.org/ns/time/gregorian/October", "http://www.w3.org/ns/locn#postCode": "13585", "http://www.wikidata.org/prop/direct/P571": "2021", "http://xmlns.com/foaf/0.1/homepage": "https://www.bwb.de/de/trinkbrunnen.php"}, "geometry": {"type": "Point", "coordinates": [13.205999999999545, 52.546250036808544]}}, {"type": "Feature", "id": "https://gdi-de.github.io/apworkshop2026/180", "name": "Brunnen 180 (gdide:180)", "dateprops": ["timepoint", "begin", "end"], "properties": {"http://www.w3.org/2000/01/rdf-schema#label": "Brunnen 180", "http://rdfs.org/ns/void#inDataset.value": "6503", "http://www.w3.org/2000/01/rdf-schema#comment": "Betriebszeit: Mai bis Oktober, Link: https://www.bwb.de/de/trinkbrunnen.php  ", "http://www.w3.org/2004/02/skos/core#scopeNote": "nan", "timepoint": "http://www.w3.org/ns/time/gregorian/October", "begin": "http://www.w3.org/ns/time/gregorian/May", "end": "http://www.w3.org/ns/time/gregorian/October", "http://www.w3.org/ns/locn#postCode": "10967", "http://www.wikidata.org/prop/direct/P571": "2021", "http://xmlns.com/foaf/0.1/homepage": "https://www.bwb.de/de/trinkbrunnen.php"}, "geometry": {"type": "Point", "coordinates": [13.415032, 52.49495403686398]}}, {"type": "Feature", "id": "https://gdi-de.github.io/apworkshop2026/152", "name": "Brunnen 152 (gdide:152)", "dateprops": ["timepoint", "begin", "end"], "properties": {"http://www.w3.org/2000/01/rdf-schema#label": "Brunnen 152", "http://rdfs.org/ns/void#inDataset.value": "6503", "http://www.w3.org/2000/01/rdf-schema#comment": "Betriebszeit: Mai bis Oktober, Link: https://www.bwb.de/de/trinkbrunnen.php  ", "http://www.w3.org/2004/02/skos/core#scopeNote": "nan", "timepoint": "http://www.w3.org/ns/time/gregorian/October", "begin": "http://www.w3.org/ns/time/gregorian/May", "end": "http://www.w3.org/ns/time/gregorian/October", "http://www.w3.org/ns/locn#postCode": "12619", "http://www.wikidata.org/prop/direct/P571": "2020", "http://xmlns.com/foaf/0.1/homepage": "https://www.bwb.de/de/trinkbrunnen.php"}, "geometry": {"type": "Point", "coordinates": [13.585824000000223, 52.52736703683073]}}, {"type": "Feature", "id": "https://gdi-de.github.io/apworkshop2026/217", "name": "Brunnen 217 (gdide:217)", "dateprops": ["timepoint", "begin", "end"], "properties": {"http://www.w3.org/2000/01/rdf-schema#label": "Brunnen 217", "http://rdfs.org/ns/void#inDataset.value": "6503", "http://www.w3.org/2000/01/rdf-schema#comment": "Betriebszeit: Mai bis Oktober, Link: https://www.bwb.de/de/trinkbrunnen.php  ", "http://www.w3.org/2004/02/skos/core#scopeNote": "nan", "timepoint": "http://www.w3.org/ns/time/gregorian/October", "begin": "http://www.w3.org/ns/time/gregorian/May", "end": "http://www.w3.org/ns/time/gregorian/October", "http://www.w3.org/ns/locn#postCode": "13629", "http://www.wikidata.org/prop/direct/P571": "2023", "http://xmlns.com/foaf/0.1/homepage": "https://www.bwb.de/de/trinkbrunnen.php"}, "geometry": {"type": "Point", "coordinates": [13.262448999999727, 52.541768036813814]}}, {"type": "Feature", "id": "https://gdi-de.github.io/apworkshop2026/144", "name": "Brunnen 144 (gdide:144)", "dateprops": ["timepoint", "begin", "end"], "properties": {"http://www.w3.org/2000/01/rdf-schema#label": "Brunnen 144", "http://rdfs.org/ns/void#inDataset.value": "6503", "http://www.w3.org/2000/01/rdf-schema#comment": "Betriebszeit: Mai bis Oktober, Link: https://www.bwb.de/de/trinkbrunnen.php  ", "http://www.w3.org/2004/02/skos/core#scopeNote": "nan", "timepoint": "http://www.w3.org/ns/time/gregorian/October", "begin": "http://www.w3.org/ns/time/gregorian/May", "end": "http://www.w3.org/ns/time/gregorian/October", "http://www.w3.org/ns/locn#postCode": "10439", "http://www.wikidata.org/prop/direct/P571": "2020", "http://xmlns.com/foaf/0.1/homepage": "https://www.bwb.de/de/trinkbrunnen.php"}, "geometry": {"type": "Point", "coordinates": [13.420266, 52.5520270368041]}}, {"type": "Feature", "id": "https://gdi-de.github.io/apworkshop2026/183", "name": "Brunnen 183 (gdide:183)", "dateprops": ["timepoint", "begin", "end"], "properties": {"http://www.w3.org/2000/01/rdf-schema#label": "Brunnen 183", "http://rdfs.org/ns/void#inDataset.value": "6503", "http://www.w3.org/2000/01/rdf-schema#comment": "Betriebszeit: Mai bis Oktober, Link: https://www.bwb.de/de/trinkbrunnen.php  ", "http://www.w3.org/2004/02/skos/core#scopeNote": "nan", "timepoint": "http://www.w3.org/ns/time/gregorian/October", "begin": "http://www.w3.org/ns/time/gregorian/May", "end": "http://www.w3.org/ns/time/gregorian/October", "http://www.w3.org/ns/locn#postCode": "13581", "http://www.wikidata.org/prop/direct/P571": "2021", "http://xmlns.com/foaf/0.1/homepage": "https://www.bwb.de/de/trinkbrunnen.php"}, "geometry": {"type": "Point", "coordinates": [13.199989999999522, 52.52848903682713]}}, {"type": "Feature", "id": "https://gdi-de.github.io/apworkshop2026/197", "name": "Brunnen 197 (gdide:197)", "dateprops": ["timepoint", "begin", "end"], "properties": {"http://www.w3.org/2000/01/rdf-schema#label": "Brunnen 197", "http://rdfs.org/ns/void#inDataset.value": "6503", "http://www.w3.org/2000/01/rdf-schema#comment": "Betriebszeit: Mai bis Oktober, Link: https://www.bwb.de/de/trinkbrunnen.php  ", "http://www.w3.org/2004/02/skos/core#scopeNote": "nan", "timepoint": "http://www.w3.org/ns/time/gregorian/October", "begin": "http://www.w3.org/ns/time/gregorian/May", "end": "http://www.w3.org/ns/time/gregorian/October", "http://www.w3.org/ns/locn#postCode": "10823", "http://www.wikidata.org/prop/direct/P571": "2022", "http://xmlns.com/foaf/0.1/homepage": "https://www.bwb.de/de/trinkbrunnen.php"}, "geometry": {"type": "Point", "coordinates": [13.348169999999815, 52.485398036873576]}}, {"type": "Feature", "id": "https://gdi-de.github.io/apworkshop2026/171", "name": "Brunnen 171 (gdide:171)", "dateprops": ["timepoint", "begin", "end"], "properties": {"http://www.w3.org/2000/01/rdf-schema#label": "Brunnen 171", "http://rdfs.org/ns/void#inDataset.value": "6503", "http://www.w3.org/2000/01/rdf-schema#comment": "Betriebszeit: Mai bis Oktober, Link: https://www.bwb.de/de/trinkbrunnen.php  ", "http://www.w3.org/2004/02/skos/core#scopeNote": "nan", "timepoint": "http://www.w3.org/ns/time/gregorian/October", "begin": "http://www.w3.org/ns/time/gregorian/May", "end": "http://www.w3.org/ns/time/gregorian/October", "http://www.w3.org/ns/locn#postCode": "10969", "http://www.wikidata.org/prop/direct/P571": "2021", "http://xmlns.com/foaf/0.1/homepage": "https://www.bwb.de/de/trinkbrunnen.php"}, "geometry": {"type": "Point", "coordinates": [13.406199, 52.497999036860804]}}, {"type": "Feature", "id": "https://gdi-de.github.io/apworkshop2026/25", "name": "Brunnen 25 (gdide:25)", "dateprops": ["timepoint", "begin", "end"], "properties": {"http://www.w3.org/2000/01/rdf-schema#label": "Brunnen 25", "http://rdfs.org/ns/void#inDataset.value": "6503", "http://www.w3.org/2000/01/rdf-schema#comment": "Betriebszeit: Mai bis Oktober, Link: https://www.bwb.de/de/trinkbrunnen.php  ", "http://www.w3.org/2004/02/skos/core#scopeNote": "nan", "timepoint": "http://www.w3.org/ns/time/gregorian/October", "begin": "http://www.w3.org/ns/time/gregorian/May", "end": "http://www.w3.org/ns/time/gregorian/October", "http://www.w3.org/ns/locn#postCode": "10318", "http://www.wikidata.org/prop/direct/P571": "2013", "http://xmlns.com/foaf/0.1/homepage": "https://www.bwb.de/de/trinkbrunnen.php"}, "geometry": {"type": "Point", "coordinates": [13.526772, 52.48207803687801]}}, {"type": "Feature", "id": "https://gdi-de.github.io/apworkshop2026/46", "name": "Brunnen 46 (gdide:46)", "dateprops": ["timepoint", "begin", "end"], "properties": {"http://www.w3.org/2000/01/rdf-schema#label": "Brunnen 46", "http://rdfs.org/ns/void#inDataset.value": "6503", "http://www.w3.org/2000/01/rdf-schema#comment": "Betriebszeit: Mai bis Oktober, Link: https://www.bwb.de/de/trinkbrunnen.php  ", "http://www.w3.org/2004/02/skos/core#scopeNote": "nan", "timepoint": "http://www.w3.org/ns/time/gregorian/October", "begin": "http://www.w3.org/ns/time/gregorian/May", "end": "http://www.w3.org/ns/time/gregorian/October", "http://www.w3.org/ns/locn#postCode": "10999", "http://www.wikidata.org/prop/direct/P571": "2018", "http://xmlns.com/foaf/0.1/homepage": "https://www.bwb.de/de/trinkbrunnen.php"}, "geometry": {"type": "Point", "coordinates": [13.431231, 52.49311403686602]}}, {"type": "Feature", "id": "https://gdi-de.github.io/apworkshop2026/221", "name": "Brunnen 221 (gdide:221)", "dateprops": ["timepoint", "begin", "end"], "properties": {"http://www.w3.org/2000/01/rdf-schema#label": "Brunnen 221", "http://rdfs.org/ns/void#inDataset.value": "6503", "http://www.w3.org/2000/01/rdf-schema#comment": "Betriebszeit: Mai bis Oktober, Link: https://www.bwb.de/de/trinkbrunnen.php  ", "http://www.w3.org/2004/02/skos/core#scopeNote": "nan", "timepoint": "http://www.w3.org/ns/time/gregorian/October", "begin": "http://www.w3.org/ns/time/gregorian/May", "end": "http://www.w3.org/ns/time/gregorian/October", "http://www.w3.org/ns/locn#postCode": "14197", "http://www.wikidata.org/prop/direct/P571": "2023", "http://xmlns.com/foaf/0.1/homepage": "https://www.bwb.de/de/trinkbrunnen.php"}, "geometry": {"type": "Point", "coordinates": [13.309488999999768, 52.473275036885994]}}, {"type": "Feature", "id": "https://gdi-de.github.io/apworkshop2026/214", "name": "Brunnen 214 (gdide:214)", "dateprops": ["timepoint", "begin", "end"], "properties": {"http://www.w3.org/2000/01/rdf-schema#label": "Brunnen 214", "http://rdfs.org/ns/void#inDataset.value": "6503", "http://www.w3.org/2000/01/rdf-schema#comment": "Betriebszeit: Mai bis Oktober, Link: https://www.bwb.de/de/trinkbrunnen.php  ", "http://www.w3.org/2004/02/skos/core#scopeNote": "nan", "timepoint": "http://www.w3.org/ns/time/gregorian/October", "begin": "http://www.w3.org/ns/time/gregorian/May", "end": "http://www.w3.org/ns/time/gregorian/October", "http://www.w3.org/ns/locn#postCode": "10779", "http://www.wikidata.org/prop/direct/P571": "2023", "http://xmlns.com/foaf/0.1/homepage": "https://www.bwb.de/de/trinkbrunnen.php"}, "geometry": {"type": "Point", "coordinates": [13.333259999999795, 52.493519036864996]}}, {"type": "Feature", "id": "https://gdi-de.github.io/apworkshop2026/80", "name": "Brunnen 80 (gdide:80)", "dateprops": ["timepoint", "begin", "end"], "properties": {"http://www.w3.org/2000/01/rdf-schema#label": "Brunnen 80", "http://rdfs.org/ns/void#inDataset.value": "6503", "http://www.w3.org/2000/01/rdf-schema#comment": "Betriebszeit: Mai bis Oktober, Link: https://www.bwb.de/de/trinkbrunnen.php  ", "http://www.w3.org/2004/02/skos/core#scopeNote": "nan", "timepoint": "http://www.w3.org/ns/time/gregorian/October", "begin": "http://www.w3.org/ns/time/gregorian/May", "end": "http://www.w3.org/ns/time/gregorian/October", "http://www.w3.org/ns/locn#postCode": "13407", "http://www.wikidata.org/prop/direct/P571": "2019", "http://xmlns.com/foaf/0.1/homepage": "https://www.bwb.de/de/trinkbrunnen.php"}, "geometry": {"type": "Point", "coordinates": [13.361911999999895, 52.56332303679182]}}, {"type": "Feature", "id": "https://gdi-de.github.io/apworkshop2026/238", "name": "Brunnen 238 (gdide:238)", "dateprops": ["timepoint", "begin", "end"], "properties": {"http://www.w3.org/2000/01/rdf-schema#label": "Brunnen 238", "http://rdfs.org/ns/void#inDataset.value": "6503", "http://www.w3.org/2000/01/rdf-schema#comment": "Betriebszeit: Mai bis Oktober, Link: https://www.bwb.de/de/trinkbrunnen.php  ", "http://www.w3.org/2004/02/skos/core#scopeNote": "nan", "timepoint": "http://www.w3.org/ns/time/gregorian/October", "begin": "http://www.w3.org/ns/time/gregorian/May", "end": "http://www.w3.org/ns/time/gregorian/October", "http://www.w3.org/ns/locn#postCode": "10715", "http://www.wikidata.org/prop/direct/P571": "2024", "http://xmlns.com/foaf/0.1/homepage": "https://www.bwb.de/de/trinkbrunnen.php"}, "geometry": {"type": "Point", "coordinates": [13.322136999999827, 52.484287036874534]}}, {"type": "Feature", "id": "https://gdi-de.github.io/apworkshop2026/83", "name": "Brunnen 83 (gdide:83)", "dateprops": ["timepoint", "begin", "end"], "properties": {"http://www.w3.org/2000/01/rdf-schema#label": "Brunnen 83", "http://rdfs.org/ns/void#inDataset.value": "6503", "http://www.w3.org/2000/01/rdf-schema#comment": "Betriebszeit: Mai bis Oktober, Link: https://www.bwb.de/de/trinkbrunnen.php  ", "http://www.w3.org/2004/02/skos/core#scopeNote": "nan", "timepoint": "http://www.w3.org/ns/time/gregorian/October", "begin": "http://www.w3.org/ns/time/gregorian/May", "end": "http://www.w3.org/ns/time/gregorian/October", "http://www.w3.org/ns/locn#postCode": "13597", "http://www.wikidata.org/prop/direct/P571": "2019", "http://xmlns.com/foaf/0.1/homepage": "https://www.bwb.de/de/trinkbrunnen.php"}, "geometry": {"type": "Point", "coordinates": [13.241331999999652, 52.52579603683038]}}, {"type": "Feature", "id": "https://gdi-de.github.io/apworkshop2026/212", "name": "Brunnen 212 (gdide:212)", "dateprops": ["timepoint", "begin", "end"], "properties": {"http://www.w3.org/2000/01/rdf-schema#label": "Brunnen 212", "http://rdfs.org/ns/void#inDataset.value": "6503", "http://www.w3.org/2000/01/rdf-schema#comment": "Betriebszeit: Mai bis Oktober, Link: https://www.bwb.de/de/trinkbrunnen.php  ", "http://www.w3.org/2004/02/skos/core#scopeNote": "nan", "timepoint": "http://www.w3.org/ns/time/gregorian/October", "begin": "http://www.w3.org/ns/time/gregorian/May", "end": "http://www.w3.org/ns/time/gregorian/October", "http://www.w3.org/ns/locn#postCode": "10117", "http://www.wikidata.org/prop/direct/P571": "2023", "http://xmlns.com/foaf/0.1/homepage": "https://www.bwb.de/de/trinkbrunnen.php"}, "geometry": {"type": "Point", "coordinates": [13.40658, 52.51444903684358]}}, {"type": "Feature", "id": "https://gdi-de.github.io/apworkshop2026/56", "name": "Brunnen 56 (gdide:56)", "dateprops": ["timepoint", "begin", "end"], "properties": {"http://www.w3.org/2000/01/rdf-schema#label": "Brunnen 56", "http://rdfs.org/ns/void#inDataset.value": "6503", "http://www.w3.org/2000/01/rdf-schema#comment": "Betriebszeit: Mai bis Oktober, Link: https://www.bwb.de/de/trinkbrunnen.php  ", "http://www.w3.org/2004/02/skos/core#scopeNote": "nan", "timepoint": "http://www.w3.org/ns/time/gregorian/October", "begin": "http://www.w3.org/ns/time/gregorian/May", "end": "http://www.w3.org/ns/time/gregorian/October", "http://www.w3.org/ns/locn#postCode": "10117", "http://www.wikidata.org/prop/direct/P571": "2018", "http://xmlns.com/foaf/0.1/homepage": "https://www.bwb.de/de/trinkbrunnen.php"}, "geometry": {"type": "Point", "coordinates": [13.379394, 52.50963103684841]}}, {"type": "Feature", "id": "https://gdi-de.github.io/apworkshop2026/54", "name": "Brunnen 54 (gdide:54)", "dateprops": ["timepoint", "begin", "end"], "properties": {"http://www.w3.org/2000/01/rdf-schema#label": "Brunnen 54", "http://rdfs.org/ns/void#inDataset.value": "6503", "http://www.w3.org/2000/01/rdf-schema#comment": "Betriebszeit: Mai bis Oktober, Link: https://www.bwb.de/de/trinkbrunnen.php  ", "http://www.w3.org/2004/02/skos/core#scopeNote": "nan", "timepoint": "http://www.w3.org/ns/time/gregorian/October", "begin": "http://www.w3.org/ns/time/gregorian/May", "end": "http://www.w3.org/ns/time/gregorian/October", "http://www.w3.org/ns/locn#postCode": "12627", "http://www.wikidata.org/prop/direct/P571": "2018", "http://xmlns.com/foaf/0.1/homepage": "https://www.bwb.de/de/trinkbrunnen.php"}, "geometry": {"type": "Point", "coordinates": [13.60395300000021, 52.537175036820514]}}, {"type": "Feature", "id": "https://gdi-de.github.io/apworkshop2026/68", "name": "Brunnen 68 (gdide:68)", "dateprops": ["timepoint", "begin", "end"], "properties": {"http://www.w3.org/2000/01/rdf-schema#label": "Brunnen 68", "http://rdfs.org/ns/void#inDataset.value": "6503", "http://www.w3.org/2000/01/rdf-schema#comment": "Betriebszeit: Mai bis Oktober, Link: https://www.bwb.de/de/trinkbrunnen.php  ", "http://www.w3.org/2004/02/skos/core#scopeNote": "nan", "timepoint": "http://www.w3.org/ns/time/gregorian/October", "begin": "http://www.w3.org/ns/time/gregorian/May", "end": "http://www.w3.org/ns/time/gregorian/October", "http://www.w3.org/ns/locn#postCode": "10627", "http://www.wikidata.org/prop/direct/P571": "2019", "http://xmlns.com/foaf/0.1/homepage": "https://www.bwb.de/de/trinkbrunnen.php"}, "geometry": {"type": "Point", "coordinates": [13.306012999999743, 52.508771036848785]}}, {"type": "Feature", "id": "https://gdi-de.github.io/apworkshop2026/45", "name": "Brunnen 45 (gdide:45)", "dateprops": ["timepoint", "begin", "end"], "properties": {"http://www.w3.org/2000/01/rdf-schema#label": "Brunnen 45", "http://rdfs.org/ns/void#inDataset.value": "6503", "http://www.w3.org/2000/01/rdf-schema#comment": "Betriebszeit: Mai bis Oktober, Link: https://www.bwb.de/de/trinkbrunnen.php  ", "http://www.w3.org/2004/02/skos/core#scopeNote": "nan", "timepoint": "http://www.w3.org/ns/time/gregorian/October", "begin": "http://www.w3.org/ns/time/gregorian/May", "end": "http://www.w3.org/ns/time/gregorian/October", "http://www.w3.org/ns/locn#postCode": "10117", "http://www.wikidata.org/prop/direct/P571": "2018", "http://xmlns.com/foaf/0.1/homepage": "https://www.bwb.de/de/trinkbrunnen.php"}, "geometry": {"type": "Point", "coordinates": [13.376169999999892, 52.49530803686341]}}, {"type": "Feature", "id": "https://gdi-de.github.io/apworkshop2026/118", "name": "Brunnen 118 (gdide:118)", "dateprops": ["timepoint", "begin", "end"], "properties": {"http://www.w3.org/2000/01/rdf-schema#label": "Brunnen 118", "http://rdfs.org/ns/void#inDataset.value": "6503", "http://www.w3.org/2000/01/rdf-schema#comment": "Betriebszeit: Mai bis Oktober, Link: https://www.bwb.de/de/trinkbrunnen.php  ", "http://www.w3.org/2004/02/skos/core#scopeNote": "nan", "timepoint": "http://www.w3.org/ns/time/gregorian/October", "begin": "http://www.w3.org/ns/time/gregorian/May", "end": "http://www.w3.org/ns/time/gregorian/October", "http://www.w3.org/ns/locn#postCode": "12437", "http://www.wikidata.org/prop/direct/P571": "2020", "http://xmlns.com/foaf/0.1/homepage": "https://www.bwb.de/de/trinkbrunnen.php"}, "geometry": {"type": "Point", "coordinates": [13.493198000000113, 52.46044703690043]}}, {"type": "Feature", "id": "https://gdi-de.github.io/apworkshop2026/213", "name": "Brunnen 213 (gdide:213)", "dateprops": ["timepoint", "begin", "end"], "properties": {"http://www.w3.org/2000/01/rdf-schema#label": "Brunnen 213", "http://rdfs.org/ns/void#inDataset.value": "6503", "http://www.w3.org/2000/01/rdf-schema#comment": "Betriebszeit: Mai bis Oktober, Link: https://www.bwb.de/de/trinkbrunnen.php  ", "http://www.w3.org/2004/02/skos/core#scopeNote": "nan", "timepoint": "http://www.w3.org/ns/time/gregorian/October", "begin": "http://www.w3.org/ns/time/gregorian/May", "end": "http://www.w3.org/ns/time/gregorian/October", "http://www.w3.org/ns/locn#postCode": "12051", "http://www.wikidata.org/prop/direct/P571": "2022", "http://xmlns.com/foaf/0.1/homepage": "https://www.bwb.de/de/trinkbrunnen.php"}, "geometry": {"type": "Point", "coordinates": [13.437703, 52.46298003689755]}}, {"type": "Feature", "id": "https://gdi-de.github.io/apworkshop2026/156", "name": "Brunnen 156 (gdide:156)", "dateprops": ["timepoint", "begin", "end"], "properties": {"http://www.w3.org/2000/01/rdf-schema#label": "Brunnen 156", "http://rdfs.org/ns/void#inDataset.value": "6503", "http://www.w3.org/2000/01/rdf-schema#comment": "Betriebszeit: Mai bis Oktober, Link: https://www.bwb.de/de/trinkbrunnen.php  ", "http://www.w3.org/2004/02/skos/core#scopeNote": "nan", "timepoint": "http://www.w3.org/ns/time/gregorian/October", "begin": "http://www.w3.org/ns/time/gregorian/May", "end": "http://www.w3.org/ns/time/gregorian/October", "http://www.w3.org/ns/locn#postCode": "10317", "http://www.wikidata.org/prop/direct/P571": "2020", "http://xmlns.com/foaf/0.1/homepage": "https://www.bwb.de/de/trinkbrunnen.php"}, "geometry": {"type": "Point", "coordinates": [13.496404, 52.50352603685545]}}, {"type": "Feature", "id": "https://gdi-de.github.io/apworkshop2026/227", "name": "Brunnen 227 (gdide:227)", "dateprops": ["timepoint", "begin", "end"], "properties": {"http://www.w3.org/2000/01/rdf-schema#label": "Brunnen 227", "http://rdfs.org/ns/void#inDataset.value": "6503", "http://www.w3.org/2000/01/rdf-schema#comment": "Betriebszeit: Mai bis Oktober, Link: https://www.bwb.de/de/trinkbrunnen.php  ", "http://www.w3.org/2004/02/skos/core#scopeNote": "nan", "timepoint": "http://www.w3.org/ns/time/gregorian/October", "begin": "http://www.w3.org/ns/time/gregorian/May", "end": "http://www.w3.org/ns/time/gregorian/October", "http://www.w3.org/ns/locn#postCode": "13055", "http://www.wikidata.org/prop/direct/P571": "2023", "http://xmlns.com/foaf/0.1/homepage": "https://www.bwb.de/de/trinkbrunnen.php"}, "geometry": {"type": "Point", "coordinates": [13.489811, 52.54034303681678]}}, {"type": "Feature", "id": "https://gdi-de.github.io/apworkshop2026/67", "name": "Brunnen 67 (gdide:67)", "dateprops": ["timepoint", "begin", "end"], "properties": {"http://www.w3.org/2000/01/rdf-schema#label": "Brunnen 67", "http://rdfs.org/ns/void#inDataset.value": "6503", "http://www.w3.org/2000/01/rdf-schema#comment": "Betriebszeit: Mai bis Oktober, Link: https://www.bwb.de/de/trinkbrunnen.php  ", "http://www.w3.org/2004/02/skos/core#scopeNote": "nan", "timepoint": "http://www.w3.org/ns/time/gregorian/October", "begin": "http://www.w3.org/ns/time/gregorian/May", "end": "http://www.w3.org/ns/time/gregorian/October", "http://www.w3.org/ns/locn#postCode": "12683", "http://www.wikidata.org/prop/direct/P571": "2018", "http://xmlns.com/foaf/0.1/homepage": "https://www.bwb.de/de/trinkbrunnen.php"}, "geometry": {"type": "Point", "coordinates": [13.573770000000152, 52.513234036845546]}}, {"type": "Feature", "id": "https://gdi-de.github.io/apworkshop2026/172", "name": "Brunnen 172 (gdide:172)", "dateprops": ["timepoint", "begin", "end"], "properties": {"http://www.w3.org/2000/01/rdf-schema#label": "Brunnen 172", "http://rdfs.org/ns/void#inDataset.value": "6503", "http://www.w3.org/2000/01/rdf-schema#comment": "Betriebszeit: Mai bis Oktober, Link: https://www.bwb.de/de/trinkbrunnen.php  ", "http://www.w3.org/2004/02/skos/core#scopeNote": "nan", "timepoint": "http://www.w3.org/ns/time/gregorian/October", "begin": "http://www.w3.org/ns/time/gregorian/May", "end": "http://www.w3.org/ns/time/gregorian/October", "http://www.w3.org/ns/locn#postCode": "12687", "http://www.wikidata.org/prop/direct/P571": "2021", "http://xmlns.com/foaf/0.1/homepage": "https://www.bwb.de/de/trinkbrunnen.php"}, "geometry": {"type": "Point", "coordinates": [13.554688000000127, 52.55731003679912]}}, {"type": "Feature", "id": "https://gdi-de.github.io/apworkshop2026/182", "name": "Brunnen 182 (gdide:182)", "dateprops": ["timepoint", "begin", "end"], "properties": {"http://www.w3.org/2000/01/rdf-schema#label": "Brunnen 182", "http://rdfs.org/ns/void#inDataset.value": "6503", "http://www.w3.org/2000/01/rdf-schema#comment": "Betriebszeit: Mai bis Oktober, Link: https://www.bwb.de/de/trinkbrunnen.php  ", "http://www.w3.org/2004/02/skos/core#scopeNote": "nan", "timepoint": "http://www.w3.org/ns/time/gregorian/October", "begin": "http://www.w3.org/ns/time/gregorian/May", "end": "http://www.w3.org/ns/time/gregorian/October", "http://www.w3.org/ns/locn#postCode": "10369", "http://www.wikidata.org/prop/direct/P571": "2021", "http://xmlns.com/foaf/0.1/homepage": "https://www.bwb.de/de/trinkbrunnen.php"}, "geometry": {"type": "Point", "coordinates": [13.478717, 52.515136036843195]}}, {"type": "Feature", "id": "https://gdi-de.github.io/apworkshop2026/16", "name": "Brunnen 16 (gdide:16)", "dateprops": ["timepoint", "begin", "end"], "properties": {"http://www.w3.org/2000/01/rdf-schema#label": "Brunnen 16", "http://rdfs.org/ns/void#inDataset.value": "6503", "http://www.w3.org/2000/01/rdf-schema#comment": "Betriebszeit: Mai bis Oktober, Link: https://www.bwb.de/de/trinkbrunnen.php  ", "http://www.w3.org/2004/02/skos/core#scopeNote": "nan", "timepoint": "http://www.w3.org/ns/time/gregorian/October", "begin": "http://www.w3.org/ns/time/gregorian/May", "end": "http://www.w3.org/ns/time/gregorian/October", "http://www.w3.org/ns/locn#postCode": "13595", "http://www.wikidata.org/prop/direct/P571": "2021", "http://xmlns.com/foaf/0.1/homepage": "https://www.bwb.de/de/trinkbrunnen.php"}, "geometry": {"type": "Point", "coordinates": [13.197261999999558, 52.52503003683075]}}, {"type": "Feature", "id": "https://gdi-de.github.io/apworkshop2026/73", "name": "Brunnen 73 (gdide:73)", "dateprops": ["timepoint", "begin", "end"], "properties": {"http://www.w3.org/2000/01/rdf-schema#label": "Brunnen 73", "http://rdfs.org/ns/void#inDataset.value": "6503", "http://www.w3.org/2000/01/rdf-schema#comment": "Betriebszeit: Mai bis Oktober, Link: https://www.bwb.de/de/trinkbrunnen.php  ", "http://www.w3.org/2004/02/skos/core#scopeNote": "nan", "timepoint": "http://www.w3.org/ns/time/gregorian/October", "begin": "http://www.w3.org/ns/time/gregorian/May", "end": "http://www.w3.org/ns/time/gregorian/October", "http://www.w3.org/ns/locn#postCode": "10178", "http://www.wikidata.org/prop/direct/P571": "2019", "http://xmlns.com/foaf/0.1/homepage": "https://www.bwb.de/de/trinkbrunnen.php"}, "geometry": {"type": "Point", "coordinates": [13.406459, 52.51663103684121]}}, {"type": "Feature", "id": "https://gdi-de.github.io/apworkshop2026/160", "name": "Brunnen 160 (gdide:160)", "dateprops": ["timepoint", "begin", "end"], "properties": {"http://www.w3.org/2000/01/rdf-schema#label": "Brunnen 160", "http://rdfs.org/ns/void#inDataset.value": "6503", "http://www.w3.org/2000/01/rdf-schema#comment": "Betriebszeit: Mai bis Oktober, Link: https://www.bwb.de/de/trinkbrunnen.php  ", "http://www.w3.org/2004/02/skos/core#scopeNote": "nan", "timepoint": "http://www.w3.org/ns/time/gregorian/October", "begin": "http://www.w3.org/ns/time/gregorian/May", "end": "http://www.w3.org/ns/time/gregorian/October", "http://www.w3.org/ns/locn#postCode": "13585", "http://www.wikidata.org/prop/direct/P571": "2020", "http://xmlns.com/foaf/0.1/homepage": "https://www.bwb.de/de/trinkbrunnen.php"}, "geometry": {"type": "Point", "coordinates": [13.206758999999524, 52.54275903681216]}}, {"type": "Feature", "id": "https://gdi-de.github.io/apworkshop2026/122", "name": "Brunnen 122 (gdide:122)", "dateprops": ["timepoint", "begin", "end"], "properties": {"http://www.w3.org/2000/01/rdf-schema#label": "Brunnen 122", "http://rdfs.org/ns/void#inDataset.value": "6503", "http://www.w3.org/2000/01/rdf-schema#comment": "Betriebszeit: Mai bis Oktober, Link: https://www.bwb.de/de/trinkbrunnen.php  ", "http://www.w3.org/2004/02/skos/core#scopeNote": "nan", "timepoint": "http://www.w3.org/ns/time/gregorian/October", "begin": "http://www.w3.org/ns/time/gregorian/May", "end": "http://www.w3.org/ns/time/gregorian/October", "http://www.w3.org/ns/locn#postCode": "10963", "http://www.wikidata.org/prop/direct/P571": "2019", "http://xmlns.com/foaf/0.1/homepage": "https://www.bwb.de/de/trinkbrunnen.php"}, "geometry": {"type": "Point", "coordinates": [13.377941, 52.49648403686219]}}, {"type": "Feature", "id": "https://gdi-de.github.io/apworkshop2026/63", "name": "Brunnen 63 (gdide:63)", "dateprops": ["timepoint", "begin", "end"], "properties": {"http://www.w3.org/2000/01/rdf-schema#label": "Brunnen 63", "http://rdfs.org/ns/void#inDataset.value": "6503", "http://www.w3.org/2000/01/rdf-schema#comment": "Betriebszeit: Mai bis Oktober, Link: https://www.bwb.de/de/trinkbrunnen.php  ", "http://www.w3.org/2004/02/skos/core#scopeNote": "nan", "timepoint": "http://www.w3.org/ns/time/gregorian/October", "begin": "http://www.w3.org/ns/time/gregorian/May", "end": "http://www.w3.org/ns/time/gregorian/October", "http://www.w3.org/ns/locn#postCode": "14057", "http://www.wikidata.org/prop/direct/P571": "2018", "http://xmlns.com/foaf/0.1/homepage": "https://www.bwb.de/de/trinkbrunnen.php"}, "geometry": {"type": "Point", "coordinates": [13.274035999999713, 52.50868403684866]}}, {"type": "Feature", "id": "https://gdi-de.github.io/apworkshop2026/49", "name": "Brunnen 49 (gdide:49)", "dateprops": ["timepoint", "begin", "end"], "properties": {"http://www.w3.org/2000/01/rdf-schema#label": "Brunnen 49", "http://rdfs.org/ns/void#inDataset.value": "6503", "http://www.w3.org/2000/01/rdf-schema#comment": "Betriebszeit: Mai bis Oktober, Link: https://www.bwb.de/de/trinkbrunnen.php  ", "http://www.w3.org/2004/02/skos/core#scopeNote": "wegen Bauma\u00dfnahme der DB AG au\u00dfer Betrieb", "timepoint": "http://www.w3.org/ns/time/gregorian/October", "begin": "http://www.w3.org/ns/time/gregorian/May", "end": "http://www.w3.org/ns/time/gregorian/October", "http://www.w3.org/ns/locn#postCode": "10317", "http://www.wikidata.org/prop/direct/P571": "2018", "http://xmlns.com/foaf/0.1/homepage": "https://www.bwb.de/de/trinkbrunnen.php"}, "geometry": {"type": "Point", "coordinates": [13.483912, 52.5022480368567]}}, {"type": "Feature", "id": "https://gdi-de.github.io/apworkshop2026/84", "name": "Brunnen 84 (gdide:84)", "dateprops": ["timepoint", "begin", "end"], "properties": {"http://www.w3.org/2000/01/rdf-schema#label": "Brunnen 84", "http://rdfs.org/ns/void#inDataset.value": "6503", "http://www.w3.org/2000/01/rdf-schema#comment": "Betriebszeit: Mai bis Oktober, Link: https://www.bwb.de/de/trinkbrunnen.php  ", "http://www.w3.org/2004/02/skos/core#scopeNote": "nan", "timepoint": "http://www.w3.org/ns/time/gregorian/October", "begin": "http://www.w3.org/ns/time/gregorian/May", "end": "http://www.w3.org/ns/time/gregorian/October", "http://www.w3.org/ns/locn#postCode": "13595", "http://www.wikidata.org/prop/direct/P571": "2019", "http://xmlns.com/foaf/0.1/homepage": "https://www.bwb.de/de/trinkbrunnen.php"}, "geometry": {"type": "Point", "coordinates": [13.196967999999496, 52.51331403684302]}}, {"type": "Feature", "id": "https://gdi-de.github.io/apworkshop2026/153", "name": "Brunnen 153 (gdide:153)", "dateprops": ["timepoint", "begin", "end"], "properties": {"http://www.w3.org/2000/01/rdf-schema#label": "Brunnen 153", "http://rdfs.org/ns/void#inDataset.value": "6503", "http://www.w3.org/2000/01/rdf-schema#comment": "Betriebszeit: Mai bis Oktober, Link: https://www.bwb.de/de/trinkbrunnen.php  ", "http://www.w3.org/2004/02/skos/core#scopeNote": "nan", "timepoint": "http://www.w3.org/ns/time/gregorian/October", "begin": "http://www.w3.org/ns/time/gregorian/May", "end": "http://www.w3.org/ns/time/gregorian/October", "http://www.w3.org/ns/locn#postCode": "12045", "http://www.wikidata.org/prop/direct/P571": "2020", "http://xmlns.com/foaf/0.1/homepage": "https://www.bwb.de/de/trinkbrunnen.php"}, "geometry": {"type": "Point", "coordinates": [13.446437, 52.48359203687605]}}, {"type": "Feature", "id": "https://gdi-de.github.io/apworkshop2026/91", "name": "Brunnen 91 (gdide:91)", "dateprops": ["timepoint", "begin", "end"], "properties": {"http://www.w3.org/2000/01/rdf-schema#label": "Brunnen 91", "http://rdfs.org/ns/void#inDataset.value": "6503", "http://www.w3.org/2000/01/rdf-schema#comment": "Betriebszeit: Mai bis Oktober, Link: https://www.bwb.de/de/trinkbrunnen.php  ", "http://www.w3.org/2004/02/skos/core#scopeNote": "nan", "timepoint": "http://www.w3.org/ns/time/gregorian/October", "begin": "http://www.w3.org/ns/time/gregorian/May", "end": "http://www.w3.org/ns/time/gregorian/October", "http://www.w3.org/ns/locn#postCode": "10437", "http://www.wikidata.org/prop/direct/P571": "2019", "http://xmlns.com/foaf/0.1/homepage": "https://www.bwb.de/de/trinkbrunnen.php"}, "geometry": {"type": "Point", "coordinates": [13.410037, 52.548886036807325]}}, {"type": "Feature", "id": "https://gdi-de.github.io/apworkshop2026/13", "name": "Brunnen 13 (gdide:13)", "dateprops": ["timepoint", "begin", "end"], "properties": {"http://www.w3.org/2000/01/rdf-schema#label": "Brunnen 13", "http://rdfs.org/ns/void#inDataset.value": "6503", "http://www.w3.org/2000/01/rdf-schema#comment": "Betriebszeit: Mai bis Oktober, Link: https://www.bwb.de/de/trinkbrunnen.php  ", "http://www.w3.org/2004/02/skos/core#scopeNote": "nan", "timepoint": "http://www.w3.org/ns/time/gregorian/October", "begin": "http://www.w3.org/ns/time/gregorian/May", "end": "http://www.w3.org/ns/time/gregorian/October", "http://www.w3.org/ns/locn#postCode": "13597", "http://www.wikidata.org/prop/direct/P571": "1985", "http://xmlns.com/foaf/0.1/homepage": "https://www.bwb.de/de/trinkbrunnen.php"}, "geometry": {"type": "Point", "coordinates": [13.207019999999552, 52.53467603682073]}}, {"type": "Feature", "id": "https://gdi-de.github.io/apworkshop2026/127", "name": "Brunnen 127 (gdide:127)", "dateprops": ["timepoint", "begin", "end"], "properties": {"http://www.w3.org/2000/01/rdf-schema#label": "Brunnen 127", "http://rdfs.org/ns/void#inDataset.value": "6503", "http://www.w3.org/2000/01/rdf-schema#comment": "Betriebszeit: Mai bis Oktober, Link: https://www.bwb.de/de/trinkbrunnen.php  ", "http://www.w3.org/2004/02/skos/core#scopeNote": "nan", "timepoint": "http://www.w3.org/ns/time/gregorian/October", "begin": "http://www.w3.org/ns/time/gregorian/May", "end": "http://www.w3.org/ns/time/gregorian/October", "http://www.w3.org/ns/locn#postCode": "13059", "http://www.wikidata.org/prop/direct/P571": "2020", "http://xmlns.com/foaf/0.1/homepage": "https://www.bwb.de/de/trinkbrunnen.php"}, "geometry": {"type": "Point", "coordinates": [13.51303, 52.56774203678799]}}, {"type": "Feature", "id": "https://gdi-de.github.io/apworkshop2026/10", "name": "Brunnen 10 (gdide:10)", "dateprops": ["timepoint", "begin", "end"], "properties": {"http://www.w3.org/2000/01/rdf-schema#label": "Brunnen 10", "http://rdfs.org/ns/void#inDataset.value": "6503", "http://www.w3.org/2000/01/rdf-schema#comment": "Betriebszeit: Mai bis Oktober, Link: https://www.bwb.de/de/trinkbrunnen.php  ", "http://www.w3.org/2004/02/skos/core#scopeNote": "zur Zeit wegen Reparatur au\u00dfer Betrieb", "timepoint": "http://www.w3.org/ns/time/gregorian/October", "begin": "http://www.w3.org/ns/time/gregorian/May", "end": "http://www.w3.org/ns/time/gregorian/October", "http://www.w3.org/ns/locn#postCode": "12355", "http://www.wikidata.org/prop/direct/P571": "1985", "http://xmlns.com/foaf/0.1/homepage": "https://www.bwb.de/de/trinkbrunnen.php"}, "geometry": {"type": "Point", "coordinates": [13.492139, 52.42021703694232]}}, {"type": "Feature", "id": "https://gdi-de.github.io/apworkshop2026/12", "name": "Brunnen 12 (gdide:12)", "dateprops": ["timepoint", "begin", "end"], "properties": {"http://www.w3.org/2000/01/rdf-schema#label": "Brunnen 12", "http://rdfs.org/ns/void#inDataset.value": "6503", "http://www.w3.org/2000/01/rdf-schema#comment": "Betriebszeit: Mai bis Oktober, Link: https://www.bwb.de/de/trinkbrunnen.php   ", "http://www.w3.org/2004/02/skos/core#scopeNote": "nan", "timepoint": "http://www.w3.org/ns/time/gregorian/October", "begin": "http://www.w3.org/ns/time/gregorian/May", "end": "http://www.w3.org/ns/time/gregorian/October", "http://www.w3.org/ns/locn#postCode": "13507", "http://www.wikidata.org/prop/direct/P571": "2022", "http://xmlns.com/foaf/0.1/homepage": "https://www.bwb.de/de/trinkbrunnen.php"}, "geometry": {"type": "Point", "coordinates": [13.286386999999733, 52.59001003676306]}}, {"type": "Feature", "id": "https://gdi-de.github.io/apworkshop2026/170", "name": "Brunnen 170 (gdide:170)", "dateprops": ["timepoint", "begin", "end"], "properties": {"http://www.w3.org/2000/01/rdf-schema#label": "Brunnen 170", "http://rdfs.org/ns/void#inDataset.value": "6503", "http://www.w3.org/2000/01/rdf-schema#comment": "Betriebszeit: Mai bis Oktober, Link: https://www.bwb.de/de/trinkbrunnen.php  ", "http://www.w3.org/2004/02/skos/core#scopeNote": "nan", "timepoint": "http://www.w3.org/ns/time/gregorian/October", "begin": "http://www.w3.org/ns/time/gregorian/May", "end": "http://www.w3.org/ns/time/gregorian/October", "http://www.w3.org/ns/locn#postCode": "10369", "http://www.wikidata.org/prop/direct/P571": "2021", "http://xmlns.com/foaf/0.1/homepage": "https://www.bwb.de/de/trinkbrunnen.php"}, "geometry": {"type": "Point", "coordinates": [13.475479, 52.52617103683158]}}, {"type": "Feature", "id": "https://gdi-de.github.io/apworkshop2026/123", "name": "Brunnen 123 (gdide:123)", "dateprops": ["timepoint", "begin", "end"], "properties": {"http://www.w3.org/2000/01/rdf-schema#label": "Brunnen 123", "http://rdfs.org/ns/void#inDataset.value": "6503", "http://www.w3.org/2000/01/rdf-schema#comment": "Betriebszeit: Mai bis Oktober, Link: https://www.bwb.de/de/trinkbrunnen.php  ", "http://www.w3.org/2004/02/skos/core#scopeNote": "nan", "timepoint": "http://www.w3.org/ns/time/gregorian/October", "begin": "http://www.w3.org/ns/time/gregorian/May", "end": "http://www.w3.org/ns/time/gregorian/October", "http://www.w3.org/ns/locn#postCode": "10707", "http://www.wikidata.org/prop/direct/P571": "2020", "http://xmlns.com/foaf/0.1/homepage": "https://www.bwb.de/de/trinkbrunnen.php"}, "geometry": {"type": "Point", "coordinates": [13.314956999999788, 52.49940703685871]}}, {"type": "Feature", "id": "https://gdi-de.github.io/apworkshop2026/133", "name": "Brunnen 133 (gdide:133)", "dateprops": ["timepoint", "begin", "end"], "properties": {"http://www.w3.org/2000/01/rdf-schema#label": "Brunnen 133", "http://rdfs.org/ns/void#inDataset.value": "6503", "http://www.w3.org/2000/01/rdf-schema#comment": "Betriebszeit: Mai bis Oktober, Link: https://www.bwb.de/de/trinkbrunnen.php  ", "http://www.w3.org/2004/02/skos/core#scopeNote": "nan", "timepoint": "http://www.w3.org/ns/time/gregorian/October", "begin": "http://www.w3.org/ns/time/gregorian/May", "end": "http://www.w3.org/ns/time/gregorian/October", "http://www.w3.org/ns/locn#postCode": "10589", "http://www.wikidata.org/prop/direct/P571": "2020", "http://xmlns.com/foaf/0.1/homepage": "https://www.bwb.de/de/trinkbrunnen.php"}, "geometry": {"type": "Point", "coordinates": [13.30405399999978, 52.52578603683091]}}, {"type": "Feature", "id": "https://gdi-de.github.io/apworkshop2026/142", "name": "Brunnen 142 (gdide:142)", "dateprops": ["timepoint", "begin", "end"], "properties": {"http://www.w3.org/2000/01/rdf-schema#label": "Brunnen 142", "http://rdfs.org/ns/void#inDataset.value": "6503", "http://www.w3.org/2000/01/rdf-schema#comment": "Betriebszeit: Mai bis Oktober, Link: https://www.bwb.de/de/trinkbrunnen.php  ", "http://www.w3.org/2004/02/skos/core#scopeNote": "nan", "timepoint": "http://www.w3.org/ns/time/gregorian/October", "begin": "http://www.w3.org/ns/time/gregorian/May", "end": "http://www.w3.org/ns/time/gregorian/October", "http://www.w3.org/ns/locn#postCode": "12689", "http://www.wikidata.org/prop/direct/P571": "2020", "http://xmlns.com/foaf/0.1/homepage": "https://www.bwb.de/de/trinkbrunnen.php"}, "geometry": {"type": "Point", "coordinates": [13.566124000000201, 52.569912036785865]}}, {"type": "Feature", "id": "https://gdi-de.github.io/apworkshop2026/94", "name": "Brunnen 94 (gdide:94)", "dateprops": ["timepoint", "begin", "end"], "properties": {"http://www.w3.org/2000/01/rdf-schema#label": "Brunnen 94", "http://rdfs.org/ns/void#inDataset.value": "6503", "http://www.w3.org/2000/01/rdf-schema#comment": "Betriebszeit: Mai bis Oktober, Link: https://www.bwb.de/de/trinkbrunnen.php  ", "http://www.w3.org/2004/02/skos/core#scopeNote": "nan", "timepoint": "http://www.w3.org/ns/time/gregorian/October", "begin": "http://www.w3.org/ns/time/gregorian/May", "end": "http://www.w3.org/ns/time/gregorian/October", "http://www.w3.org/ns/locn#postCode": "14163", "http://www.wikidata.org/prop/direct/P571": "2019", "http://xmlns.com/foaf/0.1/homepage": "https://www.bwb.de/de/trinkbrunnen.php"}, "geometry": {"type": "Point", "coordinates": [13.257833999999646, 52.43544403692496]}}, {"type": "Feature", "id": "https://gdi-de.github.io/apworkshop2026/134", "name": "Brunnen 134 (gdide:134)", "dateprops": ["timepoint", "begin", "end"], "properties": {"http://www.w3.org/2000/01/rdf-schema#label": "Brunnen 134", "http://rdfs.org/ns/void#inDataset.value": "6503", "http://www.w3.org/2000/01/rdf-schema#comment": "Betriebszeit: Mai bis Oktober, Link: https://www.bwb.de/de/trinkbrunnen.php  ", "http://www.w3.org/2004/02/skos/core#scopeNote": "nan", "timepoint": "http://www.w3.org/ns/time/gregorian/October", "begin": "http://www.w3.org/ns/time/gregorian/May", "end": "http://www.w3.org/ns/time/gregorian/October", "http://www.w3.org/ns/locn#postCode": "13156", "http://www.wikidata.org/prop/direct/P571": "2020", "http://xmlns.com/foaf/0.1/homepage": "https://www.bwb.de/de/trinkbrunnen.php"}, "geometry": {"type": "Point", "coordinates": [13.397924, 52.571048036783885]}}, {"type": "Feature", "id": "https://gdi-de.github.io/apworkshop2026/64", "name": "Brunnen 64 (gdide:64)", "dateprops": ["timepoint", "begin", "end"], "properties": {"http://www.w3.org/2000/01/rdf-schema#label": "Brunnen 64", "http://rdfs.org/ns/void#inDataset.value": "6503", "http://www.w3.org/2000/01/rdf-schema#comment": "Betriebszeit: Mai bis Oktober, Link: https://www.bwb.de/de/trinkbrunnen.php  ", "http://www.w3.org/2004/02/skos/core#scopeNote": "nan", "timepoint": "http://www.w3.org/ns/time/gregorian/October", "begin": "http://www.w3.org/ns/time/gregorian/May", "end": "http://www.w3.org/ns/time/gregorian/October", "http://www.w3.org/ns/locn#postCode": "10719", "http://www.wikidata.org/prop/direct/P571": "2018", "http://xmlns.com/foaf/0.1/homepage": "https://www.bwb.de/de/trinkbrunnen.php"}, "geometry": {"type": "Point", "coordinates": [13.322795999999801, 52.497644036860564]}}, {"type": "Feature", "id": "https://gdi-de.github.io/apworkshop2026/237", "name": "Brunnen 237 (gdide:237)", "dateprops": ["timepoint", "begin", "end"], "properties": {"http://www.w3.org/2000/01/rdf-schema#label": "Brunnen 237", "http://rdfs.org/ns/void#inDataset.value": "6503", "http://www.w3.org/2000/01/rdf-schema#comment": "Betriebszeit: Mai bis Oktober, Link: https://www.bwb.de/de/trinkbrunnen.php  ", "http://www.w3.org/2004/02/skos/core#scopeNote": "nan", "timepoint": "http://www.w3.org/ns/time/gregorian/October", "begin": "http://www.w3.org/ns/time/gregorian/May", "end": "http://www.w3.org/ns/time/gregorian/October", "http://www.w3.org/ns/locn#postCode": "14053", "http://www.wikidata.org/prop/direct/P571": "2024", "http://xmlns.com/foaf/0.1/homepage": "https://www.bwb.de/de/trinkbrunnen.php"}, "geometry": {"type": "Point", "coordinates": [13.240514999999634, 52.51202003684478]}}, {"type": "Feature", "id": "https://gdi-de.github.io/apworkshop2026/121", "name": "Brunnen 121 (gdide:121)", "dateprops": ["timepoint", "begin", "end"], "properties": {"http://www.w3.org/2000/01/rdf-schema#label": "Brunnen 121", "http://rdfs.org/ns/void#inDataset.value": "6503", "http://www.w3.org/2000/01/rdf-schema#comment": "Betriebszeit: Mai bis Oktober, Link: https://www.bwb.de/de/trinkbrunnen.php  ", "http://www.w3.org/2004/02/skos/core#scopeNote": "nan", "timepoint": "http://www.w3.org/ns/time/gregorian/October", "begin": "http://www.w3.org/ns/time/gregorian/May", "end": "http://www.w3.org/ns/time/gregorian/October", "http://www.w3.org/ns/locn#postCode": "10437", "http://www.wikidata.org/prop/direct/P571": "2019", "http://xmlns.com/foaf/0.1/homepage": "https://www.bwb.de/de/trinkbrunnen.php"}, "geometry": {"type": "Point", "coordinates": [13.422361, 52.54435303681216]}}, {"type": "Feature", "id": "https://gdi-de.github.io/apworkshop2026/77", "name": "Brunnen 77 (gdide:77)", "dateprops": ["timepoint", "begin", "end"], "properties": {"http://www.w3.org/2000/01/rdf-schema#label": "Brunnen 77", "http://rdfs.org/ns/void#inDataset.value": "6503", "http://www.w3.org/2000/01/rdf-schema#comment": "Betriebszeit: Mai bis Oktober, Link: https://www.bwb.de/de/trinkbrunnen.php  ", "http://www.w3.org/2004/02/skos/core#scopeNote": "nan", "timepoint": "http://www.w3.org/ns/time/gregorian/October", "begin": "http://www.w3.org/ns/time/gregorian/May", "end": "http://www.w3.org/ns/time/gregorian/October", "http://www.w3.org/ns/locn#postCode": "12043", "http://www.wikidata.org/prop/direct/P571": "2019", "http://xmlns.com/foaf/0.1/homepage": "https://www.bwb.de/de/trinkbrunnen.php"}, "geometry": {"type": "Point", "coordinates": [13.435418, 52.48096403687879]}}, {"type": "Feature", "id": "https://gdi-de.github.io/apworkshop2026/115", "name": "Brunnen 115 (gdide:115)", "dateprops": ["timepoint", "begin", "end"], "properties": {"http://www.w3.org/2000/01/rdf-schema#label": "Brunnen 115", "http://rdfs.org/ns/void#inDataset.value": "6503", "http://www.w3.org/2000/01/rdf-schema#comment": "Betriebszeit: Mai bis Oktober, Link: https://www.bwb.de/de/trinkbrunnen.php  ", "http://www.w3.org/2004/02/skos/core#scopeNote": "nan", "timepoint": "http://www.w3.org/ns/time/gregorian/October", "begin": "http://www.w3.org/ns/time/gregorian/May", "end": "http://www.w3.org/ns/time/gregorian/October", "http://www.w3.org/ns/locn#postCode": "13347", "http://www.wikidata.org/prop/direct/P571": "2019", "http://xmlns.com/foaf/0.1/homepage": "https://www.bwb.de/de/trinkbrunnen.php"}, "geometry": {"type": "Point", "coordinates": [13.359816, 52.55070703680511]}}, {"type": "Feature", "id": "https://gdi-de.github.io/apworkshop2026/61", "name": "Brunnen 61 (gdide:61)", "dateprops": ["timepoint", "begin", "end"], "properties": {"http://www.w3.org/2000/01/rdf-schema#label": "Brunnen 61", "http://rdfs.org/ns/void#inDataset.value": "6503", "http://www.w3.org/2000/01/rdf-schema#comment": "Betriebszeit: Mai bis Oktober, Link: https://www.bwb.de/de/trinkbrunnen.php  ", "http://www.w3.org/2004/02/skos/core#scopeNote": "nan", "timepoint": "http://www.w3.org/ns/time/gregorian/October", "begin": "http://www.w3.org/ns/time/gregorian/May", "end": "http://www.w3.org/ns/time/gregorian/October", "http://www.w3.org/ns/locn#postCode": "12167", "http://www.wikidata.org/prop/direct/P571": "2018", "http://xmlns.com/foaf/0.1/homepage": "https://www.bwb.de/de/trinkbrunnen.php"}, "geometry": {"type": "Point", "coordinates": [13.335541999999794, 52.448585036911936]}}, {"type": "Feature", "id": "https://gdi-de.github.io/apworkshop2026/93", "name": "Brunnen 93 (gdide:93)", "dateprops": ["timepoint", "begin", "end"], "properties": {"http://www.w3.org/2000/01/rdf-schema#label": "Brunnen 93", "http://rdfs.org/ns/void#inDataset.value": "6503", "http://www.w3.org/2000/01/rdf-schema#comment": "Betriebszeit: Mai bis Oktober, Link: https://www.bwb.de/de/trinkbrunnen.php  ", "http://www.w3.org/2004/02/skos/core#scopeNote": "nan", "timepoint": "http://www.w3.org/ns/time/gregorian/October", "begin": "http://www.w3.org/ns/time/gregorian/May", "end": "http://www.w3.org/ns/time/gregorian/October", "http://www.w3.org/ns/locn#postCode": "12203", "http://www.wikidata.org/prop/direct/P571": "2019", "http://xmlns.com/foaf/0.1/homepage": "https://www.bwb.de/de/trinkbrunnen.php"}, "geometry": {"type": "Point", "coordinates": [13.312793999999752, 52.44297303691761]}}, {"type": "Feature", "id": "https://gdi-de.github.io/apworkshop2026/241", "name": "Brunnen 241 (gdide:241)", "dateprops": ["timepoint", "begin", "end"], "properties": {"http://www.w3.org/2000/01/rdf-schema#label": "Brunnen 241", "http://rdfs.org/ns/void#inDataset.value": "6503", "http://www.w3.org/2000/01/rdf-schema#comment": "Betriebszeit: Mai bis Oktober, Link: https://www.bwb.de/de/trinkbrunnen.php  ", "http://www.w3.org/2004/02/skos/core#scopeNote": "nan", "timepoint": "http://www.w3.org/ns/time/gregorian/October", "begin": "http://www.w3.org/ns/time/gregorian/May", "end": "http://www.w3.org/ns/time/gregorian/October", "http://www.w3.org/ns/locn#postCode": "13359", "http://www.wikidata.org/prop/direct/P571": "2024", "http://xmlns.com/foaf/0.1/homepage": "https://www.bwb.de/de/trinkbrunnen.php"}, "geometry": {"type": "Point", "coordinates": [13.37865499999988, 52.56092403679447]}}, {"type": "Feature", "id": "https://gdi-de.github.io/apworkshop2026/104", "name": "Brunnen 104 (gdide:104)", "dateprops": ["timepoint", "begin", "end"], "properties": {"http://www.w3.org/2000/01/rdf-schema#label": "Brunnen 104", "http://rdfs.org/ns/void#inDataset.value": "6503", "http://www.w3.org/2000/01/rdf-schema#comment": "Betriebszeit: Mai bis Oktober, Link: https://www.bwb.de/de/trinkbrunnen.php  ", "http://www.w3.org/2004/02/skos/core#scopeNote": "nan", "timepoint": "http://www.w3.org/ns/time/gregorian/October", "begin": "http://www.w3.org/ns/time/gregorian/May", "end": "http://www.w3.org/ns/time/gregorian/October", "http://www.w3.org/ns/locn#postCode": "10243", "http://www.wikidata.org/prop/direct/P571": "2019", "http://xmlns.com/foaf/0.1/homepage": "https://www.bwb.de/de/trinkbrunnen.php"}, "geometry": {"type": "Point", "coordinates": [13.438653, 52.51778703684023]}}, {"type": "Feature", "id": "https://gdi-de.github.io/apworkshop2026/62", "name": "Brunnen 62 (gdide:62)", "dateprops": ["timepoint", "begin", "end"], "properties": {"http://www.w3.org/2000/01/rdf-schema#label": "Brunnen 62", "http://rdfs.org/ns/void#inDataset.value": "6503", "http://www.w3.org/2000/01/rdf-schema#comment": "Betriebszeit: Mai bis Oktober, Link: https://www.bwb.de/de/trinkbrunnen.php  ", "http://www.w3.org/2004/02/skos/core#scopeNote": "nan", "timepoint": "http://www.w3.org/ns/time/gregorian/October", "begin": "http://www.w3.org/ns/time/gregorian/May", "end": "http://www.w3.org/ns/time/gregorian/October", "http://www.w3.org/ns/locn#postCode": "10707", "http://www.wikidata.org/prop/direct/P571": "2018", "http://xmlns.com/foaf/0.1/homepage": "https://www.bwb.de/de/trinkbrunnen.php"}, "geometry": {"type": "Point", "coordinates": [13.313540999999818, 52.49043903686809]}}, {"type": "Feature", "id": "https://gdi-de.github.io/apworkshop2026/201", "name": "Brunnen 201 (gdide:201)", "dateprops": ["timepoint", "begin", "end"], "properties": {"http://www.w3.org/2000/01/rdf-schema#label": "Brunnen 201", "http://rdfs.org/ns/void#inDataset.value": "6503", "http://www.w3.org/2000/01/rdf-schema#comment": "Betriebszeit: Mai bis Oktober, Link: https://www.bwb.de/de/trinkbrunnen.php  ", "http://www.w3.org/2004/02/skos/core#scopeNote": "nan", "timepoint": "http://www.w3.org/ns/time/gregorian/October", "begin": "http://www.w3.org/ns/time/gregorian/May", "end": "http://www.w3.org/ns/time/gregorian/October", "http://www.w3.org/ns/locn#postCode": "10969", "http://www.wikidata.org/prop/direct/P571": "2023", "http://xmlns.com/foaf/0.1/homepage": "https://www.bwb.de/de/trinkbrunnen.php"}, "geometry": {"type": "Point", "coordinates": [13.405684, 52.503115036855384]}}, {"type": "Feature", "id": "https://gdi-de.github.io/apworkshop2026/81", "name": "Brunnen 81 (gdide:81)", "dateprops": ["timepoint", "begin", "end"], "properties": {"http://www.w3.org/2000/01/rdf-schema#label": "Brunnen 81", "http://rdfs.org/ns/void#inDataset.value": "6503", "http://www.w3.org/2000/01/rdf-schema#comment": "Betriebszeit: Mai bis Oktober, Link: https://www.bwb.de/de/trinkbrunnen.php  ", "http://www.w3.org/2004/02/skos/core#scopeNote": "wegen Bauma\u00dfnahme der NBB au\u00dfer Betrieb", "timepoint": "http://www.w3.org/ns/time/gregorian/October", "begin": "http://www.w3.org/ns/time/gregorian/May", "end": "http://www.w3.org/ns/time/gregorian/October", "http://www.w3.org/ns/locn#postCode": "12207", "http://www.wikidata.org/prop/direct/P571": "2019", "http://xmlns.com/foaf/0.1/homepage": "https://www.bwb.de/de/trinkbrunnen.php"}, "geometry": {"type": "Point", "coordinates": [13.317049999999785, 52.43417503692676]}}], "numberMatched": 176, "numberReturned": 176, "bbox": [13.172287999999478, 52.386558036976716, 13.720900000000293, 52.61807003673458], "crs": "http://www.opengis.net/def/crs/EPSG/0/4326"}